decor_id,theme_id,event_types,category,item_name,description,indoor_outdoor,space_requirement,placement_zone,quantity_rule,color_options,material,rental_or_purchase,safety_notes,ar_asset_key,search_terms
rustic-boho-decor-01,rustic-boho,wedding;engagement;birthday;bridal-shower;baby-shower,backdrop,Macrame cotton backdrop panel,Macrame cotton backdrop panel selected in the Rustic Boho palette; use as a commercially rentable or purchasable decor component rather than a permanent building modification.,indoor;outdoor-if-weather-secured,clear focal wall at least 2.0 m wide,focal wall behind cake or couple,1 focal unit per setup,#F3E7D3;#C9A27E;#9C6B4F;#6F7A55;#FFF8EE,wood;rattan;jute;linen;dried botanicals,rental-or-purchase,"Secure against tipping; keep exits, sprinklers, and service paths clear.",decor/rustic-boho/backdrop-01,Macrame cotton backdrop panel;Rustic Boho;event decor;party rental
rustic-boho-decor-02,rustic-boho,wedding;engagement;birthday;bridal-shower;baby-shower,floor-arrangement,Pampas and dried-grass floor arrangement,Pampas and dried-grass floor arrangement selected in the Rustic Boho palette; use as a commercially rentable or purchasable decor component rather than a permanent building modification.,indoor;outdoor-if-weather-secured,0.6-1.0 m floor zone outside circulation,two sides of focal area outside walking path,2 balanced clusters for a small setup; 3-5 for a wide stage,#F3E7D3;#C9A27E;#9C6B4F;#6F7A55;#FFF8EE,wood;rattan;jute;linen;dried botanicals,rental-or-purchase,"Secure against tipping; keep exits, sprinklers, and service paths clear.",decor/rustic-boho/floor-arrangement-01,Pampas and dried-grass floor arrangement;Rustic Boho;event decor;party rental
rustic-boho-decor-03,rustic-boho,wedding;engagement;birthday;bridal-shower;baby-shower,lighting,Natural rattan lantern set with LED candles,Natural rattan lantern set with LED candles selected in the Rustic Boho palette; use as a commercially rentable or purchasable decor component rather than a permanent building modification.,indoor;covered-outdoor,adapt to measured table or perimeter,perimeter or overhead only where venue-approved,1 strand or fixture per 1.5-2 m of decorated perimeter,#F3E7D3;#C9A27E;#9C6B4F;#6F7A55;#FFF8EE,wood;rattan;jute;linen;dried botanicals,rental-or-purchase,Use low-heat LEDs; secure cords; no open flame near fabric or children.,decor/rustic-boho/lighting-01,Natural rattan lantern set with LED candles;Rustic Boho;event decor;party rental
rustic-boho-decor-04,rustic-boho,wedding;engagement;birthday;bridal-shower;baby-shower,table-setting,Jute table runners with cream napkins,Jute table runners with cream napkins selected in the Rustic Boho palette; use as a commercially rentable or purchasable decor component rather than a permanent building modification.,indoor;outdoor-if-weather-secured,adapt to measured table or perimeter,guest tables or cake-table surface,1 runner per table or 3-5 small items per round guest table,#F3E7D3;#C9A27E;#9C6B4F;#6F7A55;#FFF8EE,wood;rattan;jute;linen;dried botanicals,purchase-or-rental-set,"Secure against tipping; keep exits, sprinklers, and service paths clear.",decor/rustic-boho/table-setting-01,Jute table runners with cream napkins;Rustic Boho;event decor;party rental
rustic-boho-decor-05,rustic-boho,wedding;engagement;birthday;bridal-shower;baby-shower,signage,Wooden welcome sign on easel,Wooden welcome sign on easel selected in the Rustic Boho palette; use as a commercially rentable or purchasable decor component rather than a permanent building modification.,indoor;outdoor-if-weather-secured,adapt to measured table or perimeter,entrance or focal-area edge at eye level,1 main sign plus optional table labels,#F3E7D3;#C9A27E;#9C6B4F;#6F7A55;#FFF8EE,wood;rattan;jute;linen;dried botanicals,purchase-or-rental-set,"Secure against tipping; keep exits, sprinklers, and service paths clear.",decor/rustic-boho/signage-01,Wooden welcome sign on easel;Rustic Boho;event decor;party rental
modern-minimalist-decor-01,modern-minimalist,wedding;birthday;corporate;engagement;anniversary,backdrop,Matte white modular arch backdrop,Matte white modular arch backdrop selected in the Modern Minimalist palette; use as a commercially rentable or purchasable decor component rather than a permanent building modification.,indoor;outdoor-if-weather-secured,clear focal wall at least 2.0 m wide,focal wall behind cake or couple,1 focal unit per setup,#FFFFFF;#E7E7E7;#B8B8B8;#1F1F1F;#C8B28A,acrylic;powder-coated metal;matte ceramic;glass;cotton,rental-or-purchase,"Secure against tipping; keep exits, sprinklers, and service paths clear.",decor/modern-minimalist/backdrop-01,Matte white modular arch backdrop;Modern Minimalist;event decor;party rental
modern-minimalist-decor-02,modern-minimalist,wedding;birthday;corporate;engagement;anniversary,floor-arrangement,Black metal pedestal plinth set,Black metal pedestal plinth set selected in the Modern Minimalist palette; use as a commercially rentable or purchasable decor component rather than a permanent building modification.,indoor;outdoor-if-weather-secured,0.6-1.0 m floor zone outside circulation,two sides of focal area outside walking path,2 balanced clusters for a small setup; 3-5 for a wide stage,#FFFFFF;#E7E7E7;#B8B8B8;#1F1F1F;#C8B28A,acrylic;powder-coated metal;matte ceramic;glass;cotton,rental-or-purchase,"Secure against tipping; keep exits, sprinklers, and service paths clear.",decor/modern-minimalist/floor-arrangement-01,Black metal pedestal plinth set;Modern Minimalist;event decor;party rental
modern-minimalist-decor-03,modern-minimalist,wedding;birthday;corporate;engagement;anniversary,lighting,Clear acrylic table numbers,Clear acrylic table numbers selected in the Modern Minimalist palette; use as a commercially rentable or purchasable decor component rather than a permanent building modification.,indoor;covered-outdoor,adapt to measured table or perimeter,perimeter or overhead only where venue-approved,1 strand or fixture per 1.5-2 m of decorated perimeter,#FFFFFF;#E7E7E7;#B8B8B8;#1F1F1F;#C8B28A,acrylic;powder-coated metal;matte ceramic;glass;cotton,rental-or-purchase,Use low-heat LEDs; secure cords; no open flame near fabric or children.,decor/modern-minimalist/lighting-01,Clear acrylic table numbers;Modern Minimalist;event decor;party rental
modern-minimalist-decor-04,modern-minimalist,wedding;birthday;corporate;engagement;anniversary,table-setting,White ceramic bud-vase grouping,White ceramic bud-vase grouping selected in the Modern Minimalist palette; use as a commercially rentable or purchasable decor component rather than a permanent building modification.,indoor;outdoor-if-weather-secured,adapt to measured table or perimeter,guest tables or cake-table surface,1 runner per table or 3-5 small items per round guest table,#FFFFFF;#E7E7E7;#B8B8B8;#1F1F1F;#C8B28A,acrylic;powder-coated metal;matte ceramic;glass;cotton,purchase-or-rental-set,"Secure against tipping; keep exits, sprinklers, and service paths clear.",decor/modern-minimalist/table-setting-01,White ceramic bud-vase grouping;Modern Minimalist;event decor;party rental
modern-minimalist-decor-05,modern-minimalist,wedding;birthday;corporate;engagement;anniversary,signage,Linear warm-white LED floor lights,Linear warm-white LED floor lights selected in the Modern Minimalist palette; use as a commercially rentable or purchasable decor component rather than a permanent building modification.,indoor;outdoor-if-weather-secured,adapt to measured table or perimeter,entrance or focal-area edge at eye level,1 main sign plus optional table labels,#FFFFFF;#E7E7E7;#B8B8B8;#1F1F1F;#C8B28A,acrylic;powder-coated metal;matte ceramic;glass;cotton,purchase-or-rental-set,"Secure against tipping; keep exits, sprinklers, and service paths clear.",decor/modern-minimalist/signage-01,Linear warm-white LED floor lights;Modern Minimalist;event decor;party rental
classic-elegant-decor-01,classic-elegant,wedding;engagement;anniversary;corporate;formal-dinner,backdrop,Ivory draped backdrop with brass frame,Ivory draped backdrop with brass frame selected in the Classic Elegant palette; use as a commercially rentable or purchasable decor component rather than a permanent building modification.,indoor;outdoor-if-weather-secured,clear focal wall at least 2.0 m wide,focal wall behind cake or couple,1 focal unit per setup,#FFFDF7;#E7D8BF;#B59B6A;#7B2331;#3F4C3A,crystal;porcelain;velvet;brass;fresh-look florals,rental-or-purchase,"Secure against tipping; keep exits, sprinklers, and service paths clear.",decor/classic-elegant/backdrop-01,Ivory draped backdrop with brass frame;Classic Elegant;event decor;party rental
classic-elegant-decor-02,classic-elegant,wedding;engagement;anniversary;corporate;formal-dinner,floor-arrangement,Crystal-look candleholder set with LED tapers,Crystal-look candleholder set with LED tapers selected in the Classic Elegant palette; use as a commercially rentable or purchasable decor component rather than a permanent building modification.,indoor;outdoor-if-weather-secured,0.6-1.0 m floor zone outside circulation,two sides of focal area outside walking path,2 balanced clusters for a small setup; 3-5 for a wide stage,#FFFDF7;#E7D8BF;#B59B6A;#7B2331;#3F4C3A,crystal;porcelain;velvet;brass;fresh-look florals,rental-or-purchase,"Secure against tipping; keep exits, sprinklers, and service paths clear.",decor/classic-elegant/floor-arrangement-01,Crystal-look candleholder set with LED tapers;Classic Elegant;event decor;party rental
classic-elegant-decor-03,classic-elegant,wedding;engagement;anniversary;corporate;formal-dinner,lighting,Low white-and-green floral centerpiece,Low white-and-green floral centerpiece selected in the Classic Elegant palette; use as a commercially rentable or purchasable decor component rather than a permanent building modification.,indoor;covered-outdoor,adapt to measured table or perimeter,perimeter or overhead only where venue-approved,1 strand or fixture per 1.5-2 m of decorated perimeter,#FFFDF7;#E7D8BF;#B59B6A;#7B2331;#3F4C3A,crystal;porcelain;velvet;brass;fresh-look florals,rental-or-purchase,Use low-heat LEDs; secure cords; no open flame near fabric or children.,decor/classic-elegant/lighting-01,Low white-and-green floral centerpiece;Classic Elegant;event decor;party rental
classic-elegant-decor-04,classic-elegant,wedding;engagement;anniversary;corporate;formal-dinner,table-setting,Gold-rim charger plate set,Gold-rim charger plate set selected in the Classic Elegant palette; use as a commercially rentable or purchasable decor component rather than a permanent building modification.,indoor;outdoor-if-weather-secured,adapt to measured table or perimeter,guest tables or cake-table surface,1 runner per table or 3-5 small items per round guest table,#FFFDF7;#E7D8BF;#B59B6A;#7B2331;#3F4C3A,crystal;porcelain;velvet;brass;fresh-look florals,purchase-or-rental-set,"Secure against tipping; keep exits, sprinklers, and service paths clear.",decor/classic-elegant/table-setting-01,Gold-rim charger plate set;Classic Elegant;event decor;party rental
classic-elegant-decor-05,classic-elegant,wedding;engagement;anniversary;corporate;formal-dinner,signage,Formal printed place-card holders,Formal printed place-card holders selected in the Classic Elegant palette; use as a commercially rentable or purchasable decor component rather than a permanent building modification.,indoor;outdoor-if-weather-secured,adapt to measured table or perimeter,entrance or focal-area edge at eye level,1 main sign plus optional table labels,#FFFDF7;#E7D8BF;#B59B6A;#7B2331;#3F4C3A,crystal;porcelain;velvet;brass;fresh-look florals,purchase-or-rental-set,"Secure against tipping; keep exits, sprinklers, and service paths clear.",decor/classic-elegant/signage-01,Formal printed place-card holders;Classic Elegant;event decor;party rental
tropical-decor-01,tropical,birthday;wedding;bridal-shower;corporate;summer-party,backdrop,Artificial monstera and palm-leaf backdrop,Artificial monstera and palm-leaf backdrop selected in the Tropical palette; use as a commercially rentable or purchasable decor component rather than a permanent building modification.,indoor;outdoor-if-weather-secured,clear focal wall at least 2.0 m wide,focal wall behind cake or couple,1 focal unit per setup,#0F6B4F;#58A65C;#FF8A47;#F7C948;#F7F2E8,palm leaves;bamboo;rattan;cotton;acrylic,rental-or-purchase,"Secure against tipping; keep exits, sprinklers, and service paths clear.",decor/tropical/backdrop-01,Artificial monstera and palm-leaf backdrop;Tropical;event decor;party rental
tropical-decor-02,tropical,birthday;wedding;bridal-shower;corporate;summer-party,floor-arrangement,Bamboo-look beverage station sign,Bamboo-look beverage station sign selected in the Tropical palette; use as a commercially rentable or purchasable decor component rather than a permanent building modification.,indoor;outdoor-if-weather-secured,0.6-1.0 m floor zone outside circulation,two sides of focal area outside walking path,2 balanced clusters for a small setup; 3-5 for a wide stage,#0F6B4F;#58A65C;#FF8A47;#F7C948;#F7F2E8,palm leaves;bamboo;rattan;cotton;acrylic,rental-or-purchase,"Secure against tipping; keep exits, sprinklers, and service paths clear.",decor/tropical/floor-arrangement-01,Bamboo-look beverage station sign;Tropical;event decor;party rental
tropical-decor-03,tropical,birthday;wedding;bridal-shower;corporate;summer-party,lighting,Rattan pendant-style battery lanterns,Rattan pendant-style battery lanterns selected in the Tropical palette; use as a commercially rentable or purchasable decor component rather than a permanent building modification.,indoor;covered-outdoor,adapt to measured table or perimeter,perimeter or overhead only where venue-approved,1 strand or fixture per 1.5-2 m of decorated perimeter,#0F6B4F;#58A65C;#FF8A47;#F7C948;#F7F2E8,palm leaves;bamboo;rattan;cotton;acrylic,rental-or-purchase,Use low-heat LEDs; secure cords; no open flame near fabric or children.,decor/tropical/lighting-01,Rattan pendant-style battery lanterns;Tropical;event decor;party rental
tropical-decor-04,tropical,birthday;wedding;bridal-shower;corporate;summer-party,table-setting,Citrus fruit and leaf table runner,Citrus fruit and leaf table runner selected in the Tropical palette; use as a commercially rentable or purchasable decor component rather than a permanent building modification.,indoor;outdoor-if-weather-secured,adapt to measured table or perimeter,guest tables or cake-table surface,1 runner per table or 3-5 small items per round guest table,#0F6B4F;#58A65C;#FF8A47;#F7C948;#F7F2E8,palm leaves;bamboo;rattan;cotton;acrylic,purchase-or-rental-set,"Secure against tipping; keep exits, sprinklers, and service paths clear.",decor/tropical/table-setting-01,Citrus fruit and leaf table runner;Tropical;event decor;party rental
tropical-decor-05,tropical,birthday;wedding;bridal-shower;corporate;summer-party,signage,Coral and yellow napkin set,Coral and yellow napkin set selected in the Tropical palette; use as a commercially rentable or purchasable decor component rather than a permanent building modification.,indoor;outdoor-if-weather-secured,adapt to measured table or perimeter,entrance or focal-area edge at eye level,1 main sign plus optional table labels,#0F6B4F;#58A65C;#FF8A47;#F7C948;#F7F2E8,palm leaves;bamboo;rattan;cotton;acrylic,purchase-or-rental-set,"Secure against tipping; keep exits, sprinklers, and service paths clear.",decor/tropical/signage-01,Coral and yellow napkin set;Tropical;event decor;party rental
vintage-garden-decor-01,vintage-garden,wedding;bridal-shower;baby-shower;birthday;tea-party,backdrop,Vintage-style floral fabric backdrop,Vintage-style floral fabric backdrop selected in the Vintage Garden palette; use as a commercially rentable or purchasable decor component rather than a permanent building modification.,indoor;outdoor-if-weather-secured,clear focal wall at least 2.0 m wide,focal wall behind cake or couple,1 focal unit per setup,#F6E4E8;#D8C8A8;#A9B99A;#7C8A6A;#FFF9F0,lace;china;aged brass;wood;soft florals,rental-or-purchase,"Secure against tipping; keep exits, sprinklers, and service paths clear.",decor/vintage-garden/backdrop-01,Vintage-style floral fabric backdrop;Vintage Garden;event decor;party rental
vintage-garden-decor-02,vintage-garden,wedding;bridal-shower;baby-shower;birthday;tea-party,floor-arrangement,Mismatched porcelain-look tea set,Mismatched porcelain-look tea set selected in the Vintage Garden palette; use as a commercially rentable or purchasable decor component rather than a permanent building modification.,indoor;outdoor-if-weather-secured,0.6-1.0 m floor zone outside circulation,two sides of focal area outside walking path,2 balanced clusters for a small setup; 3-5 for a wide stage,#F6E4E8;#D8C8A8;#A9B99A;#7C8A6A;#FFF9F0,lace;china;aged brass;wood;soft florals,rental-or-purchase,"Secure against tipping; keep exits, sprinklers, and service paths clear.",decor/vintage-garden/floor-arrangement-01,Mismatched porcelain-look tea set;Vintage Garden;event decor;party rental
vintage-garden-decor-03,vintage-garden,wedding;bridal-shower;baby-shower;birthday;tea-party,lighting,Lace table overlay set,Lace table overlay set selected in the Vintage Garden palette; use as a commercially rentable or purchasable decor component rather than a permanent building modification.,indoor;covered-outdoor,adapt to measured table or perimeter,perimeter or overhead only where venue-approved,1 strand or fixture per 1.5-2 m of decorated perimeter,#F6E4E8;#D8C8A8;#A9B99A;#7C8A6A;#FFF9F0,lace;china;aged brass;wood;soft florals,rental-or-purchase,Use low-heat LEDs; secure cords; no open flame near fabric or children.,decor/vintage-garden/lighting-01,Lace table overlay set;Vintage Garden;event decor;party rental
vintage-garden-decor-04,vintage-garden,wedding;bridal-shower;baby-shower;birthday;tea-party,table-setting,Aged-brass picture-frame table numbers,Aged-brass picture-frame table numbers selected in the Vintage Garden palette; use as a commercially rentable or purchasable decor component rather than a permanent building modification.,indoor;outdoor-if-weather-secured,adapt to measured table or perimeter,guest tables or cake-table surface,1 runner per table or 3-5 small items per round guest table,#F6E4E8;#D8C8A8;#A9B99A;#7C8A6A;#FFF9F0,lace;china;aged brass;wood;soft florals,purchase-or-rental-set,"Secure against tipping; keep exits, sprinklers, and service paths clear.",decor/vintage-garden/table-setting-01,Aged-brass picture-frame table numbers;Vintage Garden;event decor;party rental
vintage-garden-decor-05,vintage-garden,wedding;bridal-shower;baby-shower;birthday;tea-party,signage,Pastel garden floral centerpiece,Pastel garden floral centerpiece selected in the Vintage Garden palette; use as a commercially rentable or purchasable decor component rather than a permanent building modification.,indoor;outdoor-if-weather-secured,adapt to measured table or perimeter,entrance or focal-area edge at eye level,1 main sign plus optional table labels,#F6E4E8;#D8C8A8;#A9B99A;#7C8A6A;#FFF9F0,lace;china;aged brass;wood;soft florals,purchase-or-rental-set,"Secure against tipping; keep exits, sprinklers, and service paths clear.",decor/vintage-garden/signage-01,Pastel garden floral centerpiece;Vintage Garden;event decor;party rental
glam-gold-decor-01,glam-gold,birthday;engagement;wedding;anniversary;corporate-gala,backdrop,Gold shimmer-wall backdrop panels,Gold shimmer-wall backdrop panels selected in the Glam Gold palette; use as a commercially rentable or purchasable decor component rather than a permanent building modification.,indoor;outdoor-if-weather-secured,clear focal wall at least 2.0 m wide,focal wall behind cake or couple,1 focal unit per setup,#D4AF37;#F8F1E1;#111111;#7D1F3A;#FFFFFF,metallic acrylic;mirror;velvet;sequins;glass,rental-or-purchase,"Secure against tipping; keep exits, sprinklers, and service paths clear.",decor/glam-gold/backdrop-01,Gold shimmer-wall backdrop panels;Glam Gold;event decor;party rental
glam-gold-decor-02,glam-gold,birthday;engagement;wedding;anniversary;corporate-gala,floor-arrangement,Mirror-top cake plinth,Mirror-top cake plinth selected in the Glam Gold palette; use as a commercially rentable or purchasable decor component rather than a permanent building modification.,indoor;outdoor-if-weather-secured,0.6-1.0 m floor zone outside circulation,two sides of focal area outside walking path,2 balanced clusters for a small setup; 3-5 for a wide stage,#D4AF37;#F8F1E1;#111111;#7D1F3A;#FFFFFF,metallic acrylic;mirror;velvet;sequins;glass,rental-or-purchase,"Secure against tipping; keep exits, sprinklers, and service paths clear.",decor/glam-gold/floor-arrangement-01,Mirror-top cake plinth;Glam Gold;event decor;party rental
glam-gold-decor-03,glam-gold,birthday;engagement;wedding;anniversary;corporate-gala,lighting,Gold metal hoop with cream florals,Gold metal hoop with cream florals selected in the Glam Gold palette; use as a commercially rentable or purchasable decor component rather than a permanent building modification.,indoor;covered-outdoor,adapt to measured table or perimeter,perimeter or overhead only where venue-approved,1 strand or fixture per 1.5-2 m of decorated perimeter,#D4AF37;#F8F1E1;#111111;#7D1F3A;#FFFFFF,metallic acrylic;mirror;velvet;sequins;glass,rental-or-purchase,Use low-heat LEDs; secure cords; no open flame near fabric or children.,decor/glam-gold/lighting-01,Gold metal hoop with cream florals;Glam Gold;event decor;party rental
glam-gold-decor-04,glam-gold,birthday;engagement;wedding;anniversary;corporate-gala,table-setting,Black velvet table runner,Black velvet table runner selected in the Glam Gold palette; use as a commercially rentable or purchasable decor component rather than a permanent building modification.,indoor;outdoor-if-weather-secured,adapt to measured table or perimeter,guest tables or cake-table surface,1 runner per table or 3-5 small items per round guest table,#D4AF37;#F8F1E1;#111111;#7D1F3A;#FFFFFF,metallic acrylic;mirror;velvet;sequins;glass,purchase-or-rental-set,"Secure against tipping; keep exits, sprinklers, and service paths clear.",decor/glam-gold/table-setting-01,Black velvet table runner;Glam Gold;event decor;party rental
glam-gold-decor-05,glam-gold,birthday;engagement;wedding;anniversary;corporate-gala,signage,Battery-operated crystal-look table lamps,Battery-operated crystal-look table lamps selected in the Glam Gold palette; use as a commercially rentable or purchasable decor component rather than a permanent building modification.,indoor;outdoor-if-weather-secured,adapt to measured table or perimeter,entrance or focal-area edge at eye level,1 main sign plus optional table labels,#D4AF37;#F8F1E1;#111111;#7D1F3A;#FFFFFF,metallic acrylic;mirror;velvet;sequins;glass,purchase-or-rental-set,"Secure against tipping; keep exits, sprinklers, and service paths clear.",decor/glam-gold/signage-01,Battery-operated crystal-look table lamps;Glam Gold;event decor;party rental
pastel-dreamy-decor-01,pastel-dreamy,birthday;baby-shower;bridal-shower;engagement;graduation,backdrop,Pastel gradient balloon garland kit,Pastel gradient balloon garland kit selected in the Pastel Dreamy palette; use as a commercially rentable or purchasable decor component rather than a permanent building modification.,indoor;outdoor-if-weather-secured,clear focal wall at least 2.0 m wide,focal wall behind cake or couple,1 focal unit per setup,#F8C8DC;#CDB4F6;#BDE7F2;#FFF0B8;#FFFFFF,matte balloons;tulle;acrylic;soft fabric;paper,rental-or-purchase,"Secure against tipping; keep exits, sprinklers, and service paths clear.",decor/pastel-dreamy/backdrop-01,Pastel gradient balloon garland kit;Pastel Dreamy;event decor;party rental
pastel-dreamy-decor-02,pastel-dreamy,birthday;baby-shower;bridal-shower;engagement;graduation,floor-arrangement,White cloud-shaped foam-board props,White cloud-shaped foam-board props selected in the Pastel Dreamy palette; use as a commercially rentable or purchasable decor component rather than a permanent building modification.,indoor;outdoor-if-weather-secured,0.6-1.0 m floor zone outside circulation,two sides of focal area outside walking path,2 balanced clusters for a small setup; 3-5 for a wide stage,#F8C8DC;#CDB4F6;#BDE7F2;#FFF0B8;#FFFFFF,matte balloons;tulle;acrylic;soft fabric;paper,rental-or-purchase,"Secure against tipping; keep exits, sprinklers, and service paths clear.",decor/pastel-dreamy/floor-arrangement-01,White cloud-shaped foam-board props;Pastel Dreamy;event decor;party rental
pastel-dreamy-decor-03,pastel-dreamy,birthday;baby-shower;bridal-shower;engagement;graduation,lighting,Lavender and peach table linen set,Lavender and peach table linen set selected in the Pastel Dreamy palette; use as a commercially rentable or purchasable decor component rather than a permanent building modification.,indoor;covered-outdoor,adapt to measured table or perimeter,perimeter or overhead only where venue-approved,1 strand or fixture per 1.5-2 m of decorated perimeter,#F8C8DC;#CDB4F6;#BDE7F2;#FFF0B8;#FFFFFF,matte balloons;tulle;acrylic;soft fabric;paper,rental-or-purchase,Use low-heat LEDs; secure cords; no open flame near fabric or children.,decor/pastel-dreamy/lighting-01,Lavender and peach table linen set;Pastel Dreamy;event decor;party rental
pastel-dreamy-decor-04,pastel-dreamy,birthday;baby-shower;bridal-shower;engagement;graduation,table-setting,Clear plinths with pastel vinyl panels,Clear plinths with pastel vinyl panels selected in the Pastel Dreamy palette; use as a commercially rentable or purchasable decor component rather than a permanent building modification.,indoor;outdoor-if-weather-secured,adapt to measured table or perimeter,guest tables or cake-table surface,1 runner per table or 3-5 small items per round guest table,#F8C8DC;#CDB4F6;#BDE7F2;#FFF0B8;#FFFFFF,matte balloons;tulle;acrylic;soft fabric;paper,purchase-or-rental-set,"Secure against tipping; keep exits, sprinklers, and service paths clear.",decor/pastel-dreamy/table-setting-01,Clear plinths with pastel vinyl panels;Pastel Dreamy;event decor;party rental
pastel-dreamy-decor-05,pastel-dreamy,birthday;baby-shower;bridal-shower;engagement;graduation,signage,Soft-white curtain fairy lights,Soft-white curtain fairy lights selected in the Pastel Dreamy palette; use as a commercially rentable or purchasable decor component rather than a permanent building modification.,indoor;outdoor-if-weather-secured,adapt to measured table or perimeter,entrance or focal-area edge at eye level,1 main sign plus optional table labels,#F8C8DC;#CDB4F6;#BDE7F2;#FFF0B8;#FFFFFF,matte balloons;tulle;acrylic;soft fabric;paper,purchase-or-rental-set,"Secure against tipping; keep exits, sprinklers, and service paths clear.",decor/pastel-dreamy/signage-01,Soft-white curtain fairy lights;Pastel Dreamy;event decor;party rental
dark-moody-decor-01,dark-moody,birthday;wedding;anniversary;corporate;dinner-party,backdrop,Black velvet pipe-and-drape backdrop,Black velvet pipe-and-drape backdrop selected in the Dark Moody palette; use as a commercially rentable or purchasable decor component rather than a permanent building modification.,indoor;outdoor-if-weather-secured,clear focal wall at least 2.0 m wide,focal wall behind cake or couple,1 focal unit per setup,#121212;#3C1F2B;#5E4634;#7A6A58;#D0B58D,velvet;smoked glass;dark wood;brass;matte metal,rental-or-purchase,"Secure against tipping; keep exits, sprinklers, and service paths clear.",decor/dark-moody/backdrop-01,Black velvet pipe-and-drape backdrop;Dark Moody;event decor;party rental
dark-moody-decor-02,dark-moody,birthday;wedding;anniversary;corporate;dinner-party,floor-arrangement,Smoked-glass LED candleholders,Smoked-glass LED candleholders selected in the Dark Moody palette; use as a commercially rentable or purchasable decor component rather than a permanent building modification.,indoor;outdoor-if-weather-secured,0.6-1.0 m floor zone outside circulation,two sides of focal area outside walking path,2 balanced clusters for a small setup; 3-5 for a wide stage,#121212;#3C1F2B;#5E4634;#7A6A58;#D0B58D,velvet;smoked glass;dark wood;brass;matte metal,rental-or-purchase,"Secure against tipping; keep exits, sprinklers, and service paths clear.",decor/dark-moody/floor-arrangement-01,Smoked-glass LED candleholders;Dark Moody;event decor;party rental
dark-moody-decor-03,dark-moody,birthday;wedding;anniversary;corporate;dinner-party,lighting,Deep plum table runner,Deep plum table runner selected in the Dark Moody palette; use as a commercially rentable or purchasable decor component rather than a permanent building modification.,indoor;covered-outdoor,adapt to measured table or perimeter,perimeter or overhead only where venue-approved,1 strand or fixture per 1.5-2 m of decorated perimeter,#121212;#3C1F2B;#5E4634;#7A6A58;#D0B58D,velvet;smoked glass;dark wood;brass;matte metal,rental-or-purchase,Use low-heat LEDs; secure cords; no open flame near fabric or children.,decor/dark-moody/lighting-01,Deep plum table runner;Dark Moody;event decor;party rental
dark-moody-decor-04,dark-moody,birthday;wedding;anniversary;corporate;dinner-party,table-setting,Dark foliage and burgundy floral arrangement,Dark foliage and burgundy floral arrangement selected in the Dark Moody palette; use as a commercially rentable or purchasable decor component rather than a permanent building modification.,indoor;outdoor-if-weather-secured,adapt to measured table or perimeter,guest tables or cake-table surface,1 runner per table or 3-5 small items per round guest table,#121212;#3C1F2B;#5E4634;#7A6A58;#D0B58D,velvet;smoked glass;dark wood;brass;matte metal,purchase-or-rental-set,"Secure against tipping; keep exits, sprinklers, and service paths clear.",decor/dark-moody/table-setting-01,Dark foliage and burgundy floral arrangement;Dark Moody;event decor;party rental
dark-moody-decor-05,dark-moody,birthday;wedding;anniversary;corporate;dinner-party,signage,Brass-tone tapered centerpiece stands,Brass-tone tapered centerpiece stands selected in the Dark Moody palette; use as a commercially rentable or purchasable decor component rather than a permanent building modification.,indoor;outdoor-if-weather-secured,adapt to measured table or perimeter,entrance or focal-area edge at eye level,1 main sign plus optional table labels,#121212;#3C1F2B;#5E4634;#7A6A58;#D0B58D,velvet;smoked glass;dark wood;brass;matte metal,purchase-or-rental-set,"Secure against tipping; keep exits, sprinklers, and service paths clear.",decor/dark-moody/signage-01,Brass-tone tapered centerpiece stands;Dark Moody;event decor;party rental
whimsical-kids-decor-01,whimsical-kids,kids-birthday;school-event;family-party,backdrop,Rounded rainbow foam-board backdrop,Rounded rainbow foam-board backdrop selected in the Whimsical Kids palette; use as a commercially rentable or purchasable decor component rather than a permanent building modification.,indoor;outdoor-if-weather-secured,clear focal wall at least 2.0 m wide,focal wall behind cake or couple,1 focal unit per setup,#FFB3C6;#9AD0F5;#FFE08A;#A7E3A1;#FFFFFF,foam board;matte balloons;washable fabric;paper;acrylic,rental-or-purchase,"Secure against tipping; keep exits, sprinklers, and service paths clear.",decor/whimsical-kids/backdrop-01,Rounded rainbow foam-board backdrop;Whimsical Kids;event decor;party rental
whimsical-kids-decor-02,whimsical-kids,kids-birthday;school-event;family-party,floor-arrangement,Pastel balloon garland with large balloons,Pastel balloon garland with large balloons selected in the Whimsical Kids palette; use as a commercially rentable or purchasable decor component rather than a permanent building modification.,indoor;outdoor-if-weather-secured,0.6-1.0 m floor zone outside circulation,two sides of focal area outside walking path,2 balanced clusters for a small setup; 3-5 for a wide stage,#FFB3C6;#9AD0F5;#FFE08A;#A7E3A1;#FFFFFF,foam board;matte balloons;washable fabric;paper;acrylic,rental-or-purchase,"Secure against tipping; keep exits, sprinklers, and service paths clear.",decor/whimsical-kids/floor-arrangement-01,Pastel balloon garland with large balloons;Whimsical Kids;event decor;party rental
whimsical-kids-decor-03,whimsical-kids,kids-birthday;school-event;family-party,lighting,Child-height activity table covers,Child-height activity table covers selected in the Whimsical Kids palette; use as a commercially rentable or purchasable decor component rather than a permanent building modification.,indoor;covered-outdoor,adapt to measured table or perimeter,perimeter or overhead only where venue-approved,1 strand or fixture per 1.5-2 m of decorated perimeter,#FFB3C6;#9AD0F5;#FFE08A;#A7E3A1;#FFFFFF,foam board;matte balloons;washable fabric;paper;acrylic,rental-or-purchase,Use low-heat LEDs; secure cords; no open flame near fabric or children.,decor/whimsical-kids/lighting-01,Child-height activity table covers;Whimsical Kids;event decor;party rental
whimsical-kids-decor-04,whimsical-kids,kids-birthday;school-event;family-party,table-setting,Large cardboard storybook props,Large cardboard storybook props selected in the Whimsical Kids palette; use as a commercially rentable or purchasable decor component rather than a permanent building modification.,indoor;outdoor-if-weather-secured,adapt to measured table or perimeter,guest tables or cake-table surface,1 runner per table or 3-5 small items per round guest table,#FFB3C6;#9AD0F5;#FFE08A;#A7E3A1;#FFFFFF,foam board;matte balloons;washable fabric;paper;acrylic,purchase-or-rental-set,"Secure against tipping; keep exits, sprinklers, and service paths clear.",decor/whimsical-kids/table-setting-01,Large cardboard storybook props;Whimsical Kids;event decor;party rental
whimsical-kids-decor-05,whimsical-kids,kids-birthday;school-event;family-party,signage,Personalized age-and-name floor sign,Personalized age-and-name floor sign selected in the Whimsical Kids palette; use as a commercially rentable or purchasable decor component rather than a permanent building modification.,indoor;outdoor-if-weather-secured,adapt to measured table or perimeter,entrance or focal-area edge at eye level,1 main sign plus optional table labels,#FFB3C6;#9AD0F5;#FFE08A;#A7E3A1;#FFFFFF,foam board;matte balloons;washable fabric;paper;acrylic,purchase-or-rental-set,"Secure against tipping; keep exits, sprinklers, and service paths clear.",decor/whimsical-kids/signage-01,Personalized age-and-name floor sign;Whimsical Kids;event decor;party rental
beach-coastal-decor-01,beach-coastal,wedding;birthday;engagement;bridal-shower;summer-party,backdrop,Aqua-to-white fabric backdrop,Aqua-to-white fabric backdrop selected in the Beach Coastal palette; use as a commercially rentable or purchasable decor component rather than a permanent building modification.,indoor;outdoor-if-weather-secured,clear focal wall at least 2.0 m wide,focal wall behind cake or couple,1 focal unit per setup,#EAF6FA;#8EC5D6;#2F6F89;#E8D5B5;#FFFFFF,linen;driftwood-look wood;glass;rope;ceramic,rental-or-purchase,"Secure against tipping; keep exits, sprinklers, and service paths clear.",decor/beach-coastal/backdrop-01,Aqua-to-white fabric backdrop;Beach Coastal;event decor;party rental
beach-coastal-decor-02,beach-coastal,wedding;birthday;engagement;bridal-shower;summer-party,floor-arrangement,Light wood welcome sign,Light wood welcome sign selected in the Beach Coastal palette; use as a commercially rentable or purchasable decor component rather than a permanent building modification.,indoor;outdoor-if-weather-secured,0.6-1.0 m floor zone outside circulation,two sides of focal area outside walking path,2 balanced clusters for a small setup; 3-5 for a wide stage,#EAF6FA;#8EC5D6;#2F6F89;#E8D5B5;#FFFFFF,linen;driftwood-look wood;glass;rope;ceramic,rental-or-purchase,"Secure against tipping; keep exits, sprinklers, and service paths clear.",decor/beach-coastal/floor-arrangement-01,Light wood welcome sign;Beach Coastal;event decor;party rental
beach-coastal-decor-03,beach-coastal,wedding;birthday;engagement;bridal-shower;summer-party,lighting,Clear glass cylinder vases with sea-glass beads,Clear glass cylinder vases with sea-glass beads selected in the Beach Coastal palette; use as a commercially rentable or purchasable decor component rather than a permanent building modification.,indoor;covered-outdoor,adapt to measured table or perimeter,perimeter or overhead only where venue-approved,1 strand or fixture per 1.5-2 m of decorated perimeter,#EAF6FA;#8EC5D6;#2F6F89;#E8D5B5;#FFFFFF,linen;driftwood-look wood;glass;rope;ceramic,rental-or-purchase,Use low-heat LEDs; secure cords; no open flame near fabric or children.,decor/beach-coastal/lighting-01,Clear glass cylinder vases with sea-glass beads;Beach Coastal;event decor;party rental
beach-coastal-decor-04,beach-coastal,wedding;birthday;engagement;bridal-shower;summer-party,table-setting,Natural rope napkin rings,Natural rope napkin rings selected in the Beach Coastal palette; use as a commercially rentable or purchasable decor component rather than a permanent building modification.,indoor;outdoor-if-weather-secured,adapt to measured table or perimeter,guest tables or cake-table surface,1 runner per table or 3-5 small items per round guest table,#EAF6FA;#8EC5D6;#2F6F89;#E8D5B5;#FFFFFF,linen;driftwood-look wood;glass;rope;ceramic,purchase-or-rental-set,"Secure against tipping; keep exits, sprinklers, and service paths clear.",decor/beach-coastal/table-setting-01,Natural rope napkin rings;Beach Coastal;event decor;party rental
beach-coastal-decor-05,beach-coastal,wedding;birthday;engagement;bridal-shower;summer-party,signage,Blue linen table runners,Blue linen table runners selected in the Beach Coastal palette; use as a commercially rentable or purchasable decor component rather than a permanent building modification.,indoor;outdoor-if-weather-secured,adapt to measured table or perimeter,entrance or focal-area edge at eye level,1 main sign plus optional table labels,#EAF6FA;#8EC5D6;#2F6F89;#E8D5B5;#FFFFFF,linen;driftwood-look wood;glass;rope;ceramic,purchase-or-rental-set,"Secure against tipping; keep exits, sprinklers, and service paths clear.",decor/beach-coastal/signage-01,Blue linen table runners;Beach Coastal;event decor;party rental
industrial-decor-01,industrial,corporate;birthday;wedding;product-launch;graduation,backdrop,Black pipe-frame backdrop,Black pipe-frame backdrop selected in the Industrial palette; use as a commercially rentable or purchasable decor component rather than a permanent building modification.,indoor;outdoor-if-weather-secured,clear focal wall at least 2.0 m wide,focal wall behind cake or couple,1 focal unit per setup,#353535;#77736E;#B65E3C;#D8C8B6;#F4F1EA,black steel;wood;concrete-look board;leather;glass,rental-or-purchase,"Secure against tipping; keep exits, sprinklers, and service paths clear.",decor/industrial/backdrop-01,Black pipe-frame backdrop;Industrial;event decor;party rental
industrial-decor-02,industrial,corporate;birthday;wedding;product-launch;graduation,floor-arrangement,Warm filament-look LED string lights,Warm filament-look LED string lights selected in the Industrial palette; use as a commercially rentable or purchasable decor component rather than a permanent building modification.,indoor;outdoor-if-weather-secured,0.6-1.0 m floor zone outside circulation,two sides of focal area outside walking path,2 balanced clusters for a small setup; 3-5 for a wide stage,#353535;#77736E;#B65E3C;#D8C8B6;#F4F1EA,black steel;wood;concrete-look board;leather;glass,rental-or-purchase,"Secure against tipping; keep exits, sprinklers, and service paths clear.",decor/industrial/floor-arrangement-01,Warm filament-look LED string lights;Industrial;event decor;party rental
industrial-decor-03,industrial,corporate;birthday;wedding;product-launch;graduation,lighting,Concrete-look cake plinth,Concrete-look cake plinth selected in the Industrial palette; use as a commercially rentable or purchasable decor component rather than a permanent building modification.,indoor;covered-outdoor,adapt to measured table or perimeter,perimeter or overhead only where venue-approved,1 strand or fixture per 1.5-2 m of decorated perimeter,#353535;#77736E;#B65E3C;#D8C8B6;#F4F1EA,black steel;wood;concrete-look board;leather;glass,rental-or-purchase,Use low-heat LEDs; secure cords; no open flame near fabric or children.,decor/industrial/lighting-01,Concrete-look cake plinth;Industrial;event decor;party rental
industrial-decor-04,industrial,corporate;birthday;wedding;product-launch;graduation,table-setting,Black metal mesh signage panel,Black metal mesh signage panel selected in the Industrial palette; use as a commercially rentable or purchasable decor component rather than a permanent building modification.,indoor;outdoor-if-weather-secured,adapt to measured table or perimeter,guest tables or cake-table surface,1 runner per table or 3-5 small items per round guest table,#353535;#77736E;#B65E3C;#D8C8B6;#F4F1EA,black steel;wood;concrete-look board;leather;glass,purchase-or-rental-set,"Secure against tipping; keep exits, sprinklers, and service paths clear.",decor/industrial/table-setting-01,Black metal mesh signage panel;Industrial;event decor;party rental
industrial-decor-05,industrial,corporate;birthday;wedding;product-launch;graduation,signage,Reclaimed-wood-look communal table runners,Reclaimed-wood-look communal table runners selected in the Industrial palette; use as a commercially rentable or purchasable decor component rather than a permanent building modification.,indoor;outdoor-if-weather-secured,adapt to measured table or perimeter,entrance or focal-area edge at eye level,1 main sign plus optional table labels,#353535;#77736E;#B65E3C;#D8C8B6;#F4F1EA,black steel;wood;concrete-look board;leather;glass,purchase-or-rental-set,"Secure against tipping; keep exits, sprinklers, and service paths clear.",decor/industrial/signage-01,Reclaimed-wood-look communal table runners;Industrial;event decor;party rental
floral-romantic-decor-01,floral-romantic,wedding;engagement;anniversary;bridal-shower;birthday,backdrop,Blush chiffon draped arch,Blush chiffon draped arch selected in the Floral Romantic palette; use as a commercially rentable or purchasable decor component rather than a permanent building modification.,indoor;outdoor-if-weather-secured,clear focal wall at least 2.0 m wide,focal wall behind cake or couple,1 focal unit per setup,#F3D7DE;#E8C7B4;#A8B99A;#6E8061;#FFFDF8,silk-look florals;chiffon;glass;linen;light wood,rental-or-purchase,"Secure against tipping; keep exits, sprinklers, and service paths clear.",decor/floral-romantic/backdrop-01,Blush chiffon draped arch;Floral Romantic;event decor;party rental
floral-romantic-decor-02,floral-romantic,wedding;engagement;anniversary;bridal-shower;birthday,floor-arrangement,Rose-and-greenery table garland,Rose-and-greenery table garland selected in the Floral Romantic palette; use as a commercially rentable or purchasable decor component rather than a permanent building modification.,indoor;outdoor-if-weather-secured,0.6-1.0 m floor zone outside circulation,two sides of focal area outside walking path,2 balanced clusters for a small setup; 3-5 for a wide stage,#F3D7DE;#E8C7B4;#A8B99A;#6E8061;#FFFDF8,silk-look florals;chiffon;glass;linen;light wood,rental-or-purchase,"Secure against tipping; keep exits, sprinklers, and service paths clear.",decor/floral-romantic/floor-arrangement-01,Rose-and-greenery table garland;Floral Romantic;event decor;party rental
floral-romantic-decor-03,floral-romantic,wedding;engagement;anniversary;bridal-shower;birthday,lighting,Clear cylinder vases with floating LED candles,Clear cylinder vases with floating LED candles selected in the Floral Romantic palette; use as a commercially rentable or purchasable decor component rather than a permanent building modification.,indoor;covered-outdoor,adapt to measured table or perimeter,perimeter or overhead only where venue-approved,1 strand or fixture per 1.5-2 m of decorated perimeter,#F3D7DE;#E8C7B4;#A8B99A;#6E8061;#FFFDF8,silk-look florals;chiffon;glass;linen;light wood,rental-or-purchase,Use low-heat LEDs; secure cords; no open flame near fabric or children.,decor/floral-romantic/lighting-01,Clear cylinder vases with floating LED candles;Floral Romantic;event decor;party rental
floral-romantic-decor-04,floral-romantic,wedding;engagement;anniversary;bridal-shower;birthday,table-setting,Floral chair-back ties,Floral chair-back ties selected in the Floral Romantic palette; use as a commercially rentable or purchasable decor component rather than a permanent building modification.,indoor;outdoor-if-weather-secured,adapt to measured table or perimeter,guest tables or cake-table surface,1 runner per table or 3-5 small items per round guest table,#F3D7DE;#E8C7B4;#A8B99A;#6E8061;#FFFDF8,silk-look florals;chiffon;glass;linen;light wood,purchase-or-rental-set,"Secure against tipping; keep exits, sprinklers, and service paths clear.",decor/floral-romantic/table-setting-01,Floral chair-back ties;Floral Romantic;event decor;party rental
floral-romantic-decor-05,floral-romantic,wedding;engagement;anniversary;bridal-shower;birthday,signage,Ivory linen and blush napkin set,Ivory linen and blush napkin set selected in the Floral Romantic palette; use as a commercially rentable or purchasable decor component rather than a permanent building modification.,indoor;outdoor-if-weather-secured,adapt to measured table or perimeter,entrance or focal-area edge at eye level,1 main sign plus optional table labels,#F3D7DE;#E8C7B4;#A8B99A;#6E8061;#FFFDF8,silk-look florals;chiffon;glass;linen;light wood,purchase-or-rental-set,"Secure against tipping; keep exits, sprinklers, and service paths clear.",decor/floral-romantic/signage-01,Ivory linen and blush napkin set;Floral Romantic;event decor;party rental
retro-70s-decor-01,retro-70s,birthday;corporate;graduation;anniversary;themed-party,backdrop,Orange wavy foam-board backdrop,Orange wavy foam-board backdrop selected in the Retro 70s palette; use as a commercially rentable or purchasable decor component rather than a permanent building modification.,indoor;outdoor-if-weather-secured,clear focal wall at least 2.0 m wide,focal wall behind cake or couple,1 focal unit per setup,#F28C28;#D94F30;#E8C547;#6B7A3A;#FFF2D8,vinyl;acrylic;velvet;paper;mirror tiles,rental-or-purchase,"Secure against tipping; keep exits, sprinklers, and service paths clear.",decor/retro-70s/backdrop-01,Orange wavy foam-board backdrop;Retro 70s;event decor;party rental
retro-70s-decor-02,retro-70s,birthday;corporate;graduation;anniversary;themed-party,floor-arrangement,Disco-ball ornament cluster hung securely,Disco-ball ornament cluster hung securely selected in the Retro 70s palette; use as a commercially rentable or purchasable decor component rather than a permanent building modification.,indoor;outdoor-if-weather-secured,0.6-1.0 m floor zone outside circulation,two sides of focal area outside walking path,2 balanced clusters for a small setup; 3-5 for a wide stage,#F28C28;#D94F30;#E8C547;#6B7A3A;#FFF2D8,vinyl;acrylic;velvet;paper;mirror tiles,rental-or-purchase,"Secure against tipping; keep exits, sprinklers, and service paths clear.",decor/retro-70s/floor-arrangement-01,Disco-ball ornament cluster hung securely;Retro 70s;event decor;party rental
retro-70s-decor-03,retro-70s,birthday;corporate;graduation;anniversary;themed-party,lighting,Mustard and rust table linen set,Mustard and rust table linen set selected in the Retro 70s palette; use as a commercially rentable or purchasable decor component rather than a permanent building modification.,indoor;covered-outdoor,adapt to measured table or perimeter,perimeter or overhead only where venue-approved,1 strand or fixture per 1.5-2 m of decorated perimeter,#F28C28;#D94F30;#E8C547;#6B7A3A;#FFF2D8,vinyl;acrylic;velvet;paper;mirror tiles,rental-or-purchase,Use low-heat LEDs; secure cords; no open flame near fabric or children.,decor/retro-70s/lighting-01,Mustard and rust table linen set;Retro 70s;event decor;party rental
retro-70s-decor-04,retro-70s,birthday;corporate;graduation;anniversary;themed-party,table-setting,Retro daisy acrylic signage,Retro daisy acrylic signage selected in the Retro 70s palette; use as a commercially rentable or purchasable decor component rather than a permanent building modification.,indoor;outdoor-if-weather-secured,adapt to measured table or perimeter,guest tables or cake-table surface,1 runner per table or 3-5 small items per round guest table,#F28C28;#D94F30;#E8C547;#6B7A3A;#FFF2D8,vinyl;acrylic;velvet;paper;mirror tiles,purchase-or-rental-set,"Secure against tipping; keep exits, sprinklers, and service paths clear.",decor/retro-70s/table-setting-01,Retro daisy acrylic signage;Retro 70s;event decor;party rental
retro-70s-decor-05,retro-70s,birthday;corporate;graduation;anniversary;themed-party,signage,Checkerboard dance-floor decal zone,Checkerboard dance-floor decal zone selected in the Retro 70s palette; use as a commercially rentable or purchasable decor component rather than a permanent building modification.,indoor;outdoor-if-weather-secured,adapt to measured table or perimeter,entrance or focal-area edge at eye level,1 main sign plus optional table labels,#F28C28;#D94F30;#E8C547;#6B7A3A;#FFF2D8,vinyl;acrylic;velvet;paper;mirror tiles,purchase-or-rental-set,"Secure against tipping; keep exits, sprinklers, and service paths clear.",decor/retro-70s/signage-01,Checkerboard dance-floor decal zone;Retro 70s;event decor;party rental
winter-wonderland-decor-01,winter-wonderland,wedding;birthday;corporate;holiday-party;engagement,backdrop,White layered curtain backdrop,White layered curtain backdrop selected in the Winter Wonderland palette; use as a commercially rentable or purchasable decor component rather than a permanent building modification.,indoor;outdoor-if-weather-secured,clear focal wall at least 2.0 m wide,focal wall behind cake or couple,1 focal unit per setup,#FFFFFF;#DCECF5;#A9C5D8;#BFC4CC;#244A66,acrylic;white fabric;frosted glass;mirror;paper,rental-or-purchase,"Secure against tipping; keep exits, sprinklers, and service paths clear.",decor/winter-wonderland/backdrop-01,White layered curtain backdrop;Winter Wonderland;event decor;party rental
winter-wonderland-decor-02,winter-wonderland,wedding;birthday;corporate;holiday-party;engagement,floor-arrangement,Clear acrylic snowflake hangings,Clear acrylic snowflake hangings selected in the Winter Wonderland palette; use as a commercially rentable or purchasable decor component rather than a permanent building modification.,indoor;outdoor-if-weather-secured,0.6-1.0 m floor zone outside circulation,two sides of focal area outside walking path,2 balanced clusters for a small setup; 3-5 for a wide stage,#FFFFFF;#DCECF5;#A9C5D8;#BFC4CC;#244A66,acrylic;white fabric;frosted glass;mirror;paper,rental-or-purchase,"Secure against tipping; keep exits, sprinklers, and service paths clear.",decor/winter-wonderland/floor-arrangement-01,Clear acrylic snowflake hangings;Winter Wonderland;event decor;party rental
winter-wonderland-decor-03,winter-wonderland,wedding;birthday;corporate;holiday-party;engagement,lighting,Frosted glass LED candleholders,Frosted glass LED candleholders selected in the Winter Wonderland palette; use as a commercially rentable or purchasable decor component rather than a permanent building modification.,indoor;covered-outdoor,adapt to measured table or perimeter,perimeter or overhead only where venue-approved,1 strand or fixture per 1.5-2 m of decorated perimeter,#FFFFFF;#DCECF5;#A9C5D8;#BFC4CC;#244A66,acrylic;white fabric;frosted glass;mirror;paper,rental-or-purchase,Use low-heat LEDs; secure cords; no open flame near fabric or children.,decor/winter-wonderland/lighting-01,Frosted glass LED candleholders;Winter Wonderland;event decor;party rental
winter-wonderland-decor-04,winter-wonderland,wedding;birthday;corporate;holiday-party;engagement,table-setting,White branch centerpiece with micro LEDs,White branch centerpiece with micro LEDs selected in the Winter Wonderland palette; use as a commercially rentable or purchasable decor component rather than a permanent building modification.,indoor;outdoor-if-weather-secured,adapt to measured table or perimeter,guest tables or cake-table surface,1 runner per table or 3-5 small items per round guest table,#FFFFFF;#DCECF5;#A9C5D8;#BFC4CC;#244A66,acrylic;white fabric;frosted glass;mirror;paper,purchase-or-rental-set,"Secure against tipping; keep exits, sprinklers, and service paths clear.",decor/winter-wonderland/table-setting-01,White branch centerpiece with micro LEDs;Winter Wonderland;event decor;party rental
winter-wonderland-decor-05,winter-wonderland,wedding;birthday;corporate;holiday-party;engagement,signage,Pale blue table linen set,Pale blue table linen set selected in the Winter Wonderland palette; use as a commercially rentable or purchasable decor component rather than a permanent building modification.,indoor;outdoor-if-weather-secured,adapt to measured table or perimeter,entrance or focal-area edge at eye level,1 main sign plus optional table labels,#FFFFFF;#DCECF5;#A9C5D8;#BFC4CC;#244A66,acrylic;white fabric;frosted glass;mirror;paper,purchase-or-rental-set,"Secure against tipping; keep exits, sprinklers, and service paths clear.",decor/winter-wonderland/signage-01,Pale blue table linen set;Winter Wonderland;event decor;party rental
south-asian-mehndi-decor-01,south-asian-mehndi,mehndi;mayun;engagement;wedding;birthday,backdrop,Yellow and pink fabric-panel backdrop,Yellow and pink fabric-panel backdrop selected in the South Asian Mehndi palette; use as a commercially rentable or purchasable decor component rather than a permanent building modification.,indoor;outdoor-if-weather-secured,clear focal wall at least 2.0 m wide,focal wall behind cake or couple,1 focal unit per setup,#F6B51B;#F26B21;#D62D58;#2F8F5B;#7B3FA1,printed fabric;marigold-look garlands;wood;brass-look metal;embroidered cushions,rental-or-purchase,"Secure against tipping; keep exits, sprinklers, and service paths clear.",decor/south-asian-mehndi/backdrop-01,Yellow and pink fabric-panel backdrop;South Asian Mehndi;event decor;party rental
south-asian-mehndi-decor-02,south-asian-mehndi,mehndi;mayun;engagement;wedding;birthday,floor-arrangement,Artificial marigold garland strings,Artificial marigold garland strings selected in the South Asian Mehndi palette; use as a commercially rentable or purchasable decor component rather than a permanent building modification.,indoor;outdoor-if-weather-secured,0.6-1.0 m floor zone outside circulation,two sides of focal area outside walking path,2 balanced clusters for a small setup; 3-5 for a wide stage,#F6B51B;#F26B21;#D62D58;#2F8F5B;#7B3FA1,printed fabric;marigold-look garlands;wood;brass-look metal;embroidered cushions,rental-or-purchase,"Secure against tipping; keep exits, sprinklers, and service paths clear.",decor/south-asian-mehndi/floor-arrangement-01,Artificial marigold garland strings;South Asian Mehndi;event decor;party rental
south-asian-mehndi-decor-03,south-asian-mehndi,mehndi;mayun;engagement;wedding;birthday,lighting,Embroidered floor-cushion seating set,Embroidered floor-cushion seating set selected in the South Asian Mehndi palette; use as a commercially rentable or purchasable decor component rather than a permanent building modification.,indoor;covered-outdoor,adapt to measured table or perimeter,perimeter or overhead only where venue-approved,1 strand or fixture per 1.5-2 m of decorated perimeter,#F6B51B;#F26B21;#D62D58;#2F8F5B;#7B3FA1,printed fabric;marigold-look garlands;wood;brass-look metal;embroidered cushions,rental-or-purchase,Use low-heat LEDs; secure cords; no open flame near fabric or children.,decor/south-asian-mehndi/lighting-01,Embroidered floor-cushion seating set;South Asian Mehndi;event decor;party rental
south-asian-mehndi-decor-04,south-asian-mehndi,mehndi;mayun;engagement;wedding;birthday,table-setting,Painted wooden dholki prop,Painted wooden dholki prop selected in the South Asian Mehndi palette; use as a commercially rentable or purchasable decor component rather than a permanent building modification.,indoor;outdoor-if-weather-secured,adapt to measured table or perimeter,guest tables or cake-table surface,1 runner per table or 3-5 small items per round guest table,#F6B51B;#F26B21;#D62D58;#2F8F5B;#7B3FA1,printed fabric;marigold-look garlands;wood;brass-look metal;embroidered cushions,purchase-or-rental-set,"Secure against tipping; keep exits, sprinklers, and service paths clear.",decor/south-asian-mehndi/table-setting-01,Painted wooden dholki prop;South Asian Mehndi;event decor;party rental
south-asian-mehndi-decor-05,south-asian-mehndi,mehndi;mayun;engagement;wedding;birthday,signage,Colorful parasol-style ceiling hangings,Colorful parasol-style ceiling hangings selected in the South Asian Mehndi palette; use as a commercially rentable or purchasable decor component rather than a permanent building modification.,indoor;outdoor-if-weather-secured,adapt to measured table or perimeter,entrance or focal-area edge at eye level,1 main sign plus optional table labels,#F6B51B;#F26B21;#D62D58;#2F8F5B;#7B3FA1,printed fabric;marigold-look garlands;wood;brass-look metal;embroidered cushions,purchase-or-rental-set,"Secure against tipping; keep exits, sprinklers, and service paths clear.",decor/south-asian-mehndi/signage-01,Colorful parasol-style ceiling hangings;South Asian Mehndi;event decor;party rental
south-asian-wedding-decor-01,south-asian-wedding,wedding;nikah;walima;engagement;reception,backdrop,Carved-look ivory stage panels,Carved-look ivory stage panels selected in the South Asian Wedding Elegance palette; use as a commercially rentable or purchasable decor component rather than a permanent building modification.,indoor;outdoor-if-weather-secured,clear focal wall at least 2.0 m wide,focal wall behind cake or couple,1 focal unit per setup,#7A1725;#D7B56D;#FFF4E0;#37543B;#D7A6A9,velvet;carved-look panels;brass-look metal;silk-look florals;chiffon,rental-or-purchase,"Secure against tipping; keep exits, sprinklers, and service paths clear.",decor/south-asian-wedding/backdrop-01,Carved-look ivory stage panels;South Asian Wedding Elegance;event decor;party rental
south-asian-wedding-decor-02,south-asian-wedding,wedding;nikah;walima;engagement;reception,floor-arrangement,Maroon velvet loveseat backdrop zone,Maroon velvet loveseat backdrop zone selected in the South Asian Wedding Elegance palette; use as a commercially rentable or purchasable decor component rather than a permanent building modification.,indoor;outdoor-if-weather-secured,0.6-1.0 m floor zone outside circulation,two sides of focal area outside walking path,2 balanced clusters for a small setup; 3-5 for a wide stage,#7A1725;#D7B56D;#FFF4E0;#37543B;#D7A6A9,velvet;carved-look panels;brass-look metal;silk-look florals;chiffon,rental-or-purchase,"Secure against tipping; keep exits, sprinklers, and service paths clear.",decor/south-asian-wedding/floor-arrangement-01,Maroon velvet loveseat backdrop zone;South Asian Wedding Elegance;event decor;party rental
south-asian-wedding-decor-03,south-asian-wedding,wedding;nikah;walima;engagement;reception,lighting,Gold pedestal floral arrangements,Gold pedestal floral arrangements selected in the South Asian Wedding Elegance palette; use as a commercially rentable or purchasable decor component rather than a permanent building modification.,indoor;covered-outdoor,adapt to measured table or perimeter,perimeter or overhead only where venue-approved,1 strand or fixture per 1.5-2 m of decorated perimeter,#7A1725;#D7B56D;#FFF4E0;#37543B;#D7A6A9,velvet;carved-look panels;brass-look metal;silk-look florals;chiffon,rental-or-purchase,Use low-heat LEDs; secure cords; no open flame near fabric or children.,decor/south-asian-wedding/lighting-01,Gold pedestal floral arrangements;South Asian Wedding Elegance;event decor;party rental
south-asian-wedding-decor-04,south-asian-wedding,wedding;nikah;walima;engagement;reception,table-setting,Ivory aisle runner with LED candles,Ivory aisle runner with LED candles selected in the South Asian Wedding Elegance palette; use as a commercially rentable or purchasable decor component rather than a permanent building modification.,indoor;outdoor-if-weather-secured,adapt to measured table or perimeter,guest tables or cake-table surface,1 runner per table or 3-5 small items per round guest table,#7A1725;#D7B56D;#FFF4E0;#37543B;#D7A6A9,velvet;carved-look panels;brass-look metal;silk-look florals;chiffon,purchase-or-rental-set,"Secure against tipping; keep exits, sprinklers, and service paths clear.",decor/south-asian-wedding/table-setting-01,Ivory aisle runner with LED candles;South Asian Wedding Elegance;event decor;party rental
south-asian-wedding-decor-05,south-asian-wedding,wedding;nikah;walima;engagement;reception,signage,Formal gold-and-ivory table settings,Formal gold-and-ivory table settings selected in the South Asian Wedding Elegance palette; use as a commercially rentable or purchasable decor component rather than a permanent building modification.,indoor;outdoor-if-weather-secured,adapt to measured table or perimeter,entrance or focal-area edge at eye level,1 main sign plus optional table labels,#7A1725;#D7B56D;#FFF4E0;#37543B;#D7A6A9,velvet;carved-look panels;brass-look metal;silk-look florals;chiffon,purchase-or-rental-set,"Secure against tipping; keep exits, sprinklers, and service paths clear.",decor/south-asian-wedding/signage-01,Formal gold-and-ivory table settings;South Asian Wedding Elegance;event decor;party rental
arabian-majlis-decor-01,arabian-majlis,engagement;wedding;family-gathering;corporate;ramadan-iftar,backdrop,Emerald velvet low-seating cushions,Emerald velvet low-seating cushions selected in the Arabian Majlis palette; use as a commercially rentable or purchasable decor component rather than a permanent building modification.,indoor;outdoor-if-weather-secured,clear focal wall at least 2.0 m wide,focal wall behind cake or couple,1 focal unit per setup,#123C36;#C79A4A;#7A263A;#E7D7B8;#1F1A17,velvet;patterned textile;brass-look metal;wood;frosted glass,rental-or-purchase,"Secure against tipping; keep exits, sprinklers, and service paths clear.",decor/arabian-majlis/backdrop-01,Emerald velvet low-seating cushions;Arabian Majlis;event decor;party rental
arabian-majlis-decor-02,arabian-majlis,engagement;wedding;family-gathering;corporate;ramadan-iftar,floor-arrangement,Geometric arch backdrop panels,Geometric arch backdrop panels selected in the Arabian Majlis palette; use as a commercially rentable or purchasable decor component rather than a permanent building modification.,indoor;outdoor-if-weather-secured,0.6-1.0 m floor zone outside circulation,two sides of focal area outside walking path,2 balanced clusters for a small setup; 3-5 for a wide stage,#123C36;#C79A4A;#7A263A;#E7D7B8;#1F1A17,velvet;patterned textile;brass-look metal;wood;frosted glass,rental-or-purchase,"Secure against tipping; keep exits, sprinklers, and service paths clear.",decor/arabian-majlis/floor-arrangement-01,Geometric arch backdrop panels;Arabian Majlis;event decor;party rental
arabian-majlis-decor-03,arabian-majlis,engagement;wedding;family-gathering;corporate;ramadan-iftar,lighting,Brass-look LED lantern grouping,Brass-look LED lantern grouping selected in the Arabian Majlis palette; use as a commercially rentable or purchasable decor component rather than a permanent building modification.,indoor;covered-outdoor,adapt to measured table or perimeter,perimeter or overhead only where venue-approved,1 strand or fixture per 1.5-2 m of decorated perimeter,#123C36;#C79A4A;#7A263A;#E7D7B8;#1F1A17,velvet;patterned textile;brass-look metal;wood;frosted glass,rental-or-purchase,Use low-heat LEDs; secure cords; no open flame near fabric or children.,decor/arabian-majlis/lighting-01,Brass-look LED lantern grouping;Arabian Majlis;event decor;party rental
arabian-majlis-decor-04,arabian-majlis,engagement;wedding;family-gathering;corporate;ramadan-iftar,table-setting,Patterned area-rug zone,Patterned area-rug zone selected in the Arabian Majlis palette; use as a commercially rentable or purchasable decor component rather than a permanent building modification.,indoor;outdoor-if-weather-secured,adapt to measured table or perimeter,guest tables or cake-table surface,1 runner per table or 3-5 small items per round guest table,#123C36;#C79A4A;#7A263A;#E7D7B8;#1F1A17,velvet;patterned textile;brass-look metal;wood;frosted glass,purchase-or-rental-set,"Secure against tipping; keep exits, sprinklers, and service paths clear.",decor/arabian-majlis/table-setting-01,Patterned area-rug zone;Arabian Majlis;event decor;party rental
arabian-majlis-decor-05,arabian-majlis,engagement;wedding;family-gathering;corporate;ramadan-iftar,signage,Low wooden coffee tables with trays,Low wooden coffee tables with trays selected in the Arabian Majlis palette; use as a commercially rentable or purchasable decor component rather than a permanent building modification.,indoor;outdoor-if-weather-secured,adapt to measured table or perimeter,entrance or focal-area edge at eye level,1 main sign plus optional table labels,#123C36;#C79A4A;#7A263A;#E7D7B8;#1F1A17,velvet;patterned textile;brass-look metal;wood;frosted glass,purchase-or-rental-set,"Secure against tipping; keep exits, sprinklers, and service paths clear.",decor/arabian-majlis/signage-01,Low wooden coffee tables with trays;Arabian Majlis;event decor;party rental
sports-hobby-decor-01,sports-hobby,birthday;kids-birthday;corporate;team-celebration;graduation,backdrop,Personalized team-color backdrop banner,Personalized team-color backdrop banner selected in the Sports & Hobby palette; use as a commercially rentable or purchasable decor component rather than a permanent building modification.,indoor;outdoor-if-weather-secured,clear focal wall at least 2.0 m wide,focal wall behind cake or couple,1 focal unit per setup,#FFFFFF;#1E4E8C;#D62828;#2A9D5B;#222222,printed board;acrylic;fabric;foam;rubber mat,rental-or-purchase,"Secure against tipping; keep exits, sprinklers, and service paths clear.",decor/sports-hobby/backdrop-01,Personalized team-color backdrop banner;Sports & Hobby;event decor;party rental
sports-hobby-decor-02,sports-hobby,birthday;kids-birthday;corporate;team-celebration;graduation,floor-arrangement,Freestanding scoreboard-style sign,Freestanding scoreboard-style sign selected in the Sports & Hobby palette; use as a commercially rentable or purchasable decor component rather than a permanent building modification.,indoor;outdoor-if-weather-secured,0.6-1.0 m floor zone outside circulation,two sides of focal area outside walking path,2 balanced clusters for a small setup; 3-5 for a wide stage,#FFFFFF;#1E4E8C;#D62828;#2A9D5B;#222222,printed board;acrylic;fabric;foam;rubber mat,rental-or-purchase,"Secure against tipping; keep exits, sprinklers, and service paths clear.",decor/sports-hobby/floor-arrangement-01,Freestanding scoreboard-style sign;Sports & Hobby;event decor;party rental
sports-hobby-decor-03,sports-hobby,birthday;kids-birthday;corporate;team-celebration;graduation,lighting,Clean replica equipment prop display,Clean replica equipment prop display selected in the Sports & Hobby palette; use as a commercially rentable or purchasable decor component rather than a permanent building modification.,indoor;covered-outdoor,adapt to measured table or perimeter,perimeter or overhead only where venue-approved,1 strand or fixture per 1.5-2 m of decorated perimeter,#FFFFFF;#1E4E8C;#D62828;#2A9D5B;#222222,printed board;acrylic;fabric;foam;rubber mat,rental-or-purchase,Use low-heat LEDs; secure cords; no open flame near fabric or children.,decor/sports-hobby/lighting-01,Clean replica equipment prop display;Sports & Hobby;event decor;party rental
sports-hobby-decor-04,sports-hobby,birthday;kids-birthday;corporate;team-celebration;graduation,table-setting,Team-color table linen set,Team-color table linen set selected in the Sports & Hobby palette; use as a commercially rentable or purchasable decor component rather than a permanent building modification.,indoor;outdoor-if-weather-secured,adapt to measured table or perimeter,guest tables or cake-table surface,1 runner per table or 3-5 small items per round guest table,#FFFFFF;#1E4E8C;#D62828;#2A9D5B;#222222,printed board;acrylic;fabric;foam;rubber mat,purchase-or-rental-set,"Secure against tipping; keep exits, sprinklers, and service paths clear.",decor/sports-hobby/table-setting-01,Team-color table linen set;Sports & Hobby;event decor;party rental
sports-hobby-decor-05,sports-hobby,birthday;kids-birthday;corporate;team-celebration;graduation,signage,Photo area with jersey-number cutouts,Photo area with jersey-number cutouts selected in the Sports & Hobby palette; use as a commercially rentable or purchasable decor component rather than a permanent building modification.,indoor;outdoor-if-weather-secured,adapt to measured table or perimeter,entrance or focal-area edge at eye level,1 main sign plus optional table labels,#FFFFFF;#1E4E8C;#D62828;#2A9D5B;#222222,printed board;acrylic;fabric;foam;rubber mat,purchase-or-rental-set,"Secure against tipping; keep exits, sprinklers, and service paths clear.",decor/sports-hobby/signage-01,Photo area with jersey-number cutouts;Sports & Hobby;event decor;party rental
rainbow-bright-pop-decor-01,rainbow-bright-pop,birthday;kids-birthday;graduation;pride-event;corporate,backdrop,Six-color balloon arch kit,Six-color balloon arch kit selected in the Rainbow Bright Pop palette; use as a commercially rentable or purchasable decor component rather than a permanent building modification.,indoor;outdoor-if-weather-secured,clear focal wall at least 2.0 m wide,focal wall behind cake or couple,1 focal unit per setup,#F94144;#F8961E;#F9C74F;#43AA8B;#577590;#9B5DE5,matte balloons;acrylic;paper;fabric;foam board,rental-or-purchase,"Secure against tipping; keep exits, sprinklers, and service paths clear.",decor/rainbow-bright-pop/backdrop-01,Six-color balloon arch kit;Rainbow Bright Pop;event decor;party rental
rainbow-bright-pop-decor-02,rainbow-bright-pop,birthday;kids-birthday;graduation;pride-event;corporate,floor-arrangement,Color-block foam-board backdrop panels,Color-block foam-board backdrop panels selected in the Rainbow Bright Pop palette; use as a commercially rentable or purchasable decor component rather than a permanent building modification.,indoor;outdoor-if-weather-secured,0.6-1.0 m floor zone outside circulation,two sides of focal area outside walking path,2 balanced clusters for a small setup; 3-5 for a wide stage,#F94144;#F8961E;#F9C74F;#43AA8B;#577590;#9B5DE5,matte balloons;acrylic;paper;fabric;foam board,rental-or-purchase,"Secure against tipping; keep exits, sprinklers, and service paths clear.",decor/rainbow-bright-pop/floor-arrangement-01,Color-block foam-board backdrop panels;Rainbow Bright Pop;event decor;party rental
rainbow-bright-pop-decor-03,rainbow-bright-pop,birthday;kids-birthday;graduation;pride-event;corporate,lighting,Rainbow acrylic table signs,Rainbow acrylic table signs selected in the Rainbow Bright Pop palette; use as a commercially rentable or purchasable decor component rather than a permanent building modification.,indoor;covered-outdoor,adapt to measured table or perimeter,perimeter or overhead only where venue-approved,1 strand or fixture per 1.5-2 m of decorated perimeter,#F94144;#F8961E;#F9C74F;#43AA8B;#577590;#9B5DE5,matte balloons;acrylic;paper;fabric;foam board,rental-or-purchase,Use low-heat LEDs; secure cords; no open flame near fabric or children.,decor/rainbow-bright-pop/lighting-01,Rainbow acrylic table signs;Rainbow Bright Pop;event decor;party rental
rainbow-bright-pop-decor-04,rainbow-bright-pop,birthday;kids-birthday;graduation;pride-event;corporate,table-setting,Bright solid-color tablecloth set,Bright solid-color tablecloth set selected in the Rainbow Bright Pop palette; use as a commercially rentable or purchasable decor component rather than a permanent building modification.,indoor;outdoor-if-weather-secured,adapt to measured table or perimeter,guest tables or cake-table surface,1 runner per table or 3-5 small items per round guest table,#F94144;#F8961E;#F9C74F;#43AA8B;#577590;#9B5DE5,matte balloons;acrylic;paper;fabric;foam board,purchase-or-rental-set,"Secure against tipping; keep exits, sprinklers, and service paths clear.",decor/rainbow-bright-pop/table-setting-01,Bright solid-color tablecloth set;Rainbow Bright Pop;event decor;party rental
rainbow-bright-pop-decor-05,rainbow-bright-pop,birthday;kids-birthday;graduation;pride-event;corporate,signage,Large paper fan wall decorations,Large paper fan wall decorations selected in the Rainbow Bright Pop palette; use as a commercially rentable or purchasable decor component rather than a permanent building modification.,indoor;outdoor-if-weather-secured,adapt to measured table or perimeter,entrance or focal-area edge at eye level,1 main sign plus optional table labels,#F94144;#F8961E;#F9C74F;#43AA8B;#577590;#9B5DE5,matte balloons;acrylic;paper;fabric;foam board,purchase-or-rental-set,"Secure against tipping; keep exits, sprinklers, and service paths clear.",decor/rainbow-bright-pop/signage-01,Large paper fan wall decorations;Rainbow Bright Pop;event decor;party rental
farmhouse-decor-01,farmhouse,birthday;baby-shower;wedding;family-party;harvest-event,backdrop,Whitewashed wood panel backdrop,Whitewashed wood panel backdrop selected in the Farmhouse palette; use as a commercially rentable or purchasable decor component rather than a permanent building modification.,indoor;outdoor-if-weather-secured,clear focal wall at least 2.0 m wide,focal wall behind cake or couple,1 focal unit per setup,#F7F3E8;#C8B99C;#6E7F5B;#A64B3C;#3B3A32,wood;cotton;enamel-look metal;burlap;ceramic,rental-or-purchase,"Secure against tipping; keep exits, sprinklers, and service paths clear.",decor/farmhouse/backdrop-01,Whitewashed wood panel backdrop;Farmhouse;event decor;party rental
farmhouse-decor-02,farmhouse,birthday;baby-shower;wedding;family-party;harvest-event,floor-arrangement,Red gingham table runner,Red gingham table runner selected in the Farmhouse palette; use as a commercially rentable or purchasable decor component rather than a permanent building modification.,indoor;outdoor-if-weather-secured,0.6-1.0 m floor zone outside circulation,two sides of focal area outside walking path,2 balanced clusters for a small setup; 3-5 for a wide stage,#F7F3E8;#C8B99C;#6E7F5B;#A64B3C;#3B3A32,wood;cotton;enamel-look metal;burlap;ceramic,rental-or-purchase,"Secure against tipping; keep exits, sprinklers, and service paths clear.",decor/farmhouse/floor-arrangement-01,Red gingham table runner;Farmhouse;event decor;party rental
farmhouse-decor-03,farmhouse,birthday;baby-shower;wedding;family-party;harvest-event,lighting,Enamel-look pitcher floral centerpieces,Enamel-look pitcher floral centerpieces selected in the Farmhouse palette; use as a commercially rentable or purchasable decor component rather than a permanent building modification.,indoor;covered-outdoor,adapt to measured table or perimeter,perimeter or overhead only where venue-approved,1 strand or fixture per 1.5-2 m of decorated perimeter,#F7F3E8;#C8B99C;#6E7F5B;#A64B3C;#3B3A32,wood;cotton;enamel-look metal;burlap;ceramic,rental-or-purchase,Use low-heat LEDs; secure cords; no open flame near fabric or children.,decor/farmhouse/lighting-01,Enamel-look pitcher floral centerpieces;Farmhouse;event decor;party rental
farmhouse-decor-04,farmhouse,birthday;baby-shower;wedding;family-party;harvest-event,table-setting,Wooden crate display risers,Wooden crate display risers selected in the Farmhouse palette; use as a commercially rentable or purchasable decor component rather than a permanent building modification.,indoor;outdoor-if-weather-secured,adapt to measured table or perimeter,guest tables or cake-table surface,1 runner per table or 3-5 small items per round guest table,#F7F3E8;#C8B99C;#6E7F5B;#A64B3C;#3B3A32,wood;cotton;enamel-look metal;burlap;ceramic,purchase-or-rental-set,"Secure against tipping; keep exits, sprinklers, and service paths clear.",decor/farmhouse/table-setting-01,Wooden crate display risers;Farmhouse;event decor;party rental
farmhouse-decor-05,farmhouse,birthday;baby-shower;wedding;family-party;harvest-event,signage,Warm-white festoon light strings,Warm-white festoon light strings selected in the Farmhouse palette; use as a commercially rentable or purchasable decor component rather than a permanent building modification.,indoor;outdoor-if-weather-secured,adapt to measured table or perimeter,entrance or focal-area edge at eye level,1 main sign plus optional table labels,#F7F3E8;#C8B99C;#6E7F5B;#A64B3C;#3B3A32,wood;cotton;enamel-look metal;burlap;ceramic,purchase-or-rental-set,"Secure against tipping; keep exits, sprinklers, and service paths clear.",decor/farmhouse/signage-01,Warm-white festoon light strings;Farmhouse;event decor;party rental
art-deco-decor-01,art-deco,wedding;birthday;corporate-gala;anniversary;engagement,backdrop,Black-and-gold fan-pattern backdrop,Black-and-gold fan-pattern backdrop selected in the Art Deco palette; use as a commercially rentable or purchasable decor component rather than a permanent building modification.,indoor;outdoor-if-weather-secured,clear focal wall at least 2.0 m wide,focal wall behind cake or couple,1 focal unit per setup,#0B0B0B;#D4AF37;#F5E9D4;#0E5A4F;#7A1734,black acrylic;gold metal;velvet;mirror;glass,rental-or-purchase,"Secure against tipping; keep exits, sprinklers, and service paths clear.",decor/art-deco/backdrop-01,Black-and-gold fan-pattern backdrop;Art Deco;event decor;party rental
art-deco-decor-02,art-deco,wedding;birthday;corporate-gala;anniversary;engagement,floor-arrangement,Emerald velvet cocktail table covers,Emerald velvet cocktail table covers selected in the Art Deco palette; use as a commercially rentable or purchasable decor component rather than a permanent building modification.,indoor;outdoor-if-weather-secured,0.6-1.0 m floor zone outside circulation,two sides of focal area outside walking path,2 balanced clusters for a small setup; 3-5 for a wide stage,#0B0B0B;#D4AF37;#F5E9D4;#0E5A4F;#7A1734,black acrylic;gold metal;velvet;mirror;glass,rental-or-purchase,"Secure against tipping; keep exits, sprinklers, and service paths clear.",decor/art-deco/floor-arrangement-01,Emerald velvet cocktail table covers;Art Deco;event decor;party rental
art-deco-decor-03,art-deco,wedding;birthday;corporate-gala;anniversary;engagement,lighting,Gold geometric table-number stands,Gold geometric table-number stands selected in the Art Deco palette; use as a commercially rentable or purchasable decor component rather than a permanent building modification.,indoor;covered-outdoor,adapt to measured table or perimeter,perimeter or overhead only where venue-approved,1 strand or fixture per 1.5-2 m of decorated perimeter,#0B0B0B;#D4AF37;#F5E9D4;#0E5A4F;#7A1734,black acrylic;gold metal;velvet;mirror;glass,rental-or-purchase,Use low-heat LEDs; secure cords; no open flame near fabric or children.,decor/art-deco/lighting-01,Gold geometric table-number stands;Art Deco;event decor;party rental
art-deco-decor-04,art-deco,wedding;birthday;corporate-gala;anniversary;engagement,table-setting,Mirror-tile cake plinth,Mirror-tile cake plinth selected in the Art Deco palette; use as a commercially rentable or purchasable decor component rather than a permanent building modification.,indoor;outdoor-if-weather-secured,adapt to measured table or perimeter,guest tables or cake-table surface,1 runner per table or 3-5 small items per round guest table,#0B0B0B;#D4AF37;#F5E9D4;#0E5A4F;#7A1734,black acrylic;gold metal;velvet;mirror;glass,purchase-or-rental-set,"Secure against tipping; keep exits, sprinklers, and service paths clear.",decor/art-deco/table-setting-01,Mirror-tile cake plinth;Art Deco;event decor;party rental
art-deco-decor-05,art-deco,wedding;birthday;corporate-gala;anniversary;engagement,signage,Cream feather-look accent fans used away from food,Cream feather-look accent fans used away from food selected in the Art Deco palette; use as a commercially rentable or purchasable decor component rather than a permanent building modification.,indoor;outdoor-if-weather-secured,adapt to measured table or perimeter,entrance or focal-area edge at eye level,1 main sign plus optional table labels,#0B0B0B;#D4AF37;#F5E9D4;#0E5A4F;#7A1734,black acrylic;gold metal;velvet;mirror;glass,purchase-or-rental-set,"Secure against tipping; keep exits, sprinklers, and service paths clear.",decor/art-deco/signage-01,Cream feather-look accent fans used away from food;Art Deco;event decor;party rental
enchanted-forest-decor-01,enchanted-forest,wedding;birthday;kids-birthday;engagement;themed-party,backdrop,Artificial greenery wall backdrop,Artificial greenery wall backdrop selected in the Enchanted Forest palette; use as a commercially rentable or purchasable decor component rather than a permanent building modification.,indoor;outdoor-if-weather-secured,clear focal wall at least 2.0 m wide,focal wall behind cake or couple,1 focal unit per setup,#173F2A;#557A46;#8A6B45;#D8C7A0;#F7F1DF,artificial moss;wood;greenery;warm LEDs;stone-look board,rental-or-purchase,"Secure against tipping; keep exits, sprinklers, and service paths clear.",decor/enchanted-forest/backdrop-01,Artificial greenery wall backdrop;Enchanted Forest;event decor;party rental
enchanted-forest-decor-02,enchanted-forest,wedding;birthday;kids-birthday;engagement;themed-party,floor-arrangement,Woodland branch arch with warm micro LEDs,Woodland branch arch with warm micro LEDs selected in the Enchanted Forest palette; use as a commercially rentable or purchasable decor component rather than a permanent building modification.,indoor;outdoor-if-weather-secured,0.6-1.0 m floor zone outside circulation,two sides of focal area outside walking path,2 balanced clusters for a small setup; 3-5 for a wide stage,#173F2A;#557A46;#8A6B45;#D8C7A0;#F7F1DF,artificial moss;wood;greenery;warm LEDs;stone-look board,rental-or-purchase,"Secure against tipping; keep exits, sprinklers, and service paths clear.",decor/enchanted-forest/floor-arrangement-01,Woodland branch arch with warm micro LEDs;Enchanted Forest;event decor;party rental
enchanted-forest-decor-03,enchanted-forest,wedding;birthday;kids-birthday;engagement;themed-party,lighting,Artificial moss table runners under glass risers,Artificial moss table runners under glass risers selected in the Enchanted Forest palette; use as a commercially rentable or purchasable decor component rather than a permanent building modification.,indoor;covered-outdoor,adapt to measured table or perimeter,perimeter or overhead only where venue-approved,1 strand or fixture per 1.5-2 m of decorated perimeter,#173F2A;#557A46;#8A6B45;#D8C7A0;#F7F1DF,artificial moss;wood;greenery;warm LEDs;stone-look board,rental-or-purchase,Use low-heat LEDs; secure cords; no open flame near fabric or children.,decor/enchanted-forest/lighting-01,Artificial moss table runners under glass risers;Enchanted Forest;event decor;party rental
enchanted-forest-decor-04,enchanted-forest,wedding;birthday;kids-birthday;engagement;themed-party,table-setting,Wood-slice-look centerpiece bases,Wood-slice-look centerpiece bases selected in the Enchanted Forest palette; use as a commercially rentable or purchasable decor component rather than a permanent building modification.,indoor;outdoor-if-weather-secured,adapt to measured table or perimeter,guest tables or cake-table surface,1 runner per table or 3-5 small items per round guest table,#173F2A;#557A46;#8A6B45;#D8C7A0;#F7F1DF,artificial moss;wood;greenery;warm LEDs;stone-look board,purchase-or-rental-set,"Secure against tipping; keep exits, sprinklers, and service paths clear.",decor/enchanted-forest/table-setting-01,Wood-slice-look centerpiece bases;Enchanted Forest;event decor;party rental
enchanted-forest-decor-05,enchanted-forest,wedding;birthday;kids-birthday;engagement;themed-party,signage,Battery lantern path markers,Battery lantern path markers selected in the Enchanted Forest palette; use as a commercially rentable or purchasable decor component rather than a permanent building modification.,indoor;outdoor-if-weather-secured,adapt to measured table or perimeter,entrance or focal-area edge at eye level,1 main sign plus optional table labels,#173F2A;#557A46;#8A6B45;#D8C7A0;#F7F1DF,artificial moss;wood;greenery;warm LEDs;stone-look board,purchase-or-rental-set,"Secure against tipping; keep exits, sprinklers, and service paths clear.",decor/enchanted-forest/signage-01,Battery lantern path markers;Enchanted Forest;event decor;party rental
celestial-night-decor-01,celestial-night,birthday;engagement;wedding;graduation;corporate,backdrop,Navy curtain backdrop with warm micro LEDs,Navy curtain backdrop with warm micro LEDs selected in the Celestial Night palette; use as a commercially rentable or purchasable decor component rather than a permanent building modification.,indoor;outdoor-if-weather-secured,clear focal wall at least 2.0 m wide,focal wall behind cake or couple,1 focal unit per setup,#0D1B3D;#263B73;#C7A84A;#E8E2D1;#8D7BBE,navy fabric;gold acrylic;micro LEDs;mirror;matte paper,rental-or-purchase,"Secure against tipping; keep exits, sprinklers, and service paths clear.",decor/celestial-night/backdrop-01,Navy curtain backdrop with warm micro LEDs;Celestial Night;event decor;party rental
celestial-night-decor-02,celestial-night,birthday;engagement;wedding;graduation;corporate,floor-arrangement,Gold moon-and-star hanging shapes,Gold moon-and-star hanging shapes selected in the Celestial Night palette; use as a commercially rentable or purchasable decor component rather than a permanent building modification.,indoor;outdoor-if-weather-secured,0.6-1.0 m floor zone outside circulation,two sides of focal area outside walking path,2 balanced clusters for a small setup; 3-5 for a wide stage,#0D1B3D;#263B73;#C7A84A;#E8E2D1;#8D7BBE,navy fabric;gold acrylic;micro LEDs;mirror;matte paper,rental-or-purchase,"Secure against tipping; keep exits, sprinklers, and service paths clear.",decor/celestial-night/floor-arrangement-01,Gold moon-and-star hanging shapes;Celestial Night;event decor;party rental
celestial-night-decor-03,celestial-night,birthday;engagement;wedding;graduation;corporate,lighting,Constellation acrylic table numbers,Constellation acrylic table numbers selected in the Celestial Night palette; use as a commercially rentable or purchasable decor component rather than a permanent building modification.,indoor;covered-outdoor,adapt to measured table or perimeter,perimeter or overhead only where venue-approved,1 strand or fixture per 1.5-2 m of decorated perimeter,#0D1B3D;#263B73;#C7A84A;#E8E2D1;#8D7BBE,navy fabric;gold acrylic;micro LEDs;mirror;matte paper,rental-or-purchase,Use low-heat LEDs; secure cords; no open flame near fabric or children.,decor/celestial-night/lighting-01,Constellation acrylic table numbers;Celestial Night;event decor;party rental
celestial-night-decor-04,celestial-night,birthday;engagement;wedding;graduation;corporate,table-setting,Mirror plinth with navy vinyl wrap,Mirror plinth with navy vinyl wrap selected in the Celestial Night palette; use as a commercially rentable or purchasable decor component rather than a permanent building modification.,indoor;outdoor-if-weather-secured,adapt to measured table or perimeter,guest tables or cake-table surface,1 runner per table or 3-5 small items per round guest table,#0D1B3D;#263B73;#C7A84A;#E8E2D1;#8D7BBE,navy fabric;gold acrylic;micro LEDs;mirror;matte paper,purchase-or-rental-set,"Secure against tipping; keep exits, sprinklers, and service paths clear.",decor/celestial-night/table-setting-01,Mirror plinth with navy vinyl wrap;Celestial Night;event decor;party rental
celestial-night-decor-05,celestial-night,birthday;engagement;wedding;graduation;corporate,signage,Soft navy table linen set,Soft navy table linen set selected in the Celestial Night palette; use as a commercially rentable or purchasable decor component rather than a permanent building modification.,indoor;outdoor-if-weather-secured,adapt to measured table or perimeter,entrance or focal-area edge at eye level,1 main sign plus optional table labels,#0D1B3D;#263B73;#C7A84A;#E8E2D1;#8D7BBE,navy fabric;gold acrylic;micro LEDs;mirror;matte paper,purchase-or-rental-set,"Secure against tipping; keep exits, sprinklers, and service paths clear.",decor/celestial-night/signage-01,Soft navy table linen set;Celestial Night;event decor;party rental
corporate-brand-decor-01,corporate-brand,corporate;product-launch;conference;store-opening;team-event,backdrop,Modular branded step-and-repeat backdrop,Modular branded step-and-repeat backdrop selected in the Corporate Brand Showcase palette; use as a commercially rentable or purchasable decor component rather than a permanent building modification.,indoor;outdoor-if-weather-secured,clear focal wall at least 2.0 m wide,focal wall behind cake or couple,1 focal unit per setup,#FFFFFF;#1F2937;#2563EB;#E5E7EB;#111827,printed board;acrylic;modular metal;fabric;LED display,rental-or-purchase,"Secure against tipping; keep exits, sprinklers, and service paths clear.",decor/corporate-brand/backdrop-01,Modular branded step-and-repeat backdrop;Corporate Brand Showcase;event decor;party rental
corporate-brand-decor-02,corporate-brand,corporate;product-launch;conference;store-opening;team-event,floor-arrangement,Logo acrylic reception sign,Logo acrylic reception sign selected in the Corporate Brand Showcase palette; use as a commercially rentable or purchasable decor component rather than a permanent building modification.,indoor;outdoor-if-weather-secured,0.6-1.0 m floor zone outside circulation,two sides of focal area outside walking path,2 balanced clusters for a small setup; 3-5 for a wide stage,#FFFFFF;#1F2937;#2563EB;#E5E7EB;#111827,printed board;acrylic;modular metal;fabric;LED display,rental-or-purchase,"Secure against tipping; keep exits, sprinklers, and service paths clear.",decor/corporate-brand/floor-arrangement-01,Logo acrylic reception sign;Corporate Brand Showcase;event decor;party rental
corporate-brand-decor-03,corporate-brand,corporate;product-launch;conference;store-opening;team-event,lighting,Brand-color table runner set,Brand-color table runner set selected in the Corporate Brand Showcase palette; use as a commercially rentable or purchasable decor component rather than a permanent building modification.,indoor;covered-outdoor,adapt to measured table or perimeter,perimeter or overhead only where venue-approved,1 strand or fixture per 1.5-2 m of decorated perimeter,#FFFFFF;#1F2937;#2563EB;#E5E7EB;#111827,printed board;acrylic;modular metal;fabric;LED display,rental-or-purchase,Use low-heat LEDs; secure cords; no open flame near fabric or children.,decor/corporate-brand/lighting-01,Brand-color table runner set;Corporate Brand Showcase;event decor;party rental
corporate-brand-decor-04,corporate-brand,corporate;product-launch;conference;store-opening;team-event,table-setting,Product display plinths,Product display plinths selected in the Corporate Brand Showcase palette; use as a commercially rentable or purchasable decor component rather than a permanent building modification.,indoor;outdoor-if-weather-secured,adapt to measured table or perimeter,guest tables or cake-table surface,1 runner per table or 3-5 small items per round guest table,#FFFFFF;#1F2937;#2563EB;#E5E7EB;#111827,printed board;acrylic;modular metal;fabric;LED display,purchase-or-rental-set,"Secure against tipping; keep exits, sprinklers, and service paths clear.",decor/corporate-brand/table-setting-01,Product display plinths;Corporate Brand Showcase;event decor;party rental
corporate-brand-decor-05,corporate-brand,corporate;product-launch;conference;store-opening;team-event,signage,Neutral conference table centerpieces,Neutral conference table centerpieces selected in the Corporate Brand Showcase palette; use as a commercially rentable or purchasable decor component rather than a permanent building modification.,indoor;outdoor-if-weather-secured,adapt to measured table or perimeter,entrance or focal-area edge at eye level,1 main sign plus optional table labels,#FFFFFF;#1F2937;#2563EB;#E5E7EB;#111827,printed board;acrylic;modular metal;fabric;LED display,purchase-or-rental-set,"Secure against tipping; keep exits, sprinklers, and service paths clear.",decor/corporate-brand/signage-01,Neutral conference table centerpieces;Corporate Brand Showcase;event decor;party rental
baby-safari-decor-01,baby-safari,baby-shower;first-birthday;kids-birthday;gender-neutral-shower,backdrop,Baby-animal illustrated arch panels,Baby-animal illustrated arch panels selected in the Baby Safari palette; use as a commercially rentable or purchasable decor component rather than a permanent building modification.,indoor;outdoor-if-weather-secured,clear focal wall at least 2.0 m wide,focal wall behind cake or couple,1 focal unit per setup,#DDE7C7;#AFC58B;#D9B38C;#F4E6CF;#6B7A4A,foam board;washable fabric;matte balloons;wood;paper,rental-or-purchase,"Secure against tipping; keep exits, sprinklers, and service paths clear.",decor/baby-safari/backdrop-01,Baby-animal illustrated arch panels;Baby Safari;event decor;party rental
baby-safari-decor-02,baby-safari,baby-shower;first-birthday;kids-birthday;gender-neutral-shower,floor-arrangement,Sage and beige balloon garland,Sage and beige balloon garland selected in the Baby Safari palette; use as a commercially rentable or purchasable decor component rather than a permanent building modification.,indoor;outdoor-if-weather-secured,0.6-1.0 m floor zone outside circulation,two sides of focal area outside walking path,2 balanced clusters for a small setup; 3-5 for a wide stage,#DDE7C7;#AFC58B;#D9B38C;#F4E6CF;#6B7A4A,foam board;washable fabric;matte balloons;wood;paper,rental-or-purchase,"Secure against tipping; keep exits, sprinklers, and service paths clear.",decor/baby-safari/floor-arrangement-01,Sage and beige balloon garland;Baby Safari;event decor;party rental
baby-safari-decor-03,baby-safari,baby-shower;first-birthday;kids-birthday;gender-neutral-shower,lighting,Large artificial leaf floor props,Large artificial leaf floor props selected in the Baby Safari palette; use as a commercially rentable or purchasable decor component rather than a permanent building modification.,indoor;covered-outdoor,adapt to measured table or perimeter,perimeter or overhead only where venue-approved,1 strand or fixture per 1.5-2 m of decorated perimeter,#DDE7C7;#AFC58B;#D9B38C;#F4E6CF;#6B7A4A,foam board;washable fabric;matte balloons;wood;paper,rental-or-purchase,Use low-heat LEDs; secure cords; no open flame near fabric or children.,decor/baby-safari/lighting-01,Large artificial leaf floor props;Baby Safari;event decor;party rental
baby-safari-decor-04,baby-safari,baby-shower;first-birthday;kids-birthday;gender-neutral-shower,table-setting,Wood-look milestone sign,Wood-look milestone sign selected in the Baby Safari palette; use as a commercially rentable or purchasable decor component rather than a permanent building modification.,indoor;outdoor-if-weather-secured,adapt to measured table or perimeter,guest tables or cake-table surface,1 runner per table or 3-5 small items per round guest table,#DDE7C7;#AFC58B;#D9B38C;#F4E6CF;#6B7A4A,foam board;washable fabric;matte balloons;wood;paper,purchase-or-rental-set,"Secure against tipping; keep exits, sprinklers, and service paths clear.",decor/baby-safari/table-setting-01,Wood-look milestone sign;Baby Safari;event decor;party rental
baby-safari-decor-05,baby-safari,baby-shower;first-birthday;kids-birthday;gender-neutral-shower,signage,Neutral table linen with animal place cards,Neutral table linen with animal place cards selected in the Baby Safari palette; use as a commercially rentable or purchasable decor component rather than a permanent building modification.,indoor;outdoor-if-weather-secured,adapt to measured table or perimeter,entrance or focal-area edge at eye level,1 main sign plus optional table labels,#DDE7C7;#AFC58B;#D9B38C;#F4E6CF;#6B7A4A,foam board;washable fabric;matte balloons;wood;paper,purchase-or-rental-set,"Secure against tipping; keep exits, sprinklers, and service paths clear.",decor/baby-safari/signage-01,Neutral table linen with animal place cards;Baby Safari;event decor;party rental
candy-pop-decor-01,candy-pop,kids-birthday;birthday;school-event;product-launch,backdrop,Oversized foam-board lollipop props,Oversized foam-board lollipop props selected in the Candy Pop palette; use as a commercially rentable or purchasable decor component rather than a permanent building modification.,indoor;outdoor-if-weather-secured,clear focal wall at least 2.0 m wide,focal wall behind cake or couple,1 focal unit per setup,#FF5FA2;#7ED6FF;#FFE66D;#B8F2A1;#FFFFFF,foam board;acrylic;matte balloons;paper;washable vinyl,rental-or-purchase,"Secure against tipping; keep exits, sprinklers, and service paths clear.",decor/candy-pop/backdrop-01,Oversized foam-board lollipop props;Candy Pop;event decor;party rental
candy-pop-decor-02,candy-pop,kids-birthday;birthday;school-event;product-launch,floor-arrangement,Pink-and-blue striped backdrop,Pink-and-blue striped backdrop selected in the Candy Pop palette; use as a commercially rentable or purchasable decor component rather than a permanent building modification.,indoor;outdoor-if-weather-secured,0.6-1.0 m floor zone outside circulation,two sides of focal area outside walking path,2 balanced clusters for a small setup; 3-5 for a wide stage,#FF5FA2;#7ED6FF;#FFE66D;#B8F2A1;#FFFFFF,foam board;acrylic;matte balloons;paper;washable vinyl,rental-or-purchase,"Secure against tipping; keep exits, sprinklers, and service paths clear.",decor/candy-pop/floor-arrangement-01,Pink-and-blue striped backdrop;Candy Pop;event decor;party rental
candy-pop-decor-03,candy-pop,kids-birthday;birthday;school-event;product-launch,lighting,Pastel balloon clusters,Pastel balloon clusters selected in the Candy Pop palette; use as a commercially rentable or purchasable decor component rather than a permanent building modification.,indoor;covered-outdoor,adapt to measured table or perimeter,perimeter or overhead only where venue-approved,1 strand or fixture per 1.5-2 m of decorated perimeter,#FF5FA2;#7ED6FF;#FFE66D;#B8F2A1;#FFFFFF,foam board;acrylic;matte balloons;paper;washable vinyl,rental-or-purchase,Use low-heat LEDs; secure cords; no open flame near fabric or children.,decor/candy-pop/lighting-01,Pastel balloon clusters;Candy Pop;event decor;party rental
candy-pop-decor-04,candy-pop,kids-birthday;birthday;school-event;product-launch,table-setting,Clear acrylic candy-label signs,Clear acrylic candy-label signs selected in the Candy Pop palette; use as a commercially rentable or purchasable decor component rather than a permanent building modification.,indoor;outdoor-if-weather-secured,adapt to measured table or perimeter,guest tables or cake-table surface,1 runner per table or 3-5 small items per round guest table,#FF5FA2;#7ED6FF;#FFE66D;#B8F2A1;#FFFFFF,foam board;acrylic;matte balloons;paper;washable vinyl,purchase-or-rental-set,"Secure against tipping; keep exits, sprinklers, and service paths clear.",decor/candy-pop/table-setting-01,Clear acrylic candy-label signs;Candy Pop;event decor;party rental
candy-pop-decor-05,candy-pop,kids-birthday;birthday;school-event;product-launch,signage,Bright washable vinyl table covers,Bright washable vinyl table covers selected in the Candy Pop palette; use as a commercially rentable or purchasable decor component rather than a permanent building modification.,indoor;outdoor-if-weather-secured,adapt to measured table or perimeter,entrance or focal-area edge at eye level,1 main sign plus optional table labels,#FF5FA2;#7ED6FF;#FFE66D;#B8F2A1;#FFFFFF,foam board;acrylic;matte balloons;paper;washable vinyl,purchase-or-rental-set,"Secure against tipping; keep exits, sprinklers, and service paths clear.",decor/candy-pop/signage-01,Bright washable vinyl table covers;Candy Pop;event decor;party rental
