scenario_id,event_type,venue_type,guest_count,room_length_m,room_width_m,room_area_m2,budget_pkr,budget_per_guest_pkr,age_group,time_of_day,preferred_color,preferred_style,theme_label,cake_label,decor_label,layout_label,recommended_servings,labelled_by,confidence,source,review_status,dataset_split,generation_seed,rule_notes
BSAR0001,birthday,hall,211,21.9,13.5,295.7,411000,1948,child,night,blue,minimal,colourful_cartoon,three_tier_luxury,rustic_wood_setup,full_stage_setup,211,bakesmart_rule_generator_v1,4,synthetic_rule_based,pending_expert_review,train,20260817,"Theme-conditioned preferences; cake guest band 90-250; decor-conditioned venue/budget; layout derived from guests, venue and decor."
BSAR0002,wedding,hall,202,23.2,15,348,1746000,8644,mixed,night,mixed,rustic,rustic_natural,three_tier_luxury,luxury_stage,full_stage_setup,202,bakesmart_rule_generator_v1,5,synthetic_rule_based,pending_expert_review,train,20260817,"Theme-conditioned preferences; cake guest band 90-250; decor-conditioned venue/budget; layout derived from guests, venue and decor."
BSAR0003,graduation,home,79,12.9,7.1,91.6,225000,2848,mixed,day,purple,elegant,elegant_gold,two_tier_round,balloon_setup,two_side_tables,79,bakesmart_rule_generator_v1,5,synthetic_rule_based,pending_expert_review,train,20260817,"Theme-conditioned preferences; cake guest band 35-90; decor-conditioned venue/budget; layout derived from guests, venue and decor."
BSAR0004,graduation,restaurant,96,14.3,8.3,118.7,433000,4510,adult,night,gold,minimal,modern_minimal,three_tier_luxury,rustic_wood_setup,two_side_tables,96,bakesmart_rule_generator_v1,5,synthetic_rule_based,pending_expert_review,train,20260817,"Theme-conditioned preferences; cake guest band 90-250; decor-conditioned venue/budget; layout derived from guests, venue and decor."
BSAR0005,graduation,hall,12,7.5,4,30,88000,7333,teenager,day,mixed,elegant,modern_minimal,single_tier_round,flower_wall,single_cake_table,12,bakesmart_rule_generator_v1,4,synthetic_rule_based,pending_expert_review,train,20260817,"Theme-conditioned preferences; cake guest band 8-25; decor-conditioned venue/budget; layout derived from guests, venue and decor."
BSAR0006,wedding,hall,20,7.3,5.4,39.4,109000,5450,adult,night,gold,traditional,traditional_luxury,single_tier_round,flower_wall,single_cake_table,20,bakesmart_rule_generator_v1,5,synthetic_rule_based,pending_expert_review,train,20260817,"Theme-conditioned preferences; cake guest band 8-25; decor-conditioned venue/budget; layout derived from guests, venue and decor."
BSAR0007,birthday,restaurant,57,9.1,7.5,68.3,153000,2684,child,day,green,rustic,rustic_natural,two_tier_round,minimal_backdrop,cake_and_dessert_table,57,bakesmart_rule_generator_v1,5,synthetic_rule_based,pending_expert_review,test,20260817,"Theme-conditioned preferences; cake guest band 35-90; decor-conditioned venue/budget; layout derived from guests, venue and decor."
BSAR0008,baby_shower,restaurant,8,5.1,3.8,19.4,58000,7250,mixed,day,purple,colourful,pastel_floral,single_tier_round,flower_wall,single_cake_table,8,bakesmart_rule_generator_v1,5,synthetic_rule_based,pending_expert_review,train,20260817,"Theme-conditioned preferences; cake guest band 8-25; decor-conditioned venue/budget; layout derived from guests, venue and decor."
BSAR0009,birthday,hall,26,7.6,6,45.6,80000,3077,teenager,night,mixed,colourful,colourful_cartoon,single_tier_square,balloon_setup,single_cake_table,26,bakesmart_rule_generator_v1,5,synthetic_rule_based,pending_expert_review,train,20260817,"Theme-conditioned preferences; cake guest band 15-40; decor-conditioned venue/budget; layout derived from guests, venue and decor."
BSAR0010,birthday,hall,68,12.9,9.2,118.7,531000,7809,child,day,green,rustic,rustic_natural,two_tier_round,luxury_stage,full_stage_setup,68,bakesmart_rule_generator_v1,5,synthetic_rule_based,pending_expert_review,train,20260817,"Theme-conditioned preferences; cake guest band 35-90; decor-conditioned venue/budget; layout derived from guests, venue and decor."
BSAR0011,anniversary,home,35,7.4,5,37,96000,2743,adult,day,gold,minimal,modern_minimal,single_tier_square,balloon_setup,cake_and_dessert_table,35,bakesmart_rule_generator_v1,5,synthetic_rule_based,pending_expert_review,train,20260817,"Theme-conditioned preferences; cake guest band 15-40; decor-conditioned venue/budget; layout derived from guests, venue and decor."
BSAR0012,wedding,restaurant,37,9.6,5.6,53.8,213000,5757,adult,night,red,traditional,traditional_luxury,single_tier_square,flower_wall,cake_and_dessert_table,37,bakesmart_rule_generator_v1,5,synthetic_rule_based,pending_expert_review,train,20260817,"Theme-conditioned preferences; cake guest band 15-40; decor-conditioned venue/budget; layout derived from guests, venue and decor."
BSAR0013,wedding,restaurant,27,9.2,4.9,45.1,278000,10296,mixed,night,green,elegant,rustic_natural,single_tier_square,luxury_stage,full_stage_setup,27,bakesmart_rule_generator_v1,4,synthetic_rule_based,pending_expert_review,train,20260817,"Theme-conditioned preferences; cake guest band 15-40; decor-conditioned venue/budget; layout derived from guests, venue and decor."
BSAR0014,wedding,home,72,12.4,8,99.2,248000,3444,adult,night,gold,elegant,elegant_gold,two_tier_floral,balloon_setup,two_side_tables,72,bakesmart_rule_generator_v1,5,synthetic_rule_based,pending_expert_review,train,20260817,"Theme-conditioned preferences; cake guest band 45-120; decor-conditioned venue/budget; layout derived from guests, venue and decor."
BSAR0015,birthday,home,92,11.2,9.5,106.4,173000,1880,teenager,day,white,minimal,modern_minimal,two_tier_floral,balloon_setup,two_side_tables,92,bakesmart_rule_generator_v1,5,synthetic_rule_based,pending_expert_review,train,20260817,"Theme-conditioned preferences; cake guest band 45-120; decor-conditioned venue/budget; layout derived from guests, venue and decor."
BSAR0016,baby_shower,hall,42,11.6,6.1,70.8,553000,13167,mixed,day,green,rustic,rustic_natural,two_tier_round,luxury_stage,full_stage_setup,42,bakesmart_rule_generator_v1,5,synthetic_rule_based,pending_expert_review,validation,20260817,"Theme-conditioned preferences; cake guest band 35-90; decor-conditioned venue/budget; layout derived from guests, venue and decor."
BSAR0017,graduation,home,25,6.4,5.4,34.6,83000,3320,teenager,night,gold,rustic,rustic_natural,single_tier_square,balloon_setup,single_cake_table,25,bakesmart_rule_generator_v1,5,synthetic_rule_based,pending_expert_review,train,20260817,"Theme-conditioned preferences; cake guest band 15-40; decor-conditioned venue/budget; layout derived from guests, venue and decor."
BSAR0018,wedding,hall,45,12.2,7.2,87.8,110000,2444,adult,day,red,elegant,elegant_gold,two_tier_round,rustic_wood_setup,cake_and_dessert_table,45,bakesmart_rule_generator_v1,5,synthetic_rule_based,pending_expert_review,validation,20260817,"Theme-conditioned preferences; cake guest band 35-90; decor-conditioned venue/budget; layout derived from guests, venue and decor."
BSAR0019,wedding,hall,157,20.5,11,225.5,1171000,7459,adult,day,gold,elegant,elegant_gold,three_tier_luxury,luxury_stage,full_stage_setup,157,bakesmart_rule_generator_v1,5,synthetic_rule_based,pending_expert_review,train,20260817,"Theme-conditioned preferences; cake guest band 90-250; decor-conditioned venue/budget; layout derived from guests, venue and decor."
BSAR0020,birthday,restaurant,18,6.2,4,24.8,65000,3611,child,day,mixed,colourful,colourful_cartoon,single_tier_square,balloon_setup,single_cake_table,18,bakesmart_rule_generator_v1,5,synthetic_rule_based,pending_expert_review,train,20260817,"Theme-conditioned preferences; cake guest band 15-40; decor-conditioned venue/budget; layout derived from guests, venue and decor."
BSAR0021,birthday,home,76,9.3,8.3,77.2,202000,2658,child,day,mixed,colourful,colourful_cartoon,two_tier_floral,rustic_wood_setup,two_side_tables,76,bakesmart_rule_generator_v1,5,synthetic_rule_based,pending_expert_review,train,20260817,"Theme-conditioned preferences; cake guest band 45-120; decor-conditioned venue/budget; layout derived from guests, venue and decor."
BSAR0022,graduation,outdoor,9,5.8,5,29,41000,4556,adult,night,gold,elegant,elegant_gold,single_tier_round,rustic_wood_setup,single_cake_table,9,bakesmart_rule_generator_v1,5,synthetic_rule_based,pending_expert_review,validation,20260817,"Theme-conditioned preferences; cake guest band 8-25; decor-conditioned venue/budget; layout derived from guests, venue and decor."
BSAR0023,wedding,home,87,12.9,8.1,104.5,402000,4621,adult,day,red,elegant,traditional_luxury,two_tier_round,flower_wall,two_side_tables,87,bakesmart_rule_generator_v1,5,synthetic_rule_based,pending_expert_review,train,20260817,"Theme-conditioned preferences; cake guest band 35-90; decor-conditioned venue/budget; layout derived from guests, venue and decor."
BSAR0024,wedding,home,51,8.5,7.1,60.4,219000,4294,mixed,night,white,elegant,modern_minimal,two_tier_floral,rustic_wood_setup,cake_and_dessert_table,51,bakesmart_rule_generator_v1,4,synthetic_rule_based,pending_expert_review,train,20260817,"Theme-conditioned preferences; cake guest band 45-120; decor-conditioned venue/budget; layout derived from guests, venue and decor."
BSAR0025,baby_shower,hall,37,10,6.9,69,79000,2135,adult,night,mixed,colourful,colourful_cartoon,single_tier_square,balloon_setup,cake_and_dessert_table,37,bakesmart_rule_generator_v1,5,synthetic_rule_based,pending_expert_review,train,20260817,"Theme-conditioned preferences; cake guest band 15-40; decor-conditioned venue/budget; layout derived from guests, venue and decor."
BSAR0026,birthday,hall,50,11.4,8.3,94.6,452000,9040,child,day,red,minimal,rustic_natural,two_tier_round,luxury_stage,full_stage_setup,50,bakesmart_rule_generator_v1,4,synthetic_rule_based,pending_expert_review,train,20260817,"Theme-conditioned preferences; cake guest band 35-90; decor-conditioned venue/budget; layout derived from guests, venue and decor."
BSAR0027,birthday,outdoor,27,10.6,7,74.2,93000,3444,adult,night,green,rustic,rustic_natural,single_tier_square,balloon_setup,single_cake_table,27,bakesmart_rule_generator_v1,5,synthetic_rule_based,pending_expert_review,train,20260817,"Theme-conditioned preferences; cake guest band 15-40; decor-conditioned venue/budget; layout derived from guests, venue and decor."
BSAR0028,graduation,outdoor,154,21.3,15.3,325.9,401000,2604,adult,day,white,rustic,rustic_natural,three_tier_luxury,balloon_setup,two_side_tables,154,bakesmart_rule_generator_v1,5,synthetic_rule_based,pending_expert_review,train,20260817,"Theme-conditioned preferences; cake guest band 90-250; decor-conditioned venue/budget; layout derived from guests, venue and decor."
BSAR0029,wedding,home,49,9.8,6.4,62.7,245000,5000,adult,night,green,rustic,rustic_natural,two_tier_round,flower_wall,cake_and_dessert_table,49,bakesmart_rule_generator_v1,5,synthetic_rule_based,pending_expert_review,train,20260817,"Theme-conditioned preferences; cake guest band 35-90; decor-conditioned venue/budget; layout derived from guests, venue and decor."
BSAR0030,baby_shower,hall,12,5.9,3.9,23,94000,7833,mixed,day,white,minimal,rustic_natural,single_tier_round,flower_wall,single_cake_table,12,bakesmart_rule_generator_v1,4,synthetic_rule_based,pending_expert_review,validation,20260817,"Theme-conditioned preferences; cake guest band 8-25; decor-conditioned venue/budget; layout derived from guests, venue and decor."
BSAR0031,wedding,outdoor,59,13.5,7.4,99.9,245000,4153,adult,night,mixed,elegant,elegant_gold,two_tier_floral,rustic_wood_setup,cake_and_dessert_table,59,bakesmart_rule_generator_v1,5,synthetic_rule_based,pending_expert_review,train,20260817,"Theme-conditioned preferences; cake guest band 45-120; decor-conditioned venue/budget; layout derived from guests, venue and decor."
BSAR0032,wedding,restaurant,17,5.9,4.5,26.6,58000,3412,mixed,night,gold,traditional,traditional_luxury,single_tier_round,balloon_setup,single_cake_table,17,bakesmart_rule_generator_v1,5,synthetic_rule_based,pending_expert_review,train,20260817,"Theme-conditioned preferences; cake guest band 8-25; decor-conditioned venue/budget; layout derived from guests, venue and decor."
BSAR0033,wedding,restaurant,86,10.7,9.1,97.4,214000,2488,adult,night,white,colourful,pastel_floral,two_tier_round,minimal_backdrop,two_side_tables,86,bakesmart_rule_generator_v1,5,synthetic_rule_based,pending_expert_review,test,20260817,"Theme-conditioned preferences; cake guest band 35-90; decor-conditioned venue/budget; layout derived from guests, venue and decor."
BSAR0034,baby_shower,restaurant,174,16.2,13.6,220.3,385000,2213,adult,day,white,minimal,modern_minimal,three_tier_luxury,balloon_setup,two_side_tables,174,bakesmart_rule_generator_v1,5,synthetic_rule_based,pending_expert_review,train,20260817,"Theme-conditioned preferences; cake guest band 90-250; decor-conditioned venue/budget; layout derived from guests, venue and decor."
BSAR0035,graduation,restaurant,61,10.1,6.6,66.7,715000,11721,adult,night,mixed,minimal,modern_minimal,two_tier_floral,luxury_stage,full_stage_setup,61,bakesmart_rule_generator_v1,4,synthetic_rule_based,pending_expert_review,validation,20260817,"Theme-conditioned preferences; cake guest band 45-120; decor-conditioned venue/budget; layout derived from guests, venue and decor."
BSAR0036,anniversary,restaurant,52,8.6,6.7,57.6,635000,12212,adult,day,white,minimal,modern_minimal,two_tier_round,luxury_stage,full_stage_setup,52,bakesmart_rule_generator_v1,4,synthetic_rule_based,pending_expert_review,train,20260817,"Theme-conditioned preferences; cake guest band 35-90; decor-conditioned venue/budget; layout derived from guests, venue and decor."
BSAR0037,birthday,hall,179,20.9,16.1,336.5,918000,5128,teenager,day,pink,colourful,colourful_cartoon,three_tier_luxury,flower_wall,full_stage_setup,179,bakesmart_rule_generator_v1,5,synthetic_rule_based,pending_expert_review,train,20260817,"Theme-conditioned preferences; cake guest band 90-250; decor-conditioned venue/budget; layout derived from guests, venue and decor."
BSAR0038,anniversary,restaurant,21,5.8,4.7,27.3,69000,3286,adult,day,pink,minimal,pastel_floral,single_tier_square,flower_wall,single_cake_table,21,bakesmart_rule_generator_v1,4,synthetic_rule_based,pending_expert_review,train,20260817,"Theme-conditioned preferences; cake guest band 15-40; decor-conditioned venue/budget; layout derived from guests, venue and decor."
BSAR0039,anniversary,hall,25,8,6,48,62000,2480,adult,night,gold,minimal,modern_minimal,single_tier_square,minimal_backdrop,single_cake_table,25,bakesmart_rule_generator_v1,5,synthetic_rule_based,pending_expert_review,train,20260817,"Theme-conditioned preferences; cake guest band 15-40; decor-conditioned venue/budget; layout derived from guests, venue and decor."
BSAR0040,birthday,restaurant,108,12.6,11.1,139.9,769000,7120,child,night,mixed,elegant,pastel_floral,two_tier_floral,luxury_stage,full_stage_setup,108,bakesmart_rule_generator_v1,4,synthetic_rule_based,pending_expert_review,train,20260817,"Theme-conditioned preferences; cake guest band 45-120; decor-conditioned venue/budget; layout derived from guests, venue and decor."
BSAR0041,birthday,hall,34,8.7,7.1,61.8,104000,3059,teenager,day,blue,colourful,colourful_cartoon,single_tier_square,rustic_wood_setup,cake_and_dessert_table,34,bakesmart_rule_generator_v1,5,synthetic_rule_based,pending_expert_review,train,20260817,"Theme-conditioned preferences; cake guest band 15-40; decor-conditioned venue/budget; layout derived from guests, venue and decor."
BSAR0042,baby_shower,hall,74,16.3,8.9,145.1,184000,2486,adult,day,red,colourful,colourful_cartoon,two_tier_round,rustic_wood_setup,two_side_tables,74,bakesmart_rule_generator_v1,5,synthetic_rule_based,pending_expert_review,train,20260817,"Theme-conditioned preferences; cake guest band 35-90; decor-conditioned venue/budget; layout derived from guests, venue and decor."
BSAR0043,graduation,hall,24,9.7,5.1,49.5,303000,12625,adult,night,mixed,elegant,colourful_cartoon,single_tier_square,luxury_stage,full_stage_setup,24,bakesmart_rule_generator_v1,4,synthetic_rule_based,pending_expert_review,train,20260817,"Theme-conditioned preferences; cake guest band 15-40; decor-conditioned venue/budget; layout derived from guests, venue and decor."
BSAR0044,graduation,restaurant,39,9,7.9,71.1,155000,3974,teenager,day,mixed,minimal,modern_minimal,two_tier_round,flower_wall,cake_and_dessert_table,39,bakesmart_rule_generator_v1,5,synthetic_rule_based,pending_expert_review,test,20260817,"Theme-conditioned preferences; cake guest band 35-90; decor-conditioned venue/budget; layout derived from guests, venue and decor."
BSAR0045,wedding,restaurant,17,5.9,5,29.5,89000,5235,adult,day,white,minimal,modern_minimal,single_tier_round,rustic_wood_setup,single_cake_table,17,bakesmart_rule_generator_v1,5,synthetic_rule_based,pending_expert_review,train,20260817,"Theme-conditioned preferences; cake guest band 8-25; decor-conditioned venue/budget; layout derived from guests, venue and decor."
BSAR0046,graduation,hall,38,10.3,8.1,83.4,183000,4816,teenager,night,white,elegant,elegant_gold,two_tier_round,flower_wall,cake_and_dessert_table,38,bakesmart_rule_generator_v1,5,synthetic_rule_based,pending_expert_review,test,20260817,"Theme-conditioned preferences; cake guest band 35-90; decor-conditioned venue/budget; layout derived from guests, venue and decor."
BSAR0047,baby_shower,hall,108,13.4,12,160.8,290000,2685,mixed,day,white,rustic,rustic_natural,three_tier_luxury,balloon_setup,two_side_tables,108,bakesmart_rule_generator_v1,5,synthetic_rule_based,pending_expert_review,test,20260817,"Theme-conditioned preferences; cake guest band 90-250; decor-conditioned venue/budget; layout derived from guests, venue and decor."
BSAR0048,wedding,home,62,10.6,7.1,75.3,167000,2694,mixed,night,red,elegant,traditional_luxury,two_tier_round,balloon_setup,cake_and_dessert_table,62,bakesmart_rule_generator_v1,5,synthetic_rule_based,pending_expert_review,train,20260817,"Theme-conditioned preferences; cake guest band 35-90; decor-conditioned venue/budget; layout derived from guests, venue and decor."
BSAR0049,anniversary,restaurant,250,19.9,15.6,310.4,2243000,8972,adult,night,gold,elegant,elegant_gold,three_tier_luxury,luxury_stage,full_stage_setup,250,bakesmart_rule_generator_v1,4,synthetic_rule_based,pending_expert_review,test,20260817,"Theme-conditioned preferences; cake guest band 90-250; decor-conditioned venue/budget; layout derived from guests, venue and decor."
BSAR0050,birthday,restaurant,56,11.5,7.2,82.8,234000,4179,child,night,green,rustic,rustic_natural,two_tier_floral,flower_wall,cake_and_dessert_table,56,bakesmart_rule_generator_v1,5,synthetic_rule_based,pending_expert_review,validation,20260817,"Theme-conditioned preferences; cake guest band 45-120; decor-conditioned venue/budget; layout derived from guests, venue and decor."
BSAR0051,birthday,hall,46,10.8,7.9,85.3,478000,10391,child,day,white,minimal,modern_minimal,two_tier_round,luxury_stage,full_stage_setup,46,bakesmart_rule_generator_v1,5,synthetic_rule_based,pending_expert_review,train,20260817,"Theme-conditioned preferences; cake guest band 35-90; decor-conditioned venue/budget; layout derived from guests, venue and decor."
BSAR0052,birthday,outdoor,71,13,9.8,127.4,231000,3254,child,day,gold,elegant,elegant_gold,two_tier_round,rustic_wood_setup,two_side_tables,71,bakesmart_rule_generator_v1,5,synthetic_rule_based,pending_expert_review,train,20260817,"Theme-conditioned preferences; cake guest band 35-90; decor-conditioned venue/budget; layout derived from guests, venue and decor."
BSAR0053,baby_shower,home,36,8.7,5.2,45.2,118000,3278,adult,night,purple,colourful,pastel_floral,two_tier_round,balloon_setup,cake_and_dessert_table,36,bakesmart_rule_generator_v1,5,synthetic_rule_based,pending_expert_review,train,20260817,"Theme-conditioned preferences; cake guest band 35-90; decor-conditioned venue/budget; layout derived from guests, venue and decor."
BSAR0054,wedding,hall,32,10.8,6,64.8,143000,4469,adult,day,green,minimal,modern_minimal,single_tier_square,flower_wall,cake_and_dessert_table,32,bakesmart_rule_generator_v1,5,synthetic_rule_based,pending_expert_review,train,20260817,"Theme-conditioned preferences; cake guest band 15-40; decor-conditioned venue/budget; layout derived from guests, venue and decor."
BSAR0055,baby_shower,hall,78,14.8,8.1,119.9,431000,5526,adult,night,white,elegant,elegant_gold,two_tier_round,flower_wall,two_side_tables,78,bakesmart_rule_generator_v1,5,synthetic_rule_based,pending_expert_review,test,20260817,"Theme-conditioned preferences; cake guest band 35-90; decor-conditioned venue/budget; layout derived from guests, venue and decor."
BSAR0056,anniversary,hall,24,8.2,7.1,58.2,158000,6583,adult,night,mixed,traditional,pastel_floral,single_tier_square,flower_wall,single_cake_table,24,bakesmart_rule_generator_v1,4,synthetic_rule_based,pending_expert_review,train,20260817,"Theme-conditioned preferences; cake guest band 15-40; decor-conditioned venue/budget; layout derived from guests, venue and decor."
BSAR0057,wedding,outdoor,37,11.1,8.6,95.5,166000,4486,adult,day,red,rustic,rustic_natural,single_tier_square,rustic_wood_setup,cake_and_dessert_table,37,bakesmart_rule_generator_v1,5,synthetic_rule_based,pending_expert_review,train,20260817,"Theme-conditioned preferences; cake guest band 15-40; decor-conditioned venue/budget; layout derived from guests, venue and decor."
BSAR0058,baby_shower,home,15,4.8,3.8,18.2,64000,4267,adult,night,purple,colourful,colourful_cartoon,single_tier_round,balloon_setup,single_cake_table,15,bakesmart_rule_generator_v1,5,synthetic_rule_based,pending_expert_review,train,20260817,"Theme-conditioned preferences; cake guest band 8-25; decor-conditioned venue/budget; layout derived from guests, venue and decor."
BSAR0059,wedding,hall,172,16.2,14.1,228.4,925000,5378,adult,day,blue,elegant,modern_minimal,three_tier_luxury,luxury_stage,full_stage_setup,172,bakesmart_rule_generator_v1,4,synthetic_rule_based,pending_expert_review,train,20260817,"Theme-conditioned preferences; cake guest band 90-250; decor-conditioned venue/budget; layout derived from guests, venue and decor."
BSAR0060,birthday,hall,18,7.2,5.3,38.2,63000,3500,child,night,gold,rustic,rustic_natural,single_tier_square,minimal_backdrop,single_cake_table,18,bakesmart_rule_generator_v1,5,synthetic_rule_based,pending_expert_review,train,20260817,"Theme-conditioned preferences; cake guest band 15-40; decor-conditioned venue/budget; layout derived from guests, venue and decor."
BSAR0061,graduation,home,228,15.5,11.7,181.4,906000,3974,teenager,day,mixed,colourful,pastel_floral,three_tier_luxury,flower_wall,two_side_tables,228,bakesmart_rule_generator_v1,5,synthetic_rule_based,pending_expert_review,train,20260817,"Theme-conditioned preferences; cake guest band 90-250; decor-conditioned venue/budget; layout derived from guests, venue and decor."
BSAR0062,birthday,hall,89,15.6,10.8,168.5,793000,8910,child,day,purple,elegant,pastel_floral,two_tier_round,luxury_stage,full_stage_setup,89,bakesmart_rule_generator_v1,5,synthetic_rule_based,pending_expert_review,train,20260817,"Theme-conditioned preferences; cake guest band 35-90; decor-conditioned venue/budget; layout derived from guests, venue and decor."
BSAR0063,baby_shower,hall,213,20.3,18.1,367.4,1145000,5376,mixed,day,white,colourful,pastel_floral,three_tier_luxury,flower_wall,full_stage_setup,213,bakesmart_rule_generator_v1,5,synthetic_rule_based,pending_expert_review,train,20260817,"Theme-conditioned preferences; cake guest band 90-250; decor-conditioned venue/budget; layout derived from guests, venue and decor."
BSAR0064,wedding,hall,46,11.1,7,77.7,93000,2022,mixed,day,white,rustic,rustic_natural,two_tier_floral,minimal_backdrop,cake_and_dessert_table,46,bakesmart_rule_generator_v1,5,synthetic_rule_based,pending_expert_review,test,20260817,"Theme-conditioned preferences; cake guest band 45-120; decor-conditioned venue/budget; layout derived from guests, venue and decor."
BSAR0065,wedding,restaurant,81,12.3,7.1,87.3,207000,2556,adult,night,mixed,elegant,elegant_gold,two_tier_floral,minimal_backdrop,two_side_tables,81,bakesmart_rule_generator_v1,5,synthetic_rule_based,pending_expert_review,train,20260817,"Theme-conditioned preferences; cake guest band 45-120; decor-conditioned venue/budget; layout derived from guests, venue and decor."
BSAR0066,wedding,hall,97,16.1,10.1,162.6,691000,7124,mixed,night,gold,rustic,rustic_natural,two_tier_floral,luxury_stage,full_stage_setup,97,bakesmart_rule_generator_v1,5,synthetic_rule_based,pending_expert_review,validation,20260817,"Theme-conditioned preferences; cake guest band 45-120; decor-conditioned venue/budget; layout derived from guests, venue and decor."
BSAR0067,baby_shower,outdoor,17,7.7,6.6,50.8,99000,5824,adult,night,mixed,minimal,pastel_floral,single_tier_square,flower_wall,single_cake_table,17,bakesmart_rule_generator_v1,4,synthetic_rule_based,pending_expert_review,train,20260817,"Theme-conditioned preferences; cake guest band 15-40; decor-conditioned venue/budget; layout derived from guests, venue and decor."
BSAR0068,anniversary,hall,21,7.9,4.9,38.7,217000,10333,mixed,night,pink,colourful,pastel_floral,single_tier_round,luxury_stage,full_stage_setup,21,bakesmart_rule_generator_v1,5,synthetic_rule_based,pending_expert_review,train,20260817,"Theme-conditioned preferences; cake guest band 8-25; decor-conditioned venue/budget; layout derived from guests, venue and decor."
BSAR0069,wedding,home,95,13.6,7.6,103.4,341000,3589,mixed,night,white,colourful,pastel_floral,three_tier_luxury,balloon_setup,two_side_tables,95,bakesmart_rule_generator_v1,5,synthetic_rule_based,pending_expert_review,test,20260817,"Theme-conditioned preferences; cake guest band 90-250; decor-conditioned venue/budget; layout derived from guests, venue and decor."
BSAR0070,graduation,home,81,11.3,7,79.1,179000,2210,mixed,day,white,minimal,modern_minimal,two_tier_round,balloon_setup,two_side_tables,81,bakesmart_rule_generator_v1,5,synthetic_rule_based,pending_expert_review,train,20260817,"Theme-conditioned preferences; cake guest band 35-90; decor-conditioned venue/budget; layout derived from guests, venue and decor."
BSAR0071,birthday,outdoor,85,17.4,10.5,182.7,358000,4212,child,night,green,elegant,modern_minimal,two_tier_round,flower_wall,two_side_tables,85,bakesmart_rule_generator_v1,4,synthetic_rule_based,pending_expert_review,train,20260817,"Theme-conditioned preferences; cake guest band 35-90; decor-conditioned venue/budget; layout derived from guests, venue and decor."
BSAR0072,anniversary,hall,22,6.2,5.3,32.9,81000,3682,adult,day,gold,elegant,traditional_luxury,single_tier_square,balloon_setup,single_cake_table,22,bakesmart_rule_generator_v1,5,synthetic_rule_based,pending_expert_review,test,20260817,"Theme-conditioned preferences; cake guest band 15-40; decor-conditioned venue/budget; layout derived from guests, venue and decor."
BSAR0073,birthday,outdoor,61,13.2,9.8,129.4,147000,2410,child,night,pink,colourful,colourful_cartoon,two_tier_floral,minimal_backdrop,cake_and_dessert_table,61,bakesmart_rule_generator_v1,5,synthetic_rule_based,pending_expert_review,train,20260817,"Theme-conditioned preferences; cake guest band 45-120; decor-conditioned venue/budget; layout derived from guests, venue and decor."
BSAR0074,wedding,hall,22,7.8,6.9,53.8,34000,1545,mixed,night,green,minimal,rustic_natural,single_tier_round,minimal_backdrop,single_cake_table,22,bakesmart_rule_generator_v1,4,synthetic_rule_based,pending_expert_review,train,20260817,"Theme-conditioned preferences; cake guest band 8-25; decor-conditioned venue/budget; layout derived from guests, venue and decor."
BSAR0075,anniversary,outdoor,13,8.2,5.7,46.7,61000,4692,adult,night,gold,traditional,traditional_luxury,single_tier_round,rustic_wood_setup,single_cake_table,13,bakesmart_rule_generator_v1,5,synthetic_rule_based,pending_expert_review,train,20260817,"Theme-conditioned preferences; cake guest band 8-25; decor-conditioned venue/budget; layout derived from guests, venue and decor."
BSAR0076,birthday,hall,214,22,12.4,272.8,676000,3159,child,day,pink,colourful,pastel_floral,three_tier_luxury,rustic_wood_setup,full_stage_setup,214,bakesmart_rule_generator_v1,5,synthetic_rule_based,pending_expert_review,train,20260817,"Theme-conditioned preferences; cake guest band 90-250; decor-conditioned venue/budget; layout derived from guests, venue and decor."
BSAR0077,anniversary,restaurant,16,5.4,3.8,20.5,202000,12625,adult,day,green,rustic,rustic_natural,single_tier_round,luxury_stage,full_stage_setup,16,bakesmart_rule_generator_v1,4,synthetic_rule_based,pending_expert_review,test,20260817,"Theme-conditioned preferences; cake guest band 8-25; decor-conditioned venue/budget; layout derived from guests, venue and decor."
BSAR0078,wedding,home,35,7.1,5.1,36.2,92000,2629,adult,night,gold,elegant,elegant_gold,single_tier_square,balloon_setup,cake_and_dessert_table,35,bakesmart_rule_generator_v1,5,synthetic_rule_based,pending_expert_review,train,20260817,"Theme-conditioned preferences; cake guest band 15-40; decor-conditioned venue/budget; layout derived from guests, venue and decor."
BSAR0079,baby_shower,outdoor,30,9,6.6,59.4,199000,6633,adult,day,white,minimal,modern_minimal,single_tier_square,flower_wall,cake_and_dessert_table,30,bakesmart_rule_generator_v1,5,synthetic_rule_based,pending_expert_review,validation,20260817,"Theme-conditioned preferences; cake guest band 15-40; decor-conditioned venue/budget; layout derived from guests, venue and decor."
BSAR0080,birthday,restaurant,68,9.8,7.7,75.5,311000,4574,teenager,day,green,rustic,rustic_natural,two_tier_round,rustic_wood_setup,cake_and_dessert_table,68,bakesmart_rule_generator_v1,5,synthetic_rule_based,pending_expert_review,train,20260817,"Theme-conditioned preferences; cake guest band 35-90; decor-conditioned venue/budget; layout derived from guests, venue and decor."
BSAR0081,baby_shower,home,86,11.4,9.4,107.2,124000,1442,mixed,day,white,colourful,pastel_floral,two_tier_round,minimal_backdrop,two_side_tables,86,bakesmart_rule_generator_v1,5,synthetic_rule_based,pending_expert_review,validation,20260817,"Theme-conditioned preferences; cake guest band 35-90; decor-conditioned venue/budget; layout derived from guests, venue and decor."
BSAR0082,anniversary,hall,19,7.2,5.1,36.7,61000,3211,adult,night,gold,elegant,elegant_gold,single_tier_round,minimal_backdrop,single_cake_table,19,bakesmart_rule_generator_v1,5,synthetic_rule_based,pending_expert_review,train,20260817,"Theme-conditioned preferences; cake guest band 8-25; decor-conditioned venue/budget; layout derived from guests, venue and decor."
BSAR0083,birthday,restaurant,23,6.6,5.2,34.3,60000,2609,child,day,mixed,rustic,rustic_natural,single_tier_round,minimal_backdrop,single_cake_table,23,bakesmart_rule_generator_v1,5,synthetic_rule_based,pending_expert_review,train,20260817,"Theme-conditioned preferences; cake guest band 8-25; decor-conditioned venue/budget; layout derived from guests, venue and decor."
BSAR0084,wedding,home,24,7.7,4.7,36.2,110000,4583,adult,night,gold,elegant,elegant_gold,single_tier_round,rustic_wood_setup,single_cake_table,24,bakesmart_rule_generator_v1,5,synthetic_rule_based,pending_expert_review,train,20260817,"Theme-conditioned preferences; cake guest band 8-25; decor-conditioned venue/budget; layout derived from guests, venue and decor."
BSAR0085,wedding,hall,39,8.8,7.3,64.2,382000,9795,mixed,day,white,minimal,modern_minimal,single_tier_square,luxury_stage,full_stage_setup,39,bakesmart_rule_generator_v1,5,synthetic_rule_based,pending_expert_review,train,20260817,"Theme-conditioned preferences; cake guest band 15-40; decor-conditioned venue/budget; layout derived from guests, venue and decor."
BSAR0086,wedding,hall,115,14.9,10.1,150.5,1013000,8809,adult,day,white,rustic,rustic_natural,two_tier_floral,luxury_stage,full_stage_setup,115,bakesmart_rule_generator_v1,5,synthetic_rule_based,pending_expert_review,train,20260817,"Theme-conditioned preferences; cake guest band 45-120; decor-conditioned venue/budget; layout derived from guests, venue and decor."
BSAR0087,wedding,restaurant,52,11,6.4,70.4,142000,2731,adult,night,purple,elegant,elegant_gold,two_tier_floral,minimal_backdrop,cake_and_dessert_table,52,bakesmart_rule_generator_v1,5,synthetic_rule_based,pending_expert_review,train,20260817,"Theme-conditioned preferences; cake guest band 45-120; decor-conditioned venue/budget; layout derived from guests, venue and decor."
BSAR0088,wedding,outdoor,148,21,14.5,304.5,740000,5000,adult,day,gold,traditional,traditional_luxury,three_tier_luxury,flower_wall,two_side_tables,148,bakesmart_rule_generator_v1,5,synthetic_rule_based,pending_expert_review,train,20260817,"Theme-conditioned preferences; cake guest band 90-250; decor-conditioned venue/budget; layout derived from guests, venue and decor."
BSAR0089,anniversary,outdoor,25,10.2,6.8,69.4,137000,5480,adult,day,green,minimal,rustic_natural,single_tier_round,rustic_wood_setup,single_cake_table,25,bakesmart_rule_generator_v1,4,synthetic_rule_based,pending_expert_review,train,20260817,"Theme-conditioned preferences; cake guest band 8-25; decor-conditioned venue/budget; layout derived from guests, venue and decor."
BSAR0090,wedding,hall,59,10.2,7.4,75.5,137000,2322,adult,night,white,rustic,rustic_natural,two_tier_round,minimal_backdrop,cake_and_dessert_table,59,bakesmart_rule_generator_v1,5,synthetic_rule_based,pending_expert_review,test,20260817,"Theme-conditioned preferences; cake guest band 35-90; decor-conditioned venue/budget; layout derived from guests, venue and decor."
BSAR0091,wedding,home,22,5.9,5.2,30.7,114000,5182,adult,night,mixed,traditional,elegant_gold,single_tier_square,flower_wall,single_cake_table,22,bakesmart_rule_generator_v1,4,synthetic_rule_based,pending_expert_review,train,20260817,"Theme-conditioned preferences; cake guest band 15-40; decor-conditioned venue/budget; layout derived from guests, venue and decor."
BSAR0092,wedding,hall,99,15.7,8.7,136.6,753000,7606,adult,night,red,elegant,traditional_luxury,three_tier_luxury,luxury_stage,full_stage_setup,99,bakesmart_rule_generator_v1,5,synthetic_rule_based,pending_expert_review,train,20260817,"Theme-conditioned preferences; cake guest band 90-250; decor-conditioned venue/budget; layout derived from guests, venue and decor."
BSAR0093,anniversary,outdoor,22,8,7,56,84000,3818,adult,day,green,rustic,rustic_natural,single_tier_round,rustic_wood_setup,single_cake_table,22,bakesmart_rule_generator_v1,5,synthetic_rule_based,pending_expert_review,train,20260817,"Theme-conditioned preferences; cake guest band 8-25; decor-conditioned venue/budget; layout derived from guests, venue and decor."
BSAR0094,birthday,outdoor,86,17.6,9.5,167.2,219000,2547,teenager,night,blue,colourful,colourful_cartoon,two_tier_round,rustic_wood_setup,two_side_tables,86,bakesmart_rule_generator_v1,5,synthetic_rule_based,pending_expert_review,train,20260817,"Theme-conditioned preferences; cake guest band 35-90; decor-conditioned venue/budget; layout derived from guests, venue and decor."
BSAR0095,anniversary,restaurant,10,6.3,4.7,29.6,172000,17200,adult,day,gold,minimal,modern_minimal,single_tier_round,luxury_stage,full_stage_setup,10,bakesmart_rule_generator_v1,4,synthetic_rule_based,pending_expert_review,train,20260817,"Theme-conditioned preferences; cake guest band 8-25; decor-conditioned venue/budget; layout derived from guests, venue and decor."
BSAR0096,wedding,restaurant,89,12.2,8.7,106.1,179000,2011,mixed,night,red,traditional,traditional_luxury,two_tier_round,minimal_backdrop,two_side_tables,89,bakesmart_rule_generator_v1,5,synthetic_rule_based,pending_expert_review,train,20260817,"Theme-conditioned preferences; cake guest band 35-90; decor-conditioned venue/budget; layout derived from guests, venue and decor."
BSAR0097,anniversary,outdoor,37,11,7.5,82.5,79000,2135,adult,day,white,minimal,rustic_natural,single_tier_square,minimal_backdrop,cake_and_dessert_table,37,bakesmart_rule_generator_v1,4,synthetic_rule_based,pending_expert_review,train,20260817,"Theme-conditioned preferences; cake guest band 15-40; decor-conditioned venue/budget; layout derived from guests, venue and decor."
BSAR0098,birthday,home,180,16.1,10.8,173.9,399000,2217,teenager,day,purple,traditional,pastel_floral,three_tier_luxury,balloon_setup,two_side_tables,180,bakesmart_rule_generator_v1,4,synthetic_rule_based,pending_expert_review,train,20260817,"Theme-conditioned preferences; cake guest band 90-250; decor-conditioned venue/budget; layout derived from guests, venue and decor."
BSAR0099,anniversary,restaurant,79,12.5,6.7,83.8,348000,4405,adult,night,green,traditional,traditional_luxury,two_tier_round,rustic_wood_setup,two_side_tables,79,bakesmart_rule_generator_v1,5,synthetic_rule_based,pending_expert_review,train,20260817,"Theme-conditioned preferences; cake guest band 35-90; decor-conditioned venue/budget; layout derived from guests, venue and decor."
BSAR0100,wedding,restaurant,51,11.5,7.4,85.1,470000,9216,adult,night,gold,elegant,traditional_luxury,two_tier_floral,luxury_stage,full_stage_setup,51,bakesmart_rule_generator_v1,4,synthetic_rule_based,pending_expert_review,train,20260817,"Theme-conditioned preferences; cake guest band 45-120; decor-conditioned venue/budget; layout derived from guests, venue and decor."
BSAR0101,wedding,hall,96,14.9,11.6,172.8,211000,2198,mixed,day,mixed,colourful,pastel_floral,two_tier_floral,rustic_wood_setup,two_side_tables,96,bakesmart_rule_generator_v1,5,synthetic_rule_based,pending_expert_review,train,20260817,"Theme-conditioned preferences; cake guest band 45-120; decor-conditioned venue/budget; layout derived from guests, venue and decor."
BSAR0102,wedding,outdoor,15,6.9,5.6,38.6,70000,4667,mixed,night,purple,traditional,elegant_gold,single_tier_square,rustic_wood_setup,single_cake_table,15,bakesmart_rule_generator_v1,4,synthetic_rule_based,pending_expert_review,test,20260817,"Theme-conditioned preferences; cake guest band 15-40; decor-conditioned venue/budget; layout derived from guests, venue and decor."
BSAR0103,baby_shower,hall,111,16.7,11.1,185.4,222000,2000,adult,night,green,rustic,rustic_natural,two_tier_floral,balloon_setup,full_stage_setup,111,bakesmart_rule_generator_v1,5,synthetic_rule_based,pending_expert_review,train,20260817,"Theme-conditioned preferences; cake guest band 45-120; decor-conditioned venue/budget; layout derived from guests, venue and decor."
BSAR0104,anniversary,hall,245,25.4,17.3,439.4,2137000,8722,adult,day,white,minimal,modern_minimal,three_tier_luxury,luxury_stage,full_stage_setup,245,bakesmart_rule_generator_v1,5,synthetic_rule_based,pending_expert_review,train,20260817,"Theme-conditioned preferences; cake guest band 90-250; decor-conditioned venue/budget; layout derived from guests, venue and decor."
BSAR0105,anniversary,hall,24,10.3,5.4,55.6,309000,12875,adult,day,mixed,elegant,elegant_gold,single_tier_square,luxury_stage,full_stage_setup,24,bakesmart_rule_generator_v1,5,synthetic_rule_based,pending_expert_review,train,20260817,"Theme-conditioned preferences; cake guest band 15-40; decor-conditioned venue/budget; layout derived from guests, venue and decor."
BSAR0106,graduation,hall,79,11.7,10.2,119.3,397000,5025,adult,night,green,rustic,rustic_natural,two_tier_round,flower_wall,two_side_tables,79,bakesmart_rule_generator_v1,5,synthetic_rule_based,pending_expert_review,train,20260817,"Theme-conditioned preferences; cake guest band 35-90; decor-conditioned venue/budget; layout derived from guests, venue and decor."
BSAR0107,graduation,home,87,10.7,8.9,95.2,235000,2701,teenager,day,red,rustic,rustic_natural,two_tier_round,balloon_setup,two_side_tables,87,bakesmart_rule_generator_v1,5,synthetic_rule_based,pending_expert_review,train,20260817,"Theme-conditioned preferences; cake guest band 35-90; decor-conditioned venue/budget; layout derived from guests, venue and decor."
BSAR0108,wedding,hall,209,16.8,14.7,247,792000,3789,mixed,night,white,elegant,elegant_gold,three_tier_luxury,flower_wall,full_stage_setup,209,bakesmart_rule_generator_v1,5,synthetic_rule_based,pending_expert_review,train,20260817,"Theme-conditioned preferences; cake guest band 90-250; decor-conditioned venue/budget; layout derived from guests, venue and decor."
BSAR0109,wedding,restaurant,155,18.5,10.2,188.7,1083000,6987,adult,day,blue,minimal,modern_minimal,three_tier_luxury,luxury_stage,full_stage_setup,155,bakesmart_rule_generator_v1,4,synthetic_rule_based,pending_expert_review,train,20260817,"Theme-conditioned preferences; cake guest band 90-250; decor-conditioned venue/budget; layout derived from guests, venue and decor."
BSAR0110,anniversary,restaurant,133,15.6,11.9,185.6,362000,2722,adult,night,gold,traditional,traditional_luxury,three_tier_luxury,rustic_wood_setup,two_side_tables,133,bakesmart_rule_generator_v1,5,synthetic_rule_based,pending_expert_review,train,20260817,"Theme-conditioned preferences; cake guest band 90-250; decor-conditioned venue/budget; layout derived from guests, venue and decor."
BSAR0111,anniversary,restaurant,11,7.3,4.2,30.7,46000,4182,adult,day,white,traditional,pastel_floral,single_tier_round,minimal_backdrop,single_cake_table,11,bakesmart_rule_generator_v1,4,synthetic_rule_based,pending_expert_review,test,20260817,"Theme-conditioned preferences; cake guest band 8-25; decor-conditioned venue/budget; layout derived from guests, venue and decor."
BSAR0112,birthday,outdoor,53,13.9,7.5,104.3,182000,3434,mixed,day,green,rustic,rustic_natural,two_tier_floral,flower_wall,cake_and_dessert_table,53,bakesmart_rule_generator_v1,5,synthetic_rule_based,pending_expert_review,validation,20260817,"Theme-conditioned preferences; cake guest band 45-120; decor-conditioned venue/budget; layout derived from guests, venue and decor."
BSAR0113,birthday,home,20,7.2,4.7,33.8,45000,2250,teenager,night,mixed,elegant,pastel_floral,single_tier_round,minimal_backdrop,single_cake_table,20,bakesmart_rule_generator_v1,5,synthetic_rule_based,pending_expert_review,train,20260817,"Theme-conditioned preferences; cake guest band 8-25; decor-conditioned venue/budget; layout derived from guests, venue and decor."
BSAR0114,baby_shower,home,72,9.6,7.2,69.1,223000,3097,mixed,night,mixed,minimal,rustic_natural,two_tier_floral,balloon_setup,two_side_tables,72,bakesmart_rule_generator_v1,4,synthetic_rule_based,pending_expert_review,validation,20260817,"Theme-conditioned preferences; cake guest band 45-120; decor-conditioned venue/budget; layout derived from guests, venue and decor."
BSAR0115,anniversary,hall,22,8.8,5.6,49.3,138000,6273,adult,night,purple,elegant,traditional_luxury,single_tier_round,flower_wall,single_cake_table,22,bakesmart_rule_generator_v1,5,synthetic_rule_based,pending_expert_review,test,20260817,"Theme-conditioned preferences; cake guest band 8-25; decor-conditioned venue/budget; layout derived from guests, venue and decor."
BSAR0116,birthday,outdoor,13,7.2,4.7,33.8,51000,3923,child,night,gold,elegant,traditional_luxury,single_tier_round,balloon_setup,single_cake_table,13,bakesmart_rule_generator_v1,5,synthetic_rule_based,pending_expert_review,test,20260817,"Theme-conditioned preferences; cake guest band 8-25; decor-conditioned venue/budget; layout derived from guests, venue and decor."
BSAR0117,birthday,home,16,5.9,4.8,28.3,59000,3688,child,night,red,colourful,colourful_cartoon,single_tier_square,balloon_setup,single_cake_table,16,bakesmart_rule_generator_v1,5,synthetic_rule_based,pending_expert_review,train,20260817,"Theme-conditioned preferences; cake guest band 15-40; decor-conditioned venue/budget; layout derived from guests, venue and decor."
BSAR0118,graduation,hall,88,13.1,8.4,110,452000,5136,adult,night,mixed,traditional,elegant_gold,two_tier_floral,flower_wall,two_side_tables,88,bakesmart_rule_generator_v1,4,synthetic_rule_based,pending_expert_review,train,20260817,"Theme-conditioned preferences; cake guest band 45-120; decor-conditioned venue/budget; layout derived from guests, venue and decor."
BSAR0119,wedding,home,56,8.9,8,71.2,99000,1768,adult,night,mixed,rustic,rustic_natural,two_tier_round,balloon_setup,cake_and_dessert_table,56,bakesmart_rule_generator_v1,5,synthetic_rule_based,pending_expert_review,train,20260817,"Theme-conditioned preferences; cake guest band 35-90; decor-conditioned venue/budget; layout derived from guests, venue and decor."
BSAR0120,wedding,home,17,6.2,4.4,27.3,61000,3588,mixed,night,gold,elegant,traditional_luxury,single_tier_round,rustic_wood_setup,single_cake_table,17,bakesmart_rule_generator_v1,5,synthetic_rule_based,pending_expert_review,train,20260817,"Theme-conditioned preferences; cake guest band 8-25; decor-conditioned venue/budget; layout derived from guests, venue and decor."
BSAR0121,birthday,home,142,16.4,9.5,155.8,473000,3331,adult,day,green,rustic,rustic_natural,three_tier_luxury,balloon_setup,two_side_tables,142,bakesmart_rule_generator_v1,5,synthetic_rule_based,pending_expert_review,validation,20260817,"Theme-conditioned preferences; cake guest band 90-250; decor-conditioned venue/budget; layout derived from guests, venue and decor."
BSAR0122,baby_shower,home,52,9.2,6.8,62.6,131000,2519,adult,day,purple,rustic,pastel_floral,two_tier_round,balloon_setup,cake_and_dessert_table,52,bakesmart_rule_generator_v1,4,synthetic_rule_based,pending_expert_review,train,20260817,"Theme-conditioned preferences; cake guest band 35-90; decor-conditioned venue/budget; layout derived from guests, venue and decor."
BSAR0123,birthday,home,131,12.5,11.1,138.8,354000,2702,child,day,white,minimal,rustic_natural,three_tier_luxury,minimal_backdrop,two_side_tables,131,bakesmart_rule_generator_v1,4,synthetic_rule_based,pending_expert_review,train,20260817,"Theme-conditioned preferences; cake guest band 90-250; decor-conditioned venue/budget; layout derived from guests, venue and decor."
BSAR0124,graduation,hall,94,15,9.8,147,667000,7096,teenager,night,gold,traditional,traditional_luxury,three_tier_luxury,luxury_stage,full_stage_setup,94,bakesmart_rule_generator_v1,5,synthetic_rule_based,pending_expert_review,test,20260817,"Theme-conditioned preferences; cake guest band 90-250; decor-conditioned venue/budget; layout derived from guests, venue and decor."
BSAR0125,anniversary,hall,89,13.5,8.1,109.4,345000,3876,mixed,night,gold,traditional,traditional_luxury,two_tier_round,flower_wall,two_side_tables,89,bakesmart_rule_generator_v1,5,synthetic_rule_based,pending_expert_review,train,20260817,"Theme-conditioned preferences; cake guest band 35-90; decor-conditioned venue/budget; layout derived from guests, venue and decor."
BSAR0126,graduation,home,71,10.2,7.9,80.6,239000,3366,teenager,night,purple,traditional,traditional_luxury,two_tier_floral,rustic_wood_setup,two_side_tables,71,bakesmart_rule_generator_v1,5,synthetic_rule_based,pending_expert_review,validation,20260817,"Theme-conditioned preferences; cake guest band 45-120; decor-conditioned venue/budget; layout derived from guests, venue and decor."
BSAR0127,baby_shower,hall,16,6.5,4.7,30.6,91000,5688,adult,day,white,elegant,modern_minimal,single_tier_round,rustic_wood_setup,single_cake_table,16,bakesmart_rule_generator_v1,4,synthetic_rule_based,pending_expert_review,train,20260817,"Theme-conditioned preferences; cake guest band 8-25; decor-conditioned venue/budget; layout derived from guests, venue and decor."
BSAR0128,anniversary,hall,62,11,9.2,101.2,269000,4339,adult,day,red,minimal,colourful_cartoon,two_tier_round,rustic_wood_setup,cake_and_dessert_table,62,bakesmart_rule_generator_v1,3,synthetic_rule_based,pending_expert_review,train,20260817,"Theme-conditioned preferences; cake guest band 35-90; decor-conditioned venue/budget; layout derived from guests, venue and decor."
BSAR0129,birthday,home,39,6.7,6,40.2,179000,4590,child,day,purple,colourful,colourful_cartoon,single_tier_square,rustic_wood_setup,cake_and_dessert_table,39,bakesmart_rule_generator_v1,5,synthetic_rule_based,pending_expert_review,train,20260817,"Theme-conditioned preferences; cake guest band 15-40; decor-conditioned venue/budget; layout derived from guests, venue and decor."
BSAR0130,wedding,home,105,10.8,8.4,90.7,507000,4829,adult,day,white,minimal,pastel_floral,three_tier_luxury,rustic_wood_setup,two_side_tables,105,bakesmart_rule_generator_v1,4,synthetic_rule_based,pending_expert_review,validation,20260817,"Theme-conditioned preferences; cake guest band 90-250; decor-conditioned venue/budget; layout derived from guests, venue and decor."
BSAR0131,wedding,hall,47,9.5,6,57,110000,2340,adult,night,white,traditional,traditional_luxury,two_tier_round,minimal_backdrop,cake_and_dessert_table,47,bakesmart_rule_generator_v1,5,synthetic_rule_based,pending_expert_review,train,20260817,"Theme-conditioned preferences; cake guest band 35-90; decor-conditioned venue/budget; layout derived from guests, venue and decor."
BSAR0132,graduation,restaurant,84,14.9,8.4,125.2,734000,8738,mixed,night,purple,colourful,colourful_cartoon,two_tier_round,luxury_stage,full_stage_setup,84,bakesmart_rule_generator_v1,4,synthetic_rule_based,pending_expert_review,train,20260817,"Theme-conditioned preferences; cake guest band 35-90; decor-conditioned venue/budget; layout derived from guests, venue and decor."
BSAR0133,birthday,hall,14,6.3,4.7,29.6,71000,5071,teenager,day,red,colourful,colourful_cartoon,single_tier_round,flower_wall,single_cake_table,14,bakesmart_rule_generator_v1,5,synthetic_rule_based,pending_expert_review,train,20260817,"Theme-conditioned preferences; cake guest band 8-25; decor-conditioned venue/budget; layout derived from guests, venue and decor."
BSAR0134,wedding,home,9,5.7,4.6,26.2,35000,3889,adult,night,mixed,rustic,rustic_natural,single_tier_round,minimal_backdrop,single_cake_table,9,bakesmart_rule_generator_v1,5,synthetic_rule_based,pending_expert_review,validation,20260817,"Theme-conditioned preferences; cake guest band 8-25; decor-conditioned venue/budget; layout derived from guests, venue and decor."
BSAR0135,baby_shower,outdoor,95,14.1,12.7,179.1,702000,7389,adult,day,white,colourful,pastel_floral,three_tier_luxury,luxury_stage,full_stage_setup,95,bakesmart_rule_generator_v1,4,synthetic_rule_based,pending_expert_review,train,20260817,"Theme-conditioned preferences; cake guest band 90-250; decor-conditioned venue/budget; layout derived from guests, venue and decor."
BSAR0136,wedding,restaurant,23,7.5,4.7,35.3,338000,14696,adult,night,white,traditional,elegant_gold,single_tier_square,luxury_stage,full_stage_setup,23,bakesmart_rule_generator_v1,4,synthetic_rule_based,pending_expert_review,train,20260817,"Theme-conditioned preferences; cake guest band 15-40; decor-conditioned venue/budget; layout derived from guests, venue and decor."
BSAR0137,birthday,hall,43,9.7,6.3,61.1,472000,10977,adult,day,green,colourful,colourful_cartoon,two_tier_round,luxury_stage,full_stage_setup,43,bakesmart_rule_generator_v1,5,synthetic_rule_based,pending_expert_review,train,20260817,"Theme-conditioned preferences; cake guest band 35-90; decor-conditioned venue/budget; layout derived from guests, venue and decor."
BSAR0138,wedding,home,117,14.1,9.1,128.3,291000,2487,mixed,day,gold,elegant,elegant_gold,two_tier_floral,minimal_backdrop,two_side_tables,117,bakesmart_rule_generator_v1,5,synthetic_rule_based,pending_expert_review,train,20260817,"Theme-conditioned preferences; cake guest band 45-120; decor-conditioned venue/budget; layout derived from guests, venue and decor."
BSAR0139,birthday,hall,13,7.2,3.9,28.1,151000,11615,mixed,night,white,minimal,modern_minimal,single_tier_round,luxury_stage,full_stage_setup,13,bakesmart_rule_generator_v1,5,synthetic_rule_based,pending_expert_review,train,20260817,"Theme-conditioned preferences; cake guest band 8-25; decor-conditioned venue/budget; layout derived from guests, venue and decor."
BSAR0140,anniversary,home,32,7.9,4.6,36.3,106000,3313,adult,night,white,elegant,elegant_gold,single_tier_square,balloon_setup,cake_and_dessert_table,32,bakesmart_rule_generator_v1,5,synthetic_rule_based,pending_expert_review,train,20260817,"Theme-conditioned preferences; cake guest band 15-40; decor-conditioned venue/budget; layout derived from guests, venue and decor."
BSAR0141,wedding,home,200,15.1,10.7,161.6,765000,3825,adult,night,purple,elegant,elegant_gold,three_tier_luxury,flower_wall,two_side_tables,200,bakesmart_rule_generator_v1,5,synthetic_rule_based,pending_expert_review,validation,20260817,"Theme-conditioned preferences; cake guest band 90-250; decor-conditioned venue/budget; layout derived from guests, venue and decor."
BSAR0142,graduation,restaurant,15,6.3,3.8,23.9,44000,2933,mixed,night,red,colourful,colourful_cartoon,single_tier_square,minimal_backdrop,single_cake_table,15,bakesmart_rule_generator_v1,5,synthetic_rule_based,pending_expert_review,validation,20260817,"Theme-conditioned preferences; cake guest band 15-40; decor-conditioned venue/budget; layout derived from guests, venue and decor."
BSAR0143,baby_shower,outdoor,20,8.4,6,50.4,59000,2950,adult,night,white,elegant,pastel_floral,single_tier_square,balloon_setup,single_cake_table,20,bakesmart_rule_generator_v1,5,synthetic_rule_based,pending_expert_review,test,20260817,"Theme-conditioned preferences; cake guest band 15-40; decor-conditioned venue/budget; layout derived from guests, venue and decor."
BSAR0144,birthday,hall,15,6.9,5.1,35.2,50000,3333,adult,night,red,elegant,elegant_gold,single_tier_round,minimal_backdrop,single_cake_table,15,bakesmart_rule_generator_v1,5,synthetic_rule_based,pending_expert_review,train,20260817,"Theme-conditioned preferences; cake guest band 8-25; decor-conditioned venue/budget; layout derived from guests, venue and decor."
BSAR0145,birthday,hall,100,14,9.5,133,183000,1830,adult,night,red,elegant,elegant_gold,two_tier_floral,minimal_backdrop,two_side_tables,100,bakesmart_rule_generator_v1,5,synthetic_rule_based,pending_expert_review,train,20260817,"Theme-conditioned preferences; cake guest band 45-120; decor-conditioned venue/budget; layout derived from guests, venue and decor."
BSAR0146,wedding,restaurant,17,7.8,4.7,36.7,121000,7118,adult,night,red,rustic,rustic_natural,single_tier_square,flower_wall,single_cake_table,17,bakesmart_rule_generator_v1,5,synthetic_rule_based,pending_expert_review,validation,20260817,"Theme-conditioned preferences; cake guest band 15-40; decor-conditioned venue/budget; layout derived from guests, venue and decor."
BSAR0147,graduation,hall,60,11.4,8,91.2,162000,2700,adult,night,mixed,traditional,elegant_gold,two_tier_floral,rustic_wood_setup,cake_and_dessert_table,60,bakesmart_rule_generator_v1,4,synthetic_rule_based,pending_expert_review,train,20260817,"Theme-conditioned preferences; cake guest band 45-120; decor-conditioned venue/budget; layout derived from guests, venue and decor."
BSAR0148,graduation,restaurant,47,8.8,6.9,60.7,143000,3043,teenager,day,gold,minimal,modern_minimal,two_tier_round,minimal_backdrop,cake_and_dessert_table,47,bakesmart_rule_generator_v1,5,synthetic_rule_based,pending_expert_review,validation,20260817,"Theme-conditioned preferences; cake guest band 35-90; decor-conditioned venue/budget; layout derived from guests, venue and decor."
BSAR0149,birthday,outdoor,121,18.4,11.4,209.8,525000,4339,adult,day,pink,colourful,colourful_cartoon,three_tier_luxury,rustic_wood_setup,two_side_tables,121,bakesmart_rule_generator_v1,5,synthetic_rule_based,pending_expert_review,validation,20260817,"Theme-conditioned preferences; cake guest band 90-250; decor-conditioned venue/budget; layout derived from guests, venue and decor."
BSAR0150,birthday,hall,46,8.9,6.7,59.6,131000,2848,child,night,green,minimal,modern_minimal,two_tier_round,rustic_wood_setup,cake_and_dessert_table,46,bakesmart_rule_generator_v1,5,synthetic_rule_based,pending_expert_review,train,20260817,"Theme-conditioned preferences; cake guest band 35-90; decor-conditioned venue/budget; layout derived from guests, venue and decor."
BSAR0151,wedding,hall,19,8.2,4.9,40.2,306000,16105,mixed,night,white,colourful,pastel_floral,single_tier_round,luxury_stage,full_stage_setup,19,bakesmart_rule_generator_v1,5,synthetic_rule_based,pending_expert_review,train,20260817,"Theme-conditioned preferences; cake guest band 8-25; decor-conditioned venue/budget; layout derived from guests, venue and decor."
BSAR0152,anniversary,hall,131,17,12.5,212.5,690000,5267,adult,day,pink,elegant,pastel_floral,three_tier_luxury,luxury_stage,full_stage_setup,131,bakesmart_rule_generator_v1,5,synthetic_rule_based,pending_expert_review,train,20260817,"Theme-conditioned preferences; cake guest band 90-250; decor-conditioned venue/budget; layout derived from guests, venue and decor."
BSAR0153,graduation,home,24,7.1,4.3,30.5,132000,5500,teenager,day,white,minimal,modern_minimal,single_tier_round,flower_wall,single_cake_table,24,bakesmart_rule_generator_v1,5,synthetic_rule_based,pending_expert_review,train,20260817,"Theme-conditioned preferences; cake guest band 8-25; decor-conditioned venue/budget; layout derived from guests, venue and decor."
BSAR0154,anniversary,home,15,5.2,4.3,22.4,49000,3267,adult,night,white,minimal,modern_minimal,single_tier_round,balloon_setup,single_cake_table,15,bakesmart_rule_generator_v1,5,synthetic_rule_based,pending_expert_review,train,20260817,"Theme-conditioned preferences; cake guest band 8-25; decor-conditioned venue/budget; layout derived from guests, venue and decor."
BSAR0155,wedding,home,250,20.1,12.4,249.2,675000,2700,adult,night,gold,elegant,elegant_gold,three_tier_luxury,rustic_wood_setup,two_side_tables,250,bakesmart_rule_generator_v1,5,synthetic_rule_based,pending_expert_review,validation,20260817,"Theme-conditioned preferences; cake guest band 90-250; decor-conditioned venue/budget; layout derived from guests, venue and decor."
BSAR0156,birthday,hall,247,20.8,14.1,293.3,679000,2749,adult,night,mixed,rustic,rustic_natural,three_tier_luxury,minimal_backdrop,full_stage_setup,247,bakesmart_rule_generator_v1,5,synthetic_rule_based,pending_expert_review,train,20260817,"Theme-conditioned preferences; cake guest band 90-250; decor-conditioned venue/budget; layout derived from guests, venue and decor."
BSAR0157,birthday,hall,23,8.1,6.5,52.7,121000,5261,child,night,red,elegant,traditional_luxury,single_tier_round,flower_wall,single_cake_table,23,bakesmart_rule_generator_v1,5,synthetic_rule_based,pending_expert_review,train,20260817,"Theme-conditioned preferences; cake guest band 8-25; decor-conditioned venue/budget; layout derived from guests, venue and decor."
BSAR0158,birthday,restaurant,58,10.2,7.9,80.6,213000,3672,mixed,night,mixed,colourful,colourful_cartoon,two_tier_floral,rustic_wood_setup,cake_and_dessert_table,58,bakesmart_rule_generator_v1,5,synthetic_rule_based,pending_expert_review,train,20260817,"Theme-conditioned preferences; cake guest band 45-120; decor-conditioned venue/budget; layout derived from guests, venue and decor."
BSAR0159,wedding,home,32,8.5,4.8,40.8,142000,4438,adult,night,purple,elegant,traditional_luxury,single_tier_square,rustic_wood_setup,cake_and_dessert_table,32,bakesmart_rule_generator_v1,5,synthetic_rule_based,pending_expert_review,validation,20260817,"Theme-conditioned preferences; cake guest band 15-40; decor-conditioned venue/budget; layout derived from guests, venue and decor."
BSAR0160,baby_shower,outdoor,37,10.7,8.2,87.7,130000,3514,adult,night,white,elegant,pastel_floral,single_tier_square,balloon_setup,cake_and_dessert_table,37,bakesmart_rule_generator_v1,5,synthetic_rule_based,pending_expert_review,validation,20260817,"Theme-conditioned preferences; cake guest band 15-40; decor-conditioned venue/budget; layout derived from guests, venue and decor."
BSAR0161,birthday,restaurant,136,16.9,11.8,199.4,1393000,10243,child,night,pink,minimal,colourful_cartoon,three_tier_luxury,luxury_stage,full_stage_setup,136,bakesmart_rule_generator_v1,4,synthetic_rule_based,pending_expert_review,train,20260817,"Theme-conditioned preferences; cake guest band 90-250; decor-conditioned venue/budget; layout derived from guests, venue and decor."
BSAR0162,graduation,outdoor,103,14.8,12.8,189.4,275000,2670,adult,day,pink,colourful,pastel_floral,two_tier_floral,rustic_wood_setup,two_side_tables,103,bakesmart_rule_generator_v1,5,synthetic_rule_based,pending_expert_review,train,20260817,"Theme-conditioned preferences; cake guest band 45-120; decor-conditioned venue/budget; layout derived from guests, venue and decor."
BSAR0163,anniversary,hall,38,7.8,6.7,52.3,111000,2921,adult,night,red,traditional,traditional_luxury,single_tier_square,balloon_setup,cake_and_dessert_table,38,bakesmart_rule_generator_v1,5,synthetic_rule_based,pending_expert_review,train,20260817,"Theme-conditioned preferences; cake guest band 15-40; decor-conditioned venue/budget; layout derived from guests, venue and decor."
BSAR0164,wedding,hall,65,14.4,7.8,112.3,202000,3108,adult,night,gold,elegant,elegant_gold,two_tier_floral,rustic_wood_setup,cake_and_dessert_table,65,bakesmart_rule_generator_v1,5,synthetic_rule_based,pending_expert_review,train,20260817,"Theme-conditioned preferences; cake guest band 45-120; decor-conditioned venue/budget; layout derived from guests, venue and decor."
BSAR0165,graduation,outdoor,19,9.7,5.3,51.4,48000,2526,teenager,night,mixed,colourful,colourful_cartoon,single_tier_round,balloon_setup,single_cake_table,19,bakesmart_rule_generator_v1,5,synthetic_rule_based,pending_expert_review,train,20260817,"Theme-conditioned preferences; cake guest band 8-25; decor-conditioned venue/budget; layout derived from guests, venue and decor."
BSAR0166,baby_shower,restaurant,174,20.9,11.9,248.7,405000,2328,adult,day,mixed,colourful,colourful_cartoon,three_tier_luxury,minimal_backdrop,two_side_tables,174,bakesmart_rule_generator_v1,5,synthetic_rule_based,pending_expert_review,train,20260817,"Theme-conditioned preferences; cake guest band 90-250; decor-conditioned venue/budget; layout derived from guests, venue and decor."
BSAR0167,anniversary,hall,163,20.9,11.8,246.6,1348000,8270,adult,night,purple,traditional,traditional_luxury,three_tier_luxury,luxury_stage,full_stage_setup,163,bakesmart_rule_generator_v1,5,synthetic_rule_based,pending_expert_review,validation,20260817,"Theme-conditioned preferences; cake guest band 90-250; decor-conditioned venue/budget; layout derived from guests, venue and decor."
BSAR0168,baby_shower,restaurant,84,13,8,104,694000,8262,mixed,day,pink,elegant,pastel_floral,two_tier_round,luxury_stage,full_stage_setup,84,bakesmart_rule_generator_v1,4,synthetic_rule_based,pending_expert_review,train,20260817,"Theme-conditioned preferences; cake guest band 35-90; decor-conditioned venue/budget; layout derived from guests, venue and decor."
BSAR0169,baby_shower,outdoor,23,7.2,5.5,39.6,127000,5522,adult,night,white,elegant,elegant_gold,single_tier_round,rustic_wood_setup,single_cake_table,23,bakesmart_rule_generator_v1,5,synthetic_rule_based,pending_expert_review,train,20260817,"Theme-conditioned preferences; cake guest band 8-25; decor-conditioned venue/budget; layout derived from guests, venue and decor."
BSAR0170,graduation,hall,35,11.1,6.1,67.7,87000,2486,teenager,day,green,minimal,rustic_natural,single_tier_square,minimal_backdrop,cake_and_dessert_table,35,bakesmart_rule_generator_v1,4,synthetic_rule_based,pending_expert_review,test,20260817,"Theme-conditioned preferences; cake guest band 15-40; decor-conditioned venue/budget; layout derived from guests, venue and decor."
BSAR0171,anniversary,hall,10,5.8,4.6,26.7,25000,2500,adult,night,white,traditional,elegant_gold,single_tier_round,minimal_backdrop,single_cake_table,10,bakesmart_rule_generator_v1,4,synthetic_rule_based,pending_expert_review,test,20260817,"Theme-conditioned preferences; cake guest band 8-25; decor-conditioned venue/budget; layout derived from guests, venue and decor."
BSAR0172,wedding,hall,48,11.6,7.1,82.4,363000,7563,mixed,day,gold,traditional,traditional_luxury,two_tier_floral,luxury_stage,full_stage_setup,48,bakesmart_rule_generator_v1,5,synthetic_rule_based,pending_expert_review,validation,20260817,"Theme-conditioned preferences; cake guest band 45-120; decor-conditioned venue/budget; layout derived from guests, venue and decor."
BSAR0173,birthday,hall,89,12.5,11,137.5,817000,9180,teenager,day,mixed,minimal,colourful_cartoon,two_tier_round,luxury_stage,full_stage_setup,89,bakesmart_rule_generator_v1,4,synthetic_rule_based,pending_expert_review,test,20260817,"Theme-conditioned preferences; cake guest band 35-90; decor-conditioned venue/budget; layout derived from guests, venue and decor."
BSAR0174,baby_shower,restaurant,120,17.4,9.2,160.1,617000,5142,adult,night,white,elegant,modern_minimal,two_tier_floral,luxury_stage,full_stage_setup,120,bakesmart_rule_generator_v1,4,synthetic_rule_based,pending_expert_review,train,20260817,"Theme-conditioned preferences; cake guest band 45-120; decor-conditioned venue/budget; layout derived from guests, venue and decor."
BSAR0175,anniversary,outdoor,25,8.2,6,49.2,123000,4920,adult,night,red,elegant,elegant_gold,single_tier_round,rustic_wood_setup,single_cake_table,25,bakesmart_rule_generator_v1,5,synthetic_rule_based,pending_expert_review,train,20260817,"Theme-conditioned preferences; cake guest band 8-25; decor-conditioned venue/budget; layout derived from guests, venue and decor."
BSAR0176,graduation,outdoor,67,11.7,8.8,103,247000,3687,teenager,night,red,minimal,rustic_natural,two_tier_round,flower_wall,cake_and_dessert_table,67,bakesmart_rule_generator_v1,4,synthetic_rule_based,pending_expert_review,train,20260817,"Theme-conditioned preferences; cake guest band 35-90; decor-conditioned venue/budget; layout derived from guests, venue and decor."
BSAR0177,graduation,home,16,6.7,3.6,24.1,99000,6188,mixed,day,mixed,colourful,colourful_cartoon,single_tier_round,rustic_wood_setup,single_cake_table,16,bakesmart_rule_generator_v1,5,synthetic_rule_based,pending_expert_review,test,20260817,"Theme-conditioned preferences; cake guest band 8-25; decor-conditioned venue/budget; layout derived from guests, venue and decor."
BSAR0178,birthday,hall,87,16.2,9.8,158.8,170000,1954,child,night,pink,colourful,pastel_floral,two_tier_round,balloon_setup,two_side_tables,87,bakesmart_rule_generator_v1,5,synthetic_rule_based,pending_expert_review,train,20260817,"Theme-conditioned preferences; cake guest band 35-90; decor-conditioned venue/budget; layout derived from guests, venue and decor."
BSAR0179,wedding,outdoor,79,11.9,10.3,122.6,236000,2987,adult,day,white,minimal,pastel_floral,two_tier_floral,flower_wall,two_side_tables,79,bakesmart_rule_generator_v1,4,synthetic_rule_based,pending_expert_review,train,20260817,"Theme-conditioned preferences; cake guest band 45-120; decor-conditioned venue/budget; layout derived from guests, venue and decor."
BSAR0180,wedding,hall,89,16.8,9.4,157.9,183000,2056,adult,night,gold,traditional,traditional_luxury,two_tier_floral,rustic_wood_setup,two_side_tables,89,bakesmart_rule_generator_v1,5,synthetic_rule_based,pending_expert_review,train,20260817,"Theme-conditioned preferences; cake guest band 45-120; decor-conditioned venue/budget; layout derived from guests, venue and decor."
BSAR0181,wedding,home,21,6,4.9,29.4,71000,3381,adult,night,gold,traditional,traditional_luxury,single_tier_round,minimal_backdrop,single_cake_table,21,bakesmart_rule_generator_v1,5,synthetic_rule_based,pending_expert_review,train,20260817,"Theme-conditioned preferences; cake guest band 8-25; decor-conditioned venue/budget; layout derived from guests, venue and decor."
BSAR0182,birthday,hall,24,7.4,5.7,42.2,78000,3250,child,day,gold,elegant,traditional_luxury,single_tier_round,rustic_wood_setup,single_cake_table,24,bakesmart_rule_generator_v1,5,synthetic_rule_based,pending_expert_review,validation,20260817,"Theme-conditioned preferences; cake guest band 8-25; decor-conditioned venue/budget; layout derived from guests, venue and decor."
BSAR0183,baby_shower,hall,67,12,9.1,109.2,241000,3597,mixed,night,mixed,elegant,rustic_natural,two_tier_round,rustic_wood_setup,cake_and_dessert_table,67,bakesmart_rule_generator_v1,4,synthetic_rule_based,pending_expert_review,validation,20260817,"Theme-conditioned preferences; cake guest band 35-90; decor-conditioned venue/budget; layout derived from guests, venue and decor."
BSAR0184,baby_shower,hall,53,11.4,7.1,80.9,485000,9151,adult,day,mixed,colourful,colourful_cartoon,two_tier_floral,luxury_stage,full_stage_setup,53,bakesmart_rule_generator_v1,5,synthetic_rule_based,pending_expert_review,train,20260817,"Theme-conditioned preferences; cake guest band 45-120; decor-conditioned venue/budget; layout derived from guests, venue and decor."
BSAR0185,graduation,outdoor,23,8.7,5.7,49.6,87000,3783,teenager,night,mixed,rustic,rustic_natural,single_tier_square,rustic_wood_setup,single_cake_table,23,bakesmart_rule_generator_v1,5,synthetic_rule_based,pending_expert_review,train,20260817,"Theme-conditioned preferences; cake guest band 15-40; decor-conditioned venue/budget; layout derived from guests, venue and decor."
BSAR0186,wedding,outdoor,80,15.3,8.3,127,722000,9025,adult,day,red,traditional,traditional_luxury,two_tier_floral,luxury_stage,full_stage_setup,80,bakesmart_rule_generator_v1,4,synthetic_rule_based,pending_expert_review,train,20260817,"Theme-conditioned preferences; cake guest band 45-120; decor-conditioned venue/budget; layout derived from guests, venue and decor."
BSAR0187,birthday,hall,219,25,15.1,377.5,1755000,8014,adult,day,blue,elegant,modern_minimal,three_tier_luxury,luxury_stage,full_stage_setup,219,bakesmart_rule_generator_v1,4,synthetic_rule_based,pending_expert_review,train,20260817,"Theme-conditioned preferences; cake guest band 90-250; decor-conditioned venue/budget; layout derived from guests, venue and decor."
BSAR0188,wedding,home,22,6.9,4,27.6,76000,3455,mixed,day,mixed,elegant,modern_minimal,single_tier_round,balloon_setup,single_cake_table,22,bakesmart_rule_generator_v1,4,synthetic_rule_based,pending_expert_review,train,20260817,"Theme-conditioned preferences; cake guest band 8-25; decor-conditioned venue/budget; layout derived from guests, venue and decor."
BSAR0189,anniversary,home,80,11.8,7.6,89.7,306000,3825,adult,day,gold,minimal,modern_minimal,two_tier_floral,flower_wall,two_side_tables,80,bakesmart_rule_generator_v1,5,synthetic_rule_based,pending_expert_review,train,20260817,"Theme-conditioned preferences; cake guest band 45-120; decor-conditioned venue/budget; layout derived from guests, venue and decor."
BSAR0190,anniversary,hall,81,14,7.8,109.2,197000,2432,adult,night,white,elegant,rustic_natural,two_tier_floral,minimal_backdrop,two_side_tables,81,bakesmart_rule_generator_v1,4,synthetic_rule_based,pending_expert_review,train,20260817,"Theme-conditioned preferences; cake guest band 45-120; decor-conditioned venue/budget; layout derived from guests, venue and decor."
BSAR0191,wedding,hall,169,20.9,14.9,311.4,1492000,8828,mixed,day,red,elegant,traditional_luxury,three_tier_luxury,luxury_stage,full_stage_setup,169,bakesmart_rule_generator_v1,5,synthetic_rule_based,pending_expert_review,train,20260817,"Theme-conditioned preferences; cake guest band 90-250; decor-conditioned venue/budget; layout derived from guests, venue and decor."
BSAR0192,birthday,restaurant,71,11.1,9.2,102.1,130000,1831,mixed,night,gold,traditional,elegant_gold,two_tier_round,minimal_backdrop,two_side_tables,71,bakesmart_rule_generator_v1,4,synthetic_rule_based,pending_expert_review,train,20260817,"Theme-conditioned preferences; cake guest band 35-90; decor-conditioned venue/budget; layout derived from guests, venue and decor."
BSAR0193,birthday,outdoor,107,16.6,9.3,154.4,418000,3907,child,night,white,rustic,pastel_floral,two_tier_floral,rustic_wood_setup,two_side_tables,107,bakesmart_rule_generator_v1,4,synthetic_rule_based,pending_expert_review,train,20260817,"Theme-conditioned preferences; cake guest band 45-120; decor-conditioned venue/budget; layout derived from guests, venue and decor."
BSAR0194,birthday,hall,82,15.5,8.6,133.3,147000,1793,teenager,night,mixed,colourful,colourful_cartoon,two_tier_round,balloon_setup,two_side_tables,82,bakesmart_rule_generator_v1,5,synthetic_rule_based,pending_expert_review,train,20260817,"Theme-conditioned preferences; cake guest band 35-90; decor-conditioned venue/budget; layout derived from guests, venue and decor."
BSAR0195,wedding,outdoor,80,13.8,8.1,111.8,201000,2513,adult,night,gold,elegant,traditional_luxury,two_tier_floral,rustic_wood_setup,two_side_tables,80,bakesmart_rule_generator_v1,5,synthetic_rule_based,pending_expert_review,test,20260817,"Theme-conditioned preferences; cake guest band 45-120; decor-conditioned venue/budget; layout derived from guests, venue and decor."
BSAR0196,baby_shower,restaurant,70,11.6,7.3,84.7,149000,2129,adult,day,green,rustic,rustic_natural,two_tier_floral,minimal_backdrop,two_side_tables,70,bakesmart_rule_generator_v1,5,synthetic_rule_based,pending_expert_review,test,20260817,"Theme-conditioned preferences; cake guest band 45-120; decor-conditioned venue/budget; layout derived from guests, venue and decor."
BSAR0197,birthday,hall,122,16.1,12.8,206.1,679000,5566,teenager,day,red,elegant,elegant_gold,three_tier_luxury,flower_wall,full_stage_setup,122,bakesmart_rule_generator_v1,5,synthetic_rule_based,pending_expert_review,train,20260817,"Theme-conditioned preferences; cake guest band 90-250; decor-conditioned venue/budget; layout derived from guests, venue and decor."
BSAR0198,wedding,outdoor,16,8.4,5.3,44.5,50000,3125,adult,day,red,minimal,rustic_natural,single_tier_round,balloon_setup,single_cake_table,16,bakesmart_rule_generator_v1,4,synthetic_rule_based,pending_expert_review,train,20260817,"Theme-conditioned preferences; cake guest band 8-25; decor-conditioned venue/budget; layout derived from guests, venue and decor."
BSAR0199,baby_shower,restaurant,42,9.7,5.4,52.4,95000,2262,adult,night,purple,minimal,elegant_gold,two_tier_round,minimal_backdrop,cake_and_dessert_table,42,bakesmart_rule_generator_v1,4,synthetic_rule_based,pending_expert_review,validation,20260817,"Theme-conditioned preferences; cake guest band 35-90; decor-conditioned venue/budget; layout derived from guests, venue and decor."
BSAR0200,wedding,outdoor,175,21,15.8,331.8,892000,5097,mixed,night,gold,rustic,rustic_natural,three_tier_luxury,flower_wall,two_side_tables,175,bakesmart_rule_generator_v1,5,synthetic_rule_based,pending_expert_review,train,20260817,"Theme-conditioned preferences; cake guest band 90-250; decor-conditioned venue/budget; layout derived from guests, venue and decor."
BSAR0201,graduation,hall,80,14.6,9.3,135.8,185000,2313,adult,night,pink,traditional,pastel_floral,two_tier_floral,minimal_backdrop,two_side_tables,80,bakesmart_rule_generator_v1,4,synthetic_rule_based,pending_expert_review,train,20260817,"Theme-conditioned preferences; cake guest band 45-120; decor-conditioned venue/budget; layout derived from guests, venue and decor."
BSAR0202,wedding,home,90,11.6,7.3,84.7,177000,1967,adult,night,mixed,elegant,elegant_gold,two_tier_round,minimal_backdrop,two_side_tables,90,bakesmart_rule_generator_v1,5,synthetic_rule_based,pending_expert_review,train,20260817,"Theme-conditioned preferences; cake guest band 35-90; decor-conditioned venue/budget; layout derived from guests, venue and decor."
BSAR0203,wedding,home,11,4.5,3.7,16.7,43000,3909,adult,day,green,traditional,traditional_luxury,single_tier_round,balloon_setup,single_cake_table,11,bakesmart_rule_generator_v1,5,synthetic_rule_based,pending_expert_review,validation,20260817,"Theme-conditioned preferences; cake guest band 8-25; decor-conditioned venue/budget; layout derived from guests, venue and decor."
BSAR0204,baby_shower,restaurant,45,10.1,5.8,58.6,192000,4267,adult,night,gold,elegant,elegant_gold,two_tier_round,flower_wall,cake_and_dessert_table,45,bakesmart_rule_generator_v1,5,synthetic_rule_based,pending_expert_review,train,20260817,"Theme-conditioned preferences; cake guest band 35-90; decor-conditioned venue/budget; layout derived from guests, venue and decor."
BSAR0205,baby_shower,outdoor,91,16.2,9.5,153.9,310000,3407,adult,day,mixed,elegant,pastel_floral,two_tier_floral,rustic_wood_setup,two_side_tables,91,bakesmart_rule_generator_v1,5,synthetic_rule_based,pending_expert_review,test,20260817,"Theme-conditioned preferences; cake guest band 45-120; decor-conditioned venue/budget; layout derived from guests, venue and decor."
BSAR0206,birthday,outdoor,118,17.8,13.5,240.3,437000,3703,child,night,mixed,elegant,elegant_gold,two_tier_floral,rustic_wood_setup,two_side_tables,118,bakesmart_rule_generator_v1,5,synthetic_rule_based,pending_expert_review,validation,20260817,"Theme-conditioned preferences; cake guest band 45-120; decor-conditioned venue/budget; layout derived from guests, venue and decor."
BSAR0207,birthday,restaurant,67,11,6.9,75.9,511000,7627,mixed,day,blue,colourful,colourful_cartoon,two_tier_floral,luxury_stage,full_stage_setup,67,bakesmart_rule_generator_v1,4,synthetic_rule_based,pending_expert_review,train,20260817,"Theme-conditioned preferences; cake guest band 45-120; decor-conditioned venue/budget; layout derived from guests, venue and decor."
BSAR0208,graduation,outdoor,35,9.2,6.1,56.1,161000,4600,mixed,night,mixed,minimal,modern_minimal,single_tier_square,rustic_wood_setup,cake_and_dessert_table,35,bakesmart_rule_generator_v1,5,synthetic_rule_based,pending_expert_review,train,20260817,"Theme-conditioned preferences; cake guest band 15-40; decor-conditioned venue/budget; layout derived from guests, venue and decor."
BSAR0209,wedding,hall,10,6,3.7,22.2,168000,16800,adult,night,gold,elegant,elegant_gold,single_tier_round,luxury_stage,full_stage_setup,10,bakesmart_rule_generator_v1,5,synthetic_rule_based,pending_expert_review,train,20260817,"Theme-conditioned preferences; cake guest band 8-25; decor-conditioned venue/budget; layout derived from guests, venue and decor."
BSAR0210,graduation,hall,117,14.9,10,149,630000,5385,adult,night,white,minimal,modern_minimal,two_tier_floral,luxury_stage,full_stage_setup,117,bakesmart_rule_generator_v1,5,synthetic_rule_based,pending_expert_review,validation,20260817,"Theme-conditioned preferences; cake guest band 45-120; decor-conditioned venue/budget; layout derived from guests, venue and decor."
BSAR0211,birthday,home,11,6,4.4,26.4,41000,3727,adult,day,red,colourful,colourful_cartoon,single_tier_round,minimal_backdrop,single_cake_table,11,bakesmart_rule_generator_v1,5,synthetic_rule_based,pending_expert_review,train,20260817,"Theme-conditioned preferences; cake guest band 8-25; decor-conditioned venue/budget; layout derived from guests, venue and decor."
BSAR0212,baby_shower,outdoor,80,11.9,10.8,128.5,294000,3675,adult,day,mixed,colourful,colourful_cartoon,two_tier_round,rustic_wood_setup,two_side_tables,80,bakesmart_rule_generator_v1,5,synthetic_rule_based,pending_expert_review,train,20260817,"Theme-conditioned preferences; cake guest band 35-90; decor-conditioned venue/budget; layout derived from guests, venue and decor."
BSAR0213,birthday,hall,53,9.3,7.7,71.6,186000,3509,child,day,purple,traditional,elegant_gold,two_tier_floral,balloon_setup,cake_and_dessert_table,53,bakesmart_rule_generator_v1,4,synthetic_rule_based,pending_expert_review,train,20260817,"Theme-conditioned preferences; cake guest band 45-120; decor-conditioned venue/budget; layout derived from guests, venue and decor."
BSAR0214,graduation,hall,200,19.6,17.3,339.1,1222000,6110,teenager,night,red,rustic,rustic_natural,three_tier_luxury,luxury_stage,full_stage_setup,200,bakesmart_rule_generator_v1,5,synthetic_rule_based,pending_expert_review,train,20260817,"Theme-conditioned preferences; cake guest band 90-250; decor-conditioned venue/budget; layout derived from guests, venue and decor."
BSAR0215,birthday,home,19,6.7,4.2,28.1,110000,5789,mixed,night,mixed,colourful,colourful_cartoon,single_tier_round,rustic_wood_setup,single_cake_table,19,bakesmart_rule_generator_v1,5,synthetic_rule_based,pending_expert_review,train,20260817,"Theme-conditioned preferences; cake guest band 8-25; decor-conditioned venue/budget; layout derived from guests, venue and decor."
BSAR0216,anniversary,outdoor,27,8.1,7.2,58.3,107000,3963,adult,day,pink,minimal,pastel_floral,single_tier_square,rustic_wood_setup,single_cake_table,27,bakesmart_rule_generator_v1,4,synthetic_rule_based,pending_expert_review,train,20260817,"Theme-conditioned preferences; cake guest band 15-40; decor-conditioned venue/budget; layout derived from guests, venue and decor."
BSAR0217,birthday,home,61,9.5,7.9,75.1,260000,4262,adult,night,blue,colourful,colourful_cartoon,two_tier_round,flower_wall,cake_and_dessert_table,61,bakesmart_rule_generator_v1,5,synthetic_rule_based,pending_expert_review,train,20260817,"Theme-conditioned preferences; cake guest band 35-90; decor-conditioned venue/budget; layout derived from guests, venue and decor."
BSAR0218,anniversary,home,20,7,4.6,32.2,130000,6500,adult,night,white,elegant,rustic_natural,single_tier_square,flower_wall,single_cake_table,20,bakesmart_rule_generator_v1,4,synthetic_rule_based,pending_expert_review,train,20260817,"Theme-conditioned preferences; cake guest band 15-40; decor-conditioned venue/budget; layout derived from guests, venue and decor."
BSAR0219,baby_shower,home,13,7,4,28,48000,3692,adult,night,white,minimal,elegant_gold,single_tier_round,balloon_setup,single_cake_table,13,bakesmart_rule_generator_v1,4,synthetic_rule_based,pending_expert_review,validation,20260817,"Theme-conditioned preferences; cake guest band 8-25; decor-conditioned venue/budget; layout derived from guests, venue and decor."
BSAR0220,wedding,hall,12,6.1,5.2,31.7,201000,16750,mixed,night,white,elegant,traditional_luxury,single_tier_round,luxury_stage,full_stage_setup,12,bakesmart_rule_generator_v1,5,synthetic_rule_based,pending_expert_review,train,20260817,"Theme-conditioned preferences; cake guest band 8-25; decor-conditioned venue/budget; layout derived from guests, venue and decor."
BSAR0221,wedding,home,27,6.2,5.4,33.5,131000,4852,adult,night,purple,elegant,traditional_luxury,single_tier_square,flower_wall,single_cake_table,27,bakesmart_rule_generator_v1,5,synthetic_rule_based,pending_expert_review,train,20260817,"Theme-conditioned preferences; cake guest band 15-40; decor-conditioned venue/budget; layout derived from guests, venue and decor."
BSAR0222,anniversary,hall,13,5.9,4.6,27.1,53000,4077,adult,day,white,elegant,elegant_gold,single_tier_round,rustic_wood_setup,single_cake_table,13,bakesmart_rule_generator_v1,5,synthetic_rule_based,pending_expert_review,train,20260817,"Theme-conditioned preferences; cake guest band 8-25; decor-conditioned venue/budget; layout derived from guests, venue and decor."
BSAR0223,birthday,restaurant,205,18.8,15.6,293.3,1686000,8224,teenager,night,green,minimal,modern_minimal,three_tier_luxury,luxury_stage,full_stage_setup,205,bakesmart_rule_generator_v1,4,synthetic_rule_based,pending_expert_review,train,20260817,"Theme-conditioned preferences; cake guest band 90-250; decor-conditioned venue/budget; layout derived from guests, venue and decor."
BSAR0224,baby_shower,outdoor,17,9.6,5.5,52.8,107000,6294,adult,day,white,colourful,pastel_floral,single_tier_round,flower_wall,single_cake_table,17,bakesmart_rule_generator_v1,5,synthetic_rule_based,pending_expert_review,train,20260817,"Theme-conditioned preferences; cake guest band 8-25; decor-conditioned venue/budget; layout derived from guests, venue and decor."
BSAR0225,wedding,hall,89,15.7,8.5,133.5,175000,1966,adult,day,green,rustic,rustic_natural,two_tier_round,minimal_backdrop,two_side_tables,89,bakesmart_rule_generator_v1,5,synthetic_rule_based,pending_expert_review,train,20260817,"Theme-conditioned preferences; cake guest band 35-90; decor-conditioned venue/budget; layout derived from guests, venue and decor."
BSAR0226,baby_shower,home,250,19.1,15.3,292.2,496000,1984,adult,day,mixed,minimal,pastel_floral,three_tier_luxury,minimal_backdrop,two_side_tables,250,bakesmart_rule_generator_v1,4,synthetic_rule_based,pending_expert_review,test,20260817,"Theme-conditioned preferences; cake guest band 90-250; decor-conditioned venue/budget; layout derived from guests, venue and decor."
BSAR0227,anniversary,hall,198,19.2,14.8,284.2,620000,3131,adult,night,purple,traditional,traditional_luxury,three_tier_luxury,flower_wall,full_stage_setup,198,bakesmart_rule_generator_v1,5,synthetic_rule_based,pending_expert_review,train,20260817,"Theme-conditioned preferences; cake guest band 90-250; decor-conditioned venue/budget; layout derived from guests, venue and decor."
BSAR0228,anniversary,hall,89,12.8,10.9,139.5,680000,7640,adult,day,green,minimal,modern_minimal,two_tier_round,luxury_stage,full_stage_setup,89,bakesmart_rule_generator_v1,5,synthetic_rule_based,pending_expert_review,train,20260817,"Theme-conditioned preferences; cake guest band 35-90; decor-conditioned venue/budget; layout derived from guests, venue and decor."
BSAR0229,birthday,restaurant,166,16.2,13.8,223.6,328000,1976,child,night,mixed,colourful,colourful_cartoon,three_tier_luxury,minimal_backdrop,two_side_tables,166,bakesmart_rule_generator_v1,5,synthetic_rule_based,pending_expert_review,train,20260817,"Theme-conditioned preferences; cake guest band 90-250; decor-conditioned venue/budget; layout derived from guests, venue and decor."
BSAR0230,birthday,restaurant,39,9.8,5.6,54.9,83000,2128,child,day,red,colourful,colourful_cartoon,single_tier_square,minimal_backdrop,cake_and_dessert_table,39,bakesmart_rule_generator_v1,5,synthetic_rule_based,pending_expert_review,train,20260817,"Theme-conditioned preferences; cake guest band 15-40; decor-conditioned venue/budget; layout derived from guests, venue and decor."
BSAR0231,anniversary,outdoor,61,14.1,7.6,107.2,478000,7836,adult,day,pink,minimal,pastel_floral,two_tier_round,luxury_stage,full_stage_setup,61,bakesmart_rule_generator_v1,4,synthetic_rule_based,pending_expert_review,test,20260817,"Theme-conditioned preferences; cake guest band 35-90; decor-conditioned venue/budget; layout derived from guests, venue and decor."
BSAR0232,birthday,outdoor,64,15.8,9,142.2,143000,2234,child,day,green,elegant,traditional_luxury,two_tier_floral,minimal_backdrop,cake_and_dessert_table,64,bakesmart_rule_generator_v1,5,synthetic_rule_based,pending_expert_review,train,20260817,"Theme-conditioned preferences; cake guest band 45-120; decor-conditioned venue/budget; layout derived from guests, venue and decor."
BSAR0233,baby_shower,hall,59,12.2,8.4,102.5,116000,1966,adult,day,gold,traditional,traditional_luxury,two_tier_round,balloon_setup,cake_and_dessert_table,59,bakesmart_rule_generator_v1,5,synthetic_rule_based,pending_expert_review,train,20260817,"Theme-conditioned preferences; cake guest band 35-90; decor-conditioned venue/budget; layout derived from guests, venue and decor."
BSAR0234,wedding,home,10,5.2,3.3,17.2,29000,2900,adult,day,pink,elegant,pastel_floral,single_tier_round,minimal_backdrop,single_cake_table,10,bakesmart_rule_generator_v1,5,synthetic_rule_based,pending_expert_review,train,20260817,"Theme-conditioned preferences; cake guest band 8-25; decor-conditioned venue/budget; layout derived from guests, venue and decor."
BSAR0235,birthday,hall,72,12.8,9.8,125.4,218000,3028,adult,night,gold,elegant,traditional_luxury,two_tier_round,rustic_wood_setup,two_side_tables,72,bakesmart_rule_generator_v1,5,synthetic_rule_based,pending_expert_review,train,20260817,"Theme-conditioned preferences; cake guest band 35-90; decor-conditioned venue/budget; layout derived from guests, venue and decor."
BSAR0236,birthday,hall,54,11.2,8.3,93,493000,9130,mixed,night,mixed,elegant,colourful_cartoon,two_tier_round,luxury_stage,full_stage_setup,54,bakesmart_rule_generator_v1,4,synthetic_rule_based,pending_expert_review,train,20260817,"Theme-conditioned preferences; cake guest band 35-90; decor-conditioned venue/budget; layout derived from guests, venue and decor."
BSAR0237,baby_shower,hall,29,8.3,6.2,51.5,129000,4448,adult,day,pink,minimal,pastel_floral,single_tier_square,flower_wall,single_cake_table,29,bakesmart_rule_generator_v1,4,synthetic_rule_based,pending_expert_review,validation,20260817,"Theme-conditioned preferences; cake guest band 15-40; decor-conditioned venue/budget; layout derived from guests, venue and decor."
BSAR0238,anniversary,restaurant,180,16.3,13.8,224.9,734000,4078,adult,day,blue,colourful,pastel_floral,three_tier_luxury,rustic_wood_setup,two_side_tables,180,bakesmart_rule_generator_v1,5,synthetic_rule_based,pending_expert_review,train,20260817,"Theme-conditioned preferences; cake guest band 90-250; decor-conditioned venue/budget; layout derived from guests, venue and decor."
BSAR0239,wedding,hall,59,12.1,6.8,82.3,470000,7966,mixed,day,mixed,rustic,rustic_natural,two_tier_floral,luxury_stage,full_stage_setup,59,bakesmart_rule_generator_v1,5,synthetic_rule_based,pending_expert_review,train,20260817,"Theme-conditioned preferences; cake guest band 45-120; decor-conditioned venue/budget; layout derived from guests, venue and decor."
BSAR0240,wedding,hall,248,24.5,14.8,362.6,744000,3000,adult,night,gold,traditional,traditional_luxury,three_tier_luxury,flower_wall,full_stage_setup,248,bakesmart_rule_generator_v1,5,synthetic_rule_based,pending_expert_review,train,20260817,"Theme-conditioned preferences; cake guest band 90-250; decor-conditioned venue/budget; layout derived from guests, venue and decor."
BSAR0241,baby_shower,hall,20,6.2,5.5,34.1,108000,5400,adult,night,purple,elegant,pastel_floral,single_tier_round,rustic_wood_setup,single_cake_table,20,bakesmart_rule_generator_v1,5,synthetic_rule_based,pending_expert_review,train,20260817,"Theme-conditioned preferences; cake guest band 8-25; decor-conditioned venue/budget; layout derived from guests, venue and decor."
BSAR0242,anniversary,restaurant,22,8.3,4.8,39.8,62000,2818,adult,night,gold,minimal,elegant_gold,single_tier_square,balloon_setup,single_cake_table,22,bakesmart_rule_generator_v1,4,synthetic_rule_based,pending_expert_review,train,20260817,"Theme-conditioned preferences; cake guest band 15-40; decor-conditioned venue/budget; layout derived from guests, venue and decor."
BSAR0243,graduation,hall,80,14.8,8.4,124.3,375000,4688,teenager,day,purple,elegant,pastel_floral,two_tier_floral,flower_wall,two_side_tables,80,bakesmart_rule_generator_v1,5,synthetic_rule_based,pending_expert_review,validation,20260817,"Theme-conditioned preferences; cake guest band 45-120; decor-conditioned venue/budget; layout derived from guests, venue and decor."
BSAR0244,baby_shower,hall,105,14.3,9.5,135.9,1040000,9905,adult,day,gold,minimal,modern_minimal,three_tier_luxury,luxury_stage,full_stage_setup,105,bakesmart_rule_generator_v1,5,synthetic_rule_based,pending_expert_review,test,20260817,"Theme-conditioned preferences; cake guest band 90-250; decor-conditioned venue/budget; layout derived from guests, venue and decor."
BSAR0245,birthday,restaurant,109,13.7,9.2,126,827000,7587,teenager,night,mixed,colourful,colourful_cartoon,two_tier_floral,luxury_stage,full_stage_setup,109,bakesmart_rule_generator_v1,4,synthetic_rule_based,pending_expert_review,validation,20260817,"Theme-conditioned preferences; cake guest band 45-120; decor-conditioned venue/budget; layout derived from guests, venue and decor."
BSAR0246,wedding,outdoor,66,13.9,7.5,104.3,173000,2621,adult,day,purple,traditional,traditional_luxury,two_tier_round,balloon_setup,cake_and_dessert_table,66,bakesmart_rule_generator_v1,5,synthetic_rule_based,pending_expert_review,train,20260817,"Theme-conditioned preferences; cake guest band 35-90; decor-conditioned venue/budget; layout derived from guests, venue and decor."
BSAR0247,wedding,hall,221,23.7,14.8,350.8,475000,2149,mixed,night,gold,traditional,traditional_luxury,three_tier_luxury,balloon_setup,full_stage_setup,221,bakesmart_rule_generator_v1,5,synthetic_rule_based,pending_expert_review,train,20260817,"Theme-conditioned preferences; cake guest band 90-250; decor-conditioned venue/budget; layout derived from guests, venue and decor."
BSAR0248,baby_shower,home,61,9.6,7.1,68.2,237000,3885,adult,day,purple,colourful,pastel_floral,two_tier_round,rustic_wood_setup,cake_and_dessert_table,61,bakesmart_rule_generator_v1,5,synthetic_rule_based,pending_expert_review,train,20260817,"Theme-conditioned preferences; cake guest band 35-90; decor-conditioned venue/budget; layout derived from guests, venue and decor."
BSAR0249,baby_shower,hall,179,18.3,11.8,215.9,538000,3006,adult,day,green,elegant,rustic_natural,three_tier_luxury,balloon_setup,full_stage_setup,179,bakesmart_rule_generator_v1,4,synthetic_rule_based,pending_expert_review,train,20260817,"Theme-conditioned preferences; cake guest band 90-250; decor-conditioned venue/budget; layout derived from guests, venue and decor."
BSAR0250,baby_shower,hall,15,9.1,4.8,43.7,212000,14133,adult,night,mixed,elegant,rustic_natural,single_tier_round,luxury_stage,full_stage_setup,15,bakesmart_rule_generator_v1,4,synthetic_rule_based,pending_expert_review,train,20260817,"Theme-conditioned preferences; cake guest band 8-25; decor-conditioned venue/budget; layout derived from guests, venue and decor."
BSAR0251,wedding,home,104,11.7,7.7,90.1,213000,2048,adult,night,red,elegant,elegant_gold,two_tier_floral,balloon_setup,two_side_tables,104,bakesmart_rule_generator_v1,5,synthetic_rule_based,pending_expert_review,train,20260817,"Theme-conditioned preferences; cake guest band 45-120; decor-conditioned venue/budget; layout derived from guests, venue and decor."
BSAR0252,wedding,outdoor,186,19.9,14.3,284.6,581000,3124,adult,night,gold,traditional,traditional_luxury,three_tier_luxury,flower_wall,two_side_tables,186,bakesmart_rule_generator_v1,5,synthetic_rule_based,pending_expert_review,train,20260817,"Theme-conditioned preferences; cake guest band 90-250; decor-conditioned venue/budget; layout derived from guests, venue and decor."
BSAR0253,wedding,home,59,9.6,6.7,64.3,166000,2814,adult,night,red,traditional,traditional_luxury,two_tier_floral,balloon_setup,cake_and_dessert_table,59,bakesmart_rule_generator_v1,5,synthetic_rule_based,pending_expert_review,train,20260817,"Theme-conditioned preferences; cake guest band 45-120; decor-conditioned venue/budget; layout derived from guests, venue and decor."
BSAR0254,anniversary,hall,185,21.4,11.3,241.8,371000,2005,adult,day,mixed,colourful,colourful_cartoon,three_tier_luxury,minimal_backdrop,full_stage_setup,185,bakesmart_rule_generator_v1,3,synthetic_rule_based,pending_expert_review,validation,20260817,"Theme-conditioned preferences; cake guest band 90-250; decor-conditioned venue/budget; layout derived from guests, venue and decor."
BSAR0255,anniversary,hall,17,7.4,6,44.4,157000,9235,adult,night,gold,rustic,rustic_natural,single_tier_square,luxury_stage,full_stage_setup,17,bakesmart_rule_generator_v1,5,synthetic_rule_based,pending_expert_review,train,20260817,"Theme-conditioned preferences; cake guest band 15-40; decor-conditioned venue/budget; layout derived from guests, venue and decor."
BSAR0256,anniversary,hall,103,15.2,8.8,133.8,445000,4320,mixed,night,gold,traditional,elegant_gold,two_tier_floral,flower_wall,two_side_tables,103,bakesmart_rule_generator_v1,4,synthetic_rule_based,pending_expert_review,train,20260817,"Theme-conditioned preferences; cake guest band 45-120; decor-conditioned venue/budget; layout derived from guests, venue and decor."
BSAR0257,birthday,outdoor,49,13.9,8,111.2,269000,5490,child,night,red,traditional,traditional_luxury,two_tier_round,flower_wall,cake_and_dessert_table,49,bakesmart_rule_generator_v1,5,synthetic_rule_based,pending_expert_review,train,20260817,"Theme-conditioned preferences; cake guest band 35-90; decor-conditioned venue/budget; layout derived from guests, venue and decor."
BSAR0258,wedding,home,29,6.4,5.4,34.6,108000,3724,adult,day,purple,elegant,pastel_floral,single_tier_square,balloon_setup,single_cake_table,29,bakesmart_rule_generator_v1,5,synthetic_rule_based,pending_expert_review,train,20260817,"Theme-conditioned preferences; cake guest band 15-40; decor-conditioned venue/budget; layout derived from guests, venue and decor."
BSAR0259,anniversary,hall,19,8,5.4,43.2,141000,7421,adult,day,white,elegant,elegant_gold,single_tier_round,flower_wall,single_cake_table,19,bakesmart_rule_generator_v1,5,synthetic_rule_based,pending_expert_review,train,20260817,"Theme-conditioned preferences; cake guest band 8-25; decor-conditioned venue/budget; layout derived from guests, venue and decor."
BSAR0260,anniversary,home,43,7,6.3,44.1,144000,3349,adult,night,green,traditional,traditional_luxury,two_tier_round,rustic_wood_setup,cake_and_dessert_table,43,bakesmart_rule_generator_v1,5,synthetic_rule_based,pending_expert_review,train,20260817,"Theme-conditioned preferences; cake guest band 35-90; decor-conditioned venue/budget; layout derived from guests, venue and decor."
BSAR0261,graduation,outdoor,76,16.2,9.9,160.4,258000,3395,teenager,night,gold,elegant,elegant_gold,two_tier_floral,rustic_wood_setup,two_side_tables,76,bakesmart_rule_generator_v1,5,synthetic_rule_based,pending_expert_review,train,20260817,"Theme-conditioned preferences; cake guest band 45-120; decor-conditioned venue/budget; layout derived from guests, venue and decor."
BSAR0262,wedding,hall,15,6.3,4.8,30.2,220000,14667,mixed,night,gold,traditional,traditional_luxury,single_tier_round,luxury_stage,full_stage_setup,15,bakesmart_rule_generator_v1,5,synthetic_rule_based,pending_expert_review,test,20260817,"Theme-conditioned preferences; cake guest band 8-25; decor-conditioned venue/budget; layout derived from guests, venue and decor."
BSAR0263,wedding,restaurant,18,7.2,5,36,61000,3389,mixed,night,white,colourful,pastel_floral,single_tier_square,rustic_wood_setup,single_cake_table,18,bakesmart_rule_generator_v1,5,synthetic_rule_based,pending_expert_review,train,20260817,"Theme-conditioned preferences; cake guest band 15-40; decor-conditioned venue/budget; layout derived from guests, venue and decor."
BSAR0264,wedding,hall,62,10.6,8.6,91.2,211000,3403,adult,night,gold,minimal,modern_minimal,two_tier_floral,rustic_wood_setup,cake_and_dessert_table,62,bakesmart_rule_generator_v1,5,synthetic_rule_based,pending_expert_review,train,20260817,"Theme-conditioned preferences; cake guest band 45-120; decor-conditioned venue/budget; layout derived from guests, venue and decor."
BSAR0265,anniversary,hall,118,17.3,9.6,166.1,424000,3593,adult,night,blue,elegant,pastel_floral,three_tier_luxury,balloon_setup,full_stage_setup,118,bakesmart_rule_generator_v1,5,synthetic_rule_based,pending_expert_review,train,20260817,"Theme-conditioned preferences; cake guest band 90-250; decor-conditioned venue/budget; layout derived from guests, venue and decor."
BSAR0266,baby_shower,home,19,6.4,4.5,28.8,68000,3579,adult,night,purple,colourful,pastel_floral,single_tier_round,rustic_wood_setup,single_cake_table,19,bakesmart_rule_generator_v1,5,synthetic_rule_based,pending_expert_review,train,20260817,"Theme-conditioned preferences; cake guest band 8-25; decor-conditioned venue/budget; layout derived from guests, venue and decor."
BSAR0267,wedding,home,35,9.4,5.3,49.8,75000,2143,mixed,day,gold,elegant,elegant_gold,two_tier_round,balloon_setup,cake_and_dessert_table,35,bakesmart_rule_generator_v1,5,synthetic_rule_based,pending_expert_review,train,20260817,"Theme-conditioned preferences; cake guest band 35-90; decor-conditioned venue/budget; layout derived from guests, venue and decor."
BSAR0268,wedding,hall,66,12.3,7.8,95.9,169000,2561,adult,night,gold,minimal,elegant_gold,two_tier_round,rustic_wood_setup,cake_and_dessert_table,66,bakesmart_rule_generator_v1,4,synthetic_rule_based,pending_expert_review,train,20260817,"Theme-conditioned preferences; cake guest band 35-90; decor-conditioned venue/budget; layout derived from guests, venue and decor."
BSAR0269,graduation,hall,24,6.4,5.3,33.9,81000,3375,teenager,day,red,elegant,elegant_gold,single_tier_square,rustic_wood_setup,single_cake_table,24,bakesmart_rule_generator_v1,5,synthetic_rule_based,pending_expert_review,train,20260817,"Theme-conditioned preferences; cake guest band 15-40; decor-conditioned venue/budget; layout derived from guests, venue and decor."
BSAR0270,graduation,hall,218,20.4,13.4,273.4,521000,2390,teenager,day,pink,colourful,colourful_cartoon,three_tier_luxury,minimal_backdrop,full_stage_setup,218,bakesmart_rule_generator_v1,5,synthetic_rule_based,pending_expert_review,train,20260817,"Theme-conditioned preferences; cake guest band 90-250; decor-conditioned venue/budget; layout derived from guests, venue and decor."
BSAR0271,anniversary,hall,19,8.3,5.6,46.5,36000,1895,mixed,night,white,elegant,elegant_gold,single_tier_square,minimal_backdrop,single_cake_table,19,bakesmart_rule_generator_v1,5,synthetic_rule_based,pending_expert_review,validation,20260817,"Theme-conditioned preferences; cake guest band 15-40; decor-conditioned venue/budget; layout derived from guests, venue and decor."
BSAR0272,wedding,home,38,7.6,5.5,41.8,104000,2737,adult,night,white,traditional,elegant_gold,two_tier_round,balloon_setup,cake_and_dessert_table,38,bakesmart_rule_generator_v1,4,synthetic_rule_based,pending_expert_review,train,20260817,"Theme-conditioned preferences; cake guest band 35-90; decor-conditioned venue/budget; layout derived from guests, venue and decor."
BSAR0273,birthday,hall,28,8.6,6.4,55,455000,16250,teenager,night,pink,elegant,pastel_floral,single_tier_square,luxury_stage,full_stage_setup,28,bakesmart_rule_generator_v1,5,synthetic_rule_based,pending_expert_review,test,20260817,"Theme-conditioned preferences; cake guest band 15-40; decor-conditioned venue/budget; layout derived from guests, venue and decor."
BSAR0274,birthday,hall,132,21.1,11.4,240.5,453000,3432,child,day,blue,colourful,colourful_cartoon,three_tier_luxury,flower_wall,full_stage_setup,132,bakesmart_rule_generator_v1,5,synthetic_rule_based,pending_expert_review,train,20260817,"Theme-conditioned preferences; cake guest band 90-250; decor-conditioned venue/budget; layout derived from guests, venue and decor."
BSAR0275,graduation,home,87,10.5,9.5,99.8,453000,5207,mixed,night,white,elegant,elegant_gold,two_tier_round,flower_wall,two_side_tables,87,bakesmart_rule_generator_v1,5,synthetic_rule_based,pending_expert_review,train,20260817,"Theme-conditioned preferences; cake guest band 35-90; decor-conditioned venue/budget; layout derived from guests, venue and decor."
BSAR0276,birthday,restaurant,113,14.3,11.3,161.6,600000,5310,teenager,night,pink,colourful,pastel_floral,two_tier_floral,flower_wall,two_side_tables,113,bakesmart_rule_generator_v1,5,synthetic_rule_based,pending_expert_review,test,20260817,"Theme-conditioned preferences; cake guest band 45-120; decor-conditioned venue/budget; layout derived from guests, venue and decor."
BSAR0277,birthday,hall,127,16.6,13.3,220.8,643000,5063,teenager,night,gold,rustic,rustic_natural,three_tier_luxury,flower_wall,full_stage_setup,127,bakesmart_rule_generator_v1,5,synthetic_rule_based,pending_expert_review,train,20260817,"Theme-conditioned preferences; cake guest band 90-250; decor-conditioned venue/budget; layout derived from guests, venue and decor."
BSAR0278,birthday,outdoor,104,14.1,12.5,176.3,599000,5760,mixed,day,mixed,colourful,colourful_cartoon,two_tier_floral,luxury_stage,full_stage_setup,104,bakesmart_rule_generator_v1,4,synthetic_rule_based,pending_expert_review,train,20260817,"Theme-conditioned preferences; cake guest band 45-120; decor-conditioned venue/budget; layout derived from guests, venue and decor."
BSAR0279,wedding,home,219,20.7,11.4,236,459000,2096,adult,night,white,elegant,elegant_gold,three_tier_luxury,minimal_backdrop,two_side_tables,219,bakesmart_rule_generator_v1,5,synthetic_rule_based,pending_expert_review,train,20260817,"Theme-conditioned preferences; cake guest band 90-250; decor-conditioned venue/budget; layout derived from guests, venue and decor."
BSAR0280,birthday,home,18,5.6,3.4,19,67000,3722,mixed,day,green,rustic,rustic_natural,single_tier_square,balloon_setup,single_cake_table,18,bakesmart_rule_generator_v1,5,synthetic_rule_based,pending_expert_review,train,20260817,"Theme-conditioned preferences; cake guest band 15-40; decor-conditioned venue/budget; layout derived from guests, venue and decor."
BSAR0281,wedding,restaurant,85,12.5,8.3,103.8,198000,2329,adult,night,purple,elegant,traditional_luxury,two_tier_round,minimal_backdrop,two_side_tables,85,bakesmart_rule_generator_v1,5,synthetic_rule_based,pending_expert_review,train,20260817,"Theme-conditioned preferences; cake guest band 35-90; decor-conditioned venue/budget; layout derived from guests, venue and decor."
BSAR0282,birthday,outdoor,80,12,10.5,126,195000,2438,adult,day,mixed,colourful,colourful_cartoon,two_tier_floral,rustic_wood_setup,two_side_tables,80,bakesmart_rule_generator_v1,5,synthetic_rule_based,pending_expert_review,train,20260817,"Theme-conditioned preferences; cake guest band 45-120; decor-conditioned venue/budget; layout derived from guests, venue and decor."
BSAR0283,graduation,outdoor,84,15.2,10.9,165.7,225000,2679,adult,night,red,elegant,elegant_gold,two_tier_floral,balloon_setup,two_side_tables,84,bakesmart_rule_generator_v1,5,synthetic_rule_based,pending_expert_review,train,20260817,"Theme-conditioned preferences; cake guest band 45-120; decor-conditioned venue/budget; layout derived from guests, venue and decor."
BSAR0284,wedding,hall,62,12.8,9.1,116.5,264000,4258,adult,day,green,minimal,modern_minimal,two_tier_round,rustic_wood_setup,cake_and_dessert_table,62,bakesmart_rule_generator_v1,5,synthetic_rule_based,pending_expert_review,train,20260817,"Theme-conditioned preferences; cake guest band 35-90; decor-conditioned venue/budget; layout derived from guests, venue and decor."
BSAR0285,anniversary,hall,23,8.3,4.9,40.7,66000,2870,adult,night,red,elegant,elegant_gold,single_tier_square,minimal_backdrop,single_cake_table,23,bakesmart_rule_generator_v1,5,synthetic_rule_based,pending_expert_review,train,20260817,"Theme-conditioned preferences; cake guest band 15-40; decor-conditioned venue/budget; layout derived from guests, venue and decor."
BSAR0286,birthday,home,105,12.5,8.2,102.5,188000,1790,child,day,white,minimal,modern_minimal,two_tier_floral,minimal_backdrop,two_side_tables,105,bakesmart_rule_generator_v1,5,synthetic_rule_based,pending_expert_review,validation,20260817,"Theme-conditioned preferences; cake guest band 45-120; decor-conditioned venue/budget; layout derived from guests, venue and decor."
BSAR0287,anniversary,hall,87,12.3,11.2,137.8,174000,2000,adult,day,gold,minimal,modern_minimal,two_tier_round,balloon_setup,two_side_tables,87,bakesmart_rule_generator_v1,5,synthetic_rule_based,pending_expert_review,train,20260817,"Theme-conditioned preferences; cake guest band 35-90; decor-conditioned venue/budget; layout derived from guests, venue and decor."
BSAR0288,birthday,outdoor,101,13.9,11.1,154.3,257000,2545,adult,day,blue,colourful,colourful_cartoon,two_tier_floral,rustic_wood_setup,two_side_tables,101,bakesmart_rule_generator_v1,5,synthetic_rule_based,pending_expert_review,train,20260817,"Theme-conditioned preferences; cake guest band 45-120; decor-conditioned venue/budget; layout derived from guests, venue and decor."
BSAR0289,birthday,restaurant,23,8,6.1,48.8,46000,2000,child,day,gold,traditional,traditional_luxury,single_tier_square,minimal_backdrop,single_cake_table,23,bakesmart_rule_generator_v1,5,synthetic_rule_based,pending_expert_review,train,20260817,"Theme-conditioned preferences; cake guest band 15-40; decor-conditioned venue/budget; layout derived from guests, venue and decor."
BSAR0290,graduation,outdoor,40,11.6,6.8,78.9,138000,3450,teenager,night,white,rustic,rustic_natural,two_tier_round,balloon_setup,cake_and_dessert_table,40,bakesmart_rule_generator_v1,5,synthetic_rule_based,pending_expert_review,train,20260817,"Theme-conditioned preferences; cake guest band 35-90; decor-conditioned venue/budget; layout derived from guests, venue and decor."
BSAR0291,wedding,hall,82,11.6,10,116,556000,6780,adult,night,green,traditional,traditional_luxury,two_tier_floral,luxury_stage,full_stage_setup,82,bakesmart_rule_generator_v1,5,synthetic_rule_based,pending_expert_review,train,20260817,"Theme-conditioned preferences; cake guest band 45-120; decor-conditioned venue/budget; layout derived from guests, venue and decor."
BSAR0292,birthday,restaurant,71,14.4,7.8,112.3,226000,3183,adult,day,white,elegant,rustic_natural,two_tier_floral,flower_wall,two_side_tables,71,bakesmart_rule_generator_v1,4,synthetic_rule_based,pending_expert_review,train,20260817,"Theme-conditioned preferences; cake guest band 45-120; decor-conditioned venue/budget; layout derived from guests, venue and decor."
BSAR0293,wedding,home,69,11.7,6.4,74.9,116000,1681,adult,night,gold,minimal,elegant_gold,two_tier_round,minimal_backdrop,cake_and_dessert_table,69,bakesmart_rule_generator_v1,4,synthetic_rule_based,pending_expert_review,test,20260817,"Theme-conditioned preferences; cake guest band 35-90; decor-conditioned venue/budget; layout derived from guests, venue and decor."
BSAR0294,graduation,home,83,11.2,8.2,91.8,170000,2048,teenager,day,gold,elegant,modern_minimal,two_tier_floral,minimal_backdrop,two_side_tables,83,bakesmart_rule_generator_v1,4,synthetic_rule_based,pending_expert_review,train,20260817,"Theme-conditioned preferences; cake guest band 45-120; decor-conditioned venue/budget; layout derived from guests, venue and decor."
BSAR0295,anniversary,hall,215,25.4,15,381,990000,4605,adult,night,mixed,colourful,colourful_cartoon,three_tier_luxury,flower_wall,full_stage_setup,215,bakesmart_rule_generator_v1,3,synthetic_rule_based,pending_expert_review,test,20260817,"Theme-conditioned preferences; cake guest band 90-250; decor-conditioned venue/budget; layout derived from guests, venue and decor."
BSAR0296,baby_shower,restaurant,112,15,9.3,139.5,286000,2554,adult,day,white,elegant,rustic_natural,two_tier_floral,balloon_setup,two_side_tables,112,bakesmart_rule_generator_v1,4,synthetic_rule_based,pending_expert_review,train,20260817,"Theme-conditioned preferences; cake guest band 45-120; decor-conditioned venue/budget; layout derived from guests, venue and decor."
BSAR0297,anniversary,home,24,6.4,4.1,26.2,52000,2167,adult,day,red,rustic,rustic_natural,single_tier_round,balloon_setup,single_cake_table,24,bakesmart_rule_generator_v1,5,synthetic_rule_based,pending_expert_review,train,20260817,"Theme-conditioned preferences; cake guest band 8-25; decor-conditioned venue/budget; layout derived from guests, venue and decor."
BSAR0298,birthday,hall,210,19.1,14.3,273.1,333000,1586,adult,day,purple,colourful,colourful_cartoon,three_tier_luxury,balloon_setup,full_stage_setup,210,bakesmart_rule_generator_v1,5,synthetic_rule_based,pending_expert_review,train,20260817,"Theme-conditioned preferences; cake guest band 90-250; decor-conditioned venue/budget; layout derived from guests, venue and decor."
BSAR0299,graduation,outdoor,111,17,10.5,178.5,483000,4351,adult,day,white,elegant,modern_minimal,three_tier_luxury,rustic_wood_setup,two_side_tables,111,bakesmart_rule_generator_v1,4,synthetic_rule_based,pending_expert_review,test,20260817,"Theme-conditioned preferences; cake guest band 90-250; decor-conditioned venue/budget; layout derived from guests, venue and decor."
BSAR0300,birthday,hall,45,9.6,6.4,61.4,192000,4267,child,night,gold,elegant,elegant_gold,two_tier_round,rustic_wood_setup,cake_and_dessert_table,45,bakesmart_rule_generator_v1,5,synthetic_rule_based,pending_expert_review,test,20260817,"Theme-conditioned preferences; cake guest band 35-90; decor-conditioned venue/budget; layout derived from guests, venue and decor."
BSAR0301,wedding,hall,9,5.3,3.8,20.1,39000,4333,adult,day,blue,rustic,pastel_floral,single_tier_round,balloon_setup,single_cake_table,9,bakesmart_rule_generator_v1,4,synthetic_rule_based,pending_expert_review,train,20260817,"Theme-conditioned preferences; cake guest band 8-25; decor-conditioned venue/budget; layout derived from guests, venue and decor."
BSAR0302,wedding,outdoor,22,7.5,5.7,42.8,57000,2591,adult,night,gold,elegant,elegant_gold,single_tier_square,balloon_setup,single_cake_table,22,bakesmart_rule_generator_v1,5,synthetic_rule_based,pending_expert_review,test,20260817,"Theme-conditioned preferences; cake guest band 15-40; decor-conditioned venue/budget; layout derived from guests, venue and decor."
BSAR0303,wedding,hall,83,12.7,8.4,106.7,361000,4349,mixed,day,red,traditional,traditional_luxury,two_tier_round,rustic_wood_setup,two_side_tables,83,bakesmart_rule_generator_v1,5,synthetic_rule_based,pending_expert_review,test,20260817,"Theme-conditioned preferences; cake guest band 35-90; decor-conditioned venue/budget; layout derived from guests, venue and decor."
BSAR0304,birthday,hall,18,8.7,5,43.5,315000,17500,teenager,day,mixed,minimal,colourful_cartoon,single_tier_round,luxury_stage,full_stage_setup,18,bakesmart_rule_generator_v1,4,synthetic_rule_based,pending_expert_review,train,20260817,"Theme-conditioned preferences; cake guest band 8-25; decor-conditioned venue/budget; layout derived from guests, venue and decor."
BSAR0305,wedding,hall,58,10.9,7.1,77.4,245000,4224,adult,night,green,minimal,modern_minimal,two_tier_round,flower_wall,cake_and_dessert_table,58,bakesmart_rule_generator_v1,5,synthetic_rule_based,pending_expert_review,train,20260817,"Theme-conditioned preferences; cake guest band 35-90; decor-conditioned venue/budget; layout derived from guests, venue and decor."
BSAR0306,birthday,outdoor,226,26.6,17.2,457.5,1249000,5527,child,night,white,traditional,traditional_luxury,three_tier_luxury,luxury_stage,full_stage_setup,226,bakesmart_rule_generator_v1,4,synthetic_rule_based,pending_expert_review,train,20260817,"Theme-conditioned preferences; cake guest band 90-250; decor-conditioned venue/budget; layout derived from guests, venue and decor."
BSAR0307,anniversary,outdoor,38,9.6,7.7,73.9,107000,2816,mixed,night,green,minimal,rustic_natural,single_tier_square,balloon_setup,cake_and_dessert_table,38,bakesmart_rule_generator_v1,4,synthetic_rule_based,pending_expert_review,train,20260817,"Theme-conditioned preferences; cake guest band 15-40; decor-conditioned venue/budget; layout derived from guests, venue and decor."
BSAR0308,graduation,outdoor,10,6.3,5.2,32.8,42000,4200,adult,night,white,minimal,modern_minimal,single_tier_round,minimal_backdrop,single_cake_table,10,bakesmart_rule_generator_v1,5,synthetic_rule_based,pending_expert_review,train,20260817,"Theme-conditioned preferences; cake guest band 8-25; decor-conditioned venue/budget; layout derived from guests, venue and decor."
BSAR0309,anniversary,hall,242,19.4,16.6,322,1483000,6128,adult,night,mixed,rustic,rustic_natural,three_tier_luxury,luxury_stage,full_stage_setup,242,bakesmart_rule_generator_v1,5,synthetic_rule_based,pending_expert_review,train,20260817,"Theme-conditioned preferences; cake guest band 90-250; decor-conditioned venue/budget; layout derived from guests, venue and decor."
BSAR0310,anniversary,home,84,12.9,6.8,87.7,431000,5131,adult,day,gold,traditional,traditional_luxury,two_tier_floral,flower_wall,two_side_tables,84,bakesmart_rule_generator_v1,5,synthetic_rule_based,pending_expert_review,validation,20260817,"Theme-conditioned preferences; cake guest band 45-120; decor-conditioned venue/budget; layout derived from guests, venue and decor."
BSAR0311,wedding,hall,23,8.6,5.3,45.6,77000,3348,mixed,day,pink,colourful,pastel_floral,single_tier_square,minimal_backdrop,single_cake_table,23,bakesmart_rule_generator_v1,5,synthetic_rule_based,pending_expert_review,train,20260817,"Theme-conditioned preferences; cake guest band 15-40; decor-conditioned venue/budget; layout derived from guests, venue and decor."
BSAR0312,birthday,hall,33,8.4,7.1,59.6,294000,8909,adult,day,purple,minimal,pastel_floral,single_tier_square,luxury_stage,full_stage_setup,33,bakesmart_rule_generator_v1,4,synthetic_rule_based,pending_expert_review,train,20260817,"Theme-conditioned preferences; cake guest band 15-40; decor-conditioned venue/budget; layout derived from guests, venue and decor."
BSAR0313,wedding,hall,20,8.8,4.7,41.4,62000,3100,adult,night,gold,minimal,modern_minimal,single_tier_round,balloon_setup,single_cake_table,20,bakesmart_rule_generator_v1,5,synthetic_rule_based,pending_expert_review,train,20260817,"Theme-conditioned preferences; cake guest band 8-25; decor-conditioned venue/budget; layout derived from guests, venue and decor."
BSAR0314,graduation,outdoor,102,16.6,12.5,207.5,354000,3471,teenager,day,pink,minimal,colourful_cartoon,two_tier_floral,rustic_wood_setup,two_side_tables,102,bakesmart_rule_generator_v1,4,synthetic_rule_based,pending_expert_review,train,20260817,"Theme-conditioned preferences; cake guest band 45-120; decor-conditioned venue/budget; layout derived from guests, venue and decor."
BSAR0315,graduation,home,21,6,4.5,27,59000,2810,teenager,day,mixed,elegant,modern_minimal,single_tier_square,minimal_backdrop,single_cake_table,21,bakesmart_rule_generator_v1,4,synthetic_rule_based,pending_expert_review,train,20260817,"Theme-conditioned preferences; cake guest band 15-40; decor-conditioned venue/budget; layout derived from guests, venue and decor."
BSAR0316,anniversary,hall,15,5.9,5.2,30.7,61000,4067,adult,night,white,elegant,elegant_gold,single_tier_square,rustic_wood_setup,single_cake_table,15,bakesmart_rule_generator_v1,5,synthetic_rule_based,pending_expert_review,train,20260817,"Theme-conditioned preferences; cake guest band 15-40; decor-conditioned venue/budget; layout derived from guests, venue and decor."
BSAR0317,anniversary,restaurant,95,12.9,10.1,130.3,503000,5295,adult,day,white,elegant,pastel_floral,two_tier_floral,flower_wall,two_side_tables,95,bakesmart_rule_generator_v1,5,synthetic_rule_based,pending_expert_review,train,20260817,"Theme-conditioned preferences; cake guest band 45-120; decor-conditioned venue/budget; layout derived from guests, venue and decor."
BSAR0318,birthday,home,20,6.6,4.9,32.3,115000,5750,adult,day,white,rustic,rustic_natural,single_tier_square,flower_wall,single_cake_table,20,bakesmart_rule_generator_v1,5,synthetic_rule_based,pending_expert_review,validation,20260817,"Theme-conditioned preferences; cake guest band 15-40; decor-conditioned venue/budget; layout derived from guests, venue and decor."
BSAR0319,anniversary,outdoor,16,8.7,5.4,47,58000,3625,adult,day,gold,minimal,modern_minimal,single_tier_round,balloon_setup,single_cake_table,16,bakesmart_rule_generator_v1,5,synthetic_rule_based,pending_expert_review,train,20260817,"Theme-conditioned preferences; cake guest band 8-25; decor-conditioned venue/budget; layout derived from guests, venue and decor."
BSAR0320,anniversary,hall,12,6.5,4.6,29.9,79000,6583,adult,night,white,elegant,elegant_gold,single_tier_round,flower_wall,single_cake_table,12,bakesmart_rule_generator_v1,5,synthetic_rule_based,pending_expert_review,train,20260817,"Theme-conditioned preferences; cake guest band 8-25; decor-conditioned venue/budget; layout derived from guests, venue and decor."
BSAR0321,anniversary,outdoor,222,27.3,15.5,423.2,520000,2342,adult,day,gold,elegant,elegant_gold,three_tier_luxury,rustic_wood_setup,two_side_tables,222,bakesmart_rule_generator_v1,5,synthetic_rule_based,pending_expert_review,validation,20260817,"Theme-conditioned preferences; cake guest band 90-250; decor-conditioned venue/budget; layout derived from guests, venue and decor."
BSAR0322,wedding,outdoor,30,10.4,6.9,71.8,120000,4000,adult,day,green,minimal,rustic_natural,single_tier_square,rustic_wood_setup,cake_and_dessert_table,30,bakesmart_rule_generator_v1,4,synthetic_rule_based,pending_expert_review,validation,20260817,"Theme-conditioned preferences; cake guest band 15-40; decor-conditioned venue/budget; layout derived from guests, venue and decor."
BSAR0323,wedding,outdoor,210,20.9,18.8,392.9,800000,3810,adult,night,mixed,elegant,elegant_gold,three_tier_luxury,rustic_wood_setup,two_side_tables,210,bakesmart_rule_generator_v1,5,synthetic_rule_based,pending_expert_review,train,20260817,"Theme-conditioned preferences; cake guest band 90-250; decor-conditioned venue/budget; layout derived from guests, venue and decor."
BSAR0324,birthday,hall,94,17.1,10.2,174.4,240000,2553,adult,day,white,elegant,rustic_natural,two_tier_floral,balloon_setup,two_side_tables,94,bakesmart_rule_generator_v1,4,synthetic_rule_based,pending_expert_review,train,20260817,"Theme-conditioned preferences; cake guest band 45-120; decor-conditioned venue/budget; layout derived from guests, venue and decor."
BSAR0325,anniversary,home,240,19.7,11.3,222.6,672000,2800,adult,night,white,elegant,modern_minimal,three_tier_luxury,balloon_setup,two_side_tables,240,bakesmart_rule_generator_v1,4,synthetic_rule_based,pending_expert_review,validation,20260817,"Theme-conditioned preferences; cake guest band 90-250; decor-conditioned venue/budget; layout derived from guests, venue and decor."
BSAR0326,anniversary,hall,100,15.7,11,172.7,974000,9740,mixed,night,gold,traditional,elegant_gold,two_tier_floral,luxury_stage,full_stage_setup,100,bakesmart_rule_generator_v1,4,synthetic_rule_based,pending_expert_review,validation,20260817,"Theme-conditioned preferences; cake guest band 45-120; decor-conditioned venue/budget; layout derived from guests, venue and decor."
BSAR0327,wedding,outdoor,39,11.3,6.3,71.2,123000,3154,adult,night,gold,elegant,elegant_gold,single_tier_square,rustic_wood_setup,cake_and_dessert_table,39,bakesmart_rule_generator_v1,5,synthetic_rule_based,pending_expert_review,train,20260817,"Theme-conditioned preferences; cake guest band 15-40; decor-conditioned venue/budget; layout derived from guests, venue and decor."
BSAR0328,baby_shower,hall,43,8.5,7,59.5,410000,9535,adult,night,green,elegant,traditional_luxury,two_tier_round,luxury_stage,full_stage_setup,43,bakesmart_rule_generator_v1,5,synthetic_rule_based,pending_expert_review,train,20260817,"Theme-conditioned preferences; cake guest band 35-90; decor-conditioned venue/budget; layout derived from guests, venue and decor."
BSAR0329,graduation,home,174,14.4,11.9,171.4,584000,3356,adult,night,purple,minimal,elegant_gold,three_tier_luxury,balloon_setup,two_side_tables,174,bakesmart_rule_generator_v1,4,synthetic_rule_based,pending_expert_review,train,20260817,"Theme-conditioned preferences; cake guest band 90-250; decor-conditioned venue/budget; layout derived from guests, venue and decor."
BSAR0330,birthday,hall,40,9.6,7.6,73,425000,10625,child,night,pink,traditional,colourful_cartoon,two_tier_round,luxury_stage,full_stage_setup,40,bakesmart_rule_generator_v1,4,synthetic_rule_based,pending_expert_review,train,20260817,"Theme-conditioned preferences; cake guest band 35-90; decor-conditioned venue/budget; layout derived from guests, venue and decor."
BSAR0331,anniversary,restaurant,13,6.2,4.6,28.5,245000,18846,adult,night,gold,traditional,elegant_gold,single_tier_round,luxury_stage,full_stage_setup,13,bakesmart_rule_generator_v1,4,synthetic_rule_based,pending_expert_review,validation,20260817,"Theme-conditioned preferences; cake guest band 8-25; decor-conditioned venue/budget; layout derived from guests, venue and decor."
BSAR0332,anniversary,restaurant,22,7,4.5,31.5,45000,2045,adult,day,gold,traditional,traditional_luxury,single_tier_round,minimal_backdrop,single_cake_table,22,bakesmart_rule_generator_v1,5,synthetic_rule_based,pending_expert_review,train,20260817,"Theme-conditioned preferences; cake guest band 8-25; decor-conditioned venue/budget; layout derived from guests, venue and decor."
BSAR0333,birthday,hall,81,14,7.7,107.8,233000,2877,child,night,pink,traditional,pastel_floral,two_tier_round,flower_wall,two_side_tables,81,bakesmart_rule_generator_v1,4,synthetic_rule_based,pending_expert_review,validation,20260817,"Theme-conditioned preferences; cake guest band 35-90; decor-conditioned venue/budget; layout derived from guests, venue and decor."
BSAR0334,wedding,home,20,6.2,4.4,27.3,129000,6450,mixed,day,purple,elegant,elegant_gold,single_tier_square,flower_wall,single_cake_table,20,bakesmart_rule_generator_v1,5,synthetic_rule_based,pending_expert_review,validation,20260817,"Theme-conditioned preferences; cake guest band 15-40; decor-conditioned venue/budget; layout derived from guests, venue and decor."
BSAR0335,graduation,home,16,5.8,4.2,24.4,47000,2938,mixed,night,red,colourful,colourful_cartoon,single_tier_round,minimal_backdrop,single_cake_table,16,bakesmart_rule_generator_v1,5,synthetic_rule_based,pending_expert_review,train,20260817,"Theme-conditioned preferences; cake guest band 8-25; decor-conditioned venue/budget; layout derived from guests, venue and decor."
BSAR0336,birthday,outdoor,28,9.8,6.3,61.7,168000,6000,adult,day,white,minimal,modern_minimal,single_tier_square,flower_wall,single_cake_table,28,bakesmart_rule_generator_v1,5,synthetic_rule_based,pending_expert_review,train,20260817,"Theme-conditioned preferences; cake guest band 15-40; decor-conditioned venue/budget; layout derived from guests, venue and decor."
BSAR0337,birthday,restaurant,203,23.6,12.9,304.4,424000,2089,adult,day,gold,traditional,traditional_luxury,three_tier_luxury,balloon_setup,two_side_tables,203,bakesmart_rule_generator_v1,5,synthetic_rule_based,pending_expert_review,validation,20260817,"Theme-conditioned preferences; cake guest band 90-250; decor-conditioned venue/budget; layout derived from guests, venue and decor."
BSAR0338,wedding,outdoor,37,11.3,7,79.1,220000,5946,mixed,day,white,minimal,modern_minimal,single_tier_square,flower_wall,cake_and_dessert_table,37,bakesmart_rule_generator_v1,5,synthetic_rule_based,pending_expert_review,test,20260817,"Theme-conditioned preferences; cake guest band 15-40; decor-conditioned venue/budget; layout derived from guests, venue and decor."
BSAR0339,birthday,restaurant,38,8.4,6.4,53.8,250000,6579,child,night,red,elegant,elegant_gold,single_tier_square,luxury_stage,full_stage_setup,38,bakesmart_rule_generator_v1,4,synthetic_rule_based,pending_expert_review,test,20260817,"Theme-conditioned preferences; cake guest band 15-40; decor-conditioned venue/budget; layout derived from guests, venue and decor."
BSAR0340,wedding,restaurant,22,7.8,4.7,36.7,300000,13636,adult,night,green,rustic,rustic_natural,single_tier_round,luxury_stage,full_stage_setup,22,bakesmart_rule_generator_v1,4,synthetic_rule_based,pending_expert_review,train,20260817,"Theme-conditioned preferences; cake guest band 8-25; decor-conditioned venue/budget; layout derived from guests, venue and decor."
BSAR0341,wedding,home,38,9.6,5.7,54.7,102000,2684,adult,night,gold,minimal,elegant_gold,single_tier_square,balloon_setup,cake_and_dessert_table,38,bakesmart_rule_generator_v1,4,synthetic_rule_based,pending_expert_review,train,20260817,"Theme-conditioned preferences; cake guest band 15-40; decor-conditioned venue/budget; layout derived from guests, venue and decor."
BSAR0342,birthday,hall,32,8.7,5.8,50.5,306000,9563,child,night,mixed,minimal,colourful_cartoon,single_tier_square,luxury_stage,full_stage_setup,32,bakesmart_rule_generator_v1,4,synthetic_rule_based,pending_expert_review,train,20260817,"Theme-conditioned preferences; cake guest band 15-40; decor-conditioned venue/budget; layout derived from guests, venue and decor."
BSAR0343,baby_shower,hall,23,8.6,5.3,45.6,95000,4130,adult,night,pink,colourful,colourful_cartoon,single_tier_round,rustic_wood_setup,single_cake_table,23,bakesmart_rule_generator_v1,5,synthetic_rule_based,pending_expert_review,train,20260817,"Theme-conditioned preferences; cake guest band 8-25; decor-conditioned venue/budget; layout derived from guests, venue and decor."
BSAR0344,anniversary,hall,240,20.3,14,284.2,1684000,7017,adult,day,gold,elegant,elegant_gold,three_tier_luxury,luxury_stage,full_stage_setup,240,bakesmart_rule_generator_v1,5,synthetic_rule_based,pending_expert_review,train,20260817,"Theme-conditioned preferences; cake guest band 90-250; decor-conditioned venue/budget; layout derived from guests, venue and decor."
BSAR0345,birthday,hall,129,19.7,11.4,224.6,1207000,9357,child,night,mixed,elegant,pastel_floral,three_tier_luxury,luxury_stage,full_stage_setup,129,bakesmart_rule_generator_v1,5,synthetic_rule_based,pending_expert_review,train,20260817,"Theme-conditioned preferences; cake guest band 90-250; decor-conditioned venue/budget; layout derived from guests, venue and decor."
BSAR0346,baby_shower,restaurant,108,13.6,9,122.4,219000,2028,mixed,night,pink,elegant,pastel_floral,three_tier_luxury,minimal_backdrop,two_side_tables,108,bakesmart_rule_generator_v1,5,synthetic_rule_based,pending_expert_review,test,20260817,"Theme-conditioned preferences; cake guest band 90-250; decor-conditioned venue/budget; layout derived from guests, venue and decor."
BSAR0347,wedding,hall,201,24.8,13.3,329.8,540000,2687,adult,day,white,elegant,elegant_gold,three_tier_luxury,minimal_backdrop,full_stage_setup,201,bakesmart_rule_generator_v1,5,synthetic_rule_based,pending_expert_review,train,20260817,"Theme-conditioned preferences; cake guest band 90-250; decor-conditioned venue/budget; layout derived from guests, venue and decor."
BSAR0348,baby_shower,restaurant,204,20.7,12.5,258.8,548000,2686,adult,night,pink,elegant,pastel_floral,three_tier_luxury,minimal_backdrop,two_side_tables,204,bakesmart_rule_generator_v1,5,synthetic_rule_based,pending_expert_review,train,20260817,"Theme-conditioned preferences; cake guest band 90-250; decor-conditioned venue/budget; layout derived from guests, venue and decor."
BSAR0349,baby_shower,hall,30,7.3,6.5,47.4,59000,1967,adult,night,white,elegant,pastel_floral,single_tier_square,minimal_backdrop,cake_and_dessert_table,30,bakesmart_rule_generator_v1,5,synthetic_rule_based,pending_expert_review,train,20260817,"Theme-conditioned preferences; cake guest band 15-40; decor-conditioned venue/budget; layout derived from guests, venue and decor."
BSAR0350,birthday,hall,74,13.5,8.9,120.2,663000,8959,child,day,pink,elegant,pastel_floral,two_tier_floral,luxury_stage,full_stage_setup,74,bakesmart_rule_generator_v1,5,synthetic_rule_based,pending_expert_review,train,20260817,"Theme-conditioned preferences; cake guest band 45-120; decor-conditioned venue/budget; layout derived from guests, venue and decor."
BSAR0351,birthday,hall,91,14,10.3,144.2,167000,1835,mixed,night,mixed,colourful,colourful_cartoon,two_tier_floral,balloon_setup,two_side_tables,91,bakesmart_rule_generator_v1,5,synthetic_rule_based,pending_expert_review,train,20260817,"Theme-conditioned preferences; cake guest band 45-120; decor-conditioned venue/budget; layout derived from guests, venue and decor."
BSAR0352,birthday,restaurant,34,7.6,6.5,49.4,132000,3882,teenager,night,white,minimal,modern_minimal,single_tier_square,flower_wall,cake_and_dessert_table,34,bakesmart_rule_generator_v1,5,synthetic_rule_based,pending_expert_review,validation,20260817,"Theme-conditioned preferences; cake guest band 15-40; decor-conditioned venue/budget; layout derived from guests, venue and decor."
BSAR0353,anniversary,hall,69,12.7,8,101.6,668000,9681,mixed,day,white,minimal,rustic_natural,two_tier_round,luxury_stage,full_stage_setup,69,bakesmart_rule_generator_v1,4,synthetic_rule_based,pending_expert_review,train,20260817,"Theme-conditioned preferences; cake guest band 35-90; decor-conditioned venue/budget; layout derived from guests, venue and decor."
BSAR0354,baby_shower,restaurant,98,13.1,10.9,142.8,302000,3082,adult,day,white,rustic,rustic_natural,two_tier_floral,rustic_wood_setup,two_side_tables,98,bakesmart_rule_generator_v1,5,synthetic_rule_based,pending_expert_review,train,20260817,"Theme-conditioned preferences; cake guest band 45-120; decor-conditioned venue/budget; layout derived from guests, venue and decor."
BSAR0355,wedding,hall,50,10.9,8.4,91.6,112000,2240,mixed,night,white,rustic,rustic_natural,two_tier_round,minimal_backdrop,cake_and_dessert_table,50,bakesmart_rule_generator_v1,5,synthetic_rule_based,pending_expert_review,validation,20260817,"Theme-conditioned preferences; cake guest band 35-90; decor-conditioned venue/budget; layout derived from guests, venue and decor."
BSAR0356,wedding,home,50,10.3,6.7,69,219000,4380,mixed,night,purple,elegant,traditional_luxury,two_tier_round,rustic_wood_setup,cake_and_dessert_table,50,bakesmart_rule_generator_v1,5,synthetic_rule_based,pending_expert_review,train,20260817,"Theme-conditioned preferences; cake guest band 35-90; decor-conditioned venue/budget; layout derived from guests, venue and decor."
BSAR0357,wedding,hall,25,9.3,5.9,54.9,53000,2120,adult,day,gold,elegant,elegant_gold,single_tier_round,balloon_setup,single_cake_table,25,bakesmart_rule_generator_v1,5,synthetic_rule_based,pending_expert_review,train,20260817,"Theme-conditioned preferences; cake guest band 8-25; decor-conditioned venue/budget; layout derived from guests, venue and decor."
BSAR0358,birthday,hall,39,10,6.9,69,177000,4538,child,night,red,colourful,colourful_cartoon,two_tier_round,flower_wall,cake_and_dessert_table,39,bakesmart_rule_generator_v1,5,synthetic_rule_based,pending_expert_review,validation,20260817,"Theme-conditioned preferences; cake guest band 35-90; decor-conditioned venue/budget; layout derived from guests, venue and decor."
BSAR0359,graduation,outdoor,19,7.4,4.5,33.3,86000,4526,adult,day,white,minimal,modern_minimal,single_tier_round,rustic_wood_setup,single_cake_table,19,bakesmart_rule_generator_v1,5,synthetic_rule_based,pending_expert_review,train,20260817,"Theme-conditioned preferences; cake guest band 8-25; decor-conditioned venue/budget; layout derived from guests, venue and decor."
BSAR0360,wedding,home,52,9,6.3,56.7,118000,2269,adult,night,red,elegant,elegant_gold,two_tier_floral,balloon_setup,cake_and_dessert_table,52,bakesmart_rule_generator_v1,5,synthetic_rule_based,pending_expert_review,train,20260817,"Theme-conditioned preferences; cake guest band 45-120; decor-conditioned venue/budget; layout derived from guests, venue and decor."
BSAR0361,wedding,restaurant,22,7.6,4.2,31.9,274000,12455,adult,night,white,rustic,rustic_natural,single_tier_round,luxury_stage,full_stage_setup,22,bakesmart_rule_generator_v1,4,synthetic_rule_based,pending_expert_review,train,20260817,"Theme-conditioned preferences; cake guest band 8-25; decor-conditioned venue/budget; layout derived from guests, venue and decor."
BSAR0362,wedding,restaurant,73,11.6,8.3,96.3,281000,3849,mixed,night,mixed,colourful,pastel_floral,two_tier_round,flower_wall,two_side_tables,73,bakesmart_rule_generator_v1,5,synthetic_rule_based,pending_expert_review,train,20260817,"Theme-conditioned preferences; cake guest band 35-90; decor-conditioned venue/budget; layout derived from guests, venue and decor."
BSAR0363,baby_shower,restaurant,103,12.2,10.5,128.1,274000,2660,adult,night,white,colourful,pastel_floral,two_tier_floral,minimal_backdrop,two_side_tables,103,bakesmart_rule_generator_v1,5,synthetic_rule_based,pending_expert_review,validation,20260817,"Theme-conditioned preferences; cake guest band 45-120; decor-conditioned venue/budget; layout derived from guests, venue and decor."
BSAR0364,wedding,hall,35,9.2,8.1,74.5,74000,2114,adult,night,green,minimal,modern_minimal,single_tier_square,minimal_backdrop,cake_and_dessert_table,35,bakesmart_rule_generator_v1,5,synthetic_rule_based,pending_expert_review,train,20260817,"Theme-conditioned preferences; cake guest band 15-40; decor-conditioned venue/budget; layout derived from guests, venue and decor."
BSAR0365,graduation,hall,28,8.4,6.3,52.9,100000,3571,teenager,night,blue,traditional,pastel_floral,single_tier_square,flower_wall,single_cake_table,28,bakesmart_rule_generator_v1,4,synthetic_rule_based,pending_expert_review,train,20260817,"Theme-conditioned preferences; cake guest band 15-40; decor-conditioned venue/budget; layout derived from guests, venue and decor."
BSAR0366,graduation,home,31,9.6,5.4,51.8,76000,2452,teenager,day,blue,minimal,modern_minimal,single_tier_square,minimal_backdrop,cake_and_dessert_table,31,bakesmart_rule_generator_v1,5,synthetic_rule_based,pending_expert_review,train,20260817,"Theme-conditioned preferences; cake guest band 15-40; decor-conditioned venue/budget; layout derived from guests, venue and decor."
BSAR0367,wedding,outdoor,23,7.2,5.2,37.4,190000,8261,adult,night,red,traditional,traditional_luxury,single_tier_round,luxury_stage,full_stage_setup,23,bakesmart_rule_generator_v1,4,synthetic_rule_based,pending_expert_review,train,20260817,"Theme-conditioned preferences; cake guest band 8-25; decor-conditioned venue/budget; layout derived from guests, venue and decor."
BSAR0368,baby_shower,hall,38,8.8,7.8,68.6,449000,11816,adult,night,pink,elegant,pastel_floral,two_tier_round,luxury_stage,full_stage_setup,38,bakesmart_rule_generator_v1,5,synthetic_rule_based,pending_expert_review,train,20260817,"Theme-conditioned preferences; cake guest band 35-90; decor-conditioned venue/budget; layout derived from guests, venue and decor."
BSAR0369,graduation,outdoor,18,8.1,4.7,38.1,90000,5000,mixed,night,white,elegant,elegant_gold,single_tier_round,rustic_wood_setup,single_cake_table,18,bakesmart_rule_generator_v1,5,synthetic_rule_based,pending_expert_review,train,20260817,"Theme-conditioned preferences; cake guest band 8-25; decor-conditioned venue/budget; layout derived from guests, venue and decor."
BSAR0370,birthday,outdoor,82,17.9,10.6,189.7,220000,2683,adult,day,mixed,elegant,pastel_floral,two_tier_round,flower_wall,two_side_tables,82,bakesmart_rule_generator_v1,5,synthetic_rule_based,pending_expert_review,train,20260817,"Theme-conditioned preferences; cake guest band 35-90; decor-conditioned venue/budget; layout derived from guests, venue and decor."
BSAR0371,baby_shower,hall,158,17.5,12.9,225.8,469000,2968,adult,day,pink,elegant,pastel_floral,three_tier_luxury,rustic_wood_setup,full_stage_setup,158,bakesmart_rule_generator_v1,5,synthetic_rule_based,pending_expert_review,validation,20260817,"Theme-conditioned preferences; cake guest band 90-250; decor-conditioned venue/budget; layout derived from guests, venue and decor."
BSAR0372,baby_shower,outdoor,85,15.7,11.4,179,327000,3847,adult,day,green,elegant,modern_minimal,two_tier_floral,flower_wall,two_side_tables,85,bakesmart_rule_generator_v1,4,synthetic_rule_based,pending_expert_review,validation,20260817,"Theme-conditioned preferences; cake guest band 45-120; decor-conditioned venue/budget; layout derived from guests, venue and decor."
BSAR0373,baby_shower,restaurant,8,5.3,3,15.9,65000,8125,adult,day,blue,colourful,colourful_cartoon,single_tier_round,rustic_wood_setup,single_cake_table,8,bakesmart_rule_generator_v1,5,synthetic_rule_based,pending_expert_review,train,20260817,"Theme-conditioned preferences; cake guest band 8-25; decor-conditioned venue/budget; layout derived from guests, venue and decor."
BSAR0374,anniversary,restaurant,82,14,8.1,113.4,235000,2866,adult,day,gold,elegant,elegant_gold,two_tier_floral,minimal_backdrop,two_side_tables,82,bakesmart_rule_generator_v1,5,synthetic_rule_based,pending_expert_review,validation,20260817,"Theme-conditioned preferences; cake guest band 45-120; decor-conditioned venue/budget; layout derived from guests, venue and decor."
BSAR0375,wedding,home,16,5.5,4.7,25.9,86000,5375,adult,day,green,rustic,rustic_natural,single_tier_square,flower_wall,single_cake_table,16,bakesmart_rule_generator_v1,5,synthetic_rule_based,pending_expert_review,train,20260817,"Theme-conditioned preferences; cake guest band 15-40; decor-conditioned venue/budget; layout derived from guests, venue and decor."
BSAR0376,graduation,home,72,10.5,7,73.5,130000,1806,adult,day,blue,colourful,colourful_cartoon,two_tier_floral,minimal_backdrop,two_side_tables,72,bakesmart_rule_generator_v1,5,synthetic_rule_based,pending_expert_review,train,20260817,"Theme-conditioned preferences; cake guest band 45-120; decor-conditioned venue/budget; layout derived from guests, venue and decor."
BSAR0377,anniversary,restaurant,37,10.5,5.6,58.8,314000,8486,adult,night,red,elegant,elegant_gold,two_tier_round,luxury_stage,full_stage_setup,37,bakesmart_rule_generator_v1,4,synthetic_rule_based,pending_expert_review,train,20260817,"Theme-conditioned preferences; cake guest band 35-90; decor-conditioned venue/budget; layout derived from guests, venue and decor."
BSAR0378,birthday,outdoor,187,23.1,12.6,291.1,611000,3267,child,night,white,elegant,rustic_natural,three_tier_luxury,balloon_setup,two_side_tables,187,bakesmart_rule_generator_v1,4,synthetic_rule_based,pending_expert_review,test,20260817,"Theme-conditioned preferences; cake guest band 90-250; decor-conditioned venue/budget; layout derived from guests, venue and decor."
BSAR0379,graduation,home,17,5.7,3.8,21.7,67000,3941,teenager,day,mixed,rustic,modern_minimal,single_tier_round,rustic_wood_setup,single_cake_table,17,bakesmart_rule_generator_v1,4,synthetic_rule_based,pending_expert_review,train,20260817,"Theme-conditioned preferences; cake guest band 8-25; decor-conditioned venue/budget; layout derived from guests, venue and decor."
BSAR0380,graduation,restaurant,201,17.1,13.8,236,1755000,8731,teenager,day,blue,minimal,pastel_floral,three_tier_luxury,luxury_stage,full_stage_setup,201,bakesmart_rule_generator_v1,4,synthetic_rule_based,pending_expert_review,train,20260817,"Theme-conditioned preferences; cake guest band 90-250; decor-conditioned venue/budget; layout derived from guests, venue and decor."
BSAR0381,birthday,hall,114,20,10.8,216,680000,5965,adult,night,mixed,colourful,colourful_cartoon,two_tier_floral,luxury_stage,full_stage_setup,114,bakesmart_rule_generator_v1,5,synthetic_rule_based,pending_expert_review,train,20260817,"Theme-conditioned preferences; cake guest band 45-120; decor-conditioned venue/budget; layout derived from guests, venue and decor."
BSAR0382,wedding,outdoor,113,15.5,13.1,203,338000,2991,adult,day,white,rustic,rustic_natural,two_tier_floral,balloon_setup,two_side_tables,113,bakesmart_rule_generator_v1,5,synthetic_rule_based,pending_expert_review,train,20260817,"Theme-conditioned preferences; cake guest band 45-120; decor-conditioned venue/budget; layout derived from guests, venue and decor."
BSAR0383,wedding,hall,35,9.8,5.5,53.9,137000,3914,mixed,day,green,rustic,rustic_natural,single_tier_square,flower_wall,cake_and_dessert_table,35,bakesmart_rule_generator_v1,5,synthetic_rule_based,pending_expert_review,train,20260817,"Theme-conditioned preferences; cake guest band 15-40; decor-conditioned venue/budget; layout derived from guests, venue and decor."
BSAR0384,birthday,outdoor,210,28.1,15.7,441.2,746000,3552,teenager,day,white,colourful,pastel_floral,three_tier_luxury,rustic_wood_setup,two_side_tables,210,bakesmart_rule_generator_v1,5,synthetic_rule_based,pending_expert_review,train,20260817,"Theme-conditioned preferences; cake guest band 90-250; decor-conditioned venue/budget; layout derived from guests, venue and decor."
BSAR0385,wedding,home,53,9.5,7.5,71.3,154000,2906,adult,day,red,rustic,rustic_natural,two_tier_floral,balloon_setup,cake_and_dessert_table,53,bakesmart_rule_generator_v1,5,synthetic_rule_based,pending_expert_review,train,20260817,"Theme-conditioned preferences; cake guest band 45-120; decor-conditioned venue/budget; layout derived from guests, venue and decor."
BSAR0386,birthday,outdoor,11,5.5,4.1,22.5,41000,3727,teenager,day,gold,rustic,modern_minimal,single_tier_round,minimal_backdrop,single_cake_table,11,bakesmart_rule_generator_v1,4,synthetic_rule_based,pending_expert_review,train,20260817,"Theme-conditioned preferences; cake guest band 8-25; decor-conditioned venue/budget; layout derived from guests, venue and decor."
BSAR0387,baby_shower,hall,8,5.4,4.3,23.2,50000,6250,adult,day,pink,colourful,colourful_cartoon,single_tier_round,flower_wall,single_cake_table,8,bakesmart_rule_generator_v1,5,synthetic_rule_based,pending_expert_review,train,20260817,"Theme-conditioned preferences; cake guest band 8-25; decor-conditioned venue/budget; layout derived from guests, venue and decor."
BSAR0388,anniversary,outdoor,28,8.5,7.1,60.4,118000,4214,mixed,day,mixed,minimal,modern_minimal,single_tier_square,rustic_wood_setup,single_cake_table,28,bakesmart_rule_generator_v1,5,synthetic_rule_based,pending_expert_review,validation,20260817,"Theme-conditioned preferences; cake guest band 15-40; decor-conditioned venue/budget; layout derived from guests, venue and decor."
BSAR0389,wedding,hall,31,9.2,6,55.2,98000,3161,adult,day,white,elegant,rustic_natural,single_tier_square,rustic_wood_setup,cake_and_dessert_table,31,bakesmart_rule_generator_v1,4,synthetic_rule_based,pending_expert_review,train,20260817,"Theme-conditioned preferences; cake guest band 15-40; decor-conditioned venue/budget; layout derived from guests, venue and decor."
BSAR0390,birthday,hall,10,5.3,4,21.2,208000,20800,child,day,mixed,elegant,colourful_cartoon,single_tier_round,luxury_stage,full_stage_setup,10,bakesmart_rule_generator_v1,4,synthetic_rule_based,pending_expert_review,train,20260817,"Theme-conditioned preferences; cake guest band 8-25; decor-conditioned venue/budget; layout derived from guests, venue and decor."
BSAR0391,anniversary,restaurant,18,5.5,4.1,22.5,106000,5889,adult,night,mixed,rustic,rustic_natural,single_tier_square,flower_wall,single_cake_table,18,bakesmart_rule_generator_v1,5,synthetic_rule_based,pending_expert_review,train,20260817,"Theme-conditioned preferences; cake guest band 15-40; decor-conditioned venue/budget; layout derived from guests, venue and decor."
BSAR0392,birthday,home,108,11.7,8.4,98.3,397000,3676,child,day,green,minimal,modern_minimal,two_tier_floral,flower_wall,two_side_tables,108,bakesmart_rule_generator_v1,5,synthetic_rule_based,pending_expert_review,test,20260817,"Theme-conditioned preferences; cake guest band 45-120; decor-conditioned venue/budget; layout derived from guests, venue and decor."
BSAR0393,anniversary,home,71,12.4,7,86.8,203000,2859,adult,day,white,rustic,rustic_natural,two_tier_floral,rustic_wood_setup,two_side_tables,71,bakesmart_rule_generator_v1,5,synthetic_rule_based,pending_expert_review,train,20260817,"Theme-conditioned preferences; cake guest band 45-120; decor-conditioned venue/budget; layout derived from guests, venue and decor."
BSAR0394,birthday,home,200,18.2,12.8,233,574000,2870,adult,night,purple,colourful,colourful_cartoon,three_tier_luxury,balloon_setup,two_side_tables,200,bakesmart_rule_generator_v1,5,synthetic_rule_based,pending_expert_review,train,20260817,"Theme-conditioned preferences; cake guest band 90-250; decor-conditioned venue/budget; layout derived from guests, venue and decor."
BSAR0395,birthday,outdoor,100,19.9,10.7,212.9,399000,3990,child,night,blue,elegant,pastel_floral,two_tier_floral,flower_wall,two_side_tables,100,bakesmart_rule_generator_v1,5,synthetic_rule_based,pending_expert_review,train,20260817,"Theme-conditioned preferences; cake guest band 45-120; decor-conditioned venue/budget; layout derived from guests, venue and decor."
BSAR0396,birthday,hall,35,8,7.1,56.8,81000,2314,teenager,night,gold,elegant,modern_minimal,single_tier_square,rustic_wood_setup,cake_and_dessert_table,35,bakesmart_rule_generator_v1,4,synthetic_rule_based,pending_expert_review,train,20260817,"Theme-conditioned preferences; cake guest band 15-40; decor-conditioned venue/budget; layout derived from guests, venue and decor."
BSAR0397,anniversary,home,62,9.5,7.7,73.2,249000,4016,mixed,day,pink,colourful,colourful_cartoon,two_tier_floral,flower_wall,cake_and_dessert_table,62,bakesmart_rule_generator_v1,3,synthetic_rule_based,pending_expert_review,test,20260817,"Theme-conditioned preferences; cake guest band 45-120; decor-conditioned venue/budget; layout derived from guests, venue and decor."
BSAR0398,anniversary,hall,119,15.4,13.7,211,664000,5580,adult,night,white,rustic,rustic_natural,three_tier_luxury,flower_wall,full_stage_setup,119,bakesmart_rule_generator_v1,5,synthetic_rule_based,pending_expert_review,train,20260817,"Theme-conditioned preferences; cake guest band 90-250; decor-conditioned venue/budget; layout derived from guests, venue and decor."
BSAR0399,wedding,outdoor,22,8.4,5.6,47,141000,6409,adult,night,gold,rustic,rustic_natural,single_tier_square,flower_wall,single_cake_table,22,bakesmart_rule_generator_v1,5,synthetic_rule_based,pending_expert_review,validation,20260817,"Theme-conditioned preferences; cake guest band 15-40; decor-conditioned venue/budget; layout derived from guests, venue and decor."
BSAR0400,birthday,home,64,9.9,6.7,66.3,335000,5234,child,day,pink,traditional,colourful_cartoon,two_tier_floral,flower_wall,cake_and_dessert_table,64,bakesmart_rule_generator_v1,4,synthetic_rule_based,pending_expert_review,train,20260817,"Theme-conditioned preferences; cake guest band 45-120; decor-conditioned venue/budget; layout derived from guests, venue and decor."
BSAR0401,birthday,hall,81,15.7,8.4,131.9,310000,3827,teenager,night,green,colourful,colourful_cartoon,two_tier_floral,flower_wall,two_side_tables,81,bakesmart_rule_generator_v1,5,synthetic_rule_based,pending_expert_review,test,20260817,"Theme-conditioned preferences; cake guest band 45-120; decor-conditioned venue/budget; layout derived from guests, venue and decor."
BSAR0402,wedding,restaurant,32,8.2,5.3,43.5,103000,3219,adult,night,red,elegant,rustic_natural,single_tier_square,flower_wall,cake_and_dessert_table,32,bakesmart_rule_generator_v1,4,synthetic_rule_based,pending_expert_review,validation,20260817,"Theme-conditioned preferences; cake guest band 15-40; decor-conditioned venue/budget; layout derived from guests, venue and decor."
BSAR0403,baby_shower,hall,16,6.5,3.8,24.7,45000,2813,adult,night,gold,traditional,traditional_luxury,single_tier_round,minimal_backdrop,single_cake_table,16,bakesmart_rule_generator_v1,5,synthetic_rule_based,pending_expert_review,test,20260817,"Theme-conditioned preferences; cake guest band 8-25; decor-conditioned venue/budget; layout derived from guests, venue and decor."
BSAR0404,graduation,home,60,10.7,7.3,78.1,128000,2133,mixed,night,gold,elegant,elegant_gold,two_tier_round,balloon_setup,cake_and_dessert_table,60,bakesmart_rule_generator_v1,5,synthetic_rule_based,pending_expert_review,test,20260817,"Theme-conditioned preferences; cake guest band 35-90; decor-conditioned venue/budget; layout derived from guests, venue and decor."
BSAR0405,birthday,home,59,9.5,8.1,77,294000,4983,adult,day,green,rustic,rustic_natural,two_tier_floral,flower_wall,cake_and_dessert_table,59,bakesmart_rule_generator_v1,5,synthetic_rule_based,pending_expert_review,train,20260817,"Theme-conditioned preferences; cake guest band 45-120; decor-conditioned venue/budget; layout derived from guests, venue and decor."
BSAR0406,anniversary,outdoor,25,7.6,6.1,46.4,60000,2400,mixed,day,pink,elegant,pastel_floral,single_tier_square,minimal_backdrop,single_cake_table,25,bakesmart_rule_generator_v1,5,synthetic_rule_based,pending_expert_review,train,20260817,"Theme-conditioned preferences; cake guest band 15-40; decor-conditioned venue/budget; layout derived from guests, venue and decor."
BSAR0407,wedding,outdoor,10,7.2,3.9,28.1,67000,6700,mixed,night,red,colourful,traditional_luxury,single_tier_round,rustic_wood_setup,single_cake_table,10,bakesmart_rule_generator_v1,4,synthetic_rule_based,pending_expert_review,train,20260817,"Theme-conditioned preferences; cake guest band 8-25; decor-conditioned venue/budget; layout derived from guests, venue and decor."
BSAR0408,wedding,outdoor,27,8.5,7.3,62.1,99000,3667,adult,day,mixed,rustic,pastel_floral,single_tier_square,rustic_wood_setup,single_cake_table,27,bakesmart_rule_generator_v1,4,synthetic_rule_based,pending_expert_review,train,20260817,"Theme-conditioned preferences; cake guest band 15-40; decor-conditioned venue/budget; layout derived from guests, venue and decor."
BSAR0409,birthday,hall,22,9.3,5.8,53.9,82000,3727,child,day,mixed,rustic,pastel_floral,single_tier_square,rustic_wood_setup,single_cake_table,22,bakesmart_rule_generator_v1,4,synthetic_rule_based,pending_expert_review,validation,20260817,"Theme-conditioned preferences; cake guest band 15-40; decor-conditioned venue/budget; layout derived from guests, venue and decor."
BSAR0410,baby_shower,outdoor,23,8.5,6,51,110000,4783,mixed,day,mixed,colourful,pastel_floral,single_tier_square,flower_wall,single_cake_table,23,bakesmart_rule_generator_v1,5,synthetic_rule_based,pending_expert_review,train,20260817,"Theme-conditioned preferences; cake guest band 15-40; decor-conditioned venue/budget; layout derived from guests, venue and decor."
BSAR0411,birthday,hall,30,8.7,6.5,56.6,195000,6500,adult,day,mixed,colourful,colourful_cartoon,single_tier_square,luxury_stage,full_stage_setup,30,bakesmart_rule_generator_v1,5,synthetic_rule_based,pending_expert_review,train,20260817,"Theme-conditioned preferences; cake guest band 15-40; decor-conditioned venue/budget; layout derived from guests, venue and decor."
BSAR0412,graduation,outdoor,60,11.9,7.9,94,197000,3283,mixed,night,white,elegant,elegant_gold,two_tier_round,balloon_setup,cake_and_dessert_table,60,bakesmart_rule_generator_v1,5,synthetic_rule_based,pending_expert_review,train,20260817,"Theme-conditioned preferences; cake guest band 35-90; decor-conditioned venue/budget; layout derived from guests, venue and decor."
BSAR0413,birthday,hall,236,22.2,12.2,270.8,360000,1525,teenager,night,purple,elegant,elegant_gold,three_tier_luxury,minimal_backdrop,full_stage_setup,236,bakesmart_rule_generator_v1,5,synthetic_rule_based,pending_expert_review,train,20260817,"Theme-conditioned preferences; cake guest band 90-250; decor-conditioned venue/budget; layout derived from guests, venue and decor."
BSAR0414,wedding,hall,32,9.2,7.4,68.1,247000,7719,adult,night,white,minimal,modern_minimal,single_tier_square,luxury_stage,full_stage_setup,32,bakesmart_rule_generator_v1,5,synthetic_rule_based,pending_expert_review,train,20260817,"Theme-conditioned preferences; cake guest band 15-40; decor-conditioned venue/budget; layout derived from guests, venue and decor."
BSAR0415,anniversary,outdoor,20,9.9,5.3,52.5,60000,3000,adult,day,mixed,elegant,pastel_floral,single_tier_square,minimal_backdrop,single_cake_table,20,bakesmart_rule_generator_v1,5,synthetic_rule_based,pending_expert_review,train,20260817,"Theme-conditioned preferences; cake guest band 15-40; decor-conditioned venue/budget; layout derived from guests, venue and decor."
BSAR0416,graduation,home,17,5.9,4.8,28.3,52000,3059,adult,night,blue,colourful,colourful_cartoon,single_tier_square,rustic_wood_setup,single_cake_table,17,bakesmart_rule_generator_v1,5,synthetic_rule_based,pending_expert_review,train,20260817,"Theme-conditioned preferences; cake guest band 15-40; decor-conditioned venue/budget; layout derived from guests, venue and decor."
BSAR0417,wedding,restaurant,22,9,5,45,296000,13455,mixed,night,white,elegant,elegant_gold,single_tier_round,luxury_stage,full_stage_setup,22,bakesmart_rule_generator_v1,4,synthetic_rule_based,pending_expert_review,validation,20260817,"Theme-conditioned preferences; cake guest band 8-25; decor-conditioned venue/budget; layout derived from guests, venue and decor."
BSAR0418,wedding,home,113,13.7,10.4,142.5,182000,1611,adult,night,mixed,elegant,elegant_gold,two_tier_floral,minimal_backdrop,two_side_tables,113,bakesmart_rule_generator_v1,5,synthetic_rule_based,pending_expert_review,test,20260817,"Theme-conditioned preferences; cake guest band 45-120; decor-conditioned venue/budget; layout derived from guests, venue and decor."
BSAR0419,anniversary,outdoor,16,8,5.1,40.8,79000,4938,mixed,day,pink,traditional,pastel_floral,single_tier_round,flower_wall,single_cake_table,16,bakesmart_rule_generator_v1,4,synthetic_rule_based,pending_expert_review,train,20260817,"Theme-conditioned preferences; cake guest band 8-25; decor-conditioned venue/budget; layout derived from guests, venue and decor."
BSAR0420,baby_shower,hall,209,20.9,14,292.6,529000,2531,adult,day,gold,traditional,traditional_luxury,three_tier_luxury,rustic_wood_setup,full_stage_setup,209,bakesmart_rule_generator_v1,5,synthetic_rule_based,pending_expert_review,validation,20260817,"Theme-conditioned preferences; cake guest band 90-250; decor-conditioned venue/budget; layout derived from guests, venue and decor."
BSAR0421,birthday,outdoor,60,14.3,8.8,125.8,205000,3417,child,day,pink,minimal,colourful_cartoon,two_tier_floral,balloon_setup,cake_and_dessert_table,60,bakesmart_rule_generator_v1,4,synthetic_rule_based,pending_expert_review,train,20260817,"Theme-conditioned preferences; cake guest band 45-120; decor-conditioned venue/budget; layout derived from guests, venue and decor."
BSAR0422,birthday,outdoor,40,11.8,7.4,87.3,108000,2700,child,day,white,rustic,modern_minimal,single_tier_square,rustic_wood_setup,cake_and_dessert_table,40,bakesmart_rule_generator_v1,4,synthetic_rule_based,pending_expert_review,train,20260817,"Theme-conditioned preferences; cake guest band 15-40; decor-conditioned venue/budget; layout derived from guests, venue and decor."
BSAR0423,birthday,hall,119,16.5,11.3,186.5,438000,3681,child,day,blue,colourful,colourful_cartoon,two_tier_floral,flower_wall,full_stage_setup,119,bakesmart_rule_generator_v1,5,synthetic_rule_based,pending_expert_review,test,20260817,"Theme-conditioned preferences; cake guest band 45-120; decor-conditioned venue/budget; layout derived from guests, venue and decor."
BSAR0424,wedding,home,80,12,7.3,87.6,204000,2550,mixed,night,gold,traditional,traditional_luxury,two_tier_round,minimal_backdrop,two_side_tables,80,bakesmart_rule_generator_v1,5,synthetic_rule_based,pending_expert_review,train,20260817,"Theme-conditioned preferences; cake guest band 35-90; decor-conditioned venue/budget; layout derived from guests, venue and decor."
BSAR0425,anniversary,hall,36,11.4,6.6,75.2,91000,2528,mixed,night,blue,elegant,pastel_floral,two_tier_round,balloon_setup,cake_and_dessert_table,36,bakesmart_rule_generator_v1,5,synthetic_rule_based,pending_expert_review,train,20260817,"Theme-conditioned preferences; cake guest band 35-90; decor-conditioned venue/budget; layout derived from guests, venue and decor."
BSAR0426,anniversary,hall,137,19.2,12.8,245.8,1404000,10248,adult,day,white,elegant,elegant_gold,three_tier_luxury,luxury_stage,full_stage_setup,137,bakesmart_rule_generator_v1,5,synthetic_rule_based,pending_expert_review,train,20260817,"Theme-conditioned preferences; cake guest band 90-250; decor-conditioned venue/budget; layout derived from guests, venue and decor."
BSAR0427,birthday,hall,24,8.8,5.8,51,79000,3292,child,day,pink,traditional,colourful_cartoon,single_tier_round,balloon_setup,single_cake_table,24,bakesmart_rule_generator_v1,4,synthetic_rule_based,pending_expert_review,validation,20260817,"Theme-conditioned preferences; cake guest band 8-25; decor-conditioned venue/budget; layout derived from guests, venue and decor."
BSAR0428,wedding,outdoor,16,9.4,5.1,47.9,38000,2375,adult,day,purple,colourful,pastel_floral,single_tier_round,balloon_setup,single_cake_table,16,bakesmart_rule_generator_v1,5,synthetic_rule_based,pending_expert_review,train,20260817,"Theme-conditioned preferences; cake guest band 8-25; decor-conditioned venue/budget; layout derived from guests, venue and decor."
BSAR0429,anniversary,outdoor,232,28.2,15.3,431.5,1907000,8220,mixed,night,mixed,elegant,pastel_floral,three_tier_luxury,luxury_stage,full_stage_setup,232,bakesmart_rule_generator_v1,4,synthetic_rule_based,pending_expert_review,train,20260817,"Theme-conditioned preferences; cake guest band 90-250; decor-conditioned venue/budget; layout derived from guests, venue and decor."
BSAR0430,wedding,home,24,6.6,5.2,34.3,77000,3208,mixed,night,gold,elegant,elegant_gold,single_tier_square,minimal_backdrop,single_cake_table,24,bakesmart_rule_generator_v1,5,synthetic_rule_based,pending_expert_review,test,20260817,"Theme-conditioned preferences; cake guest band 15-40; decor-conditioned venue/budget; layout derived from guests, venue and decor."
BSAR0431,wedding,restaurant,120,14.7,9.3,136.7,258000,2150,adult,night,purple,elegant,elegant_gold,two_tier_floral,minimal_backdrop,two_side_tables,120,bakesmart_rule_generator_v1,5,synthetic_rule_based,pending_expert_review,train,20260817,"Theme-conditioned preferences; cake guest band 45-120; decor-conditioned venue/budget; layout derived from guests, venue and decor."
BSAR0432,baby_shower,outdoor,50,12.9,7.4,95.5,121000,2420,adult,day,pink,colourful,pastel_floral,two_tier_round,minimal_backdrop,cake_and_dessert_table,50,bakesmart_rule_generator_v1,5,synthetic_rule_based,pending_expert_review,train,20260817,"Theme-conditioned preferences; cake guest band 35-90; decor-conditioned venue/budget; layout derived from guests, venue and decor."
BSAR0433,anniversary,restaurant,235,21.1,15,316.5,1485000,6319,adult,day,white,elegant,elegant_gold,three_tier_luxury,luxury_stage,full_stage_setup,235,bakesmart_rule_generator_v1,4,synthetic_rule_based,pending_expert_review,train,20260817,"Theme-conditioned preferences; cake guest band 90-250; decor-conditioned venue/budget; layout derived from guests, venue and decor."
BSAR0434,anniversary,hall,69,13.5,8.7,117.5,455000,6594,adult,night,gold,elegant,elegant_gold,two_tier_floral,luxury_stage,full_stage_setup,69,bakesmart_rule_generator_v1,5,synthetic_rule_based,pending_expert_review,train,20260817,"Theme-conditioned preferences; cake guest band 45-120; decor-conditioned venue/budget; layout derived from guests, venue and decor."
BSAR0435,graduation,hall,19,7.2,5,36,270000,14211,teenager,day,pink,colourful,colourful_cartoon,single_tier_round,luxury_stage,full_stage_setup,19,bakesmart_rule_generator_v1,5,synthetic_rule_based,pending_expert_review,train,20260817,"Theme-conditioned preferences; cake guest band 8-25; decor-conditioned venue/budget; layout derived from guests, venue and decor."
BSAR0436,wedding,home,87,11,6.7,73.7,194000,2230,adult,night,gold,traditional,traditional_luxury,two_tier_floral,minimal_backdrop,two_side_tables,87,bakesmart_rule_generator_v1,5,synthetic_rule_based,pending_expert_review,train,20260817,"Theme-conditioned preferences; cake guest band 45-120; decor-conditioned venue/budget; layout derived from guests, venue and decor."
BSAR0437,anniversary,restaurant,60,11.2,7.9,88.5,287000,4783,mixed,night,gold,elegant,elegant_gold,two_tier_round,flower_wall,cake_and_dessert_table,60,bakesmart_rule_generator_v1,5,synthetic_rule_based,pending_expert_review,train,20260817,"Theme-conditioned preferences; cake guest band 35-90; decor-conditioned venue/budget; layout derived from guests, venue and decor."
BSAR0438,birthday,home,8,5.4,2.9,15.7,30000,3750,teenager,day,green,rustic,rustic_natural,single_tier_round,minimal_backdrop,single_cake_table,8,bakesmart_rule_generator_v1,5,synthetic_rule_based,pending_expert_review,train,20260817,"Theme-conditioned preferences; cake guest band 8-25; decor-conditioned venue/budget; layout derived from guests, venue and decor."
BSAR0439,birthday,outdoor,90,14.8,9.6,142.1,306000,3400,child,day,white,rustic,rustic_natural,two_tier_round,flower_wall,two_side_tables,90,bakesmart_rule_generator_v1,5,synthetic_rule_based,pending_expert_review,train,20260817,"Theme-conditioned preferences; cake guest band 35-90; decor-conditioned venue/budget; layout derived from guests, venue and decor."
BSAR0440,anniversary,restaurant,17,8,4.5,36,32000,1882,mixed,night,gold,traditional,traditional_luxury,single_tier_round,minimal_backdrop,single_cake_table,17,bakesmart_rule_generator_v1,5,synthetic_rule_based,pending_expert_review,train,20260817,"Theme-conditioned preferences; cake guest band 8-25; decor-conditioned venue/budget; layout derived from guests, venue and decor."
BSAR0441,wedding,home,61,12.3,6.5,80,267000,4377,adult,night,white,elegant,elegant_gold,two_tier_round,flower_wall,cake_and_dessert_table,61,bakesmart_rule_generator_v1,5,synthetic_rule_based,pending_expert_review,train,20260817,"Theme-conditioned preferences; cake guest band 35-90; decor-conditioned venue/budget; layout derived from guests, venue and decor."
BSAR0442,wedding,home,26,7.3,5.1,37.2,83000,3192,adult,night,gold,elegant,traditional_luxury,single_tier_square,balloon_setup,single_cake_table,26,bakesmart_rule_generator_v1,5,synthetic_rule_based,pending_expert_review,train,20260817,"Theme-conditioned preferences; cake guest band 15-40; decor-conditioned venue/budget; layout derived from guests, venue and decor."
BSAR0443,birthday,home,30,6.9,5.4,37.3,88000,2933,child,day,blue,minimal,modern_minimal,single_tier_square,balloon_setup,cake_and_dessert_table,30,bakesmart_rule_generator_v1,5,synthetic_rule_based,pending_expert_review,train,20260817,"Theme-conditioned preferences; cake guest band 15-40; decor-conditioned venue/budget; layout derived from guests, venue and decor."
BSAR0444,birthday,hall,17,7.3,4.8,35,67000,3941,adult,night,gold,rustic,rustic_natural,single_tier_round,balloon_setup,single_cake_table,17,bakesmart_rule_generator_v1,5,synthetic_rule_based,pending_expert_review,train,20260817,"Theme-conditioned preferences; cake guest band 8-25; decor-conditioned venue/budget; layout derived from guests, venue and decor."
BSAR0445,baby_shower,hall,68,12.3,8.7,107,753000,11074,adult,day,red,elegant,traditional_luxury,two_tier_round,luxury_stage,full_stage_setup,68,bakesmart_rule_generator_v1,5,synthetic_rule_based,pending_expert_review,train,20260817,"Theme-conditioned preferences; cake guest band 35-90; decor-conditioned venue/budget; layout derived from guests, venue and decor."
BSAR0446,baby_shower,hall,248,24.7,14,345.8,895000,3609,adult,day,red,rustic,rustic_natural,three_tier_luxury,rustic_wood_setup,full_stage_setup,248,bakesmart_rule_generator_v1,5,synthetic_rule_based,pending_expert_review,train,20260817,"Theme-conditioned preferences; cake guest band 90-250; decor-conditioned venue/budget; layout derived from guests, venue and decor."
BSAR0447,birthday,hall,136,21.2,11.3,239.6,421000,3096,child,day,blue,colourful,colourful_cartoon,three_tier_luxury,balloon_setup,full_stage_setup,136,bakesmart_rule_generator_v1,5,synthetic_rule_based,pending_expert_review,train,20260817,"Theme-conditioned preferences; cake guest band 90-250; decor-conditioned venue/budget; layout derived from guests, venue and decor."
BSAR0448,wedding,hall,15,5.2,4.3,22.4,277000,18467,mixed,night,gold,traditional,elegant_gold,single_tier_square,luxury_stage,full_stage_setup,15,bakesmart_rule_generator_v1,4,synthetic_rule_based,pending_expert_review,test,20260817,"Theme-conditioned preferences; cake guest band 15-40; decor-conditioned venue/budget; layout derived from guests, venue and decor."
BSAR0449,wedding,hall,75,13.7,7.8,106.9,662000,8827,adult,day,white,elegant,modern_minimal,two_tier_floral,luxury_stage,full_stage_setup,75,bakesmart_rule_generator_v1,4,synthetic_rule_based,pending_expert_review,train,20260817,"Theme-conditioned preferences; cake guest band 45-120; decor-conditioned venue/budget; layout derived from guests, venue and decor."
BSAR0450,wedding,hall,104,14.8,11.5,170.2,1053000,10125,adult,day,gold,elegant,elegant_gold,two_tier_floral,luxury_stage,full_stage_setup,104,bakesmart_rule_generator_v1,5,synthetic_rule_based,pending_expert_review,train,20260817,"Theme-conditioned preferences; cake guest band 45-120; decor-conditioned venue/budget; layout derived from guests, venue and decor."
BSAR0451,anniversary,home,67,12.6,6.9,86.9,148000,2209,adult,night,white,traditional,traditional_luxury,two_tier_round,minimal_backdrop,cake_and_dessert_table,67,bakesmart_rule_generator_v1,5,synthetic_rule_based,pending_expert_review,train,20260817,"Theme-conditioned preferences; cake guest band 35-90; decor-conditioned venue/budget; layout derived from guests, venue and decor."
BSAR0452,graduation,home,21,6.3,4.9,30.9,122000,5810,teenager,day,gold,minimal,modern_minimal,single_tier_square,flower_wall,single_cake_table,21,bakesmart_rule_generator_v1,5,synthetic_rule_based,pending_expert_review,test,20260817,"Theme-conditioned preferences; cake guest band 15-40; decor-conditioned venue/budget; layout derived from guests, venue and decor."
BSAR0453,wedding,hall,103,15.6,11.3,176.3,167000,1621,mixed,night,gold,traditional,traditional_luxury,two_tier_floral,minimal_backdrop,two_side_tables,103,bakesmart_rule_generator_v1,5,synthetic_rule_based,pending_expert_review,train,20260817,"Theme-conditioned preferences; cake guest band 45-120; decor-conditioned venue/budget; layout derived from guests, venue and decor."
BSAR0454,wedding,restaurant,70,12.1,7,84.7,210000,3000,adult,night,gold,elegant,elegant_gold,two_tier_floral,flower_wall,two_side_tables,70,bakesmart_rule_generator_v1,5,synthetic_rule_based,pending_expert_review,train,20260817,"Theme-conditioned preferences; cake guest band 45-120; decor-conditioned venue/budget; layout derived from guests, venue and decor."
BSAR0455,wedding,outdoor,51,10.6,8,84.8,85000,1667,adult,night,gold,traditional,traditional_luxury,two_tier_round,minimal_backdrop,cake_and_dessert_table,51,bakesmart_rule_generator_v1,5,synthetic_rule_based,pending_expert_review,train,20260817,"Theme-conditioned preferences; cake guest band 35-90; decor-conditioned venue/budget; layout derived from guests, venue and decor."
BSAR0456,anniversary,hall,59,11.2,9.4,105.3,111000,1881,adult,day,green,minimal,modern_minimal,two_tier_round,balloon_setup,cake_and_dessert_table,59,bakesmart_rule_generator_v1,5,synthetic_rule_based,pending_expert_review,test,20260817,"Theme-conditioned preferences; cake guest band 35-90; decor-conditioned venue/budget; layout derived from guests, venue and decor."
BSAR0457,anniversary,hall,45,12.1,7.6,92,92000,2044,adult,night,pink,rustic,pastel_floral,two_tier_round,balloon_setup,cake_and_dessert_table,45,bakesmart_rule_generator_v1,4,synthetic_rule_based,pending_expert_review,validation,20260817,"Theme-conditioned preferences; cake guest band 35-90; decor-conditioned venue/budget; layout derived from guests, venue and decor."
BSAR0458,graduation,restaurant,55,10.7,8.3,88.8,106000,1927,teenager,day,blue,minimal,modern_minimal,two_tier_floral,minimal_backdrop,cake_and_dessert_table,55,bakesmart_rule_generator_v1,5,synthetic_rule_based,pending_expert_review,test,20260817,"Theme-conditioned preferences; cake guest band 45-120; decor-conditioned venue/budget; layout derived from guests, venue and decor."
BSAR0459,graduation,home,18,6,4.5,27,59000,3278,teenager,day,gold,elegant,elegant_gold,single_tier_round,balloon_setup,single_cake_table,18,bakesmart_rule_generator_v1,5,synthetic_rule_based,pending_expert_review,train,20260817,"Theme-conditioned preferences; cake guest band 8-25; decor-conditioned venue/budget; layout derived from guests, venue and decor."
BSAR0460,birthday,outdoor,17,7.4,4.5,33.3,61000,3588,child,night,green,elegant,traditional_luxury,single_tier_square,balloon_setup,single_cake_table,17,bakesmart_rule_generator_v1,5,synthetic_rule_based,pending_expert_review,train,20260817,"Theme-conditioned preferences; cake guest band 15-40; decor-conditioned venue/budget; layout derived from guests, venue and decor."
BSAR0461,birthday,home,36,8.9,6.7,59.6,84000,2333,child,night,white,colourful,pastel_floral,single_tier_square,balloon_setup,cake_and_dessert_table,36,bakesmart_rule_generator_v1,5,synthetic_rule_based,pending_expert_review,test,20260817,"Theme-conditioned preferences; cake guest band 15-40; decor-conditioned venue/budget; layout derived from guests, venue and decor."
BSAR0462,birthday,restaurant,59,11.3,6.5,73.5,490000,8305,child,night,white,elegant,elegant_gold,two_tier_round,luxury_stage,full_stage_setup,59,bakesmart_rule_generator_v1,4,synthetic_rule_based,pending_expert_review,train,20260817,"Theme-conditioned preferences; cake guest band 35-90; decor-conditioned venue/budget; layout derived from guests, venue and decor."
BSAR0463,anniversary,outdoor,33,12.4,6.6,81.8,88000,2667,adult,night,green,rustic,rustic_natural,single_tier_square,minimal_backdrop,cake_and_dessert_table,33,bakesmart_rule_generator_v1,5,synthetic_rule_based,pending_expert_review,train,20260817,"Theme-conditioned preferences; cake guest band 15-40; decor-conditioned venue/budget; layout derived from guests, venue and decor."
BSAR0464,anniversary,restaurant,20,6.7,4,26.8,298000,14900,adult,day,mixed,minimal,modern_minimal,single_tier_square,luxury_stage,full_stage_setup,20,bakesmart_rule_generator_v1,4,synthetic_rule_based,pending_expert_review,train,20260817,"Theme-conditioned preferences; cake guest band 15-40; decor-conditioned venue/budget; layout derived from guests, venue and decor."
BSAR0465,baby_shower,hall,47,10.3,8.1,83.4,310000,6596,adult,night,blue,minimal,pastel_floral,two_tier_round,luxury_stage,full_stage_setup,47,bakesmart_rule_generator_v1,4,synthetic_rule_based,pending_expert_review,train,20260817,"Theme-conditioned preferences; cake guest band 35-90; decor-conditioned venue/budget; layout derived from guests, venue and decor."
BSAR0466,birthday,hall,25,6.5,5.2,33.8,70000,2800,teenager,night,mixed,colourful,colourful_cartoon,single_tier_round,rustic_wood_setup,single_cake_table,25,bakesmart_rule_generator_v1,5,synthetic_rule_based,pending_expert_review,train,20260817,"Theme-conditioned preferences; cake guest band 8-25; decor-conditioned venue/budget; layout derived from guests, venue and decor."
BSAR0467,wedding,home,51,10,6.7,67,121000,2373,mixed,day,green,rustic,rustic_natural,two_tier_floral,balloon_setup,cake_and_dessert_table,51,bakesmart_rule_generator_v1,5,synthetic_rule_based,pending_expert_review,train,20260817,"Theme-conditioned preferences; cake guest band 45-120; decor-conditioned venue/budget; layout derived from guests, venue and decor."
BSAR0468,anniversary,restaurant,118,14.5,10.8,156.6,626000,5305,mixed,night,red,traditional,traditional_luxury,two_tier_floral,flower_wall,two_side_tables,118,bakesmart_rule_generator_v1,5,synthetic_rule_based,pending_expert_review,train,20260817,"Theme-conditioned preferences; cake guest band 45-120; decor-conditioned venue/budget; layout derived from guests, venue and decor."
BSAR0469,anniversary,hall,37,11.1,7,77.7,127000,3432,mixed,night,white,rustic,rustic_natural,two_tier_round,balloon_setup,cake_and_dessert_table,37,bakesmart_rule_generator_v1,5,synthetic_rule_based,pending_expert_review,train,20260817,"Theme-conditioned preferences; cake guest band 35-90; decor-conditioned venue/budget; layout derived from guests, venue and decor."
BSAR0470,wedding,restaurant,24,6.5,5.4,35.1,41000,1708,mixed,day,gold,elegant,modern_minimal,single_tier_square,minimal_backdrop,single_cake_table,24,bakesmart_rule_generator_v1,4,synthetic_rule_based,pending_expert_review,train,20260817,"Theme-conditioned preferences; cake guest band 15-40; decor-conditioned venue/budget; layout derived from guests, venue and decor."
BSAR0471,birthday,hall,20,7.4,6.5,48.1,77000,3850,child,day,mixed,colourful,colourful_cartoon,single_tier_square,rustic_wood_setup,single_cake_table,20,bakesmart_rule_generator_v1,5,synthetic_rule_based,pending_expert_review,train,20260817,"Theme-conditioned preferences; cake guest band 15-40; decor-conditioned venue/budget; layout derived from guests, venue and decor."
BSAR0472,graduation,hall,70,14.4,8.2,118.1,188000,2686,adult,day,pink,colourful,colourful_cartoon,two_tier_round,balloon_setup,two_side_tables,70,bakesmart_rule_generator_v1,5,synthetic_rule_based,pending_expert_review,train,20260817,"Theme-conditioned preferences; cake guest band 35-90; decor-conditioned venue/budget; layout derived from guests, venue and decor."
BSAR0473,wedding,hall,8,6.2,4.8,29.8,227000,28375,adult,night,gold,elegant,elegant_gold,single_tier_round,luxury_stage,full_stage_setup,8,bakesmart_rule_generator_v1,5,synthetic_rule_based,pending_expert_review,train,20260817,"Theme-conditioned preferences; cake guest band 8-25; decor-conditioned venue/budget; layout derived from guests, venue and decor."
BSAR0474,anniversary,hall,197,21.5,11.5,247.3,1833000,9305,adult,night,gold,elegant,elegant_gold,three_tier_luxury,luxury_stage,full_stage_setup,197,bakesmart_rule_generator_v1,5,synthetic_rule_based,pending_expert_review,validation,20260817,"Theme-conditioned preferences; cake guest band 90-250; decor-conditioned venue/budget; layout derived from guests, venue and decor."
BSAR0475,baby_shower,home,88,12.4,8.6,106.6,289000,3284,adult,night,red,rustic,rustic_natural,two_tier_floral,rustic_wood_setup,two_side_tables,88,bakesmart_rule_generator_v1,5,synthetic_rule_based,pending_expert_review,train,20260817,"Theme-conditioned preferences; cake guest band 45-120; decor-conditioned venue/budget; layout derived from guests, venue and decor."
BSAR0476,anniversary,hall,222,24.4,13.8,336.7,855000,3851,mixed,night,white,minimal,modern_minimal,three_tier_luxury,flower_wall,full_stage_setup,222,bakesmart_rule_generator_v1,5,synthetic_rule_based,pending_expert_review,train,20260817,"Theme-conditioned preferences; cake guest band 90-250; decor-conditioned venue/budget; layout derived from guests, venue and decor."
BSAR0477,birthday,home,26,8.3,4.4,36.5,72000,2769,mixed,day,purple,minimal,pastel_floral,single_tier_square,minimal_backdrop,single_cake_table,26,bakesmart_rule_generator_v1,4,synthetic_rule_based,pending_expert_review,train,20260817,"Theme-conditioned preferences; cake guest band 15-40; decor-conditioned venue/budget; layout derived from guests, venue and decor."
BSAR0478,wedding,outdoor,82,17.2,10.1,173.7,399000,4866,adult,night,green,traditional,traditional_luxury,two_tier_round,flower_wall,two_side_tables,82,bakesmart_rule_generator_v1,5,synthetic_rule_based,pending_expert_review,train,20260817,"Theme-conditioned preferences; cake guest band 35-90; decor-conditioned venue/budget; layout derived from guests, venue and decor."
BSAR0479,anniversary,hall,36,10.2,6.6,67.3,110000,3056,adult,night,gold,elegant,elegant_gold,single_tier_square,minimal_backdrop,cake_and_dessert_table,36,bakesmart_rule_generator_v1,5,synthetic_rule_based,pending_expert_review,validation,20260817,"Theme-conditioned preferences; cake guest band 15-40; decor-conditioned venue/budget; layout derived from guests, venue and decor."
BSAR0480,wedding,home,39,8.4,6.9,58,160000,4103,mixed,day,mixed,minimal,rustic_natural,two_tier_round,flower_wall,cake_and_dessert_table,39,bakesmart_rule_generator_v1,4,synthetic_rule_based,pending_expert_review,train,20260817,"Theme-conditioned preferences; cake guest band 35-90; decor-conditioned venue/budget; layout derived from guests, venue and decor."
BSAR0481,graduation,outdoor,134,17.5,10.4,182,771000,5754,mixed,day,gold,minimal,modern_minimal,three_tier_luxury,flower_wall,two_side_tables,134,bakesmart_rule_generator_v1,5,synthetic_rule_based,pending_expert_review,train,20260817,"Theme-conditioned preferences; cake guest band 90-250; decor-conditioned venue/budget; layout derived from guests, venue and decor."
BSAR0482,birthday,hall,74,12.6,11.2,141.1,141000,1905,teenager,day,mixed,colourful,colourful_cartoon,two_tier_round,minimal_backdrop,two_side_tables,74,bakesmart_rule_generator_v1,5,synthetic_rule_based,pending_expert_review,test,20260817,"Theme-conditioned preferences; cake guest band 35-90; decor-conditioned venue/budget; layout derived from guests, venue and decor."
BSAR0483,wedding,restaurant,121,17.7,9.7,171.7,261000,2157,mixed,day,gold,elegant,traditional_luxury,three_tier_luxury,minimal_backdrop,two_side_tables,121,bakesmart_rule_generator_v1,5,synthetic_rule_based,pending_expert_review,test,20260817,"Theme-conditioned preferences; cake guest band 90-250; decor-conditioned venue/budget; layout derived from guests, venue and decor."
BSAR0484,anniversary,hall,61,13.2,8.6,113.5,121000,1984,adult,day,pink,elegant,pastel_floral,two_tier_floral,minimal_backdrop,cake_and_dessert_table,61,bakesmart_rule_generator_v1,5,synthetic_rule_based,pending_expert_review,train,20260817,"Theme-conditioned preferences; cake guest band 45-120; decor-conditioned venue/budget; layout derived from guests, venue and decor."
BSAR0485,birthday,hall,154,20.8,12.7,264.2,1300000,8442,adult,night,gold,elegant,elegant_gold,three_tier_luxury,luxury_stage,full_stage_setup,154,bakesmart_rule_generator_v1,5,synthetic_rule_based,pending_expert_review,train,20260817,"Theme-conditioned preferences; cake guest band 90-250; decor-conditioned venue/budget; layout derived from guests, venue and decor."
BSAR0486,wedding,hall,35,10.8,6.7,72.4,303000,8657,adult,night,red,elegant,traditional_luxury,single_tier_square,luxury_stage,full_stage_setup,35,bakesmart_rule_generator_v1,5,synthetic_rule_based,pending_expert_review,train,20260817,"Theme-conditioned preferences; cake guest band 15-40; decor-conditioned venue/budget; layout derived from guests, venue and decor."
BSAR0487,graduation,home,65,9.1,7.5,68.3,315000,4846,teenager,night,white,elegant,elegant_gold,two_tier_floral,flower_wall,cake_and_dessert_table,65,bakesmart_rule_generator_v1,5,synthetic_rule_based,pending_expert_review,train,20260817,"Theme-conditioned preferences; cake guest band 45-120; decor-conditioned venue/budget; layout derived from guests, venue and decor."
BSAR0488,baby_shower,restaurant,50,10.4,7.4,77,166000,3320,mixed,night,purple,elegant,pastel_floral,two_tier_floral,flower_wall,cake_and_dessert_table,50,bakesmart_rule_generator_v1,5,synthetic_rule_based,pending_expert_review,train,20260817,"Theme-conditioned preferences; cake guest band 45-120; decor-conditioned venue/budget; layout derived from guests, venue and decor."
BSAR0489,wedding,home,75,10.4,6.7,69.7,116000,1547,mixed,day,mixed,rustic,rustic_natural,two_tier_floral,minimal_backdrop,two_side_tables,75,bakesmart_rule_generator_v1,5,synthetic_rule_based,pending_expert_review,test,20260817,"Theme-conditioned preferences; cake guest band 45-120; decor-conditioned venue/budget; layout derived from guests, venue and decor."
BSAR0490,wedding,home,201,19.3,12.3,237.4,393000,1955,adult,day,red,rustic,rustic_natural,three_tier_luxury,balloon_setup,two_side_tables,201,bakesmart_rule_generator_v1,5,synthetic_rule_based,pending_expert_review,test,20260817,"Theme-conditioned preferences; cake guest band 90-250; decor-conditioned venue/budget; layout derived from guests, venue and decor."
BSAR0491,birthday,hall,34,8.2,6,49.2,161000,4735,child,night,purple,minimal,pastel_floral,single_tier_square,rustic_wood_setup,cake_and_dessert_table,34,bakesmart_rule_generator_v1,4,synthetic_rule_based,pending_expert_review,train,20260817,"Theme-conditioned preferences; cake guest band 15-40; decor-conditioned venue/budget; layout derived from guests, venue and decor."
BSAR0492,baby_shower,home,84,10.3,8.4,86.5,219000,2607,adult,day,pink,colourful,colourful_cartoon,two_tier_round,balloon_setup,two_side_tables,84,bakesmart_rule_generator_v1,5,synthetic_rule_based,pending_expert_review,validation,20260817,"Theme-conditioned preferences; cake guest band 35-90; decor-conditioned venue/budget; layout derived from guests, venue and decor."
BSAR0493,baby_shower,home,91,10.4,9,93.6,290000,3187,adult,night,green,rustic,rustic_natural,two_tier_floral,flower_wall,two_side_tables,91,bakesmart_rule_generator_v1,5,synthetic_rule_based,pending_expert_review,train,20260817,"Theme-conditioned preferences; cake guest band 45-120; decor-conditioned venue/budget; layout derived from guests, venue and decor."
BSAR0494,anniversary,restaurant,57,9.8,7,68.6,609000,10684,adult,night,white,minimal,elegant_gold,two_tier_floral,luxury_stage,full_stage_setup,57,bakesmart_rule_generator_v1,4,synthetic_rule_based,pending_expert_review,train,20260817,"Theme-conditioned preferences; cake guest band 45-120; decor-conditioned venue/budget; layout derived from guests, venue and decor."
BSAR0495,graduation,home,204,19.1,12.5,238.8,389000,1907,adult,night,white,traditional,elegant_gold,three_tier_luxury,balloon_setup,two_side_tables,204,bakesmart_rule_generator_v1,4,synthetic_rule_based,pending_expert_review,train,20260817,"Theme-conditioned preferences; cake guest band 90-250; decor-conditioned venue/budget; layout derived from guests, venue and decor."
BSAR0496,birthday,hall,94,14.3,8.6,123,229000,2436,child,night,mixed,rustic,rustic_natural,three_tier_luxury,minimal_backdrop,two_side_tables,94,bakesmart_rule_generator_v1,5,synthetic_rule_based,pending_expert_review,validation,20260817,"Theme-conditioned preferences; cake guest band 90-250; decor-conditioned venue/budget; layout derived from guests, venue and decor."
BSAR0497,graduation,hall,50,11.4,9.1,103.7,92000,1840,adult,day,white,elegant,modern_minimal,two_tier_floral,minimal_backdrop,cake_and_dessert_table,50,bakesmart_rule_generator_v1,4,synthetic_rule_based,pending_expert_review,train,20260817,"Theme-conditioned preferences; cake guest band 45-120; decor-conditioned venue/budget; layout derived from guests, venue and decor."
BSAR0498,birthday,restaurant,49,10.1,6.5,65.6,625000,12755,mixed,night,green,rustic,rustic_natural,two_tier_round,luxury_stage,full_stage_setup,49,bakesmart_rule_generator_v1,4,synthetic_rule_based,pending_expert_review,validation,20260817,"Theme-conditioned preferences; cake guest band 35-90; decor-conditioned venue/budget; layout derived from guests, venue and decor."
BSAR0499,birthday,hall,172,21.6,14.7,317.5,1110000,6453,teenager,day,mixed,colourful,colourful_cartoon,three_tier_luxury,luxury_stage,full_stage_setup,172,bakesmart_rule_generator_v1,5,synthetic_rule_based,pending_expert_review,validation,20260817,"Theme-conditioned preferences; cake guest band 90-250; decor-conditioned venue/budget; layout derived from guests, venue and decor."
BSAR0500,birthday,hall,70,13.1,10.2,133.6,204000,2914,child,day,mixed,colourful,pastel_floral,two_tier_round,balloon_setup,two_side_tables,70,bakesmart_rule_generator_v1,5,synthetic_rule_based,pending_expert_review,test,20260817,"Theme-conditioned preferences; cake guest band 35-90; decor-conditioned venue/budget; layout derived from guests, venue and decor."
BSAR0501,anniversary,hall,131,15.8,12.9,203.8,691000,5275,adult,day,mixed,minimal,colourful_cartoon,three_tier_luxury,luxury_stage,full_stage_setup,131,bakesmart_rule_generator_v1,3,synthetic_rule_based,pending_expert_review,test,20260817,"Theme-conditioned preferences; cake guest band 90-250; decor-conditioned venue/budget; layout derived from guests, venue and decor."
BSAR0502,birthday,hall,15,6.6,3.8,25.1,48000,3200,mixed,day,white,rustic,rustic_natural,single_tier_square,minimal_backdrop,single_cake_table,15,bakesmart_rule_generator_v1,5,synthetic_rule_based,pending_expert_review,train,20260817,"Theme-conditioned preferences; cake guest band 15-40; decor-conditioned venue/budget; layout derived from guests, venue and decor."
BSAR0503,graduation,outdoor,39,11.3,7.4,83.6,326000,8359,adult,night,red,traditional,traditional_luxury,single_tier_square,luxury_stage,full_stage_setup,39,bakesmart_rule_generator_v1,4,synthetic_rule_based,pending_expert_review,train,20260817,"Theme-conditioned preferences; cake guest band 15-40; decor-conditioned venue/budget; layout derived from guests, venue and decor."
BSAR0504,birthday,hall,17,8.2,4.8,39.4,98000,5765,teenager,night,blue,colourful,colourful_cartoon,single_tier_round,flower_wall,single_cake_table,17,bakesmart_rule_generator_v1,5,synthetic_rule_based,pending_expert_review,train,20260817,"Theme-conditioned preferences; cake guest band 8-25; decor-conditioned venue/budget; layout derived from guests, venue and decor."
BSAR0505,baby_shower,outdoor,14,7.3,4.5,32.9,48000,3429,mixed,night,green,rustic,rustic_natural,single_tier_round,rustic_wood_setup,single_cake_table,14,bakesmart_rule_generator_v1,5,synthetic_rule_based,pending_expert_review,train,20260817,"Theme-conditioned preferences; cake guest band 8-25; decor-conditioned venue/budget; layout derived from guests, venue and decor."
BSAR0506,wedding,hall,102,17,10.6,180.2,817000,8010,adult,day,white,rustic,rustic_natural,three_tier_luxury,luxury_stage,full_stage_setup,102,bakesmart_rule_generator_v1,5,synthetic_rule_based,pending_expert_review,validation,20260817,"Theme-conditioned preferences; cake guest band 90-250; decor-conditioned venue/budget; layout derived from guests, venue and decor."
BSAR0507,wedding,hall,89,13.6,8.6,117,176000,1978,mixed,night,green,elegant,traditional_luxury,two_tier_round,balloon_setup,two_side_tables,89,bakesmart_rule_generator_v1,5,synthetic_rule_based,pending_expert_review,train,20260817,"Theme-conditioned preferences; cake guest band 35-90; decor-conditioned venue/budget; layout derived from guests, venue and decor."
BSAR0508,baby_shower,outdoor,107,16.1,14.1,227,294000,2748,mixed,night,gold,traditional,elegant_gold,two_tier_floral,rustic_wood_setup,two_side_tables,107,bakesmart_rule_generator_v1,4,synthetic_rule_based,pending_expert_review,validation,20260817,"Theme-conditioned preferences; cake guest band 45-120; decor-conditioned venue/budget; layout derived from guests, venue and decor."
BSAR0509,wedding,hall,48,12.8,7.3,93.4,599000,12479,adult,night,red,traditional,traditional_luxury,two_tier_round,luxury_stage,full_stage_setup,48,bakesmart_rule_generator_v1,5,synthetic_rule_based,pending_expert_review,train,20260817,"Theme-conditioned preferences; cake guest band 35-90; decor-conditioned venue/budget; layout derived from guests, venue and decor."
BSAR0510,wedding,outdoor,71,13.6,9,122.4,546000,7690,mixed,night,gold,minimal,elegant_gold,two_tier_round,luxury_stage,full_stage_setup,71,bakesmart_rule_generator_v1,4,synthetic_rule_based,pending_expert_review,train,20260817,"Theme-conditioned preferences; cake guest band 35-90; decor-conditioned venue/budget; layout derived from guests, venue and decor."
BSAR0511,wedding,outdoor,45,12.6,7.8,98.3,252000,5600,adult,night,gold,elegant,traditional_luxury,two_tier_round,flower_wall,cake_and_dessert_table,45,bakesmart_rule_generator_v1,5,synthetic_rule_based,pending_expert_review,test,20260817,"Theme-conditioned preferences; cake guest band 35-90; decor-conditioned venue/budget; layout derived from guests, venue and decor."
BSAR0512,birthday,restaurant,20,5.6,4.6,25.8,247000,12350,mixed,night,purple,elegant,elegant_gold,single_tier_square,luxury_stage,full_stage_setup,20,bakesmart_rule_generator_v1,4,synthetic_rule_based,pending_expert_review,validation,20260817,"Theme-conditioned preferences; cake guest band 15-40; decor-conditioned venue/budget; layout derived from guests, venue and decor."
BSAR0513,wedding,outdoor,218,25.9,14.4,373,465000,2133,adult,day,mixed,colourful,colourful_cartoon,three_tier_luxury,balloon_setup,two_side_tables,218,bakesmart_rule_generator_v1,3,synthetic_rule_based,pending_expert_review,train,20260817,"Theme-conditioned preferences; cake guest band 90-250; decor-conditioned venue/budget; layout derived from guests, venue and decor."
BSAR0514,birthday,restaurant,156,14.7,10.5,154.4,425000,2724,child,night,mixed,colourful,pastel_floral,three_tier_luxury,flower_wall,two_side_tables,156,bakesmart_rule_generator_v1,5,synthetic_rule_based,pending_expert_review,train,20260817,"Theme-conditioned preferences; cake guest band 90-250; decor-conditioned venue/budget; layout derived from guests, venue and decor."
BSAR0515,birthday,hall,119,16.6,9.4,156,837000,7034,child,day,mixed,minimal,modern_minimal,three_tier_luxury,luxury_stage,full_stage_setup,119,bakesmart_rule_generator_v1,5,synthetic_rule_based,pending_expert_review,train,20260817,"Theme-conditioned preferences; cake guest band 90-250; decor-conditioned venue/budget; layout derived from guests, venue and decor."
BSAR0516,graduation,restaurant,111,14.1,8.6,121.3,351000,3162,adult,day,white,rustic,rustic_natural,two_tier_floral,flower_wall,two_side_tables,111,bakesmart_rule_generator_v1,5,synthetic_rule_based,pending_expert_review,test,20260817,"Theme-conditioned preferences; cake guest band 45-120; decor-conditioned venue/budget; layout derived from guests, venue and decor."
BSAR0517,wedding,hall,88,17,9.3,158.1,196000,2227,adult,night,gold,traditional,traditional_luxury,two_tier_floral,balloon_setup,two_side_tables,88,bakesmart_rule_generator_v1,5,synthetic_rule_based,pending_expert_review,train,20260817,"Theme-conditioned preferences; cake guest band 45-120; decor-conditioned venue/budget; layout derived from guests, venue and decor."
BSAR0518,graduation,home,57,8.9,6.8,60.5,182000,3193,adult,day,gold,traditional,traditional_luxury,two_tier_floral,balloon_setup,cake_and_dessert_table,57,bakesmart_rule_generator_v1,5,synthetic_rule_based,pending_expert_review,train,20260817,"Theme-conditioned preferences; cake guest band 45-120; decor-conditioned venue/budget; layout derived from guests, venue and decor."
BSAR0519,baby_shower,outdoor,33,9.8,7.7,75.5,100000,3030,adult,day,purple,colourful,pastel_floral,single_tier_square,rustic_wood_setup,cake_and_dessert_table,33,bakesmart_rule_generator_v1,5,synthetic_rule_based,pending_expert_review,validation,20260817,"Theme-conditioned preferences; cake guest band 15-40; decor-conditioned venue/budget; layout derived from guests, venue and decor."
BSAR0520,wedding,outdoor,94,15,10.3,154.5,309000,3287,adult,night,white,elegant,traditional_luxury,two_tier_floral,balloon_setup,two_side_tables,94,bakesmart_rule_generator_v1,5,synthetic_rule_based,pending_expert_review,train,20260817,"Theme-conditioned preferences; cake guest band 45-120; decor-conditioned venue/budget; layout derived from guests, venue and decor."
BSAR0521,birthday,outdoor,34,12,7,84,75000,2206,adult,day,mixed,colourful,colourful_cartoon,single_tier_square,balloon_setup,cake_and_dessert_table,34,bakesmart_rule_generator_v1,5,synthetic_rule_based,pending_expert_review,train,20260817,"Theme-conditioned preferences; cake guest band 15-40; decor-conditioned venue/budget; layout derived from guests, venue and decor."
BSAR0522,baby_shower,hall,71,12.2,8.1,98.8,200000,2817,adult,night,white,minimal,rustic_natural,two_tier_floral,minimal_backdrop,two_side_tables,71,bakesmart_rule_generator_v1,4,synthetic_rule_based,pending_expert_review,validation,20260817,"Theme-conditioned preferences; cake guest band 45-120; decor-conditioned venue/budget; layout derived from guests, venue and decor."
BSAR0523,birthday,hall,147,21.7,12.2,264.7,785000,5340,adult,day,red,traditional,colourful_cartoon,three_tier_luxury,flower_wall,full_stage_setup,147,bakesmart_rule_generator_v1,4,synthetic_rule_based,pending_expert_review,validation,20260817,"Theme-conditioned preferences; cake guest band 90-250; decor-conditioned venue/budget; layout derived from guests, venue and decor."
BSAR0524,baby_shower,hall,37,9,5.9,53.1,193000,5216,adult,day,white,minimal,modern_minimal,two_tier_round,rustic_wood_setup,cake_and_dessert_table,37,bakesmart_rule_generator_v1,5,synthetic_rule_based,pending_expert_review,test,20260817,"Theme-conditioned preferences; cake guest band 35-90; decor-conditioned venue/budget; layout derived from guests, venue and decor."
BSAR0525,wedding,outdoor,102,17.7,12.7,224.8,443000,4343,adult,night,white,minimal,elegant_gold,two_tier_floral,rustic_wood_setup,two_side_tables,102,bakesmart_rule_generator_v1,4,synthetic_rule_based,pending_expert_review,train,20260817,"Theme-conditioned preferences; cake guest band 45-120; decor-conditioned venue/budget; layout derived from guests, venue and decor."
BSAR0526,birthday,restaurant,58,11.4,7.9,90.1,162000,2793,mixed,day,blue,traditional,colourful_cartoon,two_tier_floral,balloon_setup,cake_and_dessert_table,58,bakesmart_rule_generator_v1,4,synthetic_rule_based,pending_expert_review,train,20260817,"Theme-conditioned preferences; cake guest band 45-120; decor-conditioned venue/budget; layout derived from guests, venue and decor."
BSAR0527,wedding,outdoor,107,19.7,11,216.7,581000,5430,adult,night,red,elegant,elegant_gold,three_tier_luxury,flower_wall,two_side_tables,107,bakesmart_rule_generator_v1,5,synthetic_rule_based,pending_expert_review,train,20260817,"Theme-conditioned preferences; cake guest band 90-250; decor-conditioned venue/budget; layout derived from guests, venue and decor."
BSAR0528,birthday,home,10,4.8,3.8,18.2,71000,7100,child,day,blue,colourful,colourful_cartoon,single_tier_round,flower_wall,single_cake_table,10,bakesmart_rule_generator_v1,5,synthetic_rule_based,pending_expert_review,train,20260817,"Theme-conditioned preferences; cake guest band 8-25; decor-conditioned venue/budget; layout derived from guests, venue and decor."
BSAR0529,wedding,outdoor,74,13.8,11.1,153.2,209000,2824,adult,day,pink,minimal,pastel_floral,two_tier_floral,rustic_wood_setup,two_side_tables,74,bakesmart_rule_generator_v1,4,synthetic_rule_based,pending_expert_review,test,20260817,"Theme-conditioned preferences; cake guest band 45-120; decor-conditioned venue/budget; layout derived from guests, venue and decor."
BSAR0530,anniversary,outdoor,19,8.5,5.4,45.9,229000,12053,adult,night,gold,traditional,elegant_gold,single_tier_round,luxury_stage,full_stage_setup,19,bakesmart_rule_generator_v1,4,synthetic_rule_based,pending_expert_review,train,20260817,"Theme-conditioned preferences; cake guest band 8-25; decor-conditioned venue/budget; layout derived from guests, venue and decor."
BSAR0531,birthday,outdoor,24,8.7,6.9,60,78000,3250,teenager,night,white,minimal,modern_minimal,single_tier_round,balloon_setup,single_cake_table,24,bakesmart_rule_generator_v1,5,synthetic_rule_based,pending_expert_review,train,20260817,"Theme-conditioned preferences; cake guest band 8-25; decor-conditioned venue/budget; layout derived from guests, venue and decor."
BSAR0532,wedding,outdoor,56,13,9.4,122.2,201000,3589,adult,night,white,traditional,traditional_luxury,two_tier_round,rustic_wood_setup,cake_and_dessert_table,56,bakesmart_rule_generator_v1,5,synthetic_rule_based,pending_expert_review,train,20260817,"Theme-conditioned preferences; cake guest band 35-90; decor-conditioned venue/budget; layout derived from guests, venue and decor."
BSAR0533,anniversary,home,118,13.3,9.5,126.4,323000,2737,adult,night,blue,minimal,modern_minimal,two_tier_floral,balloon_setup,two_side_tables,118,bakesmart_rule_generator_v1,5,synthetic_rule_based,pending_expert_review,validation,20260817,"Theme-conditioned preferences; cake guest band 45-120; decor-conditioned venue/budget; layout derived from guests, venue and decor."
BSAR0534,graduation,restaurant,38,9.7,5.7,55.3,77000,2026,adult,night,mixed,minimal,modern_minimal,single_tier_square,minimal_backdrop,cake_and_dessert_table,38,bakesmart_rule_generator_v1,5,synthetic_rule_based,pending_expert_review,train,20260817,"Theme-conditioned preferences; cake guest band 15-40; decor-conditioned venue/budget; layout derived from guests, venue and decor."
BSAR0535,anniversary,home,49,9.1,6.5,59.2,104000,2122,adult,night,red,elegant,elegant_gold,two_tier_round,minimal_backdrop,cake_and_dessert_table,49,bakesmart_rule_generator_v1,5,synthetic_rule_based,pending_expert_review,train,20260817,"Theme-conditioned preferences; cake guest band 35-90; decor-conditioned venue/budget; layout derived from guests, venue and decor."
BSAR0536,baby_shower,hall,246,24.2,12.8,309.8,881000,3581,adult,day,pink,colourful,colourful_cartoon,three_tier_luxury,rustic_wood_setup,full_stage_setup,246,bakesmart_rule_generator_v1,5,synthetic_rule_based,pending_expert_review,test,20260817,"Theme-conditioned preferences; cake guest band 90-250; decor-conditioned venue/budget; layout derived from guests, venue and decor."
BSAR0537,wedding,hall,27,8.9,6.9,61.4,72000,2667,mixed,day,pink,elegant,pastel_floral,single_tier_square,minimal_backdrop,single_cake_table,27,bakesmart_rule_generator_v1,5,synthetic_rule_based,pending_expert_review,test,20260817,"Theme-conditioned preferences; cake guest band 15-40; decor-conditioned venue/budget; layout derived from guests, venue and decor."
BSAR0538,baby_shower,home,27,7.9,4.5,35.6,61000,2259,mixed,day,blue,colourful,colourful_cartoon,single_tier_square,minimal_backdrop,single_cake_table,27,bakesmart_rule_generator_v1,5,synthetic_rule_based,pending_expert_review,train,20260817,"Theme-conditioned preferences; cake guest band 15-40; decor-conditioned venue/budget; layout derived from guests, venue and decor."
BSAR0539,birthday,hall,221,18.4,16.2,298.1,548000,2480,adult,day,red,elegant,colourful_cartoon,three_tier_luxury,rustic_wood_setup,full_stage_setup,221,bakesmart_rule_generator_v1,4,synthetic_rule_based,pending_expert_review,train,20260817,"Theme-conditioned preferences; cake guest band 90-250; decor-conditioned venue/budget; layout derived from guests, venue and decor."
BSAR0540,graduation,outdoor,19,9.1,5.2,47.3,83000,4368,teenager,night,purple,elegant,pastel_floral,single_tier_round,rustic_wood_setup,single_cake_table,19,bakesmart_rule_generator_v1,5,synthetic_rule_based,pending_expert_review,train,20260817,"Theme-conditioned preferences; cake guest band 8-25; decor-conditioned venue/budget; layout derived from guests, venue and decor."
BSAR0541,birthday,hall,19,7.3,4.4,32.1,59000,3105,child,night,pink,colourful,pastel_floral,single_tier_square,balloon_setup,single_cake_table,19,bakesmart_rule_generator_v1,5,synthetic_rule_based,pending_expert_review,train,20260817,"Theme-conditioned preferences; cake guest band 15-40; decor-conditioned venue/budget; layout derived from guests, venue and decor."
BSAR0542,birthday,hall,57,10.5,8.2,86.1,399000,7000,mixed,day,white,minimal,modern_minimal,two_tier_round,luxury_stage,full_stage_setup,57,bakesmart_rule_generator_v1,5,synthetic_rule_based,pending_expert_review,train,20260817,"Theme-conditioned preferences; cake guest band 35-90; decor-conditioned venue/budget; layout derived from guests, venue and decor."
BSAR0543,graduation,outdoor,128,20.8,12.8,266.2,482000,3766,adult,night,blue,minimal,modern_minimal,three_tier_luxury,rustic_wood_setup,two_side_tables,128,bakesmart_rule_generator_v1,5,synthetic_rule_based,pending_expert_review,train,20260817,"Theme-conditioned preferences; cake guest band 90-250; decor-conditioned venue/budget; layout derived from guests, venue and decor."
BSAR0544,wedding,hall,62,11.6,9.2,106.7,225000,3629,mixed,night,gold,elegant,traditional_luxury,two_tier_round,rustic_wood_setup,cake_and_dessert_table,62,bakesmart_rule_generator_v1,5,synthetic_rule_based,pending_expert_review,train,20260817,"Theme-conditioned preferences; cake guest band 35-90; decor-conditioned venue/budget; layout derived from guests, venue and decor."
BSAR0545,birthday,restaurant,104,13.5,11,148.5,659000,6337,adult,day,green,colourful,colourful_cartoon,two_tier_floral,luxury_stage,full_stage_setup,104,bakesmart_rule_generator_v1,4,synthetic_rule_based,pending_expert_review,train,20260817,"Theme-conditioned preferences; cake guest band 45-120; decor-conditioned venue/budget; layout derived from guests, venue and decor."
BSAR0546,graduation,home,111,13.3,7.2,95.8,231000,2081,mixed,day,white,minimal,modern_minimal,three_tier_luxury,balloon_setup,two_side_tables,111,bakesmart_rule_generator_v1,5,synthetic_rule_based,pending_expert_review,train,20260817,"Theme-conditioned preferences; cake guest band 90-250; decor-conditioned venue/budget; layout derived from guests, venue and decor."
BSAR0547,graduation,outdoor,86,16.8,9.3,156.2,393000,4570,adult,day,white,elegant,modern_minimal,two_tier_floral,rustic_wood_setup,two_side_tables,86,bakesmart_rule_generator_v1,4,synthetic_rule_based,pending_expert_review,train,20260817,"Theme-conditioned preferences; cake guest band 45-120; decor-conditioned venue/budget; layout derived from guests, venue and decor."
BSAR0548,baby_shower,restaurant,238,21.2,11.2,237.4,1609000,6761,adult,night,white,elegant,pastel_floral,three_tier_luxury,luxury_stage,full_stage_setup,238,bakesmart_rule_generator_v1,4,synthetic_rule_based,pending_expert_review,train,20260817,"Theme-conditioned preferences; cake guest band 90-250; decor-conditioned venue/budget; layout derived from guests, venue and decor."
BSAR0549,anniversary,home,90,10.8,9.6,103.7,219000,2433,mixed,day,white,elegant,modern_minimal,two_tier_floral,balloon_setup,two_side_tables,90,bakesmart_rule_generator_v1,4,synthetic_rule_based,pending_expert_review,test,20260817,"Theme-conditioned preferences; cake guest band 45-120; decor-conditioned venue/budget; layout derived from guests, venue and decor."
BSAR0550,baby_shower,outdoor,15,7.6,4.6,35,61000,4067,adult,day,mixed,colourful,colourful_cartoon,single_tier_round,rustic_wood_setup,single_cake_table,15,bakesmart_rule_generator_v1,5,synthetic_rule_based,pending_expert_review,train,20260817,"Theme-conditioned preferences; cake guest band 8-25; decor-conditioned venue/budget; layout derived from guests, venue and decor."
BSAR0551,baby_shower,outdoor,114,20.1,11,221.1,319000,2798,adult,day,mixed,elegant,pastel_floral,three_tier_luxury,balloon_setup,two_side_tables,114,bakesmart_rule_generator_v1,5,synthetic_rule_based,pending_expert_review,train,20260817,"Theme-conditioned preferences; cake guest band 90-250; decor-conditioned venue/budget; layout derived from guests, venue and decor."
BSAR0552,baby_shower,hall,54,12.4,8.4,104.2,215000,3981,adult,night,gold,minimal,rustic_natural,two_tier_floral,flower_wall,cake_and_dessert_table,54,bakesmart_rule_generator_v1,4,synthetic_rule_based,pending_expert_review,train,20260817,"Theme-conditioned preferences; cake guest band 45-120; decor-conditioned venue/budget; layout derived from guests, venue and decor."
BSAR0553,wedding,hall,31,10.6,5.6,59.4,77000,2484,adult,night,red,traditional,traditional_luxury,single_tier_square,balloon_setup,cake_and_dessert_table,31,bakesmart_rule_generator_v1,5,synthetic_rule_based,pending_expert_review,validation,20260817,"Theme-conditioned preferences; cake guest band 15-40; decor-conditioned venue/budget; layout derived from guests, venue and decor."
BSAR0554,wedding,hall,85,13.4,8.6,115.2,273000,3212,mixed,night,red,traditional,traditional_luxury,two_tier_round,rustic_wood_setup,two_side_tables,85,bakesmart_rule_generator_v1,5,synthetic_rule_based,pending_expert_review,train,20260817,"Theme-conditioned preferences; cake guest band 35-90; decor-conditioned venue/budget; layout derived from guests, venue and decor."
BSAR0555,birthday,home,85,11,8,88,290000,3412,child,day,green,rustic,rustic_natural,two_tier_floral,balloon_setup,two_side_tables,85,bakesmart_rule_generator_v1,5,synthetic_rule_based,pending_expert_review,train,20260817,"Theme-conditioned preferences; cake guest band 45-120; decor-conditioned venue/budget; layout derived from guests, venue and decor."
BSAR0556,graduation,outdoor,59,13,9.2,119.6,183000,3102,adult,night,red,elegant,elegant_gold,two_tier_floral,balloon_setup,cake_and_dessert_table,59,bakesmart_rule_generator_v1,5,synthetic_rule_based,pending_expert_review,train,20260817,"Theme-conditioned preferences; cake guest band 45-120; decor-conditioned venue/budget; layout derived from guests, venue and decor."
BSAR0557,anniversary,outdoor,41,12.6,6.8,85.7,160000,3902,adult,night,white,minimal,modern_minimal,two_tier_round,flower_wall,cake_and_dessert_table,41,bakesmart_rule_generator_v1,5,synthetic_rule_based,pending_expert_review,test,20260817,"Theme-conditioned preferences; cake guest band 35-90; decor-conditioned venue/budget; layout derived from guests, venue and decor."
BSAR0558,anniversary,outdoor,55,14.7,8,117.6,197000,3582,adult,day,blue,minimal,modern_minimal,two_tier_round,rustic_wood_setup,cake_and_dessert_table,55,bakesmart_rule_generator_v1,5,synthetic_rule_based,pending_expert_review,train,20260817,"Theme-conditioned preferences; cake guest band 35-90; decor-conditioned venue/budget; layout derived from guests, venue and decor."
BSAR0559,birthday,hall,95,13.9,9.2,127.9,689000,7253,child,night,blue,colourful,colourful_cartoon,two_tier_floral,luxury_stage,full_stage_setup,95,bakesmart_rule_generator_v1,5,synthetic_rule_based,pending_expert_review,train,20260817,"Theme-conditioned preferences; cake guest band 45-120; decor-conditioned venue/budget; layout derived from guests, venue and decor."
BSAR0560,wedding,hall,128,13.8,11.7,161.5,366000,2859,adult,day,gold,rustic,rustic_natural,three_tier_luxury,minimal_backdrop,full_stage_setup,128,bakesmart_rule_generator_v1,5,synthetic_rule_based,pending_expert_review,train,20260817,"Theme-conditioned preferences; cake guest band 90-250; decor-conditioned venue/budget; layout derived from guests, venue and decor."
BSAR0561,birthday,hall,140,18.7,11.9,222.5,780000,5571,child,night,white,elegant,pastel_floral,three_tier_luxury,luxury_stage,full_stage_setup,140,bakesmart_rule_generator_v1,5,synthetic_rule_based,pending_expert_review,train,20260817,"Theme-conditioned preferences; cake guest band 90-250; decor-conditioned venue/budget; layout derived from guests, venue and decor."
BSAR0562,graduation,hall,101,14.5,9.7,140.6,221000,2188,teenager,day,purple,minimal,pastel_floral,two_tier_floral,minimal_backdrop,two_side_tables,101,bakesmart_rule_generator_v1,4,synthetic_rule_based,pending_expert_review,train,20260817,"Theme-conditioned preferences; cake guest band 45-120; decor-conditioned venue/budget; layout derived from guests, venue and decor."
BSAR0563,anniversary,hall,23,8.6,6,51.6,139000,6043,adult,night,blue,colourful,colourful_cartoon,single_tier_round,flower_wall,single_cake_table,23,bakesmart_rule_generator_v1,3,synthetic_rule_based,pending_expert_review,train,20260817,"Theme-conditioned preferences; cake guest band 8-25; decor-conditioned venue/budget; layout derived from guests, venue and decor."
BSAR0564,birthday,hall,18,7.3,4.9,35.8,53000,2944,adult,day,gold,rustic,rustic_natural,single_tier_round,balloon_setup,single_cake_table,18,bakesmart_rule_generator_v1,5,synthetic_rule_based,pending_expert_review,test,20260817,"Theme-conditioned preferences; cake guest band 8-25; decor-conditioned venue/budget; layout derived from guests, venue and decor."
BSAR0565,wedding,hall,25,8.4,5.3,44.5,62000,2480,mixed,night,gold,traditional,traditional_luxury,single_tier_round,minimal_backdrop,single_cake_table,25,bakesmart_rule_generator_v1,5,synthetic_rule_based,pending_expert_review,test,20260817,"Theme-conditioned preferences; cake guest band 8-25; decor-conditioned venue/budget; layout derived from guests, venue and decor."
BSAR0566,wedding,home,184,18,11.4,205.2,513000,2788,adult,night,pink,minimal,pastel_floral,three_tier_luxury,flower_wall,two_side_tables,184,bakesmart_rule_generator_v1,4,synthetic_rule_based,pending_expert_review,train,20260817,"Theme-conditioned preferences; cake guest band 90-250; decor-conditioned venue/budget; layout derived from guests, venue and decor."
BSAR0567,birthday,restaurant,67,10.1,8.7,87.9,121000,1806,child,day,green,rustic,rustic_natural,two_tier_floral,minimal_backdrop,cake_and_dessert_table,67,bakesmart_rule_generator_v1,5,synthetic_rule_based,pending_expert_review,train,20260817,"Theme-conditioned preferences; cake guest band 45-120; decor-conditioned venue/budget; layout derived from guests, venue and decor."
BSAR0568,anniversary,restaurant,8,6.1,3.2,19.5,37000,4625,adult,day,gold,traditional,elegant_gold,single_tier_round,balloon_setup,single_cake_table,8,bakesmart_rule_generator_v1,4,synthetic_rule_based,pending_expert_review,test,20260817,"Theme-conditioned preferences; cake guest band 8-25; decor-conditioned venue/budget; layout derived from guests, venue and decor."
BSAR0569,birthday,hall,89,13.6,8.4,114.2,198000,2225,teenager,day,white,elegant,modern_minimal,two_tier_round,rustic_wood_setup,two_side_tables,89,bakesmart_rule_generator_v1,4,synthetic_rule_based,pending_expert_review,validation,20260817,"Theme-conditioned preferences; cake guest band 35-90; decor-conditioned venue/budget; layout derived from guests, venue and decor."
BSAR0570,birthday,hall,224,22.7,12.2,276.9,1212000,5411,teenager,night,pink,elegant,pastel_floral,three_tier_luxury,luxury_stage,full_stage_setup,224,bakesmart_rule_generator_v1,5,synthetic_rule_based,pending_expert_review,test,20260817,"Theme-conditioned preferences; cake guest band 90-250; decor-conditioned venue/budget; layout derived from guests, venue and decor."
BSAR0571,birthday,outdoor,44,11.4,6.4,73,92000,2091,adult,day,mixed,minimal,colourful_cartoon,two_tier_round,minimal_backdrop,cake_and_dessert_table,44,bakesmart_rule_generator_v1,4,synthetic_rule_based,pending_expert_review,train,20260817,"Theme-conditioned preferences; cake guest band 35-90; decor-conditioned venue/budget; layout derived from guests, venue and decor."
BSAR0572,birthday,restaurant,75,9.5,7.7,73.2,730000,9733,child,night,white,minimal,modern_minimal,two_tier_round,luxury_stage,full_stage_setup,75,bakesmart_rule_generator_v1,4,synthetic_rule_based,pending_expert_review,train,20260817,"Theme-conditioned preferences; cake guest band 35-90; decor-conditioned venue/budget; layout derived from guests, venue and decor."
BSAR0573,graduation,outdoor,24,8.7,6.6,57.4,109000,4542,teenager,day,green,rustic,modern_minimal,single_tier_round,rustic_wood_setup,single_cake_table,24,bakesmart_rule_generator_v1,4,synthetic_rule_based,pending_expert_review,validation,20260817,"Theme-conditioned preferences; cake guest band 8-25; decor-conditioned venue/budget; layout derived from guests, venue and decor."
BSAR0574,anniversary,home,70,9.2,7.6,69.9,178000,2543,adult,night,gold,traditional,elegant_gold,two_tier_round,minimal_backdrop,two_side_tables,70,bakesmart_rule_generator_v1,4,synthetic_rule_based,pending_expert_review,train,20260817,"Theme-conditioned preferences; cake guest band 35-90; decor-conditioned venue/budget; layout derived from guests, venue and decor."
BSAR0575,birthday,hall,38,10.4,6.6,68.6,144000,3789,adult,night,white,traditional,traditional_luxury,single_tier_square,flower_wall,cake_and_dessert_table,38,bakesmart_rule_generator_v1,5,synthetic_rule_based,pending_expert_review,test,20260817,"Theme-conditioned preferences; cake guest band 15-40; decor-conditioned venue/budget; layout derived from guests, venue and decor."
BSAR0576,anniversary,hall,77,16.5,8.7,143.5,429000,5571,mixed,day,purple,elegant,elegant_gold,two_tier_round,luxury_stage,full_stage_setup,77,bakesmart_rule_generator_v1,5,synthetic_rule_based,pending_expert_review,train,20260817,"Theme-conditioned preferences; cake guest band 35-90; decor-conditioned venue/budget; layout derived from guests, venue and decor."
BSAR0577,birthday,restaurant,40,8.1,6.7,54.3,141000,3525,mixed,day,red,colourful,colourful_cartoon,single_tier_square,rustic_wood_setup,cake_and_dessert_table,40,bakesmart_rule_generator_v1,5,synthetic_rule_based,pending_expert_review,train,20260817,"Theme-conditioned preferences; cake guest band 15-40; decor-conditioned venue/budget; layout derived from guests, venue and decor."
BSAR0578,birthday,outdoor,11,6.7,4.6,30.8,28000,2545,teenager,day,green,colourful,colourful_cartoon,single_tier_round,minimal_backdrop,single_cake_table,11,bakesmart_rule_generator_v1,5,synthetic_rule_based,pending_expert_review,test,20260817,"Theme-conditioned preferences; cake guest band 8-25; decor-conditioned venue/budget; layout derived from guests, venue and decor."
BSAR0579,graduation,restaurant,71,12.4,7,86.8,176000,2479,mixed,day,mixed,colourful,colourful_cartoon,two_tier_floral,minimal_backdrop,two_side_tables,71,bakesmart_rule_generator_v1,5,synthetic_rule_based,pending_expert_review,test,20260817,"Theme-conditioned preferences; cake guest band 45-120; decor-conditioned venue/budget; layout derived from guests, venue and decor."
BSAR0580,birthday,hall,108,17.7,10.3,182.3,965000,8935,teenager,day,gold,rustic,rustic_natural,three_tier_luxury,luxury_stage,full_stage_setup,108,bakesmart_rule_generator_v1,5,synthetic_rule_based,pending_expert_review,train,20260817,"Theme-conditioned preferences; cake guest band 90-250; decor-conditioned venue/budget; layout derived from guests, venue and decor."
BSAR0581,birthday,hall,12,5.8,4.4,25.5,66000,5500,child,night,gold,elegant,elegant_gold,single_tier_round,rustic_wood_setup,single_cake_table,12,bakesmart_rule_generator_v1,5,synthetic_rule_based,pending_expert_review,test,20260817,"Theme-conditioned preferences; cake guest band 8-25; decor-conditioned venue/budget; layout derived from guests, venue and decor."
BSAR0582,anniversary,hall,21,6.6,5.9,38.9,331000,15762,adult,day,red,elegant,traditional_luxury,single_tier_round,luxury_stage,full_stage_setup,21,bakesmart_rule_generator_v1,5,synthetic_rule_based,pending_expert_review,train,20260817,"Theme-conditioned preferences; cake guest band 8-25; decor-conditioned venue/budget; layout derived from guests, venue and decor."
BSAR0583,anniversary,outdoor,108,16.3,10.3,167.9,376000,3481,adult,day,white,minimal,modern_minimal,two_tier_floral,rustic_wood_setup,two_side_tables,108,bakesmart_rule_generator_v1,5,synthetic_rule_based,pending_expert_review,test,20260817,"Theme-conditioned preferences; cake guest band 45-120; decor-conditioned venue/budget; layout derived from guests, venue and decor."
BSAR0584,graduation,hall,45,9.6,7.2,69.1,371000,8244,mixed,night,red,traditional,traditional_luxury,two_tier_round,luxury_stage,full_stage_setup,45,bakesmart_rule_generator_v1,5,synthetic_rule_based,pending_expert_review,train,20260817,"Theme-conditioned preferences; cake guest band 35-90; decor-conditioned venue/budget; layout derived from guests, venue and decor."
BSAR0585,birthday,home,66,11.6,6.2,71.9,162000,2455,child,day,mixed,traditional,colourful_cartoon,two_tier_round,minimal_backdrop,cake_and_dessert_table,66,bakesmart_rule_generator_v1,4,synthetic_rule_based,pending_expert_review,validation,20260817,"Theme-conditioned preferences; cake guest band 35-90; decor-conditioned venue/budget; layout derived from guests, venue and decor."
BSAR0586,wedding,hall,22,8.3,6.1,50.6,71000,3227,adult,night,white,elegant,elegant_gold,single_tier_round,balloon_setup,single_cake_table,22,bakesmart_rule_generator_v1,5,synthetic_rule_based,pending_expert_review,validation,20260817,"Theme-conditioned preferences; cake guest band 8-25; decor-conditioned venue/budget; layout derived from guests, venue and decor."
BSAR0587,birthday,hall,75,14.2,7.7,109.3,140000,1867,child,day,white,minimal,modern_minimal,two_tier_floral,balloon_setup,two_side_tables,75,bakesmart_rule_generator_v1,5,synthetic_rule_based,pending_expert_review,test,20260817,"Theme-conditioned preferences; cake guest band 45-120; decor-conditioned venue/budget; layout derived from guests, venue and decor."
BSAR0588,birthday,outdoor,105,14.1,10.1,142.4,546000,5200,child,night,purple,colourful,traditional_luxury,two_tier_floral,flower_wall,two_side_tables,105,bakesmart_rule_generator_v1,4,synthetic_rule_based,pending_expert_review,validation,20260817,"Theme-conditioned preferences; cake guest band 45-120; decor-conditioned venue/budget; layout derived from guests, venue and decor."
BSAR0589,baby_shower,outdoor,27,9.4,6.5,61.1,55000,2037,adult,day,green,elegant,rustic_natural,single_tier_square,balloon_setup,single_cake_table,27,bakesmart_rule_generator_v1,4,synthetic_rule_based,pending_expert_review,train,20260817,"Theme-conditioned preferences; cake guest band 15-40; decor-conditioned venue/budget; layout derived from guests, venue and decor."
BSAR0590,baby_shower,hall,59,13.6,8.5,115.6,536000,9085,adult,night,red,elegant,elegant_gold,two_tier_floral,luxury_stage,full_stage_setup,59,bakesmart_rule_generator_v1,5,synthetic_rule_based,pending_expert_review,test,20260817,"Theme-conditioned preferences; cake guest band 45-120; decor-conditioned venue/budget; layout derived from guests, venue and decor."
BSAR0591,birthday,outdoor,29,9,6.9,62.1,159000,5483,adult,day,pink,colourful,colourful_cartoon,single_tier_square,flower_wall,single_cake_table,29,bakesmart_rule_generator_v1,5,synthetic_rule_based,pending_expert_review,train,20260817,"Theme-conditioned preferences; cake guest band 15-40; decor-conditioned venue/budget; layout derived from guests, venue and decor."
BSAR0592,graduation,hall,16,7.2,4.2,30.2,167000,10438,teenager,night,white,elegant,modern_minimal,single_tier_square,luxury_stage,full_stage_setup,16,bakesmart_rule_generator_v1,4,synthetic_rule_based,pending_expert_review,train,20260817,"Theme-conditioned preferences; cake guest band 15-40; decor-conditioned venue/budget; layout derived from guests, venue and decor."
BSAR0593,graduation,hall,124,17.7,11.5,203.5,526000,4242,teenager,night,purple,elegant,pastel_floral,three_tier_luxury,rustic_wood_setup,full_stage_setup,124,bakesmart_rule_generator_v1,5,synthetic_rule_based,pending_expert_review,validation,20260817,"Theme-conditioned preferences; cake guest band 90-250; decor-conditioned venue/budget; layout derived from guests, venue and decor."
BSAR0594,wedding,outdoor,51,12.7,9.5,120.7,185000,3627,mixed,night,purple,elegant,traditional_luxury,two_tier_floral,balloon_setup,cake_and_dessert_table,51,bakesmart_rule_generator_v1,5,synthetic_rule_based,pending_expert_review,train,20260817,"Theme-conditioned preferences; cake guest band 45-120; decor-conditioned venue/budget; layout derived from guests, venue and decor."
BSAR0595,graduation,outdoor,88,13.8,9,124.2,215000,2443,mixed,day,white,elegant,modern_minimal,two_tier_round,rustic_wood_setup,two_side_tables,88,bakesmart_rule_generator_v1,4,synthetic_rule_based,pending_expert_review,validation,20260817,"Theme-conditioned preferences; cake guest band 35-90; decor-conditioned venue/budget; layout derived from guests, venue and decor."
BSAR0596,anniversary,restaurant,180,18.8,11.5,216.2,360000,2000,adult,night,mixed,colourful,colourful_cartoon,three_tier_luxury,balloon_setup,two_side_tables,180,bakesmart_rule_generator_v1,3,synthetic_rule_based,pending_expert_review,validation,20260817,"Theme-conditioned preferences; cake guest band 90-250; decor-conditioned venue/budget; layout derived from guests, venue and decor."
BSAR0597,graduation,hall,35,9.5,6,57,86000,2457,teenager,night,red,elegant,elegant_gold,two_tier_round,minimal_backdrop,cake_and_dessert_table,35,bakesmart_rule_generator_v1,5,synthetic_rule_based,pending_expert_review,train,20260817,"Theme-conditioned preferences; cake guest band 35-90; decor-conditioned venue/budget; layout derived from guests, venue and decor."
BSAR0598,wedding,outdoor,197,19.5,14.3,278.9,622000,3157,mixed,night,red,elegant,traditional_luxury,three_tier_luxury,rustic_wood_setup,two_side_tables,197,bakesmart_rule_generator_v1,5,synthetic_rule_based,pending_expert_review,train,20260817,"Theme-conditioned preferences; cake guest band 90-250; decor-conditioned venue/budget; layout derived from guests, venue and decor."
BSAR0599,wedding,hall,32,7.9,5.9,46.6,439000,13719,adult,night,white,traditional,traditional_luxury,single_tier_square,luxury_stage,full_stage_setup,32,bakesmart_rule_generator_v1,5,synthetic_rule_based,pending_expert_review,train,20260817,"Theme-conditioned preferences; cake guest band 15-40; decor-conditioned venue/budget; layout derived from guests, venue and decor."
BSAR0600,birthday,home,9,5.4,4,21.6,48000,5333,mixed,night,white,rustic,rustic_natural,single_tier_round,flower_wall,single_cake_table,9,bakesmart_rule_generator_v1,5,synthetic_rule_based,pending_expert_review,train,20260817,"Theme-conditioned preferences; cake guest band 8-25; decor-conditioned venue/budget; layout derived from guests, venue and decor."
BSAR0601,anniversary,hall,91,11.7,9.3,108.8,209000,2297,mixed,day,white,minimal,pastel_floral,two_tier_floral,balloon_setup,two_side_tables,91,bakesmart_rule_generator_v1,4,synthetic_rule_based,pending_expert_review,train,20260817,"Theme-conditioned preferences; cake guest band 45-120; decor-conditioned venue/budget; layout derived from guests, venue and decor."
BSAR0602,baby_shower,hall,22,7.8,6.3,49.1,56000,2545,mixed,day,purple,colourful,colourful_cartoon,single_tier_square,minimal_backdrop,single_cake_table,22,bakesmart_rule_generator_v1,5,synthetic_rule_based,pending_expert_review,train,20260817,"Theme-conditioned preferences; cake guest band 15-40; decor-conditioned venue/budget; layout derived from guests, venue and decor."
BSAR0603,wedding,hall,14,7,4.4,30.8,213000,15214,adult,night,white,colourful,pastel_floral,single_tier_round,luxury_stage,full_stage_setup,14,bakesmart_rule_generator_v1,5,synthetic_rule_based,pending_expert_review,validation,20260817,"Theme-conditioned preferences; cake guest band 8-25; decor-conditioned venue/budget; layout derived from guests, venue and decor."
BSAR0604,wedding,outdoor,116,19.1,11.8,225.4,343000,2957,adult,day,green,rustic,rustic_natural,two_tier_floral,flower_wall,two_side_tables,116,bakesmart_rule_generator_v1,5,synthetic_rule_based,pending_expert_review,train,20260817,"Theme-conditioned preferences; cake guest band 45-120; decor-conditioned venue/budget; layout derived from guests, venue and decor."
BSAR0605,graduation,restaurant,21,6.1,4.5,27.5,117000,5571,teenager,night,gold,elegant,modern_minimal,single_tier_round,flower_wall,single_cake_table,21,bakesmart_rule_generator_v1,4,synthetic_rule_based,pending_expert_review,train,20260817,"Theme-conditioned preferences; cake guest band 8-25; decor-conditioned venue/budget; layout derived from guests, venue and decor."
BSAR0606,wedding,outdoor,121,14.2,12.8,181.8,274000,2264,mixed,day,red,traditional,traditional_luxury,three_tier_luxury,minimal_backdrop,two_side_tables,121,bakesmart_rule_generator_v1,5,synthetic_rule_based,pending_expert_review,test,20260817,"Theme-conditioned preferences; cake guest band 90-250; decor-conditioned venue/budget; layout derived from guests, venue and decor."
BSAR0607,baby_shower,hall,48,11.8,6.8,80.2,159000,3313,adult,night,mixed,elegant,elegant_gold,two_tier_round,flower_wall,cake_and_dessert_table,48,bakesmart_rule_generator_v1,5,synthetic_rule_based,pending_expert_review,train,20260817,"Theme-conditioned preferences; cake guest band 35-90; decor-conditioned venue/budget; layout derived from guests, venue and decor."
BSAR0608,wedding,home,81,12.2,8.8,107.4,381000,4704,adult,night,pink,colourful,colourful_cartoon,two_tier_floral,flower_wall,two_side_tables,81,bakesmart_rule_generator_v1,3,synthetic_rule_based,pending_expert_review,train,20260817,"Theme-conditioned preferences; cake guest band 45-120; decor-conditioned venue/budget; layout derived from guests, venue and decor."
BSAR0609,birthday,home,178,19.1,10.5,200.6,834000,4685,mixed,day,white,minimal,modern_minimal,three_tier_luxury,flower_wall,two_side_tables,178,bakesmart_rule_generator_v1,5,synthetic_rule_based,pending_expert_review,train,20260817,"Theme-conditioned preferences; cake guest band 90-250; decor-conditioned venue/budget; layout derived from guests, venue and decor."
BSAR0610,birthday,home,14,7.8,4.3,33.5,57000,4071,child,day,purple,elegant,pastel_floral,single_tier_round,balloon_setup,single_cake_table,14,bakesmart_rule_generator_v1,5,synthetic_rule_based,pending_expert_review,train,20260817,"Theme-conditioned preferences; cake guest band 8-25; decor-conditioned venue/budget; layout derived from guests, venue and decor."
BSAR0611,baby_shower,hall,64,12.9,10.2,131.6,123000,1922,adult,night,mixed,elegant,elegant_gold,two_tier_floral,balloon_setup,cake_and_dessert_table,64,bakesmart_rule_generator_v1,5,synthetic_rule_based,pending_expert_review,train,20260817,"Theme-conditioned preferences; cake guest band 45-120; decor-conditioned venue/budget; layout derived from guests, venue and decor."
BSAR0612,graduation,outdoor,9,6.9,4.2,29,59000,6556,adult,night,purple,traditional,pastel_floral,single_tier_round,flower_wall,single_cake_table,9,bakesmart_rule_generator_v1,4,synthetic_rule_based,pending_expert_review,train,20260817,"Theme-conditioned preferences; cake guest band 8-25; decor-conditioned venue/budget; layout derived from guests, venue and decor."
BSAR0613,birthday,home,21,7.8,4.7,36.7,63000,3000,adult,day,mixed,rustic,rustic_natural,single_tier_square,balloon_setup,single_cake_table,21,bakesmart_rule_generator_v1,5,synthetic_rule_based,pending_expert_review,test,20260817,"Theme-conditioned preferences; cake guest band 15-40; decor-conditioned venue/budget; layout derived from guests, venue and decor."
BSAR0614,wedding,restaurant,241,18,15.2,273.6,574000,2382,adult,day,gold,rustic,rustic_natural,three_tier_luxury,minimal_backdrop,two_side_tables,241,bakesmart_rule_generator_v1,5,synthetic_rule_based,pending_expert_review,train,20260817,"Theme-conditioned preferences; cake guest band 90-250; decor-conditioned venue/budget; layout derived from guests, venue and decor."
BSAR0615,wedding,hall,105,14.5,9.4,136.3,426000,4057,adult,night,green,rustic,rustic_natural,two_tier_floral,flower_wall,two_side_tables,105,bakesmart_rule_generator_v1,5,synthetic_rule_based,pending_expert_review,validation,20260817,"Theme-conditioned preferences; cake guest band 45-120; decor-conditioned venue/budget; layout derived from guests, venue and decor."
BSAR0616,graduation,home,186,18.7,11.2,209.4,334000,1796,teenager,night,gold,elegant,elegant_gold,three_tier_luxury,balloon_setup,two_side_tables,186,bakesmart_rule_generator_v1,5,synthetic_rule_based,pending_expert_review,train,20260817,"Theme-conditioned preferences; cake guest band 90-250; decor-conditioned venue/budget; layout derived from guests, venue and decor."
BSAR0617,baby_shower,restaurant,37,8.8,5.3,46.6,84000,2270,adult,day,mixed,colourful,pastel_floral,single_tier_square,balloon_setup,cake_and_dessert_table,37,bakesmart_rule_generator_v1,5,synthetic_rule_based,pending_expert_review,test,20260817,"Theme-conditioned preferences; cake guest band 15-40; decor-conditioned venue/budget; layout derived from guests, venue and decor."
BSAR0618,birthday,outdoor,111,15.9,10.5,167,243000,2189,child,day,mixed,rustic,rustic_natural,three_tier_luxury,minimal_backdrop,two_side_tables,111,bakesmart_rule_generator_v1,5,synthetic_rule_based,pending_expert_review,train,20260817,"Theme-conditioned preferences; cake guest band 90-250; decor-conditioned venue/budget; layout derived from guests, venue and decor."
BSAR0619,wedding,restaurant,99,14.3,7.9,113,149000,1505,mixed,day,blue,minimal,modern_minimal,two_tier_floral,minimal_backdrop,two_side_tables,99,bakesmart_rule_generator_v1,5,synthetic_rule_based,pending_expert_review,train,20260817,"Theme-conditioned preferences; cake guest band 45-120; decor-conditioned venue/budget; layout derived from guests, venue and decor."
BSAR0620,graduation,restaurant,177,19.3,10.2,196.9,290000,1638,teenager,day,green,colourful,colourful_cartoon,three_tier_luxury,minimal_backdrop,two_side_tables,177,bakesmart_rule_generator_v1,5,synthetic_rule_based,pending_expert_review,train,20260817,"Theme-conditioned preferences; cake guest band 90-250; decor-conditioned venue/budget; layout derived from guests, venue and decor."
BSAR0621,anniversary,hall,18,6.2,4.3,26.7,58000,3222,mixed,night,white,minimal,modern_minimal,single_tier_square,balloon_setup,single_cake_table,18,bakesmart_rule_generator_v1,5,synthetic_rule_based,pending_expert_review,train,20260817,"Theme-conditioned preferences; cake guest band 15-40; decor-conditioned venue/budget; layout derived from guests, venue and decor."
BSAR0622,anniversary,outdoor,109,15.5,12.8,198.4,242000,2220,adult,night,green,colourful,traditional_luxury,three_tier_luxury,balloon_setup,two_side_tables,109,bakesmart_rule_generator_v1,4,synthetic_rule_based,pending_expert_review,test,20260817,"Theme-conditioned preferences; cake guest band 90-250; decor-conditioned venue/budget; layout derived from guests, venue and decor."
BSAR0623,birthday,hall,112,15.8,8.8,139,696000,6214,child,night,purple,colourful,colourful_cartoon,two_tier_floral,luxury_stage,full_stage_setup,112,bakesmart_rule_generator_v1,5,synthetic_rule_based,pending_expert_review,train,20260817,"Theme-conditioned preferences; cake guest band 45-120; decor-conditioned venue/budget; layout derived from guests, venue and decor."
BSAR0624,anniversary,outdoor,85,16.7,10.1,168.7,440000,5176,adult,night,red,colourful,traditional_luxury,two_tier_round,flower_wall,two_side_tables,85,bakesmart_rule_generator_v1,4,synthetic_rule_based,pending_expert_review,train,20260817,"Theme-conditioned preferences; cake guest band 35-90; decor-conditioned venue/budget; layout derived from guests, venue and decor."
BSAR0625,baby_shower,restaurant,20,6.9,3.7,25.5,85000,4250,adult,night,blue,minimal,pastel_floral,single_tier_round,rustic_wood_setup,single_cake_table,20,bakesmart_rule_generator_v1,4,synthetic_rule_based,pending_expert_review,train,20260817,"Theme-conditioned preferences; cake guest band 8-25; decor-conditioned venue/budget; layout derived from guests, venue and decor."
BSAR0626,birthday,outdoor,119,17.1,12.1,206.9,334000,2807,child,day,mixed,rustic,rustic_natural,two_tier_floral,rustic_wood_setup,two_side_tables,119,bakesmart_rule_generator_v1,5,synthetic_rule_based,pending_expert_review,validation,20260817,"Theme-conditioned preferences; cake guest band 45-120; decor-conditioned venue/budget; layout derived from guests, venue and decor."
BSAR0627,graduation,restaurant,147,15.5,9.4,145.7,741000,5041,teenager,night,mixed,rustic,pastel_floral,three_tier_luxury,flower_wall,two_side_tables,147,bakesmart_rule_generator_v1,4,synthetic_rule_based,pending_expert_review,test,20260817,"Theme-conditioned preferences; cake guest band 90-250; decor-conditioned venue/budget; layout derived from guests, venue and decor."
BSAR0628,graduation,outdoor,89,12.6,10.4,131,300000,3371,teenager,day,blue,elegant,modern_minimal,two_tier_floral,balloon_setup,two_side_tables,89,bakesmart_rule_generator_v1,4,synthetic_rule_based,pending_expert_review,train,20260817,"Theme-conditioned preferences; cake guest band 45-120; decor-conditioned venue/budget; layout derived from guests, venue and decor."
BSAR0629,anniversary,hall,28,7.4,5.2,38.5,341000,12179,mixed,day,green,elegant,modern_minimal,single_tier_square,luxury_stage,full_stage_setup,28,bakesmart_rule_generator_v1,4,synthetic_rule_based,pending_expert_review,train,20260817,"Theme-conditioned preferences; cake guest band 15-40; decor-conditioned venue/budget; layout derived from guests, venue and decor."
BSAR0630,wedding,hall,47,9.9,8.7,86.1,558000,11872,adult,night,white,traditional,traditional_luxury,two_tier_floral,luxury_stage,full_stage_setup,47,bakesmart_rule_generator_v1,5,synthetic_rule_based,pending_expert_review,validation,20260817,"Theme-conditioned preferences; cake guest band 45-120; decor-conditioned venue/budget; layout derived from guests, venue and decor."
BSAR0631,wedding,hall,10,5.7,4.4,25.1,38000,3800,mixed,night,purple,traditional,elegant_gold,single_tier_round,balloon_setup,single_cake_table,10,bakesmart_rule_generator_v1,4,synthetic_rule_based,pending_expert_review,train,20260817,"Theme-conditioned preferences; cake guest band 8-25; decor-conditioned venue/budget; layout derived from guests, venue and decor."
BSAR0632,birthday,hall,86,12.2,10.4,126.9,453000,5267,child,night,mixed,elegant,modern_minimal,two_tier_round,flower_wall,two_side_tables,86,bakesmart_rule_generator_v1,4,synthetic_rule_based,pending_expert_review,train,20260817,"Theme-conditioned preferences; cake guest band 35-90; decor-conditioned venue/budget; layout derived from guests, venue and decor."
BSAR0633,birthday,hall,17,7.5,4.2,31.5,46000,2706,child,night,red,elegant,colourful_cartoon,single_tier_round,minimal_backdrop,single_cake_table,17,bakesmart_rule_generator_v1,4,synthetic_rule_based,pending_expert_review,train,20260817,"Theme-conditioned preferences; cake guest band 8-25; decor-conditioned venue/budget; layout derived from guests, venue and decor."
BSAR0634,anniversary,home,18,5.9,5.1,30.1,46000,2556,adult,night,white,elegant,rustic_natural,single_tier_square,balloon_setup,single_cake_table,18,bakesmart_rule_generator_v1,4,synthetic_rule_based,pending_expert_review,train,20260817,"Theme-conditioned preferences; cake guest band 15-40; decor-conditioned venue/budget; layout derived from guests, venue and decor."
BSAR0635,graduation,hall,120,20.1,10.9,219.1,174000,1450,adult,night,gold,traditional,traditional_luxury,two_tier_floral,minimal_backdrop,full_stage_setup,120,bakesmart_rule_generator_v1,5,synthetic_rule_based,pending_expert_review,train,20260817,"Theme-conditioned preferences; cake guest band 45-120; decor-conditioned venue/budget; layout derived from guests, venue and decor."
BSAR0636,wedding,outdoor,118,15.8,14.2,224.4,179000,1517,adult,night,blue,minimal,modern_minimal,two_tier_floral,minimal_backdrop,two_side_tables,118,bakesmart_rule_generator_v1,5,synthetic_rule_based,pending_expert_review,train,20260817,"Theme-conditioned preferences; cake guest band 45-120; decor-conditioned venue/budget; layout derived from guests, venue and decor."
BSAR0637,birthday,outdoor,51,10.9,7.6,82.8,202000,3961,adult,night,mixed,colourful,colourful_cartoon,two_tier_round,flower_wall,cake_and_dessert_table,51,bakesmart_rule_generator_v1,5,synthetic_rule_based,pending_expert_review,train,20260817,"Theme-conditioned preferences; cake guest band 35-90; decor-conditioned venue/budget; layout derived from guests, venue and decor."
BSAR0638,wedding,home,39,9.4,5.2,48.9,237000,6077,mixed,night,green,rustic,rustic_natural,two_tier_round,flower_wall,cake_and_dessert_table,39,bakesmart_rule_generator_v1,5,synthetic_rule_based,pending_expert_review,train,20260817,"Theme-conditioned preferences; cake guest band 35-90; decor-conditioned venue/budget; layout derived from guests, venue and decor."
BSAR0639,wedding,hall,56,10.5,8.3,87.2,659000,11768,adult,night,mixed,minimal,pastel_floral,two_tier_floral,luxury_stage,full_stage_setup,56,bakesmart_rule_generator_v1,4,synthetic_rule_based,pending_expert_review,validation,20260817,"Theme-conditioned preferences; cake guest band 45-120; decor-conditioned venue/budget; layout derived from guests, venue and decor."
BSAR0640,anniversary,home,84,10.4,9.2,95.7,249000,2964,adult,night,white,elegant,elegant_gold,two_tier_floral,balloon_setup,two_side_tables,84,bakesmart_rule_generator_v1,5,synthetic_rule_based,pending_expert_review,train,20260817,"Theme-conditioned preferences; cake guest band 45-120; decor-conditioned venue/budget; layout derived from guests, venue and decor."
BSAR0641,baby_shower,hall,17,8.2,4.4,36.1,68000,4000,adult,night,green,elegant,traditional_luxury,single_tier_square,flower_wall,single_cake_table,17,bakesmart_rule_generator_v1,5,synthetic_rule_based,pending_expert_review,test,20260817,"Theme-conditioned preferences; cake guest band 15-40; decor-conditioned venue/budget; layout derived from guests, venue and decor."
BSAR0642,birthday,outdoor,59,14.9,8.9,132.6,106000,1797,child,day,blue,colourful,colourful_cartoon,two_tier_floral,minimal_backdrop,cake_and_dessert_table,59,bakesmart_rule_generator_v1,5,synthetic_rule_based,pending_expert_review,train,20260817,"Theme-conditioned preferences; cake guest band 45-120; decor-conditioned venue/budget; layout derived from guests, venue and decor."
BSAR0643,anniversary,home,19,8.3,4.4,36.5,56000,2947,adult,day,mixed,minimal,modern_minimal,single_tier_square,minimal_backdrop,single_cake_table,19,bakesmart_rule_generator_v1,5,synthetic_rule_based,pending_expert_review,train,20260817,"Theme-conditioned preferences; cake guest band 15-40; decor-conditioned venue/budget; layout derived from guests, venue and decor."
BSAR0644,birthday,outdoor,40,9,7.2,64.8,135000,3375,child,day,red,traditional,colourful_cartoon,single_tier_square,flower_wall,cake_and_dessert_table,40,bakesmart_rule_generator_v1,4,synthetic_rule_based,pending_expert_review,train,20260817,"Theme-conditioned preferences; cake guest band 15-40; decor-conditioned venue/budget; layout derived from guests, venue and decor."
BSAR0645,birthday,restaurant,24,6.2,5.6,34.7,149000,6208,mixed,day,blue,colourful,colourful_cartoon,single_tier_square,flower_wall,single_cake_table,24,bakesmart_rule_generator_v1,5,synthetic_rule_based,pending_expert_review,train,20260817,"Theme-conditioned preferences; cake guest band 15-40; decor-conditioned venue/budget; layout derived from guests, venue and decor."
BSAR0646,birthday,restaurant,126,16.1,10.4,167.4,263000,2087,adult,night,green,traditional,traditional_luxury,three_tier_luxury,balloon_setup,two_side_tables,126,bakesmart_rule_generator_v1,5,synthetic_rule_based,pending_expert_review,train,20260817,"Theme-conditioned preferences; cake guest band 90-250; decor-conditioned venue/budget; layout derived from guests, venue and decor."
BSAR0647,birthday,home,36,8.7,4.7,40.9,76000,2111,teenager,night,mixed,minimal,modern_minimal,single_tier_square,minimal_backdrop,cake_and_dessert_table,36,bakesmart_rule_generator_v1,5,synthetic_rule_based,pending_expert_review,test,20260817,"Theme-conditioned preferences; cake guest band 15-40; decor-conditioned venue/budget; layout derived from guests, venue and decor."
BSAR0648,wedding,home,115,12.1,10,121,285000,2478,adult,night,green,elegant,rustic_natural,two_tier_floral,rustic_wood_setup,two_side_tables,115,bakesmart_rule_generator_v1,4,synthetic_rule_based,pending_expert_review,train,20260817,"Theme-conditioned preferences; cake guest band 45-120; decor-conditioned venue/budget; layout derived from guests, venue and decor."
BSAR0649,wedding,outdoor,21,7.7,6.7,51.6,89000,4238,adult,night,gold,traditional,traditional_luxury,single_tier_square,flower_wall,single_cake_table,21,bakesmart_rule_generator_v1,5,synthetic_rule_based,pending_expert_review,validation,20260817,"Theme-conditioned preferences; cake guest band 15-40; decor-conditioned venue/budget; layout derived from guests, venue and decor."
BSAR0650,graduation,restaurant,25,8.3,4.4,36.5,96000,3840,adult,day,pink,colourful,colourful_cartoon,single_tier_square,flower_wall,single_cake_table,25,bakesmart_rule_generator_v1,5,synthetic_rule_based,pending_expert_review,train,20260817,"Theme-conditioned preferences; cake guest band 15-40; decor-conditioned venue/budget; layout derived from guests, venue and decor."
BSAR0651,birthday,hall,183,18.4,15.6,287,637000,3481,teenager,night,red,elegant,rustic_natural,three_tier_luxury,rustic_wood_setup,full_stage_setup,183,bakesmart_rule_generator_v1,4,synthetic_rule_based,pending_expert_review,train,20260817,"Theme-conditioned preferences; cake guest band 90-250; decor-conditioned venue/budget; layout derived from guests, venue and decor."
BSAR0652,baby_shower,outdoor,85,17.8,11.2,199.4,195000,2294,mixed,day,pink,colourful,colourful_cartoon,two_tier_round,rustic_wood_setup,two_side_tables,85,bakesmart_rule_generator_v1,5,synthetic_rule_based,pending_expert_review,train,20260817,"Theme-conditioned preferences; cake guest band 35-90; decor-conditioned venue/budget; layout derived from guests, venue and decor."
BSAR0653,birthday,hall,111,14.6,13,189.8,1083000,9757,child,day,mixed,rustic,rustic_natural,two_tier_floral,luxury_stage,full_stage_setup,111,bakesmart_rule_generator_v1,5,synthetic_rule_based,pending_expert_review,train,20260817,"Theme-conditioned preferences; cake guest band 45-120; decor-conditioned venue/budget; layout derived from guests, venue and decor."
BSAR0654,birthday,outdoor,31,8.4,7.6,63.8,65000,2097,child,day,mixed,traditional,colourful_cartoon,single_tier_square,minimal_backdrop,cake_and_dessert_table,31,bakesmart_rule_generator_v1,4,synthetic_rule_based,pending_expert_review,validation,20260817,"Theme-conditioned preferences; cake guest band 15-40; decor-conditioned venue/budget; layout derived from guests, venue and decor."
BSAR0655,baby_shower,outdoor,55,10.1,8.5,85.9,89000,1618,adult,night,red,rustic,rustic_natural,two_tier_round,balloon_setup,cake_and_dessert_table,55,bakesmart_rule_generator_v1,5,synthetic_rule_based,pending_expert_review,train,20260817,"Theme-conditioned preferences; cake guest band 35-90; decor-conditioned venue/budget; layout derived from guests, venue and decor."
BSAR0656,anniversary,hall,175,18.5,15.8,292.3,310000,1771,adult,day,white,traditional,traditional_luxury,three_tier_luxury,minimal_backdrop,full_stage_setup,175,bakesmart_rule_generator_v1,5,synthetic_rule_based,pending_expert_review,test,20260817,"Theme-conditioned preferences; cake guest band 90-250; decor-conditioned venue/budget; layout derived from guests, venue and decor."
BSAR0657,graduation,hall,143,21,12.9,270.9,278000,1944,mixed,day,green,minimal,modern_minimal,three_tier_luxury,balloon_setup,full_stage_setup,143,bakesmart_rule_generator_v1,5,synthetic_rule_based,pending_expert_review,train,20260817,"Theme-conditioned preferences; cake guest band 90-250; decor-conditioned venue/budget; layout derived from guests, venue and decor."
BSAR0658,wedding,restaurant,10,6.1,4.6,28.1,176000,17600,adult,night,purple,traditional,traditional_luxury,single_tier_round,luxury_stage,full_stage_setup,10,bakesmart_rule_generator_v1,4,synthetic_rule_based,pending_expert_review,train,20260817,"Theme-conditioned preferences; cake guest band 8-25; decor-conditioned venue/budget; layout derived from guests, venue and decor."
BSAR0659,graduation,hall,208,16.8,14.8,248.6,509000,2447,teenager,night,green,elegant,traditional_luxury,three_tier_luxury,minimal_backdrop,full_stage_setup,208,bakesmart_rule_generator_v1,5,synthetic_rule_based,pending_expert_review,test,20260817,"Theme-conditioned preferences; cake guest band 90-250; decor-conditioned venue/budget; layout derived from guests, venue and decor."
BSAR0660,birthday,outdoor,24,7.2,5.6,40.3,144000,6000,child,night,pink,colourful,colourful_cartoon,single_tier_round,flower_wall,single_cake_table,24,bakesmart_rule_generator_v1,5,synthetic_rule_based,pending_expert_review,test,20260817,"Theme-conditioned preferences; cake guest band 8-25; decor-conditioned venue/budget; layout derived from guests, venue and decor."
BSAR0661,birthday,hall,18,6.3,4.9,30.9,200000,11111,mixed,night,pink,colourful,colourful_cartoon,single_tier_square,luxury_stage,full_stage_setup,18,bakesmart_rule_generator_v1,5,synthetic_rule_based,pending_expert_review,train,20260817,"Theme-conditioned preferences; cake guest band 15-40; decor-conditioned venue/budget; layout derived from guests, venue and decor."
BSAR0662,birthday,hall,70,10.6,9,95.4,227000,3243,teenager,day,white,minimal,pastel_floral,two_tier_floral,balloon_setup,two_side_tables,70,bakesmart_rule_generator_v1,4,synthetic_rule_based,pending_expert_review,train,20260817,"Theme-conditioned preferences; cake guest band 45-120; decor-conditioned venue/budget; layout derived from guests, venue and decor."
BSAR0663,birthday,hall,112,15.3,12.7,194.3,399000,3563,child,night,gold,traditional,traditional_luxury,two_tier_floral,flower_wall,full_stage_setup,112,bakesmart_rule_generator_v1,5,synthetic_rule_based,pending_expert_review,train,20260817,"Theme-conditioned preferences; cake guest band 45-120; decor-conditioned venue/budget; layout derived from guests, venue and decor."
BSAR0664,graduation,outdoor,67,11.8,9.4,110.9,328000,4896,adult,night,mixed,minimal,modern_minimal,two_tier_round,flower_wall,cake_and_dessert_table,67,bakesmart_rule_generator_v1,5,synthetic_rule_based,pending_expert_review,train,20260817,"Theme-conditioned preferences; cake guest band 35-90; decor-conditioned venue/budget; layout derived from guests, venue and decor."
BSAR0665,wedding,outdoor,25,9.7,6.1,59.2,97000,3880,adult,night,gold,minimal,modern_minimal,single_tier_square,flower_wall,single_cake_table,25,bakesmart_rule_generator_v1,5,synthetic_rule_based,pending_expert_review,train,20260817,"Theme-conditioned preferences; cake guest band 15-40; decor-conditioned venue/budget; layout derived from guests, venue and decor."
BSAR0666,wedding,restaurant,20,6,3.7,22.2,338000,16900,adult,night,red,traditional,traditional_luxury,single_tier_round,luxury_stage,full_stage_setup,20,bakesmart_rule_generator_v1,4,synthetic_rule_based,pending_expert_review,validation,20260817,"Theme-conditioned preferences; cake guest band 8-25; decor-conditioned venue/budget; layout derived from guests, venue and decor."
BSAR0667,birthday,restaurant,121,12.5,11,137.5,366000,3025,adult,night,blue,colourful,pastel_floral,three_tier_luxury,minimal_backdrop,two_side_tables,121,bakesmart_rule_generator_v1,5,synthetic_rule_based,pending_expert_review,train,20260817,"Theme-conditioned preferences; cake guest band 90-250; decor-conditioned venue/budget; layout derived from guests, venue and decor."
BSAR0668,wedding,outdoor,28,8.9,7.9,70.3,116000,4143,adult,day,white,minimal,pastel_floral,single_tier_square,rustic_wood_setup,single_cake_table,28,bakesmart_rule_generator_v1,4,synthetic_rule_based,pending_expert_review,validation,20260817,"Theme-conditioned preferences; cake guest band 15-40; decor-conditioned venue/budget; layout derived from guests, venue and decor."
BSAR0669,graduation,hall,74,10.9,9.2,100.3,768000,10378,teenager,day,mixed,minimal,rustic_natural,two_tier_floral,luxury_stage,full_stage_setup,74,bakesmart_rule_generator_v1,4,synthetic_rule_based,pending_expert_review,train,20260817,"Theme-conditioned preferences; cake guest band 45-120; decor-conditioned venue/budget; layout derived from guests, venue and decor."
BSAR0670,wedding,restaurant,215,19.2,16.7,320.6,603000,2805,adult,night,mixed,traditional,elegant_gold,three_tier_luxury,minimal_backdrop,two_side_tables,215,bakesmart_rule_generator_v1,4,synthetic_rule_based,pending_expert_review,train,20260817,"Theme-conditioned preferences; cake guest band 90-250; decor-conditioned venue/budget; layout derived from guests, venue and decor."
BSAR0671,wedding,home,88,13.4,7.2,96.5,153000,1739,adult,night,green,traditional,traditional_luxury,two_tier_round,minimal_backdrop,two_side_tables,88,bakesmart_rule_generator_v1,5,synthetic_rule_based,pending_expert_review,test,20260817,"Theme-conditioned preferences; cake guest band 35-90; decor-conditioned venue/budget; layout derived from guests, venue and decor."
BSAR0672,wedding,outdoor,24,7.9,5.1,40.3,77000,3208,mixed,day,mixed,minimal,modern_minimal,single_tier_round,balloon_setup,single_cake_table,24,bakesmart_rule_generator_v1,5,synthetic_rule_based,pending_expert_review,train,20260817,"Theme-conditioned preferences; cake guest band 8-25; decor-conditioned venue/budget; layout derived from guests, venue and decor."
BSAR0673,graduation,hall,82,12.4,10.3,127.7,315000,3841,adult,night,mixed,elegant,elegant_gold,two_tier_floral,rustic_wood_setup,two_side_tables,82,bakesmart_rule_generator_v1,5,synthetic_rule_based,pending_expert_review,test,20260817,"Theme-conditioned preferences; cake guest band 45-120; decor-conditioned venue/budget; layout derived from guests, venue and decor."
BSAR0674,anniversary,hall,40,9.1,6.3,57.3,92000,2300,mixed,night,white,traditional,pastel_floral,two_tier_round,minimal_backdrop,cake_and_dessert_table,40,bakesmart_rule_generator_v1,4,synthetic_rule_based,pending_expert_review,validation,20260817,"Theme-conditioned preferences; cake guest band 35-90; decor-conditioned venue/budget; layout derived from guests, venue and decor."
BSAR0675,anniversary,restaurant,19,6,4.9,29.4,127000,6684,adult,day,gold,elegant,elegant_gold,single_tier_round,flower_wall,single_cake_table,19,bakesmart_rule_generator_v1,5,synthetic_rule_based,pending_expert_review,train,20260817,"Theme-conditioned preferences; cake guest band 8-25; decor-conditioned venue/budget; layout derived from guests, venue and decor."
BSAR0676,birthday,hall,135,16.9,12.6,212.9,378000,2800,teenager,day,mixed,minimal,modern_minimal,three_tier_luxury,minimal_backdrop,full_stage_setup,135,bakesmart_rule_generator_v1,5,synthetic_rule_based,pending_expert_review,train,20260817,"Theme-conditioned preferences; cake guest band 90-250; decor-conditioned venue/budget; layout derived from guests, venue and decor."
BSAR0677,anniversary,hall,85,11.6,10.1,117.2,365000,4294,adult,night,blue,colourful,colourful_cartoon,two_tier_round,rustic_wood_setup,two_side_tables,85,bakesmart_rule_generator_v1,3,synthetic_rule_based,pending_expert_review,test,20260817,"Theme-conditioned preferences; cake guest band 35-90; decor-conditioned venue/budget; layout derived from guests, venue and decor."
BSAR0678,birthday,hall,113,16.1,12.9,207.7,588000,5204,mixed,night,pink,colourful,colourful_cartoon,three_tier_luxury,flower_wall,full_stage_setup,113,bakesmart_rule_generator_v1,5,synthetic_rule_based,pending_expert_review,validation,20260817,"Theme-conditioned preferences; cake guest band 90-250; decor-conditioned venue/budget; layout derived from guests, venue and decor."
BSAR0679,wedding,home,40,8.3,5.7,47.3,98000,2450,adult,night,purple,traditional,traditional_luxury,single_tier_square,minimal_backdrop,cake_and_dessert_table,40,bakesmart_rule_generator_v1,5,synthetic_rule_based,pending_expert_review,train,20260817,"Theme-conditioned preferences; cake guest band 15-40; decor-conditioned venue/budget; layout derived from guests, venue and decor."
BSAR0680,anniversary,outdoor,16,7.8,4.6,35.9,45000,2813,adult,day,green,rustic,rustic_natural,single_tier_round,balloon_setup,single_cake_table,16,bakesmart_rule_generator_v1,5,synthetic_rule_based,pending_expert_review,train,20260817,"Theme-conditioned preferences; cake guest band 8-25; decor-conditioned venue/budget; layout derived from guests, venue and decor."
BSAR0681,birthday,restaurant,33,8.4,4.5,37.8,94000,2848,adult,night,mixed,rustic,rustic_natural,single_tier_square,rustic_wood_setup,cake_and_dessert_table,33,bakesmart_rule_generator_v1,5,synthetic_rule_based,pending_expert_review,train,20260817,"Theme-conditioned preferences; cake guest band 15-40; decor-conditioned venue/budget; layout derived from guests, venue and decor."
BSAR0682,anniversary,hall,8,6.2,4.8,29.8,65000,8125,adult,night,red,rustic,rustic_natural,single_tier_round,rustic_wood_setup,single_cake_table,8,bakesmart_rule_generator_v1,5,synthetic_rule_based,pending_expert_review,test,20260817,"Theme-conditioned preferences; cake guest band 8-25; decor-conditioned venue/budget; layout derived from guests, venue and decor."
BSAR0683,baby_shower,outdoor,191,24.4,13.6,331.8,833000,4361,adult,day,red,elegant,elegant_gold,three_tier_luxury,flower_wall,two_side_tables,191,bakesmart_rule_generator_v1,5,synthetic_rule_based,pending_expert_review,train,20260817,"Theme-conditioned preferences; cake guest band 90-250; decor-conditioned venue/budget; layout derived from guests, venue and decor."
BSAR0684,wedding,restaurant,12,6.1,3.9,23.8,36000,3000,adult,day,white,rustic,rustic_natural,single_tier_round,minimal_backdrop,single_cake_table,12,bakesmart_rule_generator_v1,5,synthetic_rule_based,pending_expert_review,train,20260817,"Theme-conditioned preferences; cake guest band 8-25; decor-conditioned venue/budget; layout derived from guests, venue and decor."
BSAR0685,birthday,outdoor,113,20.7,11.7,242.2,923000,8168,child,night,gold,elegant,elegant_gold,two_tier_floral,luxury_stage,full_stage_setup,113,bakesmart_rule_generator_v1,4,synthetic_rule_based,pending_expert_review,train,20260817,"Theme-conditioned preferences; cake guest band 45-120; decor-conditioned venue/budget; layout derived from guests, venue and decor."
BSAR0686,wedding,outdoor,25,10.7,6.2,66.3,84000,3360,mixed,day,gold,traditional,traditional_luxury,single_tier_round,rustic_wood_setup,single_cake_table,25,bakesmart_rule_generator_v1,5,synthetic_rule_based,pending_expert_review,train,20260817,"Theme-conditioned preferences; cake guest band 8-25; decor-conditioned venue/budget; layout derived from guests, venue and decor."
BSAR0687,anniversary,home,195,18.4,10.8,198.7,549000,2815,adult,day,gold,minimal,modern_minimal,three_tier_luxury,rustic_wood_setup,two_side_tables,195,bakesmart_rule_generator_v1,5,synthetic_rule_based,pending_expert_review,train,20260817,"Theme-conditioned preferences; cake guest band 90-250; decor-conditioned venue/budget; layout derived from guests, venue and decor."
BSAR0688,anniversary,hall,20,7.1,5.4,38.3,123000,6150,adult,night,white,colourful,pastel_floral,single_tier_round,flower_wall,single_cake_table,20,bakesmart_rule_generator_v1,5,synthetic_rule_based,pending_expert_review,train,20260817,"Theme-conditioned preferences; cake guest band 8-25; decor-conditioned venue/budget; layout derived from guests, venue and decor."
BSAR0689,anniversary,outdoor,193,25.4,16.3,414,559000,2896,adult,day,pink,elegant,pastel_floral,three_tier_luxury,rustic_wood_setup,two_side_tables,193,bakesmart_rule_generator_v1,5,synthetic_rule_based,pending_expert_review,train,20260817,"Theme-conditioned preferences; cake guest band 90-250; decor-conditioned venue/budget; layout derived from guests, venue and decor."
BSAR0690,birthday,home,86,10.6,7.3,77.4,220000,2558,child,night,blue,colourful,pastel_floral,two_tier_round,rustic_wood_setup,two_side_tables,86,bakesmart_rule_generator_v1,5,synthetic_rule_based,pending_expert_review,test,20260817,"Theme-conditioned preferences; cake guest band 35-90; decor-conditioned venue/budget; layout derived from guests, venue and decor."
BSAR0691,anniversary,home,32,9.1,4.9,44.6,119000,3719,mixed,day,green,minimal,modern_minimal,single_tier_square,balloon_setup,cake_and_dessert_table,32,bakesmart_rule_generator_v1,5,synthetic_rule_based,pending_expert_review,train,20260817,"Theme-conditioned preferences; cake guest band 15-40; decor-conditioned venue/budget; layout derived from guests, venue and decor."
BSAR0692,graduation,home,23,6.5,4,26,44000,1913,teenager,day,white,rustic,rustic_natural,single_tier_round,minimal_backdrop,single_cake_table,23,bakesmart_rule_generator_v1,5,synthetic_rule_based,pending_expert_review,test,20260817,"Theme-conditioned preferences; cake guest band 8-25; decor-conditioned venue/budget; layout derived from guests, venue and decor."
BSAR0693,birthday,restaurant,63,11.5,8,92,315000,5000,teenager,day,pink,elegant,pastel_floral,two_tier_floral,flower_wall,cake_and_dessert_table,63,bakesmart_rule_generator_v1,5,synthetic_rule_based,pending_expert_review,validation,20260817,"Theme-conditioned preferences; cake guest band 45-120; decor-conditioned venue/budget; layout derived from guests, venue and decor."
BSAR0694,birthday,hall,17,8.1,5.1,41.3,66000,3882,adult,day,pink,elegant,pastel_floral,single_tier_square,balloon_setup,single_cake_table,17,bakesmart_rule_generator_v1,5,synthetic_rule_based,pending_expert_review,train,20260817,"Theme-conditioned preferences; cake guest band 15-40; decor-conditioned venue/budget; layout derived from guests, venue and decor."
BSAR0695,birthday,hall,10,5.8,4.2,24.4,59000,5900,adult,day,mixed,minimal,modern_minimal,single_tier_round,rustic_wood_setup,single_cake_table,10,bakesmart_rule_generator_v1,5,synthetic_rule_based,pending_expert_review,train,20260817,"Theme-conditioned preferences; cake guest band 8-25; decor-conditioned venue/budget; layout derived from guests, venue and decor."
BSAR0696,baby_shower,home,50,11.3,6.1,68.9,165000,3300,adult,night,green,rustic,rustic_natural,two_tier_floral,minimal_backdrop,cake_and_dessert_table,50,bakesmart_rule_generator_v1,5,synthetic_rule_based,pending_expert_review,train,20260817,"Theme-conditioned preferences; cake guest band 45-120; decor-conditioned venue/budget; layout derived from guests, venue and decor."
BSAR0697,birthday,home,56,11.9,6.6,78.5,165000,2946,child,day,mixed,minimal,modern_minimal,two_tier_round,balloon_setup,cake_and_dessert_table,56,bakesmart_rule_generator_v1,5,synthetic_rule_based,pending_expert_review,train,20260817,"Theme-conditioned preferences; cake guest band 35-90; decor-conditioned venue/budget; layout derived from guests, venue and decor."
BSAR0698,graduation,restaurant,230,17.5,13.9,243.3,2201000,9570,adult,night,purple,elegant,elegant_gold,three_tier_luxury,luxury_stage,full_stage_setup,230,bakesmart_rule_generator_v1,4,synthetic_rule_based,pending_expert_review,validation,20260817,"Theme-conditioned preferences; cake guest band 90-250; decor-conditioned venue/budget; layout derived from guests, venue and decor."
BSAR0699,birthday,restaurant,154,18.1,10.3,186.4,332000,2156,teenager,night,white,rustic,rustic_natural,three_tier_luxury,minimal_backdrop,two_side_tables,154,bakesmart_rule_generator_v1,5,synthetic_rule_based,pending_expert_review,test,20260817,"Theme-conditioned preferences; cake guest band 90-250; decor-conditioned venue/budget; layout derived from guests, venue and decor."
BSAR0700,graduation,outdoor,104,17,12.3,209.1,508000,4885,adult,night,mixed,minimal,modern_minimal,two_tier_floral,flower_wall,two_side_tables,104,bakesmart_rule_generator_v1,5,synthetic_rule_based,pending_expert_review,train,20260817,"Theme-conditioned preferences; cake guest band 45-120; decor-conditioned venue/budget; layout derived from guests, venue and decor."
BSAR0701,graduation,home,61,12.1,6.5,78.6,205000,3361,teenager,night,blue,traditional,colourful_cartoon,two_tier_round,balloon_setup,cake_and_dessert_table,61,bakesmart_rule_generator_v1,4,synthetic_rule_based,pending_expert_review,validation,20260817,"Theme-conditioned preferences; cake guest band 35-90; decor-conditioned venue/budget; layout derived from guests, venue and decor."
BSAR0702,birthday,hall,20,6.7,5.1,34.2,60000,3000,teenager,night,purple,minimal,pastel_floral,single_tier_square,minimal_backdrop,single_cake_table,20,bakesmart_rule_generator_v1,4,synthetic_rule_based,pending_expert_review,train,20260817,"Theme-conditioned preferences; cake guest band 15-40; decor-conditioned venue/budget; layout derived from guests, venue and decor."
BSAR0703,wedding,home,210,20.8,11.2,233,393000,1871,adult,night,gold,traditional,traditional_luxury,three_tier_luxury,balloon_setup,two_side_tables,210,bakesmart_rule_generator_v1,5,synthetic_rule_based,pending_expert_review,test,20260817,"Theme-conditioned preferences; cake guest band 90-250; decor-conditioned venue/budget; layout derived from guests, venue and decor."
BSAR0704,baby_shower,outdoor,23,8.1,6.6,53.5,105000,4565,mixed,day,white,minimal,modern_minimal,single_tier_round,flower_wall,single_cake_table,23,bakesmart_rule_generator_v1,5,synthetic_rule_based,pending_expert_review,train,20260817,"Theme-conditioned preferences; cake guest band 8-25; decor-conditioned venue/budget; layout derived from guests, venue and decor."
BSAR0705,wedding,outdoor,39,12.5,7.7,96.3,97000,2487,adult,night,green,minimal,modern_minimal,single_tier_square,balloon_setup,cake_and_dessert_table,39,bakesmart_rule_generator_v1,5,synthetic_rule_based,pending_expert_review,train,20260817,"Theme-conditioned preferences; cake guest band 15-40; decor-conditioned venue/budget; layout derived from guests, venue and decor."
BSAR0706,graduation,restaurant,83,12,9.6,115.2,239000,2880,adult,night,blue,minimal,modern_minimal,two_tier_floral,minimal_backdrop,two_side_tables,83,bakesmart_rule_generator_v1,5,synthetic_rule_based,pending_expert_review,train,20260817,"Theme-conditioned preferences; cake guest band 45-120; decor-conditioned venue/budget; layout derived from guests, venue and decor."
BSAR0707,anniversary,outdoor,71,13.1,9.5,124.5,135000,1901,adult,night,mixed,rustic,rustic_natural,two_tier_round,balloon_setup,two_side_tables,71,bakesmart_rule_generator_v1,5,synthetic_rule_based,pending_expert_review,train,20260817,"Theme-conditioned preferences; cake guest band 35-90; decor-conditioned venue/budget; layout derived from guests, venue and decor."
BSAR0708,graduation,restaurant,118,15,11.1,166.5,508000,4305,teenager,night,white,rustic,rustic_natural,two_tier_floral,rustic_wood_setup,two_side_tables,118,bakesmart_rule_generator_v1,5,synthetic_rule_based,pending_expert_review,validation,20260817,"Theme-conditioned preferences; cake guest band 45-120; decor-conditioned venue/budget; layout derived from guests, venue and decor."
BSAR0709,birthday,restaurant,105,16.6,8.8,146.1,161000,1533,child,night,blue,elegant,colourful_cartoon,two_tier_floral,minimal_backdrop,two_side_tables,105,bakesmart_rule_generator_v1,4,synthetic_rule_based,pending_expert_review,validation,20260817,"Theme-conditioned preferences; cake guest band 45-120; decor-conditioned venue/budget; layout derived from guests, venue and decor."
BSAR0710,wedding,hall,98,12.5,9.8,122.5,353000,3602,adult,night,gold,traditional,traditional_luxury,two_tier_floral,rustic_wood_setup,two_side_tables,98,bakesmart_rule_generator_v1,5,synthetic_rule_based,pending_expert_review,validation,20260817,"Theme-conditioned preferences; cake guest band 45-120; decor-conditioned venue/budget; layout derived from guests, venue and decor."
BSAR0711,wedding,home,213,15.8,13.3,210.1,656000,3080,adult,day,gold,traditional,elegant_gold,three_tier_luxury,balloon_setup,two_side_tables,213,bakesmart_rule_generator_v1,4,synthetic_rule_based,pending_expert_review,train,20260817,"Theme-conditioned preferences; cake guest band 90-250; decor-conditioned venue/budget; layout derived from guests, venue and decor."
BSAR0712,anniversary,outdoor,66,12.9,8.8,113.5,101000,1530,adult,day,pink,minimal,pastel_floral,two_tier_round,minimal_backdrop,cake_and_dessert_table,66,bakesmart_rule_generator_v1,4,synthetic_rule_based,pending_expert_review,train,20260817,"Theme-conditioned preferences; cake guest band 35-90; decor-conditioned venue/budget; layout derived from guests, venue and decor."
BSAR0713,birthday,hall,81,14,9.6,134.4,224000,2765,teenager,night,green,rustic,rustic_natural,two_tier_round,minimal_backdrop,two_side_tables,81,bakesmart_rule_generator_v1,5,synthetic_rule_based,pending_expert_review,test,20260817,"Theme-conditioned preferences; cake guest band 35-90; decor-conditioned venue/budget; layout derived from guests, venue and decor."
BSAR0714,birthday,hall,75,15,8.4,126,611000,8147,adult,night,white,minimal,modern_minimal,two_tier_floral,luxury_stage,full_stage_setup,75,bakesmart_rule_generator_v1,5,synthetic_rule_based,pending_expert_review,train,20260817,"Theme-conditioned preferences; cake guest band 45-120; decor-conditioned venue/budget; layout derived from guests, venue and decor."
BSAR0715,anniversary,hall,115,15.4,13.4,206.4,215000,1870,adult,night,white,elegant,elegant_gold,two_tier_floral,minimal_backdrop,full_stage_setup,115,bakesmart_rule_generator_v1,5,synthetic_rule_based,pending_expert_review,train,20260817,"Theme-conditioned preferences; cake guest band 45-120; decor-conditioned venue/budget; layout derived from guests, venue and decor."
BSAR0716,birthday,home,130,12.6,10.8,136.1,251000,1931,teenager,day,mixed,colourful,colourful_cartoon,three_tier_luxury,balloon_setup,two_side_tables,130,bakesmart_rule_generator_v1,5,synthetic_rule_based,pending_expert_review,train,20260817,"Theme-conditioned preferences; cake guest band 90-250; decor-conditioned venue/budget; layout derived from guests, venue and decor."
BSAR0717,birthday,outdoor,205,26.1,15.9,415,640000,3122,adult,day,blue,colourful,colourful_cartoon,three_tier_luxury,rustic_wood_setup,two_side_tables,205,bakesmart_rule_generator_v1,5,synthetic_rule_based,pending_expert_review,validation,20260817,"Theme-conditioned preferences; cake guest band 90-250; decor-conditioned venue/budget; layout derived from guests, venue and decor."
BSAR0718,wedding,hall,21,8.8,5.2,45.8,45000,2143,adult,night,gold,traditional,elegant_gold,single_tier_square,balloon_setup,single_cake_table,21,bakesmart_rule_generator_v1,4,synthetic_rule_based,pending_expert_review,train,20260817,"Theme-conditioned preferences; cake guest band 15-40; decor-conditioned venue/budget; layout derived from guests, venue and decor."
BSAR0719,baby_shower,home,16,5.8,4.2,24.4,39000,2438,adult,night,blue,minimal,pastel_floral,single_tier_round,minimal_backdrop,single_cake_table,16,bakesmart_rule_generator_v1,4,synthetic_rule_based,pending_expert_review,test,20260817,"Theme-conditioned preferences; cake guest band 8-25; decor-conditioned venue/budget; layout derived from guests, venue and decor."
BSAR0720,anniversary,hall,14,7,4.6,32.2,168000,12000,mixed,night,white,minimal,modern_minimal,single_tier_round,luxury_stage,full_stage_setup,14,bakesmart_rule_generator_v1,5,synthetic_rule_based,pending_expert_review,train,20260817,"Theme-conditioned preferences; cake guest band 8-25; decor-conditioned venue/budget; layout derived from guests, venue and decor."
BSAR0721,birthday,hall,157,17.4,12.6,219.2,423000,2694,mixed,day,mixed,elegant,elegant_gold,three_tier_luxury,minimal_backdrop,full_stage_setup,157,bakesmart_rule_generator_v1,5,synthetic_rule_based,pending_expert_review,train,20260817,"Theme-conditioned preferences; cake guest band 90-250; decor-conditioned venue/budget; layout derived from guests, venue and decor."
BSAR0722,wedding,outdoor,42,10.6,6.4,67.8,126000,3000,adult,night,white,traditional,traditional_luxury,two_tier_round,balloon_setup,cake_and_dessert_table,42,bakesmart_rule_generator_v1,5,synthetic_rule_based,pending_expert_review,train,20260817,"Theme-conditioned preferences; cake guest band 35-90; decor-conditioned venue/budget; layout derived from guests, venue and decor."
BSAR0723,graduation,hall,87,12.2,9.9,120.8,220000,2529,teenager,night,mixed,minimal,modern_minimal,two_tier_round,minimal_backdrop,two_side_tables,87,bakesmart_rule_generator_v1,5,synthetic_rule_based,pending_expert_review,train,20260817,"Theme-conditioned preferences; cake guest band 35-90; decor-conditioned venue/budget; layout derived from guests, venue and decor."
BSAR0724,graduation,outdoor,59,12.6,7.4,93.2,566000,9593,adult,day,green,minimal,modern_minimal,two_tier_round,luxury_stage,full_stage_setup,59,bakesmart_rule_generator_v1,4,synthetic_rule_based,pending_expert_review,validation,20260817,"Theme-conditioned preferences; cake guest band 35-90; decor-conditioned venue/budget; layout derived from guests, venue and decor."
BSAR0725,anniversary,hall,32,9.8,5.6,54.9,120000,3750,mixed,day,mixed,rustic,rustic_natural,single_tier_square,rustic_wood_setup,cake_and_dessert_table,32,bakesmart_rule_generator_v1,5,synthetic_rule_based,pending_expert_review,train,20260817,"Theme-conditioned preferences; cake guest band 15-40; decor-conditioned venue/budget; layout derived from guests, venue and decor."
BSAR0726,baby_shower,hall,17,7.3,4,29.2,89000,5235,mixed,night,pink,colourful,colourful_cartoon,single_tier_round,flower_wall,single_cake_table,17,bakesmart_rule_generator_v1,5,synthetic_rule_based,pending_expert_review,train,20260817,"Theme-conditioned preferences; cake guest band 8-25; decor-conditioned venue/budget; layout derived from guests, venue and decor."
BSAR0727,wedding,home,226,17,12.5,212.5,617000,2730,mixed,day,mixed,rustic,rustic_natural,three_tier_luxury,flower_wall,two_side_tables,226,bakesmart_rule_generator_v1,5,synthetic_rule_based,pending_expert_review,train,20260817,"Theme-conditioned preferences; cake guest band 90-250; decor-conditioned venue/budget; layout derived from guests, venue and decor."
BSAR0728,wedding,hall,17,7.6,4.3,32.7,278000,16353,adult,night,gold,elegant,traditional_luxury,single_tier_round,luxury_stage,full_stage_setup,17,bakesmart_rule_generator_v1,5,synthetic_rule_based,pending_expert_review,train,20260817,"Theme-conditioned preferences; cake guest band 8-25; decor-conditioned venue/budget; layout derived from guests, venue and decor."
BSAR0729,birthday,hall,29,10,5.8,58,293000,10103,child,night,pink,minimal,colourful_cartoon,single_tier_square,luxury_stage,full_stage_setup,29,bakesmart_rule_generator_v1,4,synthetic_rule_based,pending_expert_review,train,20260817,"Theme-conditioned preferences; cake guest band 15-40; decor-conditioned venue/budget; layout derived from guests, venue and decor."
BSAR0730,wedding,hall,211,22.7,13.8,313.3,1032000,4891,adult,night,purple,elegant,traditional_luxury,three_tier_luxury,flower_wall,full_stage_setup,211,bakesmart_rule_generator_v1,5,synthetic_rule_based,pending_expert_review,train,20260817,"Theme-conditioned preferences; cake guest band 90-250; decor-conditioned venue/budget; layout derived from guests, venue and decor."
BSAR0731,graduation,home,128,12.6,8.8,110.9,277000,2164,mixed,day,white,minimal,modern_minimal,three_tier_luxury,balloon_setup,two_side_tables,128,bakesmart_rule_generator_v1,5,synthetic_rule_based,pending_expert_review,train,20260817,"Theme-conditioned preferences; cake guest band 90-250; decor-conditioned venue/budget; layout derived from guests, venue and decor."
BSAR0732,wedding,hall,72,12.8,10.1,129.3,255000,3542,adult,night,white,minimal,modern_minimal,two_tier_round,flower_wall,two_side_tables,72,bakesmart_rule_generator_v1,5,synthetic_rule_based,pending_expert_review,test,20260817,"Theme-conditioned preferences; cake guest band 35-90; decor-conditioned venue/budget; layout derived from guests, venue and decor."
BSAR0733,birthday,restaurant,109,14.2,8.2,116.4,1034000,9486,mixed,day,mixed,rustic,rustic_natural,three_tier_luxury,luxury_stage,full_stage_setup,109,bakesmart_rule_generator_v1,4,synthetic_rule_based,pending_expert_review,train,20260817,"Theme-conditioned preferences; cake guest band 90-250; decor-conditioned venue/budget; layout derived from guests, venue and decor."
BSAR0734,wedding,home,41,8.8,5.2,45.8,125000,3049,adult,day,blue,minimal,modern_minimal,two_tier_round,balloon_setup,cake_and_dessert_table,41,bakesmart_rule_generator_v1,5,synthetic_rule_based,pending_expert_review,validation,20260817,"Theme-conditioned preferences; cake guest band 35-90; decor-conditioned venue/budget; layout derived from guests, venue and decor."
BSAR0735,baby_shower,hall,72,12,10.4,124.8,584000,8111,adult,night,red,traditional,traditional_luxury,two_tier_round,luxury_stage,full_stage_setup,72,bakesmart_rule_generator_v1,5,synthetic_rule_based,pending_expert_review,train,20260817,"Theme-conditioned preferences; cake guest band 35-90; decor-conditioned venue/budget; layout derived from guests, venue and decor."
BSAR0736,birthday,hall,70,14.9,8.6,128.1,588000,8400,teenager,night,pink,rustic,pastel_floral,two_tier_round,luxury_stage,full_stage_setup,70,bakesmart_rule_generator_v1,4,synthetic_rule_based,pending_expert_review,train,20260817,"Theme-conditioned preferences; cake guest band 35-90; decor-conditioned venue/budget; layout derived from guests, venue and decor."
BSAR0737,anniversary,restaurant,27,7.9,4.8,37.9,93000,3444,adult,day,gold,minimal,elegant_gold,single_tier_square,flower_wall,single_cake_table,27,bakesmart_rule_generator_v1,4,synthetic_rule_based,pending_expert_review,train,20260817,"Theme-conditioned preferences; cake guest band 15-40; decor-conditioned venue/budget; layout derived from guests, venue and decor."
BSAR0738,birthday,hall,84,12.9,9.1,117.4,632000,7524,mixed,night,purple,traditional,colourful_cartoon,two_tier_floral,luxury_stage,full_stage_setup,84,bakesmart_rule_generator_v1,4,synthetic_rule_based,pending_expert_review,validation,20260817,"Theme-conditioned preferences; cake guest band 45-120; decor-conditioned venue/budget; layout derived from guests, venue and decor."
BSAR0739,wedding,home,22,5.6,4.9,27.4,82000,3727,adult,night,green,elegant,traditional_luxury,single_tier_round,flower_wall,single_cake_table,22,bakesmart_rule_generator_v1,5,synthetic_rule_based,pending_expert_review,train,20260817,"Theme-conditioned preferences; cake guest band 8-25; decor-conditioned venue/budget; layout derived from guests, venue and decor."
BSAR0740,baby_shower,home,16,5.4,4.2,22.7,51000,3188,adult,day,blue,rustic,modern_minimal,single_tier_square,balloon_setup,single_cake_table,16,bakesmart_rule_generator_v1,4,synthetic_rule_based,pending_expert_review,train,20260817,"Theme-conditioned preferences; cake guest band 15-40; decor-conditioned venue/budget; layout derived from guests, venue and decor."
BSAR0741,birthday,hall,40,10.2,5.9,60.2,399000,9975,adult,day,green,minimal,modern_minimal,single_tier_square,luxury_stage,full_stage_setup,40,bakesmart_rule_generator_v1,5,synthetic_rule_based,pending_expert_review,test,20260817,"Theme-conditioned preferences; cake guest band 15-40; decor-conditioned venue/budget; layout derived from guests, venue and decor."
BSAR0742,birthday,restaurant,20,6.8,5.9,40.1,73000,3650,adult,day,pink,colourful,colourful_cartoon,single_tier_round,balloon_setup,single_cake_table,20,bakesmart_rule_generator_v1,5,synthetic_rule_based,pending_expert_review,train,20260817,"Theme-conditioned preferences; cake guest band 8-25; decor-conditioned venue/budget; layout derived from guests, venue and decor."
BSAR0743,baby_shower,home,22,6.7,4.9,32.8,49000,2227,adult,day,mixed,colourful,colourful_cartoon,single_tier_round,minimal_backdrop,single_cake_table,22,bakesmart_rule_generator_v1,5,synthetic_rule_based,pending_expert_review,train,20260817,"Theme-conditioned preferences; cake guest band 8-25; decor-conditioned venue/budget; layout derived from guests, venue and decor."
BSAR0744,graduation,hall,90,13.7,9.1,124.7,148000,1644,adult,night,mixed,minimal,modern_minimal,two_tier_round,minimal_backdrop,two_side_tables,90,bakesmart_rule_generator_v1,5,synthetic_rule_based,pending_expert_review,train,20260817,"Theme-conditioned preferences; cake guest band 35-90; decor-conditioned venue/budget; layout derived from guests, venue and decor."
BSAR0745,birthday,restaurant,77,11.5,8.6,98.9,399000,5182,child,day,mixed,elegant,colourful_cartoon,two_tier_floral,flower_wall,two_side_tables,77,bakesmart_rule_generator_v1,4,synthetic_rule_based,pending_expert_review,test,20260817,"Theme-conditioned preferences; cake guest band 45-120; decor-conditioned venue/budget; layout derived from guests, venue and decor."
BSAR0746,birthday,outdoor,13,7.8,4.1,32,61000,4692,teenager,night,white,elegant,modern_minimal,single_tier_round,rustic_wood_setup,single_cake_table,13,bakesmart_rule_generator_v1,4,synthetic_rule_based,pending_expert_review,train,20260817,"Theme-conditioned preferences; cake guest band 8-25; decor-conditioned venue/budget; layout derived from guests, venue and decor."
BSAR0747,wedding,outdoor,77,15.3,8.1,123.9,362000,4701,adult,night,white,rustic,rustic_natural,two_tier_floral,flower_wall,two_side_tables,77,bakesmart_rule_generator_v1,5,synthetic_rule_based,pending_expert_review,train,20260817,"Theme-conditioned preferences; cake guest band 45-120; decor-conditioned venue/budget; layout derived from guests, venue and decor."
BSAR0748,wedding,restaurant,182,21.4,11.6,248.2,737000,4049,adult,night,green,elegant,modern_minimal,three_tier_luxury,rustic_wood_setup,two_side_tables,182,bakesmart_rule_generator_v1,4,synthetic_rule_based,pending_expert_review,train,20260817,"Theme-conditioned preferences; cake guest band 90-250; decor-conditioned venue/budget; layout derived from guests, venue and decor."
BSAR0749,wedding,home,16,5,3.5,17.5,39000,2438,adult,night,gold,elegant,elegant_gold,single_tier_round,minimal_backdrop,single_cake_table,16,bakesmart_rule_generator_v1,5,synthetic_rule_based,pending_expert_review,train,20260817,"Theme-conditioned preferences; cake guest band 8-25; decor-conditioned venue/budget; layout derived from guests, venue and decor."
BSAR0750,wedding,home,27,7.2,5.1,36.7,69000,2556,mixed,night,white,elegant,traditional_luxury,single_tier_square,balloon_setup,single_cake_table,27,bakesmart_rule_generator_v1,5,synthetic_rule_based,pending_expert_review,train,20260817,"Theme-conditioned preferences; cake guest band 15-40; decor-conditioned venue/budget; layout derived from guests, venue and decor."
BSAR0751,birthday,home,32,7.5,4.5,33.8,124000,3875,child,day,white,minimal,pastel_floral,single_tier_square,flower_wall,cake_and_dessert_table,32,bakesmart_rule_generator_v1,4,synthetic_rule_based,pending_expert_review,train,20260817,"Theme-conditioned preferences; cake guest band 15-40; decor-conditioned venue/budget; layout derived from guests, venue and decor."
BSAR0752,graduation,restaurant,43,8.8,5.5,48.4,75000,1744,adult,night,white,elegant,rustic_natural,two_tier_round,minimal_backdrop,cake_and_dessert_table,43,bakesmart_rule_generator_v1,4,synthetic_rule_based,pending_expert_review,train,20260817,"Theme-conditioned preferences; cake guest band 35-90; decor-conditioned venue/budget; layout derived from guests, venue and decor."
BSAR0753,baby_shower,restaurant,49,9.6,6.2,59.5,623000,12714,adult,night,mixed,elegant,rustic_natural,two_tier_round,luxury_stage,full_stage_setup,49,bakesmart_rule_generator_v1,4,synthetic_rule_based,pending_expert_review,test,20260817,"Theme-conditioned preferences; cake guest band 35-90; decor-conditioned venue/budget; layout derived from guests, venue and decor."
BSAR0754,birthday,hall,54,9.7,7.1,68.9,255000,4722,mixed,night,blue,colourful,colourful_cartoon,two_tier_round,flower_wall,cake_and_dessert_table,54,bakesmart_rule_generator_v1,5,synthetic_rule_based,pending_expert_review,train,20260817,"Theme-conditioned preferences; cake guest band 35-90; decor-conditioned venue/budget; layout derived from guests, venue and decor."
BSAR0755,graduation,outdoor,103,18.6,10.8,200.9,302000,2932,mixed,night,green,elegant,modern_minimal,three_tier_luxury,flower_wall,two_side_tables,103,bakesmart_rule_generator_v1,4,synthetic_rule_based,pending_expert_review,test,20260817,"Theme-conditioned preferences; cake guest band 90-250; decor-conditioned venue/budget; layout derived from guests, venue and decor."
BSAR0756,wedding,outdoor,80,16.9,9,152.1,190000,2375,mixed,night,green,traditional,traditional_luxury,two_tier_round,balloon_setup,two_side_tables,80,bakesmart_rule_generator_v1,5,synthetic_rule_based,pending_expert_review,validation,20260817,"Theme-conditioned preferences; cake guest band 35-90; decor-conditioned venue/budget; layout derived from guests, venue and decor."
BSAR0757,graduation,hall,116,14.6,10.7,156.2,232000,2000,teenager,day,white,minimal,modern_minimal,two_tier_floral,balloon_setup,full_stage_setup,116,bakesmart_rule_generator_v1,5,synthetic_rule_based,pending_expert_review,train,20260817,"Theme-conditioned preferences; cake guest band 45-120; decor-conditioned venue/budget; layout derived from guests, venue and decor."
BSAR0758,wedding,hall,139,16.6,9.9,164.3,322000,2317,adult,day,pink,elegant,pastel_floral,three_tier_luxury,minimal_backdrop,full_stage_setup,139,bakesmart_rule_generator_v1,5,synthetic_rule_based,pending_expert_review,train,20260817,"Theme-conditioned preferences; cake guest band 90-250; decor-conditioned venue/budget; layout derived from guests, venue and decor."
BSAR0759,birthday,outdoor,20,7.6,5,38,112000,5600,teenager,day,gold,minimal,modern_minimal,single_tier_square,flower_wall,single_cake_table,20,bakesmart_rule_generator_v1,5,synthetic_rule_based,pending_expert_review,train,20260817,"Theme-conditioned preferences; cake guest band 15-40; decor-conditioned venue/budget; layout derived from guests, venue and decor."
BSAR0760,wedding,hall,63,10.8,9.4,101.5,298000,4730,adult,night,mixed,minimal,modern_minimal,two_tier_round,flower_wall,cake_and_dessert_table,63,bakesmart_rule_generator_v1,5,synthetic_rule_based,pending_expert_review,train,20260817,"Theme-conditioned preferences; cake guest band 35-90; decor-conditioned venue/budget; layout derived from guests, venue and decor."
BSAR0761,baby_shower,home,25,6.1,5.3,32.3,51000,2040,adult,night,pink,minimal,pastel_floral,single_tier_square,balloon_setup,single_cake_table,25,bakesmart_rule_generator_v1,4,synthetic_rule_based,pending_expert_review,train,20260817,"Theme-conditioned preferences; cake guest band 15-40; decor-conditioned venue/budget; layout derived from guests, venue and decor."
BSAR0762,anniversary,home,32,8,5.7,45.6,91000,2844,mixed,day,pink,elegant,pastel_floral,single_tier_square,minimal_backdrop,cake_and_dessert_table,32,bakesmart_rule_generator_v1,5,synthetic_rule_based,pending_expert_review,train,20260817,"Theme-conditioned preferences; cake guest band 15-40; decor-conditioned venue/budget; layout derived from guests, venue and decor."
BSAR0763,birthday,home,36,8.2,5.6,45.9,87000,2417,child,day,pink,colourful,colourful_cartoon,single_tier_square,minimal_backdrop,cake_and_dessert_table,36,bakesmart_rule_generator_v1,5,synthetic_rule_based,pending_expert_review,train,20260817,"Theme-conditioned preferences; cake guest band 15-40; decor-conditioned venue/budget; layout derived from guests, venue and decor."
BSAR0764,birthday,home,56,9.7,6.6,64,96000,1714,child,night,red,colourful,colourful_cartoon,two_tier_round,minimal_backdrop,cake_and_dessert_table,56,bakesmart_rule_generator_v1,5,synthetic_rule_based,pending_expert_review,train,20260817,"Theme-conditioned preferences; cake guest band 35-90; decor-conditioned venue/budget; layout derived from guests, venue and decor."
BSAR0765,anniversary,home,48,7.7,5.6,43.1,119000,2479,adult,day,white,traditional,traditional_luxury,two_tier_round,balloon_setup,cake_and_dessert_table,48,bakesmart_rule_generator_v1,5,synthetic_rule_based,pending_expert_review,train,20260817,"Theme-conditioned preferences; cake guest band 35-90; decor-conditioned venue/budget; layout derived from guests, venue and decor."
BSAR0766,wedding,home,20,6.4,3.8,24.3,70000,3500,adult,night,white,traditional,elegant_gold,single_tier_round,flower_wall,single_cake_table,20,bakesmart_rule_generator_v1,4,synthetic_rule_based,pending_expert_review,test,20260817,"Theme-conditioned preferences; cake guest band 8-25; decor-conditioned venue/budget; layout derived from guests, venue and decor."
BSAR0767,baby_shower,hall,116,17.7,10.1,178.8,1231000,10612,adult,day,pink,elegant,pastel_floral,two_tier_floral,luxury_stage,full_stage_setup,116,bakesmart_rule_generator_v1,5,synthetic_rule_based,pending_expert_review,test,20260817,"Theme-conditioned preferences; cake guest band 45-120; decor-conditioned venue/budget; layout derived from guests, venue and decor."
BSAR0768,graduation,outdoor,25,8.4,4.8,40.3,80000,3200,adult,day,red,elegant,traditional_luxury,single_tier_square,rustic_wood_setup,single_cake_table,25,bakesmart_rule_generator_v1,5,synthetic_rule_based,pending_expert_review,train,20260817,"Theme-conditioned preferences; cake guest band 15-40; decor-conditioned venue/budget; layout derived from guests, venue and decor."
BSAR0769,birthday,restaurant,103,14.9,10.1,150.5,254000,2466,child,day,purple,minimal,pastel_floral,two_tier_floral,minimal_backdrop,two_side_tables,103,bakesmart_rule_generator_v1,4,synthetic_rule_based,pending_expert_review,train,20260817,"Theme-conditioned preferences; cake guest band 45-120; decor-conditioned venue/budget; layout derived from guests, venue and decor."
BSAR0770,birthday,restaurant,53,10.9,6.2,67.6,159000,3000,child,night,mixed,minimal,modern_minimal,two_tier_round,flower_wall,cake_and_dessert_table,53,bakesmart_rule_generator_v1,5,synthetic_rule_based,pending_expert_review,train,20260817,"Theme-conditioned preferences; cake guest band 35-90; decor-conditioned venue/budget; layout derived from guests, venue and decor."
BSAR0771,anniversary,hall,98,12.9,11.4,147.1,956000,9755,adult,night,white,elegant,elegant_gold,two_tier_floral,luxury_stage,full_stage_setup,98,bakesmart_rule_generator_v1,5,synthetic_rule_based,pending_expert_review,train,20260817,"Theme-conditioned preferences; cake guest band 45-120; decor-conditioned venue/budget; layout derived from guests, venue and decor."
BSAR0772,anniversary,restaurant,11,5.6,3.9,21.8,168000,15273,adult,day,purple,traditional,traditional_luxury,single_tier_round,luxury_stage,full_stage_setup,11,bakesmart_rule_generator_v1,4,synthetic_rule_based,pending_expert_review,train,20260817,"Theme-conditioned preferences; cake guest band 8-25; decor-conditioned venue/budget; layout derived from guests, venue and decor."
BSAR0773,graduation,restaurant,65,11.6,7.8,90.5,685000,10538,adult,day,white,elegant,modern_minimal,two_tier_round,luxury_stage,full_stage_setup,65,bakesmart_rule_generator_v1,4,synthetic_rule_based,pending_expert_review,train,20260817,"Theme-conditioned preferences; cake guest band 35-90; decor-conditioned venue/budget; layout derived from guests, venue and decor."
BSAR0774,birthday,hall,78,15.1,10,151,192000,2462,child,day,pink,colourful,colourful_cartoon,two_tier_floral,balloon_setup,two_side_tables,78,bakesmart_rule_generator_v1,5,synthetic_rule_based,pending_expert_review,test,20260817,"Theme-conditioned preferences; cake guest band 45-120; decor-conditioned venue/budget; layout derived from guests, venue and decor."
BSAR0775,birthday,hall,185,18.5,12.9,238.7,323000,1746,child,night,purple,colourful,pastel_floral,three_tier_luxury,minimal_backdrop,full_stage_setup,185,bakesmart_rule_generator_v1,5,synthetic_rule_based,pending_expert_review,train,20260817,"Theme-conditioned preferences; cake guest band 90-250; decor-conditioned venue/budget; layout derived from guests, venue and decor."
BSAR0776,graduation,restaurant,13,6.1,3.5,21.3,96000,7385,teenager,day,red,elegant,traditional_luxury,single_tier_round,flower_wall,single_cake_table,13,bakesmart_rule_generator_v1,5,synthetic_rule_based,pending_expert_review,train,20260817,"Theme-conditioned preferences; cake guest band 8-25; decor-conditioned venue/budget; layout derived from guests, venue and decor."
BSAR0777,anniversary,hall,132,16.2,13.9,225.2,309000,2341,mixed,day,green,rustic,rustic_natural,three_tier_luxury,rustic_wood_setup,full_stage_setup,132,bakesmart_rule_generator_v1,5,synthetic_rule_based,pending_expert_review,train,20260817,"Theme-conditioned preferences; cake guest band 90-250; decor-conditioned venue/budget; layout derived from guests, venue and decor."
BSAR0778,birthday,home,54,9.6,7,67.2,121000,2241,child,day,white,minimal,pastel_floral,two_tier_floral,minimal_backdrop,cake_and_dessert_table,54,bakesmart_rule_generator_v1,4,synthetic_rule_based,pending_expert_review,validation,20260817,"Theme-conditioned preferences; cake guest band 45-120; decor-conditioned venue/budget; layout derived from guests, venue and decor."
BSAR0779,wedding,outdoor,164,20.3,16.4,332.9,349000,2128,adult,night,gold,traditional,traditional_luxury,three_tier_luxury,balloon_setup,two_side_tables,164,bakesmart_rule_generator_v1,5,synthetic_rule_based,pending_expert_review,test,20260817,"Theme-conditioned preferences; cake guest band 90-250; decor-conditioned venue/budget; layout derived from guests, venue and decor."
BSAR0780,anniversary,outdoor,13,6.4,5.5,35.2,73000,5615,adult,night,green,colourful,colourful_cartoon,single_tier_round,rustic_wood_setup,single_cake_table,13,bakesmart_rule_generator_v1,3,synthetic_rule_based,pending_expert_review,test,20260817,"Theme-conditioned preferences; cake guest band 8-25; decor-conditioned venue/budget; layout derived from guests, venue and decor."
BSAR0781,birthday,restaurant,90,12.6,8.6,108.4,221000,2456,child,night,pink,colourful,colourful_cartoon,two_tier_round,minimal_backdrop,two_side_tables,90,bakesmart_rule_generator_v1,5,synthetic_rule_based,pending_expert_review,train,20260817,"Theme-conditioned preferences; cake guest band 35-90; decor-conditioned venue/budget; layout derived from guests, venue and decor."
BSAR0782,graduation,hall,17,5.8,4.2,24.4,48000,2824,adult,day,blue,minimal,colourful_cartoon,single_tier_round,balloon_setup,single_cake_table,17,bakesmart_rule_generator_v1,4,synthetic_rule_based,pending_expert_review,train,20260817,"Theme-conditioned preferences; cake guest band 8-25; decor-conditioned venue/budget; layout derived from guests, venue and decor."
BSAR0783,anniversary,hall,104,11.8,10.5,123.9,488000,4692,adult,night,blue,elegant,modern_minimal,three_tier_luxury,flower_wall,two_side_tables,104,bakesmart_rule_generator_v1,4,synthetic_rule_based,pending_expert_review,train,20260817,"Theme-conditioned preferences; cake guest band 90-250; decor-conditioned venue/budget; layout derived from guests, venue and decor."
BSAR0784,baby_shower,outdoor,84,12.4,11.2,138.9,268000,3190,adult,night,blue,elegant,pastel_floral,two_tier_round,balloon_setup,two_side_tables,84,bakesmart_rule_generator_v1,5,synthetic_rule_based,pending_expert_review,train,20260817,"Theme-conditioned preferences; cake guest band 35-90; decor-conditioned venue/budget; layout derived from guests, venue and decor."
BSAR0785,baby_shower,outdoor,202,21.4,16.3,348.8,671000,3322,adult,night,gold,minimal,modern_minimal,three_tier_luxury,rustic_wood_setup,two_side_tables,202,bakesmart_rule_generator_v1,5,synthetic_rule_based,pending_expert_review,train,20260817,"Theme-conditioned preferences; cake guest band 90-250; decor-conditioned venue/budget; layout derived from guests, venue and decor."
BSAR0786,birthday,hall,36,11.2,5.9,66.1,268000,7444,child,night,green,rustic,rustic_natural,single_tier_square,luxury_stage,full_stage_setup,36,bakesmart_rule_generator_v1,5,synthetic_rule_based,pending_expert_review,validation,20260817,"Theme-conditioned preferences; cake guest band 15-40; decor-conditioned venue/budget; layout derived from guests, venue and decor."
BSAR0787,birthday,hall,60,11.7,8.8,103,277000,4617,adult,night,mixed,colourful,colourful_cartoon,two_tier_floral,flower_wall,cake_and_dessert_table,60,bakesmart_rule_generator_v1,5,synthetic_rule_based,pending_expert_review,test,20260817,"Theme-conditioned preferences; cake guest band 45-120; decor-conditioned venue/budget; layout derived from guests, venue and decor."
BSAR0788,birthday,outdoor,51,12.7,6.7,85.1,423000,8294,child,night,green,rustic,rustic_natural,two_tier_round,luxury_stage,full_stage_setup,51,bakesmart_rule_generator_v1,4,synthetic_rule_based,pending_expert_review,train,20260817,"Theme-conditioned preferences; cake guest band 35-90; decor-conditioned venue/budget; layout derived from guests, venue and decor."
BSAR0789,birthday,home,60,9.7,7.9,76.6,257000,4283,teenager,night,purple,elegant,elegant_gold,two_tier_floral,flower_wall,cake_and_dessert_table,60,bakesmart_rule_generator_v1,5,synthetic_rule_based,pending_expert_review,train,20260817,"Theme-conditioned preferences; cake guest band 45-120; decor-conditioned venue/budget; layout derived from guests, venue and decor."
BSAR0790,graduation,outdoor,78,14.8,10.2,151,239000,3064,adult,night,mixed,colourful,colourful_cartoon,two_tier_floral,balloon_setup,two_side_tables,78,bakesmart_rule_generator_v1,5,synthetic_rule_based,pending_expert_review,test,20260817,"Theme-conditioned preferences; cake guest band 45-120; decor-conditioned venue/budget; layout derived from guests, venue and decor."
BSAR0791,birthday,hall,12,7.2,5.2,37.4,219000,18250,child,day,pink,colourful,colourful_cartoon,single_tier_round,luxury_stage,full_stage_setup,12,bakesmart_rule_generator_v1,5,synthetic_rule_based,pending_expert_review,train,20260817,"Theme-conditioned preferences; cake guest band 8-25; decor-conditioned venue/budget; layout derived from guests, venue and decor."
BSAR0792,birthday,hall,50,12,6.7,80.4,386000,7720,child,day,pink,colourful,colourful_cartoon,two_tier_round,luxury_stage,full_stage_setup,50,bakesmart_rule_generator_v1,5,synthetic_rule_based,pending_expert_review,train,20260817,"Theme-conditioned preferences; cake guest band 35-90; decor-conditioned venue/budget; layout derived from guests, venue and decor."
BSAR0793,anniversary,outdoor,22,8.9,5.5,49,241000,10955,adult,night,white,minimal,pastel_floral,single_tier_square,luxury_stage,full_stage_setup,22,bakesmart_rule_generator_v1,4,synthetic_rule_based,pending_expert_review,train,20260817,"Theme-conditioned preferences; cake guest band 15-40; decor-conditioned venue/budget; layout derived from guests, venue and decor."
BSAR0794,birthday,restaurant,43,8.6,5.8,49.9,138000,3209,child,night,red,minimal,colourful_cartoon,two_tier_round,flower_wall,cake_and_dessert_table,43,bakesmart_rule_generator_v1,4,synthetic_rule_based,pending_expert_review,test,20260817,"Theme-conditioned preferences; cake guest band 35-90; decor-conditioned venue/budget; layout derived from guests, venue and decor."
BSAR0795,birthday,hall,236,24.4,14,341.6,1878000,7958,teenager,night,blue,minimal,modern_minimal,three_tier_luxury,luxury_stage,full_stage_setup,236,bakesmart_rule_generator_v1,5,synthetic_rule_based,pending_expert_review,train,20260817,"Theme-conditioned preferences; cake guest band 90-250; decor-conditioned venue/budget; layout derived from guests, venue and decor."
BSAR0796,anniversary,hall,25,8.8,6.1,53.7,65000,2600,adult,day,mixed,rustic,rustic_natural,single_tier_square,minimal_backdrop,single_cake_table,25,bakesmart_rule_generator_v1,5,synthetic_rule_based,pending_expert_review,train,20260817,"Theme-conditioned preferences; cake guest band 15-40; decor-conditioned venue/budget; layout derived from guests, venue and decor."
BSAR0797,graduation,hall,10,6.1,5.1,31.1,71000,7100,teenager,day,blue,minimal,modern_minimal,single_tier_round,flower_wall,single_cake_table,10,bakesmart_rule_generator_v1,5,synthetic_rule_based,pending_expert_review,train,20260817,"Theme-conditioned preferences; cake guest band 8-25; decor-conditioned venue/budget; layout derived from guests, venue and decor."
BSAR0798,birthday,home,91,11,9.8,107.8,311000,3418,teenager,day,blue,colourful,colourful_cartoon,two_tier_floral,rustic_wood_setup,two_side_tables,91,bakesmart_rule_generator_v1,5,synthetic_rule_based,pending_expert_review,test,20260817,"Theme-conditioned preferences; cake guest band 45-120; decor-conditioned venue/budget; layout derived from guests, venue and decor."
BSAR0799,wedding,outdoor,104,16.7,13.2,220.4,478000,4596,mixed,day,gold,elegant,elegant_gold,two_tier_floral,flower_wall,two_side_tables,104,bakesmart_rule_generator_v1,5,synthetic_rule_based,pending_expert_review,train,20260817,"Theme-conditioned preferences; cake guest band 45-120; decor-conditioned venue/budget; layout derived from guests, venue and decor."
BSAR0800,birthday,hall,19,7.5,5.6,42,67000,3526,adult,night,red,rustic,rustic_natural,single_tier_round,balloon_setup,single_cake_table,19,bakesmart_rule_generator_v1,5,synthetic_rule_based,pending_expert_review,train,20260817,"Theme-conditioned preferences; cake guest band 8-25; decor-conditioned venue/budget; layout derived from guests, venue and decor."
BSAR0801,wedding,hall,110,16.7,8.9,148.6,219000,1991,adult,night,white,traditional,traditional_luxury,two_tier_floral,minimal_backdrop,full_stage_setup,110,bakesmart_rule_generator_v1,5,synthetic_rule_based,pending_expert_review,train,20260817,"Theme-conditioned preferences; cake guest band 45-120; decor-conditioned venue/budget; layout derived from guests, venue and decor."
BSAR0802,graduation,restaurant,23,7,5.6,39.2,347000,15087,adult,day,white,rustic,rustic_natural,single_tier_round,luxury_stage,full_stage_setup,23,bakesmart_rule_generator_v1,4,synthetic_rule_based,pending_expert_review,validation,20260817,"Theme-conditioned preferences; cake guest band 8-25; decor-conditioned venue/budget; layout derived from guests, venue and decor."
BSAR0803,birthday,home,136,13.5,11.8,159.3,462000,3397,child,day,blue,minimal,modern_minimal,three_tier_luxury,rustic_wood_setup,two_side_tables,136,bakesmart_rule_generator_v1,5,synthetic_rule_based,pending_expert_review,test,20260817,"Theme-conditioned preferences; cake guest band 90-250; decor-conditioned venue/budget; layout derived from guests, venue and decor."
BSAR0804,wedding,outdoor,66,14.3,7.8,111.5,130000,1970,mixed,day,white,minimal,pastel_floral,two_tier_round,balloon_setup,cake_and_dessert_table,66,bakesmart_rule_generator_v1,4,synthetic_rule_based,pending_expert_review,train,20260817,"Theme-conditioned preferences; cake guest band 35-90; decor-conditioned venue/budget; layout derived from guests, venue and decor."
BSAR0805,graduation,home,217,18.9,10.3,194.7,765000,3525,teenager,day,green,traditional,traditional_luxury,three_tier_luxury,rustic_wood_setup,two_side_tables,217,bakesmart_rule_generator_v1,5,synthetic_rule_based,pending_expert_review,train,20260817,"Theme-conditioned preferences; cake guest band 90-250; decor-conditioned venue/budget; layout derived from guests, venue and decor."
BSAR0806,birthday,home,176,17.7,11.2,198.2,514000,2920,adult,night,green,rustic,rustic_natural,three_tier_luxury,balloon_setup,two_side_tables,176,bakesmart_rule_generator_v1,5,synthetic_rule_based,pending_expert_review,train,20260817,"Theme-conditioned preferences; cake guest band 90-250; decor-conditioned venue/budget; layout derived from guests, venue and decor."
BSAR0807,birthday,outdoor,68,12.9,8.2,105.8,119000,1750,adult,day,white,elegant,modern_minimal,two_tier_round,minimal_backdrop,cake_and_dessert_table,68,bakesmart_rule_generator_v1,4,synthetic_rule_based,pending_expert_review,train,20260817,"Theme-conditioned preferences; cake guest band 35-90; decor-conditioned venue/budget; layout derived from guests, venue and decor."
BSAR0808,birthday,outdoor,88,16.2,8.6,139.3,467000,5307,mixed,day,blue,elegant,pastel_floral,two_tier_floral,flower_wall,two_side_tables,88,bakesmart_rule_generator_v1,5,synthetic_rule_based,pending_expert_review,train,20260817,"Theme-conditioned preferences; cake guest band 45-120; decor-conditioned venue/budget; layout derived from guests, venue and decor."
BSAR0809,birthday,hall,205,18.7,12.9,241.2,1570000,7659,adult,day,blue,traditional,pastel_floral,three_tier_luxury,luxury_stage,full_stage_setup,205,bakesmart_rule_generator_v1,4,synthetic_rule_based,pending_expert_review,train,20260817,"Theme-conditioned preferences; cake guest band 90-250; decor-conditioned venue/budget; layout derived from guests, venue and decor."
BSAR0810,baby_shower,restaurant,58,11.8,7.2,85,153000,2638,adult,day,white,rustic,rustic_natural,two_tier_round,minimal_backdrop,cake_and_dessert_table,58,bakesmart_rule_generator_v1,5,synthetic_rule_based,pending_expert_review,train,20260817,"Theme-conditioned preferences; cake guest band 35-90; decor-conditioned venue/budget; layout derived from guests, venue and decor."
BSAR0811,birthday,home,71,11.8,7.9,93.2,112000,1577,teenager,night,white,minimal,pastel_floral,two_tier_round,balloon_setup,two_side_tables,71,bakesmart_rule_generator_v1,4,synthetic_rule_based,pending_expert_review,train,20260817,"Theme-conditioned preferences; cake guest band 35-90; decor-conditioned venue/budget; layout derived from guests, venue and decor."
BSAR0812,graduation,hall,25,8.7,6.7,58.3,74000,2960,teenager,day,pink,colourful,colourful_cartoon,single_tier_round,minimal_backdrop,single_cake_table,25,bakesmart_rule_generator_v1,5,synthetic_rule_based,pending_expert_review,train,20260817,"Theme-conditioned preferences; cake guest band 8-25; decor-conditioned venue/budget; layout derived from guests, venue and decor."
BSAR0813,anniversary,home,10,3.7,3.3,12.2,42000,4200,adult,night,white,elegant,modern_minimal,single_tier_round,balloon_setup,single_cake_table,10,bakesmart_rule_generator_v1,4,synthetic_rule_based,pending_expert_review,train,20260817,"Theme-conditioned preferences; cake guest band 8-25; decor-conditioned venue/budget; layout derived from guests, venue and decor."
BSAR0814,wedding,restaurant,90,12.6,10.3,129.8,403000,4478,mixed,night,red,elegant,elegant_gold,two_tier_floral,flower_wall,two_side_tables,90,bakesmart_rule_generator_v1,5,synthetic_rule_based,pending_expert_review,train,20260817,"Theme-conditioned preferences; cake guest band 45-120; decor-conditioned venue/budget; layout derived from guests, venue and decor."
BSAR0815,anniversary,outdoor,210,24.3,13.5,328.1,621000,2957,adult,day,green,minimal,modern_minimal,three_tier_luxury,balloon_setup,two_side_tables,210,bakesmart_rule_generator_v1,5,synthetic_rule_based,pending_expert_review,train,20260817,"Theme-conditioned preferences; cake guest band 90-250; decor-conditioned venue/budget; layout derived from guests, venue and decor."
BSAR0816,wedding,outdoor,113,14.8,12.7,188,414000,3664,adult,night,green,elegant,traditional_luxury,two_tier_floral,rustic_wood_setup,two_side_tables,113,bakesmart_rule_generator_v1,5,synthetic_rule_based,pending_expert_review,train,20260817,"Theme-conditioned preferences; cake guest band 45-120; decor-conditioned venue/budget; layout derived from guests, venue and decor."
BSAR0817,graduation,outdoor,85,15.8,11.6,183.3,317000,3729,teenager,day,mixed,elegant,modern_minimal,two_tier_round,rustic_wood_setup,two_side_tables,85,bakesmart_rule_generator_v1,4,synthetic_rule_based,pending_expert_review,test,20260817,"Theme-conditioned preferences; cake guest band 35-90; decor-conditioned venue/budget; layout derived from guests, venue and decor."
BSAR0818,birthday,hall,83,12.7,10.5,133.4,149000,1795,adult,night,green,rustic,rustic_natural,two_tier_floral,balloon_setup,two_side_tables,83,bakesmart_rule_generator_v1,5,synthetic_rule_based,pending_expert_review,validation,20260817,"Theme-conditioned preferences; cake guest band 45-120; decor-conditioned venue/budget; layout derived from guests, venue and decor."
BSAR0819,anniversary,home,34,7.6,5.9,44.8,155000,4559,adult,night,green,minimal,modern_minimal,single_tier_square,rustic_wood_setup,cake_and_dessert_table,34,bakesmart_rule_generator_v1,5,synthetic_rule_based,pending_expert_review,train,20260817,"Theme-conditioned preferences; cake guest band 15-40; decor-conditioned venue/budget; layout derived from guests, venue and decor."
BSAR0820,birthday,hall,182,20.4,13.2,269.3,713000,3918,child,night,green,traditional,traditional_luxury,three_tier_luxury,rustic_wood_setup,full_stage_setup,182,bakesmart_rule_generator_v1,5,synthetic_rule_based,pending_expert_review,train,20260817,"Theme-conditioned preferences; cake guest band 90-250; decor-conditioned venue/budget; layout derived from guests, venue and decor."
BSAR0821,birthday,outdoor,204,20.3,17.4,353.2,823000,4034,child,day,purple,traditional,pastel_floral,three_tier_luxury,rustic_wood_setup,two_side_tables,204,bakesmart_rule_generator_v1,4,synthetic_rule_based,pending_expert_review,test,20260817,"Theme-conditioned preferences; cake guest band 90-250; decor-conditioned venue/budget; layout derived from guests, venue and decor."
BSAR0822,graduation,home,114,12.8,10,128,230000,2018,adult,night,white,minimal,modern_minimal,three_tier_luxury,minimal_backdrop,two_side_tables,114,bakesmart_rule_generator_v1,5,synthetic_rule_based,pending_expert_review,train,20260817,"Theme-conditioned preferences; cake guest band 90-250; decor-conditioned venue/budget; layout derived from guests, venue and decor."
BSAR0823,graduation,hall,32,9.8,5.8,56.8,340000,10625,teenager,night,white,rustic,rustic_natural,single_tier_square,luxury_stage,full_stage_setup,32,bakesmart_rule_generator_v1,5,synthetic_rule_based,pending_expert_review,validation,20260817,"Theme-conditioned preferences; cake guest band 15-40; decor-conditioned venue/budget; layout derived from guests, venue and decor."
BSAR0824,anniversary,hall,78,13.9,8.2,114,220000,2821,adult,day,pink,rustic,pastel_floral,two_tier_floral,flower_wall,two_side_tables,78,bakesmart_rule_generator_v1,4,synthetic_rule_based,pending_expert_review,validation,20260817,"Theme-conditioned preferences; cake guest band 45-120; decor-conditioned venue/budget; layout derived from guests, venue and decor."
BSAR0825,wedding,hall,55,12.9,6.9,89,487000,8855,adult,night,green,elegant,modern_minimal,two_tier_round,luxury_stage,full_stage_setup,55,bakesmart_rule_generator_v1,4,synthetic_rule_based,pending_expert_review,train,20260817,"Theme-conditioned preferences; cake guest band 35-90; decor-conditioned venue/budget; layout derived from guests, venue and decor."
BSAR0826,wedding,home,22,7.3,4.3,31.4,154000,7000,adult,day,gold,traditional,traditional_luxury,single_tier_square,flower_wall,single_cake_table,22,bakesmart_rule_generator_v1,5,synthetic_rule_based,pending_expert_review,train,20260817,"Theme-conditioned preferences; cake guest band 15-40; decor-conditioned venue/budget; layout derived from guests, venue and decor."
BSAR0827,graduation,home,55,9.7,6.3,61.1,144000,2618,teenager,night,white,elegant,modern_minimal,two_tier_round,minimal_backdrop,cake_and_dessert_table,55,bakesmart_rule_generator_v1,4,synthetic_rule_based,pending_expert_review,test,20260817,"Theme-conditioned preferences; cake guest band 35-90; decor-conditioned venue/budget; layout derived from guests, venue and decor."
BSAR0828,birthday,home,46,9.4,6.5,61.1,96000,2087,child,day,white,minimal,modern_minimal,two_tier_round,balloon_setup,cake_and_dessert_table,46,bakesmart_rule_generator_v1,5,synthetic_rule_based,pending_expert_review,train,20260817,"Theme-conditioned preferences; cake guest band 35-90; decor-conditioned venue/budget; layout derived from guests, venue and decor."
BSAR0829,anniversary,outdoor,81,17.6,10.7,188.3,219000,2704,adult,night,red,minimal,elegant_gold,two_tier_floral,balloon_setup,two_side_tables,81,bakesmart_rule_generator_v1,4,synthetic_rule_based,pending_expert_review,train,20260817,"Theme-conditioned preferences; cake guest band 45-120; decor-conditioned venue/budget; layout derived from guests, venue and decor."
BSAR0830,baby_shower,outdoor,232,24.5,14.4,352.8,468000,2017,adult,day,red,rustic,rustic_natural,three_tier_luxury,balloon_setup,two_side_tables,232,bakesmart_rule_generator_v1,5,synthetic_rule_based,pending_expert_review,train,20260817,"Theme-conditioned preferences; cake guest band 90-250; decor-conditioned venue/budget; layout derived from guests, venue and decor."
BSAR0831,wedding,home,13,6.7,4.2,28.1,58000,4462,adult,night,green,rustic,rustic_natural,single_tier_round,flower_wall,single_cake_table,13,bakesmart_rule_generator_v1,5,synthetic_rule_based,pending_expert_review,validation,20260817,"Theme-conditioned preferences; cake guest band 8-25; decor-conditioned venue/budget; layout derived from guests, venue and decor."
BSAR0832,anniversary,home,53,9.1,6.1,55.5,143000,2698,mixed,day,white,rustic,rustic_natural,two_tier_floral,minimal_backdrop,cake_and_dessert_table,53,bakesmart_rule_generator_v1,5,synthetic_rule_based,pending_expert_review,train,20260817,"Theme-conditioned preferences; cake guest band 45-120; decor-conditioned venue/budget; layout derived from guests, venue and decor."
BSAR0833,birthday,hall,118,17.4,12.3,214,184000,1559,teenager,night,red,colourful,colourful_cartoon,two_tier_floral,minimal_backdrop,full_stage_setup,118,bakesmart_rule_generator_v1,5,synthetic_rule_based,pending_expert_review,validation,20260817,"Theme-conditioned preferences; cake guest band 45-120; decor-conditioned venue/budget; layout derived from guests, venue and decor."
BSAR0834,baby_shower,outdoor,12,6.7,5.6,37.5,275000,22917,adult,day,pink,minimal,pastel_floral,single_tier_round,luxury_stage,full_stage_setup,12,bakesmart_rule_generator_v1,4,synthetic_rule_based,pending_expert_review,validation,20260817,"Theme-conditioned preferences; cake guest band 8-25; decor-conditioned venue/budget; layout derived from guests, venue and decor."
BSAR0835,birthday,home,37,8.2,5.7,46.7,96000,2595,child,night,pink,elegant,colourful_cartoon,single_tier_square,minimal_backdrop,cake_and_dessert_table,37,bakesmart_rule_generator_v1,4,synthetic_rule_based,pending_expert_review,validation,20260817,"Theme-conditioned preferences; cake guest band 15-40; decor-conditioned venue/budget; layout derived from guests, venue and decor."
BSAR0836,graduation,hall,70,12.8,9.7,124.2,649000,9271,mixed,night,pink,elegant,pastel_floral,two_tier_floral,luxury_stage,full_stage_setup,70,bakesmart_rule_generator_v1,5,synthetic_rule_based,pending_expert_review,train,20260817,"Theme-conditioned preferences; cake guest band 45-120; decor-conditioned venue/budget; layout derived from guests, venue and decor."
BSAR0837,graduation,restaurant,20,6.5,3.6,23.4,56000,2800,mixed,night,white,elegant,elegant_gold,single_tier_round,minimal_backdrop,single_cake_table,20,bakesmart_rule_generator_v1,5,synthetic_rule_based,pending_expert_review,train,20260817,"Theme-conditioned preferences; cake guest band 8-25; decor-conditioned venue/budget; layout derived from guests, venue and decor."
BSAR0838,baby_shower,hall,86,15.5,10.4,161.2,267000,3105,adult,night,mixed,colourful,colourful_cartoon,two_tier_round,flower_wall,two_side_tables,86,bakesmart_rule_generator_v1,5,synthetic_rule_based,pending_expert_review,train,20260817,"Theme-conditioned preferences; cake guest band 35-90; decor-conditioned venue/budget; layout derived from guests, venue and decor."
BSAR0839,anniversary,outdoor,38,11.7,7.3,85.4,106000,2789,adult,day,red,traditional,traditional_luxury,single_tier_square,minimal_backdrop,cake_and_dessert_table,38,bakesmart_rule_generator_v1,5,synthetic_rule_based,pending_expert_review,train,20260817,"Theme-conditioned preferences; cake guest band 15-40; decor-conditioned venue/budget; layout derived from guests, venue and decor."
BSAR0840,wedding,outdoor,59,14.2,9.7,137.7,163000,2763,adult,day,purple,elegant,pastel_floral,two_tier_floral,minimal_backdrop,cake_and_dessert_table,59,bakesmart_rule_generator_v1,5,synthetic_rule_based,pending_expert_review,train,20260817,"Theme-conditioned preferences; cake guest band 45-120; decor-conditioned venue/budget; layout derived from guests, venue and decor."
BSAR0841,anniversary,home,15,6.9,4,27.6,38000,2533,adult,night,pink,elegant,pastel_floral,single_tier_round,balloon_setup,single_cake_table,15,bakesmart_rule_generator_v1,5,synthetic_rule_based,pending_expert_review,validation,20260817,"Theme-conditioned preferences; cake guest band 8-25; decor-conditioned venue/budget; layout derived from guests, venue and decor."
BSAR0842,anniversary,outdoor,61,14.2,10,142,196000,3213,adult,day,gold,rustic,rustic_natural,two_tier_floral,balloon_setup,cake_and_dessert_table,61,bakesmart_rule_generator_v1,5,synthetic_rule_based,pending_expert_review,validation,20260817,"Theme-conditioned preferences; cake guest band 45-120; decor-conditioned venue/budget; layout derived from guests, venue and decor."
BSAR0843,wedding,home,21,6.6,3.7,24.4,74000,3524,adult,day,white,traditional,traditional_luxury,single_tier_round,balloon_setup,single_cake_table,21,bakesmart_rule_generator_v1,5,synthetic_rule_based,pending_expert_review,validation,20260817,"Theme-conditioned preferences; cake guest band 8-25; decor-conditioned venue/budget; layout derived from guests, venue and decor."
BSAR0844,graduation,home,106,15.5,8.6,133.3,391000,3689,adult,day,gold,rustic,rustic_natural,two_tier_floral,rustic_wood_setup,two_side_tables,106,bakesmart_rule_generator_v1,5,synthetic_rule_based,pending_expert_review,train,20260817,"Theme-conditioned preferences; cake guest band 45-120; decor-conditioned venue/budget; layout derived from guests, venue and decor."
BSAR0845,baby_shower,outdoor,8,6.8,3.9,26.5,33000,4125,adult,night,red,traditional,traditional_luxury,single_tier_round,minimal_backdrop,single_cake_table,8,bakesmart_rule_generator_v1,5,synthetic_rule_based,pending_expert_review,train,20260817,"Theme-conditioned preferences; cake guest band 8-25; decor-conditioned venue/budget; layout derived from guests, venue and decor."
BSAR0846,birthday,home,61,11.9,6.5,77.4,133000,2180,teenager,day,white,rustic,rustic_natural,two_tier_floral,balloon_setup,cake_and_dessert_table,61,bakesmart_rule_generator_v1,5,synthetic_rule_based,pending_expert_review,train,20260817,"Theme-conditioned preferences; cake guest band 45-120; decor-conditioned venue/budget; layout derived from guests, venue and decor."
BSAR0847,graduation,restaurant,226,21,13.8,289.8,351000,1553,teenager,day,mixed,rustic,rustic_natural,three_tier_luxury,minimal_backdrop,two_side_tables,226,bakesmart_rule_generator_v1,5,synthetic_rule_based,pending_expert_review,train,20260817,"Theme-conditioned preferences; cake guest band 90-250; decor-conditioned venue/budget; layout derived from guests, venue and decor."
BSAR0848,anniversary,hall,32,8.7,6.7,58.3,90000,2813,adult,day,green,rustic,rustic_natural,single_tier_square,minimal_backdrop,cake_and_dessert_table,32,bakesmart_rule_generator_v1,5,synthetic_rule_based,pending_expert_review,validation,20260817,"Theme-conditioned preferences; cake guest band 15-40; decor-conditioned venue/budget; layout derived from guests, venue and decor."
BSAR0849,wedding,outdoor,49,14,7.7,107.8,253000,5163,mixed,night,white,traditional,traditional_luxury,two_tier_floral,flower_wall,cake_and_dessert_table,49,bakesmart_rule_generator_v1,5,synthetic_rule_based,pending_expert_review,validation,20260817,"Theme-conditioned preferences; cake guest band 45-120; decor-conditioned venue/budget; layout derived from guests, venue and decor."
BSAR0850,wedding,restaurant,67,12.2,6.8,83,322000,4806,adult,day,gold,traditional,traditional_luxury,two_tier_round,flower_wall,cake_and_dessert_table,67,bakesmart_rule_generator_v1,5,synthetic_rule_based,pending_expert_review,train,20260817,"Theme-conditioned preferences; cake guest band 35-90; decor-conditioned venue/budget; layout derived from guests, venue and decor."
BSAR0851,wedding,outdoor,130,18.5,15.3,283.1,387000,2977,adult,night,gold,elegant,elegant_gold,three_tier_luxury,balloon_setup,two_side_tables,130,bakesmart_rule_generator_v1,5,synthetic_rule_based,pending_expert_review,train,20260817,"Theme-conditioned preferences; cake guest band 90-250; decor-conditioned venue/budget; layout derived from guests, venue and decor."
BSAR0852,anniversary,hall,18,6,5,30,187000,10389,adult,day,white,rustic,modern_minimal,single_tier_square,luxury_stage,full_stage_setup,18,bakesmart_rule_generator_v1,4,synthetic_rule_based,pending_expert_review,test,20260817,"Theme-conditioned preferences; cake guest band 15-40; decor-conditioned venue/budget; layout derived from guests, venue and decor."
BSAR0853,wedding,restaurant,22,5.8,5.1,29.6,34000,1545,adult,night,white,elegant,traditional_luxury,single_tier_round,minimal_backdrop,single_cake_table,22,bakesmart_rule_generator_v1,5,synthetic_rule_based,pending_expert_review,validation,20260817,"Theme-conditioned preferences; cake guest band 8-25; decor-conditioned venue/budget; layout derived from guests, venue and decor."
BSAR0854,anniversary,hall,103,15.3,10.5,160.7,798000,7748,adult,night,green,rustic,rustic_natural,two_tier_floral,luxury_stage,full_stage_setup,103,bakesmart_rule_generator_v1,5,synthetic_rule_based,pending_expert_review,train,20260817,"Theme-conditioned preferences; cake guest band 45-120; decor-conditioned venue/budget; layout derived from guests, venue and decor."
BSAR0855,birthday,restaurant,21,6.4,4.2,26.9,53000,2524,mixed,day,white,minimal,modern_minimal,single_tier_round,minimal_backdrop,single_cake_table,21,bakesmart_rule_generator_v1,5,synthetic_rule_based,pending_expert_review,train,20260817,"Theme-conditioned preferences; cake guest band 8-25; decor-conditioned venue/budget; layout derived from guests, venue and decor."
BSAR0856,wedding,hall,10,6.7,3.7,24.8,25000,2500,adult,night,gold,traditional,traditional_luxury,single_tier_round,balloon_setup,single_cake_table,10,bakesmart_rule_generator_v1,5,synthetic_rule_based,pending_expert_review,validation,20260817,"Theme-conditioned preferences; cake guest band 8-25; decor-conditioned venue/budget; layout derived from guests, venue and decor."
BSAR0857,anniversary,home,16,6.2,5.3,32.9,52000,3250,adult,night,mixed,minimal,modern_minimal,single_tier_square,balloon_setup,single_cake_table,16,bakesmart_rule_generator_v1,5,synthetic_rule_based,pending_expert_review,train,20260817,"Theme-conditioned preferences; cake guest band 15-40; decor-conditioned venue/budget; layout derived from guests, venue and decor."
BSAR0858,birthday,hall,37,9.9,6.4,63.4,181000,4892,mixed,night,white,elegant,modern_minimal,single_tier_square,flower_wall,cake_and_dessert_table,37,bakesmart_rule_generator_v1,4,synthetic_rule_based,pending_expert_review,validation,20260817,"Theme-conditioned preferences; cake guest band 15-40; decor-conditioned venue/budget; layout derived from guests, venue and decor."
BSAR0859,anniversary,hall,103,15.1,12.7,191.8,1039000,10087,mixed,night,white,minimal,modern_minimal,three_tier_luxury,luxury_stage,full_stage_setup,103,bakesmart_rule_generator_v1,5,synthetic_rule_based,pending_expert_review,train,20260817,"Theme-conditioned preferences; cake guest band 90-250; decor-conditioned venue/budget; layout derived from guests, venue and decor."
BSAR0860,birthday,hall,85,11.7,8.6,100.6,346000,4071,child,day,gold,traditional,traditional_luxury,two_tier_round,rustic_wood_setup,two_side_tables,85,bakesmart_rule_generator_v1,5,synthetic_rule_based,pending_expert_review,train,20260817,"Theme-conditioned preferences; cake guest band 35-90; decor-conditioned venue/budget; layout derived from guests, venue and decor."
BSAR0861,graduation,hall,18,8.4,5.2,43.7,153000,8500,adult,day,green,elegant,rustic_natural,single_tier_round,luxury_stage,full_stage_setup,18,bakesmart_rule_generator_v1,4,synthetic_rule_based,pending_expert_review,train,20260817,"Theme-conditioned preferences; cake guest band 8-25; decor-conditioned venue/budget; layout derived from guests, venue and decor."
BSAR0862,birthday,hall,49,11.7,7.9,92.4,252000,5143,child,night,purple,traditional,traditional_luxury,two_tier_floral,flower_wall,cake_and_dessert_table,49,bakesmart_rule_generator_v1,5,synthetic_rule_based,pending_expert_review,validation,20260817,"Theme-conditioned preferences; cake guest band 45-120; decor-conditioned venue/budget; layout derived from guests, venue and decor."
BSAR0863,baby_shower,home,13,7,3.8,26.6,46000,3538,adult,night,white,colourful,pastel_floral,single_tier_round,minimal_backdrop,single_cake_table,13,bakesmart_rule_generator_v1,5,synthetic_rule_based,pending_expert_review,train,20260817,"Theme-conditioned preferences; cake guest band 8-25; decor-conditioned venue/budget; layout derived from guests, venue and decor."
BSAR0864,wedding,hall,8,6.3,3.9,24.6,28000,3500,mixed,night,gold,minimal,elegant_gold,single_tier_round,balloon_setup,single_cake_table,8,bakesmart_rule_generator_v1,4,synthetic_rule_based,pending_expert_review,validation,20260817,"Theme-conditioned preferences; cake guest band 8-25; decor-conditioned venue/budget; layout derived from guests, venue and decor."
BSAR0865,birthday,restaurant,238,19.4,12,232.8,390000,1639,child,night,green,minimal,modern_minimal,three_tier_luxury,minimal_backdrop,two_side_tables,238,bakesmart_rule_generator_v1,5,synthetic_rule_based,pending_expert_review,validation,20260817,"Theme-conditioned preferences; cake guest band 90-250; decor-conditioned venue/budget; layout derived from guests, venue and decor."
BSAR0866,birthday,outdoor,24,8.9,5.7,50.7,110000,4583,teenager,day,pink,minimal,colourful_cartoon,single_tier_square,rustic_wood_setup,single_cake_table,24,bakesmart_rule_generator_v1,4,synthetic_rule_based,pending_expert_review,train,20260817,"Theme-conditioned preferences; cake guest band 15-40; decor-conditioned venue/budget; layout derived from guests, venue and decor."
BSAR0867,wedding,hall,16,7.2,4.3,31,57000,3563,adult,night,gold,elegant,traditional_luxury,single_tier_square,balloon_setup,single_cake_table,16,bakesmart_rule_generator_v1,5,synthetic_rule_based,pending_expert_review,train,20260817,"Theme-conditioned preferences; cake guest band 15-40; decor-conditioned venue/budget; layout derived from guests, venue and decor."
BSAR0868,birthday,restaurant,67,13.5,8,108,698000,10418,mixed,day,mixed,minimal,modern_minimal,two_tier_round,luxury_stage,full_stage_setup,67,bakesmart_rule_generator_v1,4,synthetic_rule_based,pending_expert_review,test,20260817,"Theme-conditioned preferences; cake guest band 35-90; decor-conditioned venue/budget; layout derived from guests, venue and decor."
BSAR0869,birthday,outdoor,21,8.7,6.7,58.3,77000,3667,child,day,red,rustic,rustic_natural,single_tier_round,flower_wall,single_cake_table,21,bakesmart_rule_generator_v1,5,synthetic_rule_based,pending_expert_review,train,20260817,"Theme-conditioned preferences; cake guest band 8-25; decor-conditioned venue/budget; layout derived from guests, venue and decor."
BSAR0870,birthday,hall,59,9.7,7.3,70.8,128000,2169,mixed,night,green,minimal,modern_minimal,two_tier_round,balloon_setup,cake_and_dessert_table,59,bakesmart_rule_generator_v1,5,synthetic_rule_based,pending_expert_review,validation,20260817,"Theme-conditioned preferences; cake guest band 35-90; decor-conditioned venue/budget; layout derived from guests, venue and decor."
BSAR0871,anniversary,home,36,8.3,5.4,44.8,159000,4417,adult,night,white,minimal,modern_minimal,single_tier_square,rustic_wood_setup,cake_and_dessert_table,36,bakesmart_rule_generator_v1,5,synthetic_rule_based,pending_expert_review,train,20260817,"Theme-conditioned preferences; cake guest band 15-40; decor-conditioned venue/budget; layout derived from guests, venue and decor."
BSAR0872,baby_shower,hall,71,12.5,8.3,103.8,554000,7803,adult,night,mixed,colourful,colourful_cartoon,two_tier_round,luxury_stage,full_stage_setup,71,bakesmart_rule_generator_v1,5,synthetic_rule_based,pending_expert_review,train,20260817,"Theme-conditioned preferences; cake guest band 35-90; decor-conditioned venue/budget; layout derived from guests, venue and decor."
BSAR0873,birthday,home,77,10.2,8.1,82.6,304000,3948,teenager,day,mixed,elegant,rustic_natural,two_tier_round,flower_wall,two_side_tables,77,bakesmart_rule_generator_v1,4,synthetic_rule_based,pending_expert_review,train,20260817,"Theme-conditioned preferences; cake guest band 35-90; decor-conditioned venue/budget; layout derived from guests, venue and decor."
BSAR0874,anniversary,outdoor,148,19.5,12.8,249.6,791000,5345,adult,night,gold,minimal,modern_minimal,three_tier_luxury,flower_wall,two_side_tables,148,bakesmart_rule_generator_v1,5,synthetic_rule_based,pending_expert_review,validation,20260817,"Theme-conditioned preferences; cake guest band 90-250; decor-conditioned venue/budget; layout derived from guests, venue and decor."
BSAR0875,anniversary,outdoor,222,28.9,16.8,485.5,711000,3203,adult,night,blue,minimal,modern_minimal,three_tier_luxury,rustic_wood_setup,two_side_tables,222,bakesmart_rule_generator_v1,5,synthetic_rule_based,pending_expert_review,train,20260817,"Theme-conditioned preferences; cake guest band 90-250; decor-conditioned venue/budget; layout derived from guests, venue and decor."
BSAR0876,birthday,hall,13,7.3,4.6,33.6,40000,3077,adult,night,gold,traditional,traditional_luxury,single_tier_round,balloon_setup,single_cake_table,13,bakesmart_rule_generator_v1,5,synthetic_rule_based,pending_expert_review,train,20260817,"Theme-conditioned preferences; cake guest band 8-25; decor-conditioned venue/budget; layout derived from guests, venue and decor."
BSAR0877,anniversary,outdoor,25,9.7,5.9,57.2,294000,11760,adult,night,blue,elegant,modern_minimal,single_tier_round,luxury_stage,full_stage_setup,25,bakesmart_rule_generator_v1,4,synthetic_rule_based,pending_expert_review,train,20260817,"Theme-conditioned preferences; cake guest band 8-25; decor-conditioned venue/budget; layout derived from guests, venue and decor."
BSAR0878,wedding,hall,58,11.5,9.3,107,206000,3552,adult,day,mixed,elegant,modern_minimal,two_tier_floral,rustic_wood_setup,cake_and_dessert_table,58,bakesmart_rule_generator_v1,4,synthetic_rule_based,pending_expert_review,train,20260817,"Theme-conditioned preferences; cake guest band 45-120; decor-conditioned venue/budget; layout derived from guests, venue and decor."
BSAR0879,birthday,restaurant,79,11.8,8.1,95.6,129000,1633,adult,night,green,rustic,rustic_natural,two_tier_round,minimal_backdrop,two_side_tables,79,bakesmart_rule_generator_v1,5,synthetic_rule_based,pending_expert_review,train,20260817,"Theme-conditioned preferences; cake guest band 35-90; decor-conditioned venue/budget; layout derived from guests, venue and decor."
BSAR0880,baby_shower,hall,175,22.7,13.7,311,856000,4891,adult,night,mixed,colourful,colourful_cartoon,three_tier_luxury,luxury_stage,full_stage_setup,175,bakesmart_rule_generator_v1,5,synthetic_rule_based,pending_expert_review,train,20260817,"Theme-conditioned preferences; cake guest band 90-250; decor-conditioned venue/budget; layout derived from guests, venue and decor."
BSAR0881,wedding,home,13,5.3,4.5,23.8,69000,5308,mixed,night,white,elegant,modern_minimal,single_tier_round,flower_wall,single_cake_table,13,bakesmart_rule_generator_v1,4,synthetic_rule_based,pending_expert_review,train,20260817,"Theme-conditioned preferences; cake guest band 8-25; decor-conditioned venue/budget; layout derived from guests, venue and decor."
BSAR0882,graduation,home,17,6.4,4.1,26.2,38000,2235,teenager,day,white,elegant,rustic_natural,single_tier_round,minimal_backdrop,single_cake_table,17,bakesmart_rule_generator_v1,4,synthetic_rule_based,pending_expert_review,train,20260817,"Theme-conditioned preferences; cake guest band 8-25; decor-conditioned venue/budget; layout derived from guests, venue and decor."
BSAR0883,wedding,outdoor,13,7.6,4.8,36.5,115000,8846,adult,night,green,elegant,traditional_luxury,single_tier_round,flower_wall,single_cake_table,13,bakesmart_rule_generator_v1,5,synthetic_rule_based,pending_expert_review,train,20260817,"Theme-conditioned preferences; cake guest band 8-25; decor-conditioned venue/budget; layout derived from guests, venue and decor."
BSAR0884,wedding,hall,48,9.8,7.6,74.5,160000,3333,adult,night,white,rustic,pastel_floral,two_tier_floral,balloon_setup,cake_and_dessert_table,48,bakesmart_rule_generator_v1,4,synthetic_rule_based,pending_expert_review,test,20260817,"Theme-conditioned preferences; cake guest band 45-120; decor-conditioned venue/budget; layout derived from guests, venue and decor."
BSAR0885,graduation,hall,75,14.3,8.8,125.8,259000,3453,teenager,night,gold,elegant,elegant_gold,two_tier_floral,flower_wall,two_side_tables,75,bakesmart_rule_generator_v1,5,synthetic_rule_based,pending_expert_review,test,20260817,"Theme-conditioned preferences; cake guest band 45-120; decor-conditioned venue/budget; layout derived from guests, venue and decor."
BSAR0886,anniversary,hall,16,7.1,5.3,37.6,90000,5625,adult,night,white,elegant,elegant_gold,single_tier_square,flower_wall,single_cake_table,16,bakesmart_rule_generator_v1,5,synthetic_rule_based,pending_expert_review,train,20260817,"Theme-conditioned preferences; cake guest band 15-40; decor-conditioned venue/budget; layout derived from guests, venue and decor."
BSAR0887,baby_shower,hall,202,20.7,16.7,345.7,1107000,5480,adult,night,blue,elegant,pastel_floral,three_tier_luxury,luxury_stage,full_stage_setup,202,bakesmart_rule_generator_v1,5,synthetic_rule_based,pending_expert_review,train,20260817,"Theme-conditioned preferences; cake guest band 90-250; decor-conditioned venue/budget; layout derived from guests, venue and decor."
BSAR0888,baby_shower,hall,24,8.5,5.5,46.8,342000,14250,adult,night,red,traditional,traditional_luxury,single_tier_round,luxury_stage,full_stage_setup,24,bakesmart_rule_generator_v1,5,synthetic_rule_based,pending_expert_review,train,20260817,"Theme-conditioned preferences; cake guest band 8-25; decor-conditioned venue/budget; layout derived from guests, venue and decor."
BSAR0889,baby_shower,hall,193,18.7,15,280.5,795000,4119,mixed,night,mixed,elegant,pastel_floral,three_tier_luxury,flower_wall,full_stage_setup,193,bakesmart_rule_generator_v1,5,synthetic_rule_based,pending_expert_review,train,20260817,"Theme-conditioned preferences; cake guest band 90-250; decor-conditioned venue/budget; layout derived from guests, venue and decor."
BSAR0890,baby_shower,outdoor,35,12,6.7,80.4,87000,2486,adult,day,white,elegant,pastel_floral,single_tier_square,balloon_setup,cake_and_dessert_table,35,bakesmart_rule_generator_v1,5,synthetic_rule_based,pending_expert_review,train,20260817,"Theme-conditioned preferences; cake guest band 15-40; decor-conditioned venue/budget; layout derived from guests, venue and decor."
BSAR0891,wedding,hall,82,12.5,11.2,140,179000,2183,adult,night,gold,elegant,traditional_luxury,two_tier_round,balloon_setup,two_side_tables,82,bakesmart_rule_generator_v1,5,synthetic_rule_based,pending_expert_review,validation,20260817,"Theme-conditioned preferences; cake guest band 35-90; decor-conditioned venue/budget; layout derived from guests, venue and decor."
BSAR0892,birthday,hall,243,21.3,13.2,281.2,570000,2346,child,night,green,minimal,modern_minimal,three_tier_luxury,minimal_backdrop,full_stage_setup,243,bakesmart_rule_generator_v1,5,synthetic_rule_based,pending_expert_review,test,20260817,"Theme-conditioned preferences; cake guest band 90-250; decor-conditioned venue/budget; layout derived from guests, venue and decor."
BSAR0893,wedding,outdoor,105,16.7,11.9,198.7,260000,2476,adult,night,white,rustic,rustic_natural,three_tier_luxury,balloon_setup,two_side_tables,105,bakesmart_rule_generator_v1,5,synthetic_rule_based,pending_expert_review,train,20260817,"Theme-conditioned preferences; cake guest band 90-250; decor-conditioned venue/budget; layout derived from guests, venue and decor."
BSAR0894,birthday,hall,81,13,7.9,102.7,130000,1605,teenager,night,purple,traditional,pastel_floral,two_tier_round,balloon_setup,two_side_tables,81,bakesmart_rule_generator_v1,4,synthetic_rule_based,pending_expert_review,validation,20260817,"Theme-conditioned preferences; cake guest band 35-90; decor-conditioned venue/budget; layout derived from guests, venue and decor."
BSAR0895,wedding,home,17,5.5,4.2,23.1,85000,5000,adult,night,mixed,elegant,elegant_gold,single_tier_square,rustic_wood_setup,single_cake_table,17,bakesmart_rule_generator_v1,5,synthetic_rule_based,pending_expert_review,train,20260817,"Theme-conditioned preferences; cake guest band 15-40; decor-conditioned venue/budget; layout derived from guests, venue and decor."
BSAR0896,birthday,home,24,6.6,4.4,29,66000,2750,child,night,purple,colourful,colourful_cartoon,single_tier_round,minimal_backdrop,single_cake_table,24,bakesmart_rule_generator_v1,5,synthetic_rule_based,pending_expert_review,train,20260817,"Theme-conditioned preferences; cake guest band 8-25; decor-conditioned venue/budget; layout derived from guests, venue and decor."
BSAR0897,baby_shower,home,22,7.9,5.3,41.9,88000,4000,mixed,night,pink,minimal,pastel_floral,single_tier_square,flower_wall,single_cake_table,22,bakesmart_rule_generator_v1,4,synthetic_rule_based,pending_expert_review,train,20260817,"Theme-conditioned preferences; cake guest band 15-40; decor-conditioned venue/budget; layout derived from guests, venue and decor."
BSAR0898,birthday,hall,39,9.4,7.1,66.7,112000,2872,mixed,day,red,rustic,rustic_natural,single_tier_square,minimal_backdrop,cake_and_dessert_table,39,bakesmart_rule_generator_v1,5,synthetic_rule_based,pending_expert_review,validation,20260817,"Theme-conditioned preferences; cake guest band 15-40; decor-conditioned venue/budget; layout derived from guests, venue and decor."
BSAR0899,birthday,hall,36,8.3,7,58.1,160000,4444,teenager,day,green,minimal,modern_minimal,single_tier_square,rustic_wood_setup,cake_and_dessert_table,36,bakesmart_rule_generator_v1,5,synthetic_rule_based,pending_expert_review,train,20260817,"Theme-conditioned preferences; cake guest band 15-40; decor-conditioned venue/budget; layout derived from guests, venue and decor."
BSAR0900,anniversary,hall,83,11.8,8.7,102.7,911000,10976,adult,day,mixed,elegant,elegant_gold,two_tier_floral,luxury_stage,full_stage_setup,83,bakesmart_rule_generator_v1,5,synthetic_rule_based,pending_expert_review,validation,20260817,"Theme-conditioned preferences; cake guest band 45-120; decor-conditioned venue/budget; layout derived from guests, venue and decor."
BSAR0901,baby_shower,hall,89,16.8,10.1,169.7,157000,1764,mixed,day,pink,minimal,pastel_floral,two_tier_floral,minimal_backdrop,two_side_tables,89,bakesmart_rule_generator_v1,4,synthetic_rule_based,pending_expert_review,train,20260817,"Theme-conditioned preferences; cake guest band 45-120; decor-conditioned venue/budget; layout derived from guests, venue and decor."
BSAR0902,wedding,restaurant,64,12.2,7.6,92.7,380000,5938,adult,night,green,traditional,traditional_luxury,two_tier_floral,luxury_stage,full_stage_setup,64,bakesmart_rule_generator_v1,4,synthetic_rule_based,pending_expert_review,train,20260817,"Theme-conditioned preferences; cake guest band 45-120; decor-conditioned venue/budget; layout derived from guests, venue and decor."
BSAR0903,birthday,restaurant,17,6.9,4,27.6,40000,2353,teenager,day,gold,elegant,modern_minimal,single_tier_round,minimal_backdrop,single_cake_table,17,bakesmart_rule_generator_v1,4,synthetic_rule_based,pending_expert_review,test,20260817,"Theme-conditioned preferences; cake guest band 8-25; decor-conditioned venue/budget; layout derived from guests, venue and decor."
BSAR0904,graduation,outdoor,24,8.3,5.8,48.1,59000,2458,mixed,night,mixed,elegant,elegant_gold,single_tier_round,rustic_wood_setup,single_cake_table,24,bakesmart_rule_generator_v1,5,synthetic_rule_based,pending_expert_review,train,20260817,"Theme-conditioned preferences; cake guest band 8-25; decor-conditioned venue/budget; layout derived from guests, venue and decor."
BSAR0905,birthday,outdoor,88,14.4,12.4,178.6,382000,4341,teenager,night,green,traditional,traditional_luxury,two_tier_floral,rustic_wood_setup,two_side_tables,88,bakesmart_rule_generator_v1,5,synthetic_rule_based,pending_expert_review,validation,20260817,"Theme-conditioned preferences; cake guest band 45-120; decor-conditioned venue/budget; layout derived from guests, venue and decor."
BSAR0906,baby_shower,outdoor,64,15.7,8.7,136.6,138000,2156,adult,day,purple,colourful,colourful_cartoon,two_tier_floral,minimal_backdrop,cake_and_dessert_table,64,bakesmart_rule_generator_v1,5,synthetic_rule_based,pending_expert_review,test,20260817,"Theme-conditioned preferences; cake guest band 45-120; decor-conditioned venue/budget; layout derived from guests, venue and decor."
BSAR0907,graduation,hall,229,19.9,15.7,312.4,544000,2376,teenager,night,white,traditional,traditional_luxury,three_tier_luxury,rustic_wood_setup,full_stage_setup,229,bakesmart_rule_generator_v1,5,synthetic_rule_based,pending_expert_review,train,20260817,"Theme-conditioned preferences; cake guest band 90-250; decor-conditioned venue/budget; layout derived from guests, venue and decor."
BSAR0908,birthday,outdoor,81,12.8,9.7,124.2,235000,2901,teenager,night,red,colourful,colourful_cartoon,two_tier_round,rustic_wood_setup,two_side_tables,81,bakesmart_rule_generator_v1,5,synthetic_rule_based,pending_expert_review,validation,20260817,"Theme-conditioned preferences; cake guest band 35-90; decor-conditioned venue/budget; layout derived from guests, venue and decor."
BSAR0909,graduation,home,66,9.9,7.5,74.3,180000,2727,adult,night,blue,minimal,modern_minimal,two_tier_round,minimal_backdrop,cake_and_dessert_table,66,bakesmart_rule_generator_v1,5,synthetic_rule_based,pending_expert_review,train,20260817,"Theme-conditioned preferences; cake guest band 35-90; decor-conditioned venue/budget; layout derived from guests, venue and decor."
BSAR0910,birthday,hall,84,14.7,8.6,126.4,188000,2238,child,day,blue,elegant,modern_minimal,two_tier_round,minimal_backdrop,two_side_tables,84,bakesmart_rule_generator_v1,4,synthetic_rule_based,pending_expert_review,train,20260817,"Theme-conditioned preferences; cake guest band 35-90; decor-conditioned venue/budget; layout derived from guests, venue and decor."
BSAR0911,anniversary,hall,18,7.9,4.9,38.7,50000,2778,adult,night,blue,elegant,pastel_floral,single_tier_round,minimal_backdrop,single_cake_table,18,bakesmart_rule_generator_v1,5,synthetic_rule_based,pending_expert_review,validation,20260817,"Theme-conditioned preferences; cake guest band 8-25; decor-conditioned venue/budget; layout derived from guests, venue and decor."
BSAR0912,baby_shower,hall,60,12.7,6.9,87.6,652000,10867,adult,night,blue,minimal,modern_minimal,two_tier_round,luxury_stage,full_stage_setup,60,bakesmart_rule_generator_v1,5,synthetic_rule_based,pending_expert_review,validation,20260817,"Theme-conditioned preferences; cake guest band 35-90; decor-conditioned venue/budget; layout derived from guests, venue and decor."
BSAR0913,anniversary,hall,80,14.2,9.1,129.2,280000,3500,adult,night,white,traditional,traditional_luxury,two_tier_floral,flower_wall,two_side_tables,80,bakesmart_rule_generator_v1,5,synthetic_rule_based,pending_expert_review,train,20260817,"Theme-conditioned preferences; cake guest band 45-120; decor-conditioned venue/budget; layout derived from guests, venue and decor."
BSAR0914,birthday,restaurant,16,7.3,4.6,33.6,70000,4375,child,day,gold,rustic,rustic_natural,single_tier_round,rustic_wood_setup,single_cake_table,16,bakesmart_rule_generator_v1,5,synthetic_rule_based,pending_expert_review,validation,20260817,"Theme-conditioned preferences; cake guest band 8-25; decor-conditioned venue/budget; layout derived from guests, venue and decor."
BSAR0915,birthday,hall,107,15.9,9.3,147.9,774000,7234,child,day,white,minimal,modern_minimal,two_tier_floral,luxury_stage,full_stage_setup,107,bakesmart_rule_generator_v1,5,synthetic_rule_based,pending_expert_review,test,20260817,"Theme-conditioned preferences; cake guest band 45-120; decor-conditioned venue/budget; layout derived from guests, venue and decor."
BSAR0916,wedding,hall,76,13.5,8.4,113.4,130000,1711,adult,night,red,traditional,traditional_luxury,two_tier_round,balloon_setup,two_side_tables,76,bakesmart_rule_generator_v1,5,synthetic_rule_based,pending_expert_review,test,20260817,"Theme-conditioned preferences; cake guest band 35-90; decor-conditioned venue/budget; layout derived from guests, venue and decor."
BSAR0917,baby_shower,restaurant,17,7.3,4.8,35,205000,12059,adult,night,blue,elegant,pastel_floral,single_tier_square,luxury_stage,full_stage_setup,17,bakesmart_rule_generator_v1,4,synthetic_rule_based,pending_expert_review,test,20260817,"Theme-conditioned preferences; cake guest band 15-40; decor-conditioned venue/budget; layout derived from guests, venue and decor."
BSAR0918,anniversary,home,15,6.4,4.1,26.2,59000,3933,adult,night,white,colourful,pastel_floral,single_tier_square,balloon_setup,single_cake_table,15,bakesmart_rule_generator_v1,5,synthetic_rule_based,pending_expert_review,train,20260817,"Theme-conditioned preferences; cake guest band 15-40; decor-conditioned venue/budget; layout derived from guests, venue and decor."
BSAR0919,baby_shower,hall,90,15.9,9.7,154.2,909000,10100,adult,night,pink,elegant,pastel_floral,two_tier_round,luxury_stage,full_stage_setup,90,bakesmart_rule_generator_v1,5,synthetic_rule_based,pending_expert_review,train,20260817,"Theme-conditioned preferences; cake guest band 35-90; decor-conditioned venue/budget; layout derived from guests, venue and decor."
BSAR0920,anniversary,home,48,9.6,7.1,68.2,124000,2583,mixed,night,gold,elegant,elegant_gold,two_tier_round,rustic_wood_setup,cake_and_dessert_table,48,bakesmart_rule_generator_v1,5,synthetic_rule_based,pending_expert_review,train,20260817,"Theme-conditioned preferences; cake guest band 35-90; decor-conditioned venue/budget; layout derived from guests, venue and decor."
BSAR0921,wedding,hall,95,12.8,8.7,111.4,490000,5158,mixed,night,gold,minimal,elegant_gold,three_tier_luxury,flower_wall,two_side_tables,95,bakesmart_rule_generator_v1,4,synthetic_rule_based,pending_expert_review,train,20260817,"Theme-conditioned preferences; cake guest band 90-250; decor-conditioned venue/budget; layout derived from guests, venue and decor."
BSAR0922,birthday,hall,17,7.2,6,43.2,89000,5235,child,day,mixed,traditional,colourful_cartoon,single_tier_square,rustic_wood_setup,single_cake_table,17,bakesmart_rule_generator_v1,4,synthetic_rule_based,pending_expert_review,train,20260817,"Theme-conditioned preferences; cake guest band 15-40; decor-conditioned venue/budget; layout derived from guests, venue and decor."
BSAR0923,graduation,hall,24,8.6,5.1,43.9,49000,2042,adult,night,white,elegant,elegant_gold,single_tier_round,minimal_backdrop,single_cake_table,24,bakesmart_rule_generator_v1,5,synthetic_rule_based,pending_expert_review,test,20260817,"Theme-conditioned preferences; cake guest band 8-25; decor-conditioned venue/budget; layout derived from guests, venue and decor."
BSAR0924,graduation,restaurant,223,18.5,14.9,275.7,829000,3717,teenager,night,white,elegant,pastel_floral,three_tier_luxury,flower_wall,two_side_tables,223,bakesmart_rule_generator_v1,5,synthetic_rule_based,pending_expert_review,train,20260817,"Theme-conditioned preferences; cake guest band 90-250; decor-conditioned venue/budget; layout derived from guests, venue and decor."
BSAR0925,wedding,outdoor,13,7.4,4.7,34.8,190000,14615,adult,day,green,rustic,rustic_natural,single_tier_round,luxury_stage,full_stage_setup,13,bakesmart_rule_generator_v1,4,synthetic_rule_based,pending_expert_review,train,20260817,"Theme-conditioned preferences; cake guest band 8-25; decor-conditioned venue/budget; layout derived from guests, venue and decor."
BSAR0926,anniversary,outdoor,117,15.3,11.6,177.5,373000,3188,adult,night,white,rustic,rustic_natural,three_tier_luxury,flower_wall,two_side_tables,117,bakesmart_rule_generator_v1,5,synthetic_rule_based,pending_expert_review,train,20260817,"Theme-conditioned preferences; cake guest band 90-250; decor-conditioned venue/budget; layout derived from guests, venue and decor."
BSAR0927,graduation,outdoor,186,23.1,13.5,311.9,779000,4188,teenager,day,blue,colourful,colourful_cartoon,three_tier_luxury,rustic_wood_setup,two_side_tables,186,bakesmart_rule_generator_v1,5,synthetic_rule_based,pending_expert_review,train,20260817,"Theme-conditioned preferences; cake guest band 90-250; decor-conditioned venue/budget; layout derived from guests, venue and decor."
BSAR0928,graduation,home,73,10.9,8.4,91.6,280000,3836,teenager,day,gold,elegant,elegant_gold,two_tier_round,rustic_wood_setup,two_side_tables,73,bakesmart_rule_generator_v1,5,synthetic_rule_based,pending_expert_review,validation,20260817,"Theme-conditioned preferences; cake guest band 35-90; decor-conditioned venue/budget; layout derived from guests, venue and decor."
BSAR0929,birthday,restaurant,106,15.7,8.5,133.5,365000,3443,child,day,blue,minimal,modern_minimal,three_tier_luxury,flower_wall,two_side_tables,106,bakesmart_rule_generator_v1,5,synthetic_rule_based,pending_expert_review,train,20260817,"Theme-conditioned preferences; cake guest band 90-250; decor-conditioned venue/budget; layout derived from guests, venue and decor."
BSAR0930,wedding,home,18,5,4.3,21.5,110000,6111,adult,day,white,elegant,pastel_floral,single_tier_round,rustic_wood_setup,single_cake_table,18,bakesmart_rule_generator_v1,5,synthetic_rule_based,pending_expert_review,train,20260817,"Theme-conditioned preferences; cake guest band 8-25; decor-conditioned venue/budget; layout derived from guests, venue and decor."
BSAR0931,wedding,hall,17,6.2,4.6,28.5,83000,4882,adult,day,mixed,minimal,modern_minimal,single_tier_round,flower_wall,single_cake_table,17,bakesmart_rule_generator_v1,5,synthetic_rule_based,pending_expert_review,validation,20260817,"Theme-conditioned preferences; cake guest band 8-25; decor-conditioned venue/budget; layout derived from guests, venue and decor."
BSAR0932,birthday,home,232,18.3,14.1,258,311000,1341,child,night,pink,traditional,pastel_floral,three_tier_luxury,minimal_backdrop,two_side_tables,232,bakesmart_rule_generator_v1,4,synthetic_rule_based,pending_expert_review,train,20260817,"Theme-conditioned preferences; cake guest band 90-250; decor-conditioned venue/budget; layout derived from guests, venue and decor."
BSAR0933,birthday,hall,14,7.1,5,35.5,41000,2929,child,day,green,minimal,modern_minimal,single_tier_round,minimal_backdrop,single_cake_table,14,bakesmart_rule_generator_v1,5,synthetic_rule_based,pending_expert_review,validation,20260817,"Theme-conditioned preferences; cake guest band 8-25; decor-conditioned venue/budget; layout derived from guests, venue and decor."
BSAR0934,baby_shower,hall,12,5.6,4.1,23,43000,3583,adult,day,gold,minimal,modern_minimal,single_tier_round,balloon_setup,single_cake_table,12,bakesmart_rule_generator_v1,5,synthetic_rule_based,pending_expert_review,train,20260817,"Theme-conditioned preferences; cake guest band 8-25; decor-conditioned venue/budget; layout derived from guests, venue and decor."
BSAR0935,anniversary,hall,38,9.7,7.4,71.8,116000,3053,adult,night,white,minimal,modern_minimal,single_tier_square,minimal_backdrop,cake_and_dessert_table,38,bakesmart_rule_generator_v1,5,synthetic_rule_based,pending_expert_review,train,20260817,"Theme-conditioned preferences; cake guest band 15-40; decor-conditioned venue/budget; layout derived from guests, venue and decor."
BSAR0936,birthday,hall,246,22.4,17.2,385.3,735000,2988,adult,day,mixed,rustic,rustic_natural,three_tier_luxury,rustic_wood_setup,full_stage_setup,246,bakesmart_rule_generator_v1,5,synthetic_rule_based,pending_expert_review,train,20260817,"Theme-conditioned preferences; cake guest band 90-250; decor-conditioned venue/budget; layout derived from guests, venue and decor."
BSAR0937,baby_shower,home,87,11.9,7.1,84.5,275000,3161,adult,day,pink,elegant,pastel_floral,two_tier_floral,rustic_wood_setup,two_side_tables,87,bakesmart_rule_generator_v1,5,synthetic_rule_based,pending_expert_review,validation,20260817,"Theme-conditioned preferences; cake guest band 45-120; decor-conditioned venue/budget; layout derived from guests, venue and decor."
BSAR0938,graduation,hall,21,8.6,4.8,41.3,281000,13381,teenager,day,blue,colourful,pastel_floral,single_tier_square,luxury_stage,full_stage_setup,21,bakesmart_rule_generator_v1,5,synthetic_rule_based,pending_expert_review,train,20260817,"Theme-conditioned preferences; cake guest band 15-40; decor-conditioned venue/budget; layout derived from guests, venue and decor."
BSAR0939,anniversary,hall,19,7,5.9,41.3,96000,5053,mixed,night,green,traditional,traditional_luxury,single_tier_square,rustic_wood_setup,single_cake_table,19,bakesmart_rule_generator_v1,5,synthetic_rule_based,pending_expert_review,train,20260817,"Theme-conditioned preferences; cake guest band 15-40; decor-conditioned venue/budget; layout derived from guests, venue and decor."
BSAR0940,birthday,home,19,6.6,5,33,53000,2789,teenager,night,blue,elegant,colourful_cartoon,single_tier_square,balloon_setup,single_cake_table,19,bakesmart_rule_generator_v1,4,synthetic_rule_based,pending_expert_review,train,20260817,"Theme-conditioned preferences; cake guest band 15-40; decor-conditioned venue/budget; layout derived from guests, venue and decor."
BSAR0941,wedding,hall,19,8,4.4,35.2,42000,2211,adult,day,red,rustic,rustic_natural,single_tier_round,minimal_backdrop,single_cake_table,19,bakesmart_rule_generator_v1,5,synthetic_rule_based,pending_expert_review,train,20260817,"Theme-conditioned preferences; cake guest band 8-25; decor-conditioned venue/budget; layout derived from guests, venue and decor."
BSAR0942,wedding,home,8,5.9,4,23.6,62000,7750,adult,night,purple,colourful,pastel_floral,single_tier_round,flower_wall,single_cake_table,8,bakesmart_rule_generator_v1,5,synthetic_rule_based,pending_expert_review,train,20260817,"Theme-conditioned preferences; cake guest band 8-25; decor-conditioned venue/budget; layout derived from guests, venue and decor."
BSAR0943,wedding,home,113,11.4,10.4,118.6,273000,2416,adult,night,white,traditional,traditional_luxury,two_tier_floral,minimal_backdrop,two_side_tables,113,bakesmart_rule_generator_v1,5,synthetic_rule_based,pending_expert_review,train,20260817,"Theme-conditioned preferences; cake guest band 45-120; decor-conditioned venue/budget; layout derived from guests, venue and decor."
BSAR0944,wedding,outdoor,20,7.6,5.8,44.1,52000,2600,adult,night,white,minimal,pastel_floral,single_tier_round,rustic_wood_setup,single_cake_table,20,bakesmart_rule_generator_v1,4,synthetic_rule_based,pending_expert_review,train,20260817,"Theme-conditioned preferences; cake guest band 8-25; decor-conditioned venue/budget; layout derived from guests, venue and decor."
BSAR0945,birthday,hall,34,10.2,5.5,56.1,175000,5147,child,day,white,rustic,rustic_natural,single_tier_square,flower_wall,cake_and_dessert_table,34,bakesmart_rule_generator_v1,5,synthetic_rule_based,pending_expert_review,train,20260817,"Theme-conditioned preferences; cake guest band 15-40; decor-conditioned venue/budget; layout derived from guests, venue and decor."
BSAR0946,wedding,home,143,18,9.9,178.2,639000,4469,adult,night,green,elegant,traditional_luxury,three_tier_luxury,rustic_wood_setup,two_side_tables,143,bakesmart_rule_generator_v1,5,synthetic_rule_based,pending_expert_review,train,20260817,"Theme-conditioned preferences; cake guest band 90-250; decor-conditioned venue/budget; layout derived from guests, venue and decor."
BSAR0947,birthday,hall,19,7,4.6,32.2,92000,4842,child,day,green,rustic,rustic_natural,single_tier_round,rustic_wood_setup,single_cake_table,19,bakesmart_rule_generator_v1,5,synthetic_rule_based,pending_expert_review,train,20260817,"Theme-conditioned preferences; cake guest band 8-25; decor-conditioned venue/budget; layout derived from guests, venue and decor."
BSAR0948,graduation,hall,27,8.7,5.7,49.6,170000,6296,adult,day,green,elegant,rustic_natural,single_tier_square,flower_wall,single_cake_table,27,bakesmart_rule_generator_v1,4,synthetic_rule_based,pending_expert_review,train,20260817,"Theme-conditioned preferences; cake guest band 15-40; decor-conditioned venue/budget; layout derived from guests, venue and decor."
BSAR0949,graduation,home,24,7,3.9,27.3,133000,5542,teenager,night,blue,traditional,pastel_floral,single_tier_square,flower_wall,single_cake_table,24,bakesmart_rule_generator_v1,4,synthetic_rule_based,pending_expert_review,test,20260817,"Theme-conditioned preferences; cake guest band 15-40; decor-conditioned venue/budget; layout derived from guests, venue and decor."
BSAR0950,birthday,outdoor,63,15.1,9.2,138.9,166000,2635,child,day,purple,colourful,colourful_cartoon,two_tier_round,minimal_backdrop,cake_and_dessert_table,63,bakesmart_rule_generator_v1,5,synthetic_rule_based,pending_expert_review,train,20260817,"Theme-conditioned preferences; cake guest band 35-90; decor-conditioned venue/budget; layout derived from guests, venue and decor."
BSAR0951,anniversary,outdoor,8,5.5,4.8,26.4,58000,7250,adult,night,white,traditional,traditional_luxury,single_tier_round,flower_wall,single_cake_table,8,bakesmart_rule_generator_v1,5,synthetic_rule_based,pending_expert_review,train,20260817,"Theme-conditioned preferences; cake guest band 8-25; decor-conditioned venue/budget; layout derived from guests, venue and decor."
BSAR0952,baby_shower,restaurant,22,7.9,6.2,49,84000,3818,adult,night,pink,elegant,colourful_cartoon,single_tier_round,balloon_setup,single_cake_table,22,bakesmart_rule_generator_v1,4,synthetic_rule_based,pending_expert_review,train,20260817,"Theme-conditioned preferences; cake guest band 8-25; decor-conditioned venue/budget; layout derived from guests, venue and decor."
BSAR0953,graduation,home,116,13.2,10.1,133.3,303000,2612,adult,day,white,minimal,modern_minimal,two_tier_floral,balloon_setup,two_side_tables,116,bakesmart_rule_generator_v1,5,synthetic_rule_based,pending_expert_review,train,20260817,"Theme-conditioned preferences; cake guest band 45-120; decor-conditioned venue/budget; layout derived from guests, venue and decor."
BSAR0954,baby_shower,restaurant,131,14.9,10.6,157.9,595000,4542,adult,day,gold,rustic,rustic_natural,three_tier_luxury,flower_wall,two_side_tables,131,bakesmart_rule_generator_v1,5,synthetic_rule_based,pending_expert_review,train,20260817,"Theme-conditioned preferences; cake guest band 90-250; decor-conditioned venue/budget; layout derived from guests, venue and decor."
BSAR0955,graduation,hall,15,6.6,4.5,29.7,43000,2867,teenager,night,white,elegant,elegant_gold,single_tier_round,balloon_setup,single_cake_table,15,bakesmart_rule_generator_v1,5,synthetic_rule_based,pending_expert_review,train,20260817,"Theme-conditioned preferences; cake guest band 8-25; decor-conditioned venue/budget; layout derived from guests, venue and decor."
BSAR0956,wedding,outdoor,50,11.9,8.5,101.2,80000,1600,mixed,night,gold,traditional,elegant_gold,two_tier_round,minimal_backdrop,cake_and_dessert_table,50,bakesmart_rule_generator_v1,4,synthetic_rule_based,pending_expert_review,train,20260817,"Theme-conditioned preferences; cake guest band 35-90; decor-conditioned venue/budget; layout derived from guests, venue and decor."
BSAR0957,wedding,hall,38,9.9,5.5,54.5,349000,9184,mixed,day,white,traditional,elegant_gold,two_tier_round,luxury_stage,full_stage_setup,38,bakesmart_rule_generator_v1,4,synthetic_rule_based,pending_expert_review,test,20260817,"Theme-conditioned preferences; cake guest band 35-90; decor-conditioned venue/budget; layout derived from guests, venue and decor."
BSAR0958,birthday,hall,15,7.4,5.7,42.2,52000,3467,child,night,green,colourful,colourful_cartoon,single_tier_square,balloon_setup,single_cake_table,15,bakesmart_rule_generator_v1,5,synthetic_rule_based,pending_expert_review,train,20260817,"Theme-conditioned preferences; cake guest band 15-40; decor-conditioned venue/budget; layout derived from guests, venue and decor."
BSAR0959,birthday,hall,208,19.2,15.2,291.8,1086000,5221,teenager,night,green,elegant,traditional_luxury,three_tier_luxury,flower_wall,full_stage_setup,208,bakesmart_rule_generator_v1,5,synthetic_rule_based,pending_expert_review,train,20260817,"Theme-conditioned preferences; cake guest band 90-250; decor-conditioned venue/budget; layout derived from guests, venue and decor."
BSAR0960,birthday,restaurant,28,8.8,4.6,40.5,417000,14893,adult,night,white,traditional,traditional_luxury,single_tier_square,luxury_stage,full_stage_setup,28,bakesmart_rule_generator_v1,4,synthetic_rule_based,pending_expert_review,train,20260817,"Theme-conditioned preferences; cake guest band 15-40; decor-conditioned venue/budget; layout derived from guests, venue and decor."
BSAR0961,wedding,outdoor,19,7.2,4.9,35.3,42000,2211,adult,day,green,rustic,rustic_natural,single_tier_round,balloon_setup,single_cake_table,19,bakesmart_rule_generator_v1,5,synthetic_rule_based,pending_expert_review,validation,20260817,"Theme-conditioned preferences; cake guest band 8-25; decor-conditioned venue/budget; layout derived from guests, venue and decor."
BSAR0962,anniversary,home,26,7.7,5.6,43.1,81000,3115,mixed,night,green,traditional,traditional_luxury,single_tier_square,balloon_setup,single_cake_table,26,bakesmart_rule_generator_v1,5,synthetic_rule_based,pending_expert_review,train,20260817,"Theme-conditioned preferences; cake guest band 15-40; decor-conditioned venue/budget; layout derived from guests, venue and decor."
BSAR0963,wedding,hall,20,8.4,5.7,47.9,222000,11100,adult,day,gold,elegant,rustic_natural,single_tier_square,luxury_stage,full_stage_setup,20,bakesmart_rule_generator_v1,4,synthetic_rule_based,pending_expert_review,train,20260817,"Theme-conditioned preferences; cake guest band 15-40; decor-conditioned venue/budget; layout derived from guests, venue and decor."
BSAR0964,wedding,home,168,15.1,9.7,146.5,456000,2714,mixed,night,gold,traditional,traditional_luxury,three_tier_luxury,minimal_backdrop,two_side_tables,168,bakesmart_rule_generator_v1,5,synthetic_rule_based,pending_expert_review,train,20260817,"Theme-conditioned preferences; cake guest band 90-250; decor-conditioned venue/budget; layout derived from guests, venue and decor."
BSAR0965,birthday,hall,8,5.8,4.7,27.3,27000,3375,child,day,white,elegant,elegant_gold,single_tier_round,minimal_backdrop,single_cake_table,8,bakesmart_rule_generator_v1,5,synthetic_rule_based,pending_expert_review,train,20260817,"Theme-conditioned preferences; cake guest band 8-25; decor-conditioned venue/budget; layout derived from guests, venue and decor."
BSAR0966,birthday,home,64,9.5,7,66.5,244000,3813,child,day,blue,colourful,colourful_cartoon,two_tier_floral,rustic_wood_setup,cake_and_dessert_table,64,bakesmart_rule_generator_v1,5,synthetic_rule_based,pending_expert_review,validation,20260817,"Theme-conditioned preferences; cake guest band 45-120; decor-conditioned venue/budget; layout derived from guests, venue and decor."
BSAR0967,baby_shower,home,39,8.8,5.9,51.9,83000,2128,mixed,night,green,rustic,rustic_natural,single_tier_square,minimal_backdrop,cake_and_dessert_table,39,bakesmart_rule_generator_v1,5,synthetic_rule_based,pending_expert_review,train,20260817,"Theme-conditioned preferences; cake guest band 15-40; decor-conditioned venue/budget; layout derived from guests, venue and decor."
BSAR0968,anniversary,hall,24,7.9,5.4,42.7,246000,10250,adult,night,gold,minimal,modern_minimal,single_tier_square,luxury_stage,full_stage_setup,24,bakesmart_rule_generator_v1,5,synthetic_rule_based,pending_expert_review,train,20260817,"Theme-conditioned preferences; cake guest band 15-40; decor-conditioned venue/budget; layout derived from guests, venue and decor."
BSAR0969,wedding,outdoor,23,7.3,5.5,40.2,324000,14087,mixed,night,red,elegant,elegant_gold,single_tier_round,luxury_stage,full_stage_setup,23,bakesmart_rule_generator_v1,4,synthetic_rule_based,pending_expert_review,train,20260817,"Theme-conditioned preferences; cake guest band 8-25; decor-conditioned venue/budget; layout derived from guests, venue and decor."
BSAR0970,birthday,outdoor,39,13,7.3,94.9,61000,1564,adult,day,mixed,elegant,colourful_cartoon,single_tier_square,minimal_backdrop,cake_and_dessert_table,39,bakesmart_rule_generator_v1,4,synthetic_rule_based,pending_expert_review,validation,20260817,"Theme-conditioned preferences; cake guest band 15-40; decor-conditioned venue/budget; layout derived from guests, venue and decor."
BSAR0971,birthday,outdoor,30,9.2,7.5,69,137000,4567,child,night,pink,colourful,colourful_cartoon,single_tier_square,flower_wall,cake_and_dessert_table,30,bakesmart_rule_generator_v1,5,synthetic_rule_based,pending_expert_review,train,20260817,"Theme-conditioned preferences; cake guest band 15-40; decor-conditioned venue/budget; layout derived from guests, venue and decor."
BSAR0972,wedding,home,152,13.4,10.6,142,295000,1941,adult,night,gold,traditional,traditional_luxury,three_tier_luxury,balloon_setup,two_side_tables,152,bakesmart_rule_generator_v1,5,synthetic_rule_based,pending_expert_review,train,20260817,"Theme-conditioned preferences; cake guest band 90-250; decor-conditioned venue/budget; layout derived from guests, venue and decor."
BSAR0973,graduation,outdoor,39,10.8,5.8,62.6,158000,4051,adult,night,red,elegant,traditional_luxury,single_tier_square,rustic_wood_setup,cake_and_dessert_table,39,bakesmart_rule_generator_v1,5,synthetic_rule_based,pending_expert_review,train,20260817,"Theme-conditioned preferences; cake guest band 15-40; decor-conditioned venue/budget; layout derived from guests, venue and decor."
BSAR0974,birthday,hall,121,16.6,9.5,157.7,363000,3000,child,day,mixed,colourful,colourful_cartoon,three_tier_luxury,minimal_backdrop,full_stage_setup,121,bakesmart_rule_generator_v1,5,synthetic_rule_based,pending_expert_review,train,20260817,"Theme-conditioned preferences; cake guest band 90-250; decor-conditioned venue/budget; layout derived from guests, venue and decor."
BSAR0975,birthday,outdoor,21,8,6.6,52.8,64000,3048,adult,night,gold,elegant,traditional_luxury,single_tier_square,rustic_wood_setup,single_cake_table,21,bakesmart_rule_generator_v1,5,synthetic_rule_based,pending_expert_review,train,20260817,"Theme-conditioned preferences; cake guest band 15-40; decor-conditioned venue/budget; layout derived from guests, venue and decor."
BSAR0976,graduation,hall,209,24.3,12.9,313.5,579000,2770,adult,night,gold,minimal,elegant_gold,three_tier_luxury,balloon_setup,full_stage_setup,209,bakesmart_rule_generator_v1,4,synthetic_rule_based,pending_expert_review,train,20260817,"Theme-conditioned preferences; cake guest band 90-250; decor-conditioned venue/budget; layout derived from guests, venue and decor."
BSAR0977,birthday,home,117,15.5,9,139.5,298000,2547,child,day,purple,colourful,pastel_floral,three_tier_luxury,minimal_backdrop,two_side_tables,117,bakesmart_rule_generator_v1,5,synthetic_rule_based,pending_expert_review,train,20260817,"Theme-conditioned preferences; cake guest band 90-250; decor-conditioned venue/budget; layout derived from guests, venue and decor."
BSAR0978,birthday,hall,21,6.5,5.9,38.4,331000,15762,adult,night,white,traditional,traditional_luxury,single_tier_round,luxury_stage,full_stage_setup,21,bakesmart_rule_generator_v1,5,synthetic_rule_based,pending_expert_review,train,20260817,"Theme-conditioned preferences; cake guest band 8-25; decor-conditioned venue/budget; layout derived from guests, venue and decor."
BSAR0979,wedding,restaurant,29,7.9,5.3,41.9,74000,2552,adult,night,mixed,rustic,rustic_natural,single_tier_square,minimal_backdrop,single_cake_table,29,bakesmart_rule_generator_v1,5,synthetic_rule_based,pending_expert_review,train,20260817,"Theme-conditioned preferences; cake guest band 15-40; decor-conditioned venue/budget; layout derived from guests, venue and decor."
BSAR0980,birthday,hall,89,12,10,120,626000,7034,mixed,night,green,rustic,rustic_natural,two_tier_floral,luxury_stage,full_stage_setup,89,bakesmart_rule_generator_v1,5,synthetic_rule_based,pending_expert_review,train,20260817,"Theme-conditioned preferences; cake guest band 45-120; decor-conditioned venue/budget; layout derived from guests, venue and decor."
BSAR0981,wedding,home,55,8.7,7.5,65.3,167000,3036,adult,night,purple,traditional,elegant_gold,two_tier_floral,rustic_wood_setup,cake_and_dessert_table,55,bakesmart_rule_generator_v1,4,synthetic_rule_based,pending_expert_review,train,20260817,"Theme-conditioned preferences; cake guest band 45-120; decor-conditioned venue/budget; layout derived from guests, venue and decor."
BSAR0982,baby_shower,hall,145,18.9,12.7,240,1382000,9531,adult,day,pink,colourful,colourful_cartoon,three_tier_luxury,luxury_stage,full_stage_setup,145,bakesmart_rule_generator_v1,5,synthetic_rule_based,pending_expert_review,test,20260817,"Theme-conditioned preferences; cake guest band 90-250; decor-conditioned venue/budget; layout derived from guests, venue and decor."
BSAR0983,baby_shower,hall,28,9,5.4,48.6,350000,12500,mixed,day,pink,colourful,colourful_cartoon,single_tier_square,luxury_stage,full_stage_setup,28,bakesmart_rule_generator_v1,5,synthetic_rule_based,pending_expert_review,train,20260817,"Theme-conditioned preferences; cake guest band 15-40; decor-conditioned venue/budget; layout derived from guests, venue and decor."
BSAR0984,wedding,hall,116,16.4,9.6,157.4,1015000,8750,adult,night,white,elegant,modern_minimal,three_tier_luxury,luxury_stage,full_stage_setup,116,bakesmart_rule_generator_v1,4,synthetic_rule_based,pending_expert_review,train,20260817,"Theme-conditioned preferences; cake guest band 90-250; decor-conditioned venue/budget; layout derived from guests, venue and decor."
BSAR0985,wedding,home,85,11.2,6.4,71.7,158000,1859,adult,night,red,traditional,traditional_luxury,two_tier_floral,minimal_backdrop,two_side_tables,85,bakesmart_rule_generator_v1,5,synthetic_rule_based,pending_expert_review,test,20260817,"Theme-conditioned preferences; cake guest band 45-120; decor-conditioned venue/budget; layout derived from guests, venue and decor."
BSAR0986,anniversary,home,50,10,5.8,58,103000,2060,adult,night,green,rustic,rustic_natural,two_tier_floral,minimal_backdrop,cake_and_dessert_table,50,bakesmart_rule_generator_v1,5,synthetic_rule_based,pending_expert_review,train,20260817,"Theme-conditioned preferences; cake guest band 45-120; decor-conditioned venue/budget; layout derived from guests, venue and decor."
BSAR0987,wedding,outdoor,24,9.7,6.2,60.1,119000,4958,mixed,night,mixed,elegant,elegant_gold,single_tier_square,rustic_wood_setup,single_cake_table,24,bakesmart_rule_generator_v1,5,synthetic_rule_based,pending_expert_review,train,20260817,"Theme-conditioned preferences; cake guest band 15-40; decor-conditioned venue/budget; layout derived from guests, venue and decor."
BSAR0988,birthday,restaurant,72,12.6,8,100.8,195000,2708,child,night,mixed,colourful,colourful_cartoon,two_tier_floral,minimal_backdrop,two_side_tables,72,bakesmart_rule_generator_v1,5,synthetic_rule_based,pending_expert_review,train,20260817,"Theme-conditioned preferences; cake guest band 45-120; decor-conditioned venue/budget; layout derived from guests, venue and decor."
BSAR0989,anniversary,restaurant,38,8.4,6.8,57.1,400000,10526,adult,night,gold,rustic,rustic_natural,single_tier_square,luxury_stage,full_stage_setup,38,bakesmart_rule_generator_v1,4,synthetic_rule_based,pending_expert_review,train,20260817,"Theme-conditioned preferences; cake guest band 15-40; decor-conditioned venue/budget; layout derived from guests, venue and decor."
BSAR0990,birthday,restaurant,14,6.4,5,32,44000,3143,teenager,day,mixed,colourful,colourful_cartoon,single_tier_round,minimal_backdrop,single_cake_table,14,bakesmart_rule_generator_v1,5,synthetic_rule_based,pending_expert_review,train,20260817,"Theme-conditioned preferences; cake guest band 8-25; decor-conditioned venue/budget; layout derived from guests, venue and decor."
BSAR0991,birthday,outdoor,17,9.1,5.2,47.3,104000,6118,child,night,green,minimal,rustic_natural,single_tier_round,rustic_wood_setup,single_cake_table,17,bakesmart_rule_generator_v1,4,synthetic_rule_based,pending_expert_review,test,20260817,"Theme-conditioned preferences; cake guest band 8-25; decor-conditioned venue/budget; layout derived from guests, venue and decor."
BSAR0992,birthday,outdoor,68,15,10.7,160.5,387000,5691,mixed,night,white,elegant,traditional_luxury,two_tier_round,flower_wall,cake_and_dessert_table,68,bakesmart_rule_generator_v1,5,synthetic_rule_based,pending_expert_review,train,20260817,"Theme-conditioned preferences; cake guest band 35-90; decor-conditioned venue/budget; layout derived from guests, venue and decor."
BSAR0993,baby_shower,hall,220,22.9,14.8,338.9,812000,3691,adult,day,white,elegant,pastel_floral,three_tier_luxury,flower_wall,full_stage_setup,220,bakesmart_rule_generator_v1,5,synthetic_rule_based,pending_expert_review,validation,20260817,"Theme-conditioned preferences; cake guest band 90-250; decor-conditioned venue/budget; layout derived from guests, venue and decor."
BSAR0994,baby_shower,hall,152,17,11.2,190.4,473000,3112,adult,night,mixed,colourful,colourful_cartoon,three_tier_luxury,balloon_setup,full_stage_setup,152,bakesmart_rule_generator_v1,5,synthetic_rule_based,pending_expert_review,train,20260817,"Theme-conditioned preferences; cake guest band 90-250; decor-conditioned venue/budget; layout derived from guests, venue and decor."
BSAR0995,anniversary,hall,114,16.7,8.8,147,334000,2930,adult,night,gold,minimal,modern_minimal,two_tier_floral,balloon_setup,full_stage_setup,114,bakesmart_rule_generator_v1,5,synthetic_rule_based,pending_expert_review,train,20260817,"Theme-conditioned preferences; cake guest band 45-120; decor-conditioned venue/budget; layout derived from guests, venue and decor."
BSAR0996,baby_shower,outdoor,21,8,6,48,67000,3190,adult,day,green,minimal,modern_minimal,single_tier_square,rustic_wood_setup,single_cake_table,21,bakesmart_rule_generator_v1,5,synthetic_rule_based,pending_expert_review,train,20260817,"Theme-conditioned preferences; cake guest band 15-40; decor-conditioned venue/budget; layout derived from guests, venue and decor."
BSAR0997,baby_shower,hall,17,6.8,4.1,27.9,58000,3412,adult,day,mixed,minimal,colourful_cartoon,single_tier_round,balloon_setup,single_cake_table,17,bakesmart_rule_generator_v1,4,synthetic_rule_based,pending_expert_review,train,20260817,"Theme-conditioned preferences; cake guest band 8-25; decor-conditioned venue/budget; layout derived from guests, venue and decor."
BSAR0998,birthday,outdoor,96,19.5,10.3,200.9,530000,5521,child,day,white,colourful,pastel_floral,two_tier_floral,flower_wall,two_side_tables,96,bakesmart_rule_generator_v1,5,synthetic_rule_based,pending_expert_review,validation,20260817,"Theme-conditioned preferences; cake guest band 45-120; decor-conditioned venue/budget; layout derived from guests, venue and decor."
BSAR0999,graduation,home,19,7,3.9,27.3,60000,3158,teenager,day,red,elegant,elegant_gold,single_tier_square,minimal_backdrop,single_cake_table,19,bakesmart_rule_generator_v1,5,synthetic_rule_based,pending_expert_review,train,20260817,"Theme-conditioned preferences; cake guest band 15-40; decor-conditioned venue/budget; layout derived from guests, venue and decor."
BSAR1000,wedding,home,57,9.7,7.2,69.8,129000,2263,adult,night,green,rustic,rustic_natural,two_tier_round,rustic_wood_setup,cake_and_dessert_table,57,bakesmart_rule_generator_v1,5,synthetic_rule_based,pending_expert_review,train,20260817,"Theme-conditioned preferences; cake guest band 35-90; decor-conditioned venue/budget; layout derived from guests, venue and decor."
BSAR1001,anniversary,hall,33,9.6,5.3,50.9,138000,4182,adult,day,mixed,traditional,elegant_gold,single_tier_square,flower_wall,cake_and_dessert_table,33,bakesmart_rule_generator_v1,4,synthetic_rule_based,pending_expert_review,train,20260817,"Theme-conditioned preferences; cake guest band 15-40; decor-conditioned venue/budget; layout derived from guests, venue and decor."
BSAR1002,wedding,home,116,11.9,10.3,122.6,229000,1974,mixed,night,white,traditional,pastel_floral,three_tier_luxury,minimal_backdrop,two_side_tables,116,bakesmart_rule_generator_v1,4,synthetic_rule_based,pending_expert_review,train,20260817,"Theme-conditioned preferences; cake guest band 90-250; decor-conditioned venue/budget; layout derived from guests, venue and decor."
BSAR1003,graduation,home,20,7.5,4.3,32.3,86000,4300,mixed,day,pink,traditional,pastel_floral,single_tier_round,rustic_wood_setup,single_cake_table,20,bakesmart_rule_generator_v1,4,synthetic_rule_based,pending_expert_review,train,20260817,"Theme-conditioned preferences; cake guest band 8-25; decor-conditioned venue/budget; layout derived from guests, venue and decor."
BSAR1004,anniversary,restaurant,9,6.3,3.6,22.7,52000,5778,adult,day,white,minimal,modern_minimal,single_tier_round,flower_wall,single_cake_table,9,bakesmart_rule_generator_v1,5,synthetic_rule_based,pending_expert_review,test,20260817,"Theme-conditioned preferences; cake guest band 8-25; decor-conditioned venue/budget; layout derived from guests, venue and decor."
BSAR1005,anniversary,hall,45,10.4,8.8,91.5,432000,9600,adult,night,red,traditional,traditional_luxury,two_tier_floral,luxury_stage,full_stage_setup,45,bakesmart_rule_generator_v1,5,synthetic_rule_based,pending_expert_review,train,20260817,"Theme-conditioned preferences; cake guest band 45-120; decor-conditioned venue/budget; layout derived from guests, venue and decor."
BSAR1006,graduation,home,69,10.4,7.6,79,255000,3696,adult,night,red,traditional,traditional_luxury,two_tier_floral,flower_wall,cake_and_dessert_table,69,bakesmart_rule_generator_v1,5,synthetic_rule_based,pending_expert_review,train,20260817,"Theme-conditioned preferences; cake guest band 45-120; decor-conditioned venue/budget; layout derived from guests, venue and decor."
BSAR1007,birthday,outdoor,31,8,5.9,47.2,168000,5419,adult,night,mixed,colourful,colourful_cartoon,single_tier_square,rustic_wood_setup,cake_and_dessert_table,31,bakesmart_rule_generator_v1,5,synthetic_rule_based,pending_expert_review,train,20260817,"Theme-conditioned preferences; cake guest band 15-40; decor-conditioned venue/budget; layout derived from guests, venue and decor."
BSAR1008,birthday,home,26,6.9,5.3,36.6,68000,2615,teenager,night,purple,colourful,colourful_cartoon,single_tier_square,minimal_backdrop,single_cake_table,26,bakesmart_rule_generator_v1,5,synthetic_rule_based,pending_expert_review,train,20260817,"Theme-conditioned preferences; cake guest band 15-40; decor-conditioned venue/budget; layout derived from guests, venue and decor."
BSAR1009,birthday,restaurant,77,13,7.3,94.9,196000,2545,adult,night,white,colourful,pastel_floral,two_tier_round,flower_wall,two_side_tables,77,bakesmart_rule_generator_v1,5,synthetic_rule_based,pending_expert_review,train,20260817,"Theme-conditioned preferences; cake guest band 35-90; decor-conditioned venue/budget; layout derived from guests, venue and decor."
BSAR1010,birthday,restaurant,92,15.4,9,138.6,742000,8065,adult,day,pink,elegant,colourful_cartoon,three_tier_luxury,luxury_stage,full_stage_setup,92,bakesmart_rule_generator_v1,4,synthetic_rule_based,pending_expert_review,train,20260817,"Theme-conditioned preferences; cake guest band 90-250; decor-conditioned venue/budget; layout derived from guests, venue and decor."
BSAR1011,birthday,restaurant,107,15.7,9.7,152.3,318000,2972,child,day,mixed,rustic,rustic_natural,two_tier_floral,balloon_setup,two_side_tables,107,bakesmart_rule_generator_v1,5,synthetic_rule_based,pending_expert_review,train,20260817,"Theme-conditioned preferences; cake guest band 45-120; decor-conditioned venue/budget; layout derived from guests, venue and decor."
BSAR1012,anniversary,outdoor,15,8.1,4.5,36.4,89000,5933,mixed,night,white,traditional,elegant_gold,single_tier_square,flower_wall,single_cake_table,15,bakesmart_rule_generator_v1,4,synthetic_rule_based,pending_expert_review,validation,20260817,"Theme-conditioned preferences; cake guest band 15-40; decor-conditioned venue/budget; layout derived from guests, venue and decor."
BSAR1013,wedding,hall,60,10.1,7.9,79.8,586000,9767,adult,day,red,traditional,traditional_luxury,two_tier_round,luxury_stage,full_stage_setup,60,bakesmart_rule_generator_v1,5,synthetic_rule_based,pending_expert_review,train,20260817,"Theme-conditioned preferences; cake guest band 35-90; decor-conditioned venue/budget; layout derived from guests, venue and decor."
BSAR1014,wedding,outdoor,32,8.8,7.5,66,304000,9500,adult,night,red,elegant,traditional_luxury,single_tier_square,luxury_stage,full_stage_setup,32,bakesmart_rule_generator_v1,4,synthetic_rule_based,pending_expert_review,train,20260817,"Theme-conditioned preferences; cake guest band 15-40; decor-conditioned venue/budget; layout derived from guests, venue and decor."
BSAR1015,anniversary,outdoor,56,10.8,8,86.4,152000,2714,adult,day,mixed,rustic,rustic_natural,two_tier_round,rustic_wood_setup,cake_and_dessert_table,56,bakesmart_rule_generator_v1,5,synthetic_rule_based,pending_expert_review,train,20260817,"Theme-conditioned preferences; cake guest band 35-90; decor-conditioned venue/budget; layout derived from guests, venue and decor."
BSAR1016,wedding,restaurant,29,6.6,5.7,37.6,305000,10517,adult,night,red,traditional,traditional_luxury,single_tier_square,luxury_stage,full_stage_setup,29,bakesmart_rule_generator_v1,4,synthetic_rule_based,pending_expert_review,validation,20260817,"Theme-conditioned preferences; cake guest band 15-40; decor-conditioned venue/budget; layout derived from guests, venue and decor."
BSAR1017,anniversary,home,33,8.3,5.2,43.2,74000,2242,adult,night,mixed,minimal,modern_minimal,single_tier_square,minimal_backdrop,cake_and_dessert_table,33,bakesmart_rule_generator_v1,5,synthetic_rule_based,pending_expert_review,validation,20260817,"Theme-conditioned preferences; cake guest band 15-40; decor-conditioned venue/budget; layout derived from guests, venue and decor."
BSAR1018,birthday,outdoor,58,11.5,8.3,95.5,246000,4241,child,night,blue,elegant,colourful_cartoon,two_tier_round,rustic_wood_setup,cake_and_dessert_table,58,bakesmart_rule_generator_v1,4,synthetic_rule_based,pending_expert_review,train,20260817,"Theme-conditioned preferences; cake guest band 35-90; decor-conditioned venue/budget; layout derived from guests, venue and decor."
BSAR1019,wedding,hall,136,15.5,10.9,169,802000,5897,mixed,night,gold,elegant,elegant_gold,three_tier_luxury,luxury_stage,full_stage_setup,136,bakesmart_rule_generator_v1,5,synthetic_rule_based,pending_expert_review,validation,20260817,"Theme-conditioned preferences; cake guest band 90-250; decor-conditioned venue/budget; layout derived from guests, venue and decor."
BSAR1020,birthday,restaurant,25,6.8,5.8,39.4,391000,15640,adult,night,purple,elegant,pastel_floral,single_tier_square,luxury_stage,full_stage_setup,25,bakesmart_rule_generator_v1,4,synthetic_rule_based,pending_expert_review,train,20260817,"Theme-conditioned preferences; cake guest band 15-40; decor-conditioned venue/budget; layout derived from guests, venue and decor."
BSAR1021,birthday,hall,44,11.9,7.1,84.5,264000,6000,teenager,day,pink,minimal,pastel_floral,two_tier_round,flower_wall,cake_and_dessert_table,44,bakesmart_rule_generator_v1,4,synthetic_rule_based,pending_expert_review,train,20260817,"Theme-conditioned preferences; cake guest band 35-90; decor-conditioned venue/budget; layout derived from guests, venue and decor."
BSAR1022,birthday,outdoor,115,19,10.2,193.8,544000,4730,child,night,purple,colourful,colourful_cartoon,two_tier_floral,flower_wall,two_side_tables,115,bakesmart_rule_generator_v1,5,synthetic_rule_based,pending_expert_review,test,20260817,"Theme-conditioned preferences; cake guest band 45-120; decor-conditioned venue/budget; layout derived from guests, venue and decor."
BSAR1023,wedding,home,106,10.8,9,97.2,280000,2642,adult,night,gold,elegant,traditional_luxury,two_tier_floral,minimal_backdrop,two_side_tables,106,bakesmart_rule_generator_v1,5,synthetic_rule_based,pending_expert_review,train,20260817,"Theme-conditioned preferences; cake guest band 45-120; decor-conditioned venue/budget; layout derived from guests, venue and decor."
BSAR1024,baby_shower,home,144,16.6,10.6,176,330000,2292,mixed,night,green,minimal,rustic_natural,three_tier_luxury,balloon_setup,two_side_tables,144,bakesmart_rule_generator_v1,4,synthetic_rule_based,pending_expert_review,train,20260817,"Theme-conditioned preferences; cake guest band 90-250; decor-conditioned venue/budget; layout derived from guests, venue and decor."
BSAR1025,graduation,hall,66,10.8,7.3,78.8,148000,2242,teenager,day,white,elegant,pastel_floral,two_tier_round,rustic_wood_setup,cake_and_dessert_table,66,bakesmart_rule_generator_v1,5,synthetic_rule_based,pending_expert_review,train,20260817,"Theme-conditioned preferences; cake guest band 35-90; decor-conditioned venue/budget; layout derived from guests, venue and decor."
BSAR1026,graduation,hall,10,7.6,4.3,32.7,185000,18500,adult,night,green,minimal,modern_minimal,single_tier_round,luxury_stage,full_stage_setup,10,bakesmart_rule_generator_v1,5,synthetic_rule_based,pending_expert_review,train,20260817,"Theme-conditioned preferences; cake guest band 8-25; decor-conditioned venue/budget; layout derived from guests, venue and decor."
BSAR1027,anniversary,home,51,9.3,5,46.5,208000,4078,adult,day,green,colourful,colourful_cartoon,two_tier_round,flower_wall,cake_and_dessert_table,51,bakesmart_rule_generator_v1,3,synthetic_rule_based,pending_expert_review,train,20260817,"Theme-conditioned preferences; cake guest band 35-90; decor-conditioned venue/budget; layout derived from guests, venue and decor."
BSAR1028,anniversary,outdoor,27,9,6.4,57.6,126000,4667,adult,night,white,elegant,elegant_gold,single_tier_square,rustic_wood_setup,single_cake_table,27,bakesmart_rule_generator_v1,5,synthetic_rule_based,pending_expert_review,train,20260817,"Theme-conditioned preferences; cake guest band 15-40; decor-conditioned venue/budget; layout derived from guests, venue and decor."
BSAR1029,birthday,hall,73,11.5,9.8,112.7,170000,2329,mixed,day,blue,colourful,colourful_cartoon,two_tier_floral,balloon_setup,two_side_tables,73,bakesmart_rule_generator_v1,5,synthetic_rule_based,pending_expert_review,train,20260817,"Theme-conditioned preferences; cake guest band 45-120; decor-conditioned venue/budget; layout derived from guests, venue and decor."
BSAR1030,anniversary,home,129,16,8.5,136,606000,4698,mixed,night,white,elegant,elegant_gold,three_tier_luxury,flower_wall,two_side_tables,129,bakesmart_rule_generator_v1,5,synthetic_rule_based,pending_expert_review,train,20260817,"Theme-conditioned preferences; cake guest band 90-250; decor-conditioned venue/budget; layout derived from guests, venue and decor."
BSAR1031,graduation,outdoor,88,18.3,10.5,192.2,175000,1989,teenager,night,mixed,elegant,elegant_gold,two_tier_round,minimal_backdrop,two_side_tables,88,bakesmart_rule_generator_v1,5,synthetic_rule_based,pending_expert_review,validation,20260817,"Theme-conditioned preferences; cake guest band 35-90; decor-conditioned venue/budget; layout derived from guests, venue and decor."
BSAR1032,wedding,hall,138,17.3,10.6,183.4,452000,3275,adult,day,white,minimal,rustic_natural,three_tier_luxury,balloon_setup,full_stage_setup,138,bakesmart_rule_generator_v1,4,synthetic_rule_based,pending_expert_review,test,20260817,"Theme-conditioned preferences; cake guest band 90-250; decor-conditioned venue/budget; layout derived from guests, venue and decor."
BSAR1033,birthday,hall,59,11.2,8.5,95.2,706000,11966,child,day,mixed,colourful,colourful_cartoon,two_tier_round,luxury_stage,full_stage_setup,59,bakesmart_rule_generator_v1,5,synthetic_rule_based,pending_expert_review,train,20260817,"Theme-conditioned preferences; cake guest band 35-90; decor-conditioned venue/budget; layout derived from guests, venue and decor."
BSAR1034,anniversary,restaurant,24,8.6,5.2,44.7,109000,4542,adult,night,white,rustic,rustic_natural,single_tier_round,flower_wall,single_cake_table,24,bakesmart_rule_generator_v1,5,synthetic_rule_based,pending_expert_review,train,20260817,"Theme-conditioned preferences; cake guest band 8-25; decor-conditioned venue/budget; layout derived from guests, venue and decor."
BSAR1035,wedding,home,13,5.4,4.6,24.8,46000,3538,adult,day,green,traditional,traditional_luxury,single_tier_round,minimal_backdrop,single_cake_table,13,bakesmart_rule_generator_v1,5,synthetic_rule_based,pending_expert_review,train,20260817,"Theme-conditioned preferences; cake guest band 8-25; decor-conditioned venue/budget; layout derived from guests, venue and decor."
BSAR1036,wedding,restaurant,131,13.9,10.7,148.7,616000,4702,adult,day,gold,elegant,elegant_gold,three_tier_luxury,flower_wall,two_side_tables,131,bakesmart_rule_generator_v1,5,synthetic_rule_based,pending_expert_review,train,20260817,"Theme-conditioned preferences; cake guest band 90-250; decor-conditioned venue/budget; layout derived from guests, venue and decor."
BSAR1037,birthday,home,25,6.9,5.1,35.2,164000,6560,adult,night,green,traditional,traditional_luxury,single_tier_square,flower_wall,single_cake_table,25,bakesmart_rule_generator_v1,5,synthetic_rule_based,pending_expert_review,test,20260817,"Theme-conditioned preferences; cake guest band 15-40; decor-conditioned venue/budget; layout derived from guests, venue and decor."
BSAR1038,birthday,restaurant,25,7.6,5.8,44.1,378000,15120,adult,day,mixed,colourful,colourful_cartoon,single_tier_round,luxury_stage,full_stage_setup,25,bakesmart_rule_generator_v1,4,synthetic_rule_based,pending_expert_review,train,20260817,"Theme-conditioned preferences; cake guest band 8-25; decor-conditioned venue/budget; layout derived from guests, venue and decor."
BSAR1039,wedding,restaurant,27,8.5,5.5,46.8,118000,4370,mixed,night,mixed,traditional,elegant_gold,single_tier_square,flower_wall,single_cake_table,27,bakesmart_rule_generator_v1,4,synthetic_rule_based,pending_expert_review,train,20260817,"Theme-conditioned preferences; cake guest band 15-40; decor-conditioned venue/budget; layout derived from guests, venue and decor."
BSAR1040,anniversary,restaurant,65,10.9,6.7,73,495000,7615,adult,day,pink,elegant,pastel_floral,two_tier_floral,luxury_stage,full_stage_setup,65,bakesmart_rule_generator_v1,4,synthetic_rule_based,pending_expert_review,train,20260817,"Theme-conditioned preferences; cake guest band 45-120; decor-conditioned venue/budget; layout derived from guests, venue and decor."
BSAR1041,anniversary,outdoor,90,16.3,8.8,143.4,307000,3411,mixed,night,white,minimal,pastel_floral,two_tier_round,flower_wall,two_side_tables,90,bakesmart_rule_generator_v1,4,synthetic_rule_based,pending_expert_review,train,20260817,"Theme-conditioned preferences; cake guest band 35-90; decor-conditioned venue/budget; layout derived from guests, venue and decor."
BSAR1042,birthday,hall,58,11.5,7.3,84,415000,7155,adult,night,mixed,minimal,modern_minimal,two_tier_floral,luxury_stage,full_stage_setup,58,bakesmart_rule_generator_v1,5,synthetic_rule_based,pending_expert_review,test,20260817,"Theme-conditioned preferences; cake guest band 45-120; decor-conditioned venue/budget; layout derived from guests, venue and decor."
BSAR1043,baby_shower,home,22,6.9,4.3,29.7,68000,3091,adult,night,pink,colourful,colourful_cartoon,single_tier_round,balloon_setup,single_cake_table,22,bakesmart_rule_generator_v1,5,synthetic_rule_based,pending_expert_review,validation,20260817,"Theme-conditioned preferences; cake guest band 8-25; decor-conditioned venue/budget; layout derived from guests, venue and decor."
BSAR1044,wedding,home,13,5.7,3.7,21.1,32000,2462,adult,night,white,traditional,traditional_luxury,single_tier_round,balloon_setup,single_cake_table,13,bakesmart_rule_generator_v1,5,synthetic_rule_based,pending_expert_review,train,20260817,"Theme-conditioned preferences; cake guest band 8-25; decor-conditioned venue/budget; layout derived from guests, venue and decor."
BSAR1045,birthday,hall,23,7.3,5.1,37.2,214000,9304,mixed,night,white,elegant,elegant_gold,single_tier_square,luxury_stage,full_stage_setup,23,bakesmart_rule_generator_v1,5,synthetic_rule_based,pending_expert_review,train,20260817,"Theme-conditioned preferences; cake guest band 15-40; decor-conditioned venue/budget; layout derived from guests, venue and decor."
BSAR1046,wedding,outdoor,23,8.1,5.3,42.9,106000,4609,adult,day,mixed,elegant,elegant_gold,single_tier_round,rustic_wood_setup,single_cake_table,23,bakesmart_rule_generator_v1,5,synthetic_rule_based,pending_expert_review,train,20260817,"Theme-conditioned preferences; cake guest band 8-25; decor-conditioned venue/budget; layout derived from guests, venue and decor."
BSAR1047,wedding,hall,101,17.9,10,179,383000,3792,adult,night,gold,traditional,traditional_luxury,three_tier_luxury,flower_wall,two_side_tables,101,bakesmart_rule_generator_v1,5,synthetic_rule_based,pending_expert_review,train,20260817,"Theme-conditioned preferences; cake guest band 90-250; decor-conditioned venue/budget; layout derived from guests, venue and decor."
BSAR1048,baby_shower,home,39,7.6,6.1,46.4,94000,2410,adult,day,blue,colourful,colourful_cartoon,two_tier_round,balloon_setup,cake_and_dessert_table,39,bakesmart_rule_generator_v1,5,synthetic_rule_based,pending_expert_review,train,20260817,"Theme-conditioned preferences; cake guest band 35-90; decor-conditioned venue/budget; layout derived from guests, venue and decor."
BSAR1049,baby_shower,hall,39,9.6,7.8,74.9,283000,7256,adult,night,purple,traditional,traditional_luxury,single_tier_square,luxury_stage,full_stage_setup,39,bakesmart_rule_generator_v1,5,synthetic_rule_based,pending_expert_review,train,20260817,"Theme-conditioned preferences; cake guest band 15-40; decor-conditioned venue/budget; layout derived from guests, venue and decor."
BSAR1050,anniversary,outdoor,17,7.6,5.4,41,67000,3941,mixed,day,blue,minimal,modern_minimal,single_tier_square,flower_wall,single_cake_table,17,bakesmart_rule_generator_v1,5,synthetic_rule_based,pending_expert_review,train,20260817,"Theme-conditioned preferences; cake guest band 15-40; decor-conditioned venue/budget; layout derived from guests, venue and decor."
BSAR1051,anniversary,home,88,11.9,6.6,78.5,192000,2182,adult,night,purple,elegant,elegant_gold,two_tier_round,rustic_wood_setup,two_side_tables,88,bakesmart_rule_generator_v1,5,synthetic_rule_based,pending_expert_review,train,20260817,"Theme-conditioned preferences; cake guest band 35-90; decor-conditioned venue/budget; layout derived from guests, venue and decor."
BSAR1052,birthday,outdoor,17,9.5,5.1,48.4,199000,11706,mixed,day,green,rustic,rustic_natural,single_tier_square,luxury_stage,full_stage_setup,17,bakesmart_rule_generator_v1,4,synthetic_rule_based,pending_expert_review,test,20260817,"Theme-conditioned preferences; cake guest band 15-40; decor-conditioned venue/budget; layout derived from guests, venue and decor."
BSAR1053,birthday,hall,149,16.7,15.1,252.2,382000,2564,adult,day,blue,traditional,colourful_cartoon,three_tier_luxury,minimal_backdrop,full_stage_setup,149,bakesmart_rule_generator_v1,4,synthetic_rule_based,pending_expert_review,validation,20260817,"Theme-conditioned preferences; cake guest band 90-250; decor-conditioned venue/budget; layout derived from guests, venue and decor."
BSAR1054,wedding,hall,162,19.1,13.7,261.7,857000,5290,adult,night,gold,elegant,traditional_luxury,three_tier_luxury,flower_wall,full_stage_setup,162,bakesmart_rule_generator_v1,5,synthetic_rule_based,pending_expert_review,train,20260817,"Theme-conditioned preferences; cake guest band 90-250; decor-conditioned venue/budget; layout derived from guests, venue and decor."
BSAR1055,birthday,outdoor,177,23.7,13.1,310.5,785000,4435,child,day,blue,elegant,pastel_floral,three_tier_luxury,flower_wall,two_side_tables,177,bakesmart_rule_generator_v1,5,synthetic_rule_based,pending_expert_review,test,20260817,"Theme-conditioned preferences; cake guest band 90-250; decor-conditioned venue/budget; layout derived from guests, venue and decor."
BSAR1056,wedding,hall,51,10.5,6.5,68.3,147000,2882,adult,night,green,elegant,traditional_luxury,two_tier_floral,minimal_backdrop,cake_and_dessert_table,51,bakesmart_rule_generator_v1,5,synthetic_rule_based,pending_expert_review,validation,20260817,"Theme-conditioned preferences; cake guest band 45-120; decor-conditioned venue/budget; layout derived from guests, venue and decor."
BSAR1057,birthday,hall,12,5.6,4,22.4,236000,19667,child,night,pink,elegant,pastel_floral,single_tier_round,luxury_stage,full_stage_setup,12,bakesmart_rule_generator_v1,5,synthetic_rule_based,pending_expert_review,test,20260817,"Theme-conditioned preferences; cake guest band 8-25; decor-conditioned venue/budget; layout derived from guests, venue and decor."
BSAR1058,anniversary,hall,15,6.6,4.5,29.7,186000,12400,adult,night,gold,traditional,traditional_luxury,single_tier_square,luxury_stage,full_stage_setup,15,bakesmart_rule_generator_v1,5,synthetic_rule_based,pending_expert_review,train,20260817,"Theme-conditioned preferences; cake guest band 15-40; decor-conditioned venue/budget; layout derived from guests, venue and decor."
BSAR1059,birthday,hall,26,7.7,6.1,47,74000,2846,child,night,gold,traditional,elegant_gold,single_tier_square,rustic_wood_setup,single_cake_table,26,bakesmart_rule_generator_v1,4,synthetic_rule_based,pending_expert_review,train,20260817,"Theme-conditioned preferences; cake guest band 15-40; decor-conditioned venue/budget; layout derived from guests, venue and decor."
BSAR1060,birthday,restaurant,43,9,5.5,49.5,107000,2488,child,night,green,rustic,rustic_natural,two_tier_round,balloon_setup,cake_and_dessert_table,43,bakesmart_rule_generator_v1,5,synthetic_rule_based,pending_expert_review,train,20260817,"Theme-conditioned preferences; cake guest band 35-90; decor-conditioned venue/budget; layout derived from guests, venue and decor."
BSAR1061,graduation,hall,29,10.8,6.1,65.9,311000,10724,adult,day,purple,traditional,pastel_floral,single_tier_square,luxury_stage,full_stage_setup,29,bakesmart_rule_generator_v1,4,synthetic_rule_based,pending_expert_review,train,20260817,"Theme-conditioned preferences; cake guest band 15-40; decor-conditioned venue/budget; layout derived from guests, venue and decor."
BSAR1062,wedding,hall,37,11.1,7.5,83.3,375000,10135,mixed,day,gold,rustic,rustic_natural,single_tier_square,luxury_stage,full_stage_setup,37,bakesmart_rule_generator_v1,5,synthetic_rule_based,pending_expert_review,train,20260817,"Theme-conditioned preferences; cake guest band 15-40; decor-conditioned venue/budget; layout derived from guests, venue and decor."
BSAR1063,graduation,home,35,8.7,4.8,41.8,215000,6143,teenager,night,gold,elegant,elegant_gold,single_tier_square,flower_wall,cake_and_dessert_table,35,bakesmart_rule_generator_v1,5,synthetic_rule_based,pending_expert_review,train,20260817,"Theme-conditioned preferences; cake guest band 15-40; decor-conditioned venue/budget; layout derived from guests, venue and decor."
BSAR1064,birthday,hall,15,6.4,4.8,30.7,37000,2467,child,day,white,minimal,pastel_floral,single_tier_round,minimal_backdrop,single_cake_table,15,bakesmart_rule_generator_v1,4,synthetic_rule_based,pending_expert_review,train,20260817,"Theme-conditioned preferences; cake guest band 8-25; decor-conditioned venue/budget; layout derived from guests, venue and decor."
BSAR1065,anniversary,hall,182,22.5,14.7,330.8,822000,4516,adult,day,purple,colourful,pastel_floral,three_tier_luxury,rustic_wood_setup,full_stage_setup,182,bakesmart_rule_generator_v1,5,synthetic_rule_based,pending_expert_review,test,20260817,"Theme-conditioned preferences; cake guest band 90-250; decor-conditioned venue/budget; layout derived from guests, venue and decor."
BSAR1066,baby_shower,restaurant,125,13.9,11.5,159.9,526000,4208,adult,night,red,colourful,colourful_cartoon,three_tier_luxury,rustic_wood_setup,two_side_tables,125,bakesmart_rule_generator_v1,5,synthetic_rule_based,pending_expert_review,train,20260817,"Theme-conditioned preferences; cake guest band 90-250; decor-conditioned venue/budget; layout derived from guests, venue and decor."
BSAR1067,graduation,outdoor,37,10.1,8,80.8,145000,3919,mixed,night,green,traditional,traditional_luxury,single_tier_square,flower_wall,cake_and_dessert_table,37,bakesmart_rule_generator_v1,5,synthetic_rule_based,pending_expert_review,validation,20260817,"Theme-conditioned preferences; cake guest band 15-40; decor-conditioned venue/budget; layout derived from guests, venue and decor."
BSAR1068,birthday,restaurant,238,23.8,13.7,326.1,1016000,4269,teenager,night,pink,traditional,colourful_cartoon,three_tier_luxury,flower_wall,two_side_tables,238,bakesmart_rule_generator_v1,4,synthetic_rule_based,pending_expert_review,train,20260817,"Theme-conditioned preferences; cake guest band 90-250; decor-conditioned venue/budget; layout derived from guests, venue and decor."
BSAR1069,wedding,outdoor,95,16.2,10.5,170.1,176000,1853,adult,night,gold,traditional,traditional_luxury,two_tier_floral,minimal_backdrop,two_side_tables,95,bakesmart_rule_generator_v1,5,synthetic_rule_based,pending_expert_review,train,20260817,"Theme-conditioned preferences; cake guest band 45-120; decor-conditioned venue/budget; layout derived from guests, venue and decor."
BSAR1070,baby_shower,home,78,11.2,6.9,77.3,379000,4859,mixed,day,mixed,minimal,modern_minimal,two_tier_round,flower_wall,two_side_tables,78,bakesmart_rule_generator_v1,5,synthetic_rule_based,pending_expert_review,train,20260817,"Theme-conditioned preferences; cake guest band 35-90; decor-conditioned venue/budget; layout derived from guests, venue and decor."
BSAR1071,anniversary,hall,22,8.3,5,41.5,60000,2727,adult,day,pink,elegant,pastel_floral,single_tier_round,balloon_setup,single_cake_table,22,bakesmart_rule_generator_v1,5,synthetic_rule_based,pending_expert_review,validation,20260817,"Theme-conditioned preferences; cake guest band 8-25; decor-conditioned venue/budget; layout derived from guests, venue and decor."
BSAR1072,wedding,home,43,7.9,5.7,45,105000,2442,adult,day,white,rustic,rustic_natural,two_tier_round,minimal_backdrop,cake_and_dessert_table,43,bakesmart_rule_generator_v1,5,synthetic_rule_based,pending_expert_review,validation,20260817,"Theme-conditioned preferences; cake guest band 35-90; decor-conditioned venue/budget; layout derived from guests, venue and decor."
BSAR1073,birthday,hall,10,6.3,5.4,34,196000,19600,child,night,red,traditional,traditional_luxury,single_tier_round,luxury_stage,full_stage_setup,10,bakesmart_rule_generator_v1,5,synthetic_rule_based,pending_expert_review,train,20260817,"Theme-conditioned preferences; cake guest band 8-25; decor-conditioned venue/budget; layout derived from guests, venue and decor."
BSAR1074,wedding,home,67,8.7,7.6,66.1,217000,3239,adult,day,gold,elegant,elegant_gold,two_tier_round,flower_wall,cake_and_dessert_table,67,bakesmart_rule_generator_v1,5,synthetic_rule_based,pending_expert_review,train,20260817,"Theme-conditioned preferences; cake guest band 35-90; decor-conditioned venue/budget; layout derived from guests, venue and decor."
BSAR1075,birthday,restaurant,15,5.3,3.9,20.7,39000,2600,teenager,day,blue,minimal,colourful_cartoon,single_tier_square,minimal_backdrop,single_cake_table,15,bakesmart_rule_generator_v1,4,synthetic_rule_based,pending_expert_review,validation,20260817,"Theme-conditioned preferences; cake guest band 15-40; decor-conditioned venue/budget; layout derived from guests, venue and decor."
BSAR1076,graduation,home,23,6.4,4.8,30.7,73000,3174,adult,day,mixed,colourful,colourful_cartoon,single_tier_square,balloon_setup,single_cake_table,23,bakesmart_rule_generator_v1,5,synthetic_rule_based,pending_expert_review,train,20260817,"Theme-conditioned preferences; cake guest band 15-40; decor-conditioned venue/budget; layout derived from guests, venue and decor."
BSAR1077,anniversary,restaurant,242,20.4,12.7,259.1,439000,1814,adult,night,green,elegant,traditional_luxury,three_tier_luxury,minimal_backdrop,two_side_tables,242,bakesmart_rule_generator_v1,5,synthetic_rule_based,pending_expert_review,train,20260817,"Theme-conditioned preferences; cake guest band 90-250; decor-conditioned venue/budget; layout derived from guests, venue and decor."
BSAR1078,graduation,hall,24,9.3,5.2,48.4,77000,3208,teenager,day,white,colourful,pastel_floral,single_tier_round,minimal_backdrop,single_cake_table,24,bakesmart_rule_generator_v1,5,synthetic_rule_based,pending_expert_review,train,20260817,"Theme-conditioned preferences; cake guest band 8-25; decor-conditioned venue/budget; layout derived from guests, venue and decor."
BSAR1079,anniversary,hall,129,17.1,11.5,196.7,296000,2295,mixed,night,mixed,rustic,rustic_natural,three_tier_luxury,minimal_backdrop,full_stage_setup,129,bakesmart_rule_generator_v1,5,synthetic_rule_based,pending_expert_review,train,20260817,"Theme-conditioned preferences; cake guest band 90-250; decor-conditioned venue/budget; layout derived from guests, venue and decor."
BSAR1080,graduation,outdoor,35,9.2,8.1,74.5,203000,5800,teenager,day,purple,traditional,traditional_luxury,two_tier_round,flower_wall,cake_and_dessert_table,35,bakesmart_rule_generator_v1,5,synthetic_rule_based,pending_expert_review,train,20260817,"Theme-conditioned preferences; cake guest band 35-90; decor-conditioned venue/budget; layout derived from guests, venue and decor."
BSAR1081,wedding,home,93,12.6,6.9,86.9,249000,2677,adult,night,white,rustic,rustic_natural,two_tier_floral,rustic_wood_setup,two_side_tables,93,bakesmart_rule_generator_v1,5,synthetic_rule_based,pending_expert_review,train,20260817,"Theme-conditioned preferences; cake guest band 45-120; decor-conditioned venue/budget; layout derived from guests, venue and decor."
BSAR1082,anniversary,home,148,12.2,10.7,130.5,263000,1777,mixed,night,gold,minimal,elegant_gold,three_tier_luxury,balloon_setup,two_side_tables,148,bakesmart_rule_generator_v1,4,synthetic_rule_based,pending_expert_review,train,20260817,"Theme-conditioned preferences; cake guest band 90-250; decor-conditioned venue/budget; layout derived from guests, venue and decor."
BSAR1083,wedding,hall,121,18.6,12.2,226.9,515000,4256,mixed,night,red,elegant,traditional_luxury,three_tier_luxury,rustic_wood_setup,full_stage_setup,121,bakesmart_rule_generator_v1,5,synthetic_rule_based,pending_expert_review,validation,20260817,"Theme-conditioned preferences; cake guest band 90-250; decor-conditioned venue/budget; layout derived from guests, venue and decor."
BSAR1084,anniversary,hall,69,13.7,7.6,104.1,225000,3261,adult,day,blue,colourful,pastel_floral,two_tier_floral,rustic_wood_setup,cake_and_dessert_table,69,bakesmart_rule_generator_v1,5,synthetic_rule_based,pending_expert_review,train,20260817,"Theme-conditioned preferences; cake guest band 45-120; decor-conditioned venue/budget; layout derived from guests, venue and decor."
BSAR1085,birthday,hall,11,7.8,4.2,32.8,73000,6636,teenager,day,red,minimal,colourful_cartoon,single_tier_round,flower_wall,single_cake_table,11,bakesmart_rule_generator_v1,4,synthetic_rule_based,pending_expert_review,train,20260817,"Theme-conditioned preferences; cake guest band 8-25; decor-conditioned venue/budget; layout derived from guests, venue and decor."
BSAR1086,baby_shower,home,23,7.2,4.8,34.6,56000,2435,adult,day,green,rustic,rustic_natural,single_tier_round,balloon_setup,single_cake_table,23,bakesmart_rule_generator_v1,5,synthetic_rule_based,pending_expert_review,train,20260817,"Theme-conditioned preferences; cake guest band 8-25; decor-conditioned venue/budget; layout derived from guests, venue and decor."
BSAR1087,birthday,home,175,15.2,10.6,161.1,710000,4057,child,night,pink,colourful,colourful_cartoon,three_tier_luxury,rustic_wood_setup,two_side_tables,175,bakesmart_rule_generator_v1,5,synthetic_rule_based,pending_expert_review,train,20260817,"Theme-conditioned preferences; cake guest band 90-250; decor-conditioned venue/budget; layout derived from guests, venue and decor."
BSAR1088,birthday,home,141,15.3,8.5,130.1,378000,2681,adult,day,blue,colourful,colourful_cartoon,three_tier_luxury,balloon_setup,two_side_tables,141,bakesmart_rule_generator_v1,5,synthetic_rule_based,pending_expert_review,train,20260817,"Theme-conditioned preferences; cake guest band 90-250; decor-conditioned venue/budget; layout derived from guests, venue and decor."
BSAR1089,anniversary,restaurant,173,17.7,12.1,214.2,467000,2699,mixed,night,gold,elegant,elegant_gold,three_tier_luxury,balloon_setup,two_side_tables,173,bakesmart_rule_generator_v1,5,synthetic_rule_based,pending_expert_review,train,20260817,"Theme-conditioned preferences; cake guest band 90-250; decor-conditioned venue/budget; layout derived from guests, venue and decor."
BSAR1090,baby_shower,restaurant,100,16.4,8.9,146,861000,8610,mixed,night,blue,colourful,colourful_cartoon,three_tier_luxury,luxury_stage,full_stage_setup,100,bakesmart_rule_generator_v1,4,synthetic_rule_based,pending_expert_review,train,20260817,"Theme-conditioned preferences; cake guest band 90-250; decor-conditioned venue/budget; layout derived from guests, venue and decor."
BSAR1091,graduation,hall,90,13.8,10.6,146.3,897000,9967,teenager,day,pink,traditional,pastel_floral,two_tier_floral,luxury_stage,full_stage_setup,90,bakesmart_rule_generator_v1,4,synthetic_rule_based,pending_expert_review,train,20260817,"Theme-conditioned preferences; cake guest band 45-120; decor-conditioned venue/budget; layout derived from guests, venue and decor."
BSAR1092,wedding,hall,50,10.6,7.3,77.4,449000,8980,adult,night,red,traditional,traditional_luxury,two_tier_floral,luxury_stage,full_stage_setup,50,bakesmart_rule_generator_v1,5,synthetic_rule_based,pending_expert_review,train,20260817,"Theme-conditioned preferences; cake guest band 45-120; decor-conditioned venue/budget; layout derived from guests, venue and decor."
BSAR1093,baby_shower,home,22,6.4,5.2,33.3,55000,2500,adult,day,white,elegant,pastel_floral,single_tier_round,balloon_setup,single_cake_table,22,bakesmart_rule_generator_v1,5,synthetic_rule_based,pending_expert_review,train,20260817,"Theme-conditioned preferences; cake guest band 8-25; decor-conditioned venue/budget; layout derived from guests, venue and decor."
BSAR1094,anniversary,hall,67,12.4,9.5,117.8,701000,10463,adult,night,white,elegant,elegant_gold,two_tier_round,luxury_stage,full_stage_setup,67,bakesmart_rule_generator_v1,5,synthetic_rule_based,pending_expert_review,train,20260817,"Theme-conditioned preferences; cake guest band 35-90; decor-conditioned venue/budget; layout derived from guests, venue and decor."
BSAR1095,wedding,home,16,5.8,4.1,23.8,83000,5188,adult,night,gold,traditional,traditional_luxury,single_tier_round,flower_wall,single_cake_table,16,bakesmart_rule_generator_v1,5,synthetic_rule_based,pending_expert_review,validation,20260817,"Theme-conditioned preferences; cake guest band 8-25; decor-conditioned venue/budget; layout derived from guests, venue and decor."
BSAR1096,birthday,home,52,8.3,6.8,56.4,283000,5442,child,day,purple,colourful,colourful_cartoon,two_tier_round,flower_wall,cake_and_dessert_table,52,bakesmart_rule_generator_v1,5,synthetic_rule_based,pending_expert_review,train,20260817,"Theme-conditioned preferences; cake guest band 35-90; decor-conditioned venue/budget; layout derived from guests, venue and decor."
BSAR1097,birthday,outdoor,59,13,8.5,110.5,255000,4322,child,day,blue,colourful,colourful_cartoon,two_tier_floral,rustic_wood_setup,cake_and_dessert_table,59,bakesmart_rule_generator_v1,5,synthetic_rule_based,pending_expert_review,test,20260817,"Theme-conditioned preferences; cake guest band 45-120; decor-conditioned venue/budget; layout derived from guests, venue and decor."
BSAR1098,birthday,hall,112,18.3,11.6,212.3,435000,3884,mixed,night,mixed,elegant,colourful_cartoon,two_tier_floral,flower_wall,full_stage_setup,112,bakesmart_rule_generator_v1,4,synthetic_rule_based,pending_expert_review,validation,20260817,"Theme-conditioned preferences; cake guest band 45-120; decor-conditioned venue/budget; layout derived from guests, venue and decor."
BSAR1099,graduation,home,39,10,6.1,61,134000,3436,mixed,night,white,traditional,traditional_luxury,single_tier_square,flower_wall,cake_and_dessert_table,39,bakesmart_rule_generator_v1,5,synthetic_rule_based,pending_expert_review,test,20260817,"Theme-conditioned preferences; cake guest band 15-40; decor-conditioned venue/budget; layout derived from guests, venue and decor."
BSAR1100,wedding,hall,17,7.2,6.3,45.4,60000,3529,adult,night,gold,elegant,elegant_gold,single_tier_round,rustic_wood_setup,single_cake_table,17,bakesmart_rule_generator_v1,5,synthetic_rule_based,pending_expert_review,test,20260817,"Theme-conditioned preferences; cake guest band 8-25; decor-conditioned venue/budget; layout derived from guests, venue and decor."
BSAR1101,birthday,hall,14,6.9,4.7,32.4,59000,4214,adult,night,mixed,colourful,colourful_cartoon,single_tier_round,balloon_setup,single_cake_table,14,bakesmart_rule_generator_v1,5,synthetic_rule_based,pending_expert_review,validation,20260817,"Theme-conditioned preferences; cake guest band 8-25; decor-conditioned venue/budget; layout derived from guests, venue and decor."
BSAR1102,graduation,hall,110,15.2,9.6,145.9,273000,2482,teenager,night,gold,elegant,elegant_gold,three_tier_luxury,balloon_setup,full_stage_setup,110,bakesmart_rule_generator_v1,5,synthetic_rule_based,pending_expert_review,train,20260817,"Theme-conditioned preferences; cake guest band 90-250; decor-conditioned venue/budget; layout derived from guests, venue and decor."
BSAR1103,anniversary,hall,15,6.8,4.5,30.6,276000,18400,adult,day,white,elegant,elegant_gold,single_tier_round,luxury_stage,full_stage_setup,15,bakesmart_rule_generator_v1,5,synthetic_rule_based,pending_expert_review,train,20260817,"Theme-conditioned preferences; cake guest band 8-25; decor-conditioned venue/budget; layout derived from guests, venue and decor."
BSAR1104,anniversary,home,86,13.9,7.6,105.6,147000,1709,adult,night,white,elegant,elegant_gold,two_tier_floral,minimal_backdrop,two_side_tables,86,bakesmart_rule_generator_v1,5,synthetic_rule_based,pending_expert_review,train,20260817,"Theme-conditioned preferences; cake guest band 45-120; decor-conditioned venue/budget; layout derived from guests, venue and decor."
BSAR1105,birthday,hall,28,10.1,5.8,58.6,123000,4393,teenager,night,green,minimal,modern_minimal,single_tier_square,rustic_wood_setup,single_cake_table,28,bakesmart_rule_generator_v1,5,synthetic_rule_based,pending_expert_review,train,20260817,"Theme-conditioned preferences; cake guest band 15-40; decor-conditioned venue/budget; layout derived from guests, venue and decor."
BSAR1106,graduation,outdoor,106,17.1,10.3,176.1,489000,4613,adult,night,white,minimal,modern_minimal,three_tier_luxury,rustic_wood_setup,two_side_tables,106,bakesmart_rule_generator_v1,5,synthetic_rule_based,pending_expert_review,train,20260817,"Theme-conditioned preferences; cake guest band 90-250; decor-conditioned venue/budget; layout derived from guests, venue and decor."
BSAR1107,birthday,restaurant,193,16.8,12.6,211.7,1481000,7674,adult,day,pink,colourful,colourful_cartoon,three_tier_luxury,luxury_stage,full_stage_setup,193,bakesmart_rule_generator_v1,4,synthetic_rule_based,pending_expert_review,train,20260817,"Theme-conditioned preferences; cake guest band 90-250; decor-conditioned venue/budget; layout derived from guests, venue and decor."
BSAR1108,graduation,hall,135,18.6,11.1,206.5,266000,1970,teenager,night,blue,minimal,modern_minimal,three_tier_luxury,balloon_setup,full_stage_setup,135,bakesmart_rule_generator_v1,5,synthetic_rule_based,pending_expert_review,train,20260817,"Theme-conditioned preferences; cake guest band 90-250; decor-conditioned venue/budget; layout derived from guests, venue and decor."
BSAR1109,baby_shower,home,109,12.7,10.3,130.8,451000,4138,adult,day,white,colourful,pastel_floral,two_tier_floral,flower_wall,two_side_tables,109,bakesmart_rule_generator_v1,5,synthetic_rule_based,pending_expert_review,train,20260817,"Theme-conditioned preferences; cake guest band 45-120; decor-conditioned venue/budget; layout derived from guests, venue and decor."
BSAR1110,wedding,outdoor,73,15.2,8.2,124.6,182000,2493,mixed,night,white,elegant,elegant_gold,two_tier_round,minimal_backdrop,two_side_tables,73,bakesmart_rule_generator_v1,5,synthetic_rule_based,pending_expert_review,test,20260817,"Theme-conditioned preferences; cake guest band 35-90; decor-conditioned venue/budget; layout derived from guests, venue and decor."
BSAR1111,anniversary,hall,85,14.3,9.7,138.7,677000,7965,adult,night,green,minimal,modern_minimal,two_tier_floral,luxury_stage,full_stage_setup,85,bakesmart_rule_generator_v1,5,synthetic_rule_based,pending_expert_review,test,20260817,"Theme-conditioned preferences; cake guest band 45-120; decor-conditioned venue/budget; layout derived from guests, venue and decor."
BSAR1112,baby_shower,home,72,11.8,7.1,83.8,270000,3750,adult,night,pink,elegant,pastel_floral,two_tier_round,rustic_wood_setup,two_side_tables,72,bakesmart_rule_generator_v1,5,synthetic_rule_based,pending_expert_review,train,20260817,"Theme-conditioned preferences; cake guest band 35-90; decor-conditioned venue/budget; layout derived from guests, venue and decor."
BSAR1113,birthday,hall,90,16.4,8.6,141,644000,7156,adult,day,mixed,colourful,colourful_cartoon,two_tier_floral,luxury_stage,full_stage_setup,90,bakesmart_rule_generator_v1,5,synthetic_rule_based,pending_expert_review,validation,20260817,"Theme-conditioned preferences; cake guest band 45-120; decor-conditioned venue/budget; layout derived from guests, venue and decor."
BSAR1114,graduation,home,123,13.6,9.2,125.1,263000,2138,adult,night,green,minimal,modern_minimal,three_tier_luxury,minimal_backdrop,two_side_tables,123,bakesmart_rule_generator_v1,5,synthetic_rule_based,pending_expert_review,train,20260817,"Theme-conditioned preferences; cake guest band 90-250; decor-conditioned venue/budget; layout derived from guests, venue and decor."
BSAR1115,anniversary,home,9,5.1,3.7,18.9,60000,6667,mixed,day,white,rustic,rustic_natural,single_tier_round,rustic_wood_setup,single_cake_table,9,bakesmart_rule_generator_v1,5,synthetic_rule_based,pending_expert_review,train,20260817,"Theme-conditioned preferences; cake guest band 8-25; decor-conditioned venue/budget; layout derived from guests, venue and decor."
BSAR1116,birthday,restaurant,229,20.1,15.6,313.6,372000,1624,adult,night,red,rustic,rustic_natural,three_tier_luxury,minimal_backdrop,two_side_tables,229,bakesmart_rule_generator_v1,5,synthetic_rule_based,pending_expert_review,test,20260817,"Theme-conditioned preferences; cake guest band 90-250; decor-conditioned venue/budget; layout derived from guests, venue and decor."
BSAR1117,anniversary,home,20,6.8,4.1,27.9,64000,3200,adult,night,gold,elegant,elegant_gold,single_tier_round,minimal_backdrop,single_cake_table,20,bakesmart_rule_generator_v1,5,synthetic_rule_based,pending_expert_review,train,20260817,"Theme-conditioned preferences; cake guest band 8-25; decor-conditioned venue/budget; layout derived from guests, venue and decor."
BSAR1118,wedding,home,110,13.3,8.8,117,359000,3264,mixed,night,gold,traditional,traditional_luxury,two_tier_floral,balloon_setup,two_side_tables,110,bakesmart_rule_generator_v1,5,synthetic_rule_based,pending_expert_review,train,20260817,"Theme-conditioned preferences; cake guest band 45-120; decor-conditioned venue/budget; layout derived from guests, venue and decor."
BSAR1119,wedding,home,21,8.2,4.7,38.5,55000,2619,adult,night,gold,traditional,traditional_luxury,single_tier_round,minimal_backdrop,single_cake_table,21,bakesmart_rule_generator_v1,5,synthetic_rule_based,pending_expert_review,test,20260817,"Theme-conditioned preferences; cake guest band 8-25; decor-conditioned venue/budget; layout derived from guests, venue and decor."
BSAR1120,baby_shower,outdoor,10,5.3,3.3,17.5,71000,7100,adult,day,gold,rustic,rustic_natural,single_tier_round,rustic_wood_setup,single_cake_table,10,bakesmart_rule_generator_v1,5,synthetic_rule_based,pending_expert_review,train,20260817,"Theme-conditioned preferences; cake guest band 8-25; decor-conditioned venue/budget; layout derived from guests, venue and decor."
BSAR1121,wedding,outdoor,127,18.2,11.5,209.3,685000,5394,adult,night,green,traditional,traditional_luxury,three_tier_luxury,flower_wall,two_side_tables,127,bakesmart_rule_generator_v1,5,synthetic_rule_based,pending_expert_review,test,20260817,"Theme-conditioned preferences; cake guest band 90-250; decor-conditioned venue/budget; layout derived from guests, venue and decor."
BSAR1122,birthday,outdoor,9,5.3,3.8,20.1,226000,25111,child,night,pink,elegant,pastel_floral,single_tier_round,luxury_stage,full_stage_setup,9,bakesmart_rule_generator_v1,4,synthetic_rule_based,pending_expert_review,train,20260817,"Theme-conditioned preferences; cake guest band 8-25; decor-conditioned venue/budget; layout derived from guests, venue and decor."
BSAR1123,wedding,hall,14,6.4,5.6,35.8,41000,2929,mixed,day,green,traditional,traditional_luxury,single_tier_round,balloon_setup,single_cake_table,14,bakesmart_rule_generator_v1,5,synthetic_rule_based,pending_expert_review,train,20260817,"Theme-conditioned preferences; cake guest band 8-25; decor-conditioned venue/budget; layout derived from guests, venue and decor."
BSAR1124,wedding,outdoor,11,6.7,4.5,30.2,83000,7545,adult,night,green,rustic,rustic_natural,single_tier_round,flower_wall,single_cake_table,11,bakesmart_rule_generator_v1,5,synthetic_rule_based,pending_expert_review,train,20260817,"Theme-conditioned preferences; cake guest band 8-25; decor-conditioned venue/budget; layout derived from guests, venue and decor."
BSAR1125,wedding,hall,20,6.6,5.6,37,256000,12800,mixed,night,mixed,traditional,elegant_gold,single_tier_round,luxury_stage,full_stage_setup,20,bakesmart_rule_generator_v1,4,synthetic_rule_based,pending_expert_review,test,20260817,"Theme-conditioned preferences; cake guest band 8-25; decor-conditioned venue/budget; layout derived from guests, venue and decor."
BSAR1126,graduation,hall,90,14.3,9.7,138.7,485000,5389,teenager,day,red,colourful,colourful_cartoon,two_tier_round,luxury_stage,full_stage_setup,90,bakesmart_rule_generator_v1,5,synthetic_rule_based,pending_expert_review,train,20260817,"Theme-conditioned preferences; cake guest band 35-90; decor-conditioned venue/budget; layout derived from guests, venue and decor."
BSAR1127,wedding,hall,28,8.9,6.8,60.5,219000,7821,mixed,night,green,rustic,rustic_natural,single_tier_square,luxury_stage,full_stage_setup,28,bakesmart_rule_generator_v1,5,synthetic_rule_based,pending_expert_review,train,20260817,"Theme-conditioned preferences; cake guest band 15-40; decor-conditioned venue/budget; layout derived from guests, venue and decor."
BSAR1128,graduation,hall,23,9.2,5.1,46.9,200000,8696,adult,night,purple,elegant,elegant_gold,single_tier_square,luxury_stage,full_stage_setup,23,bakesmart_rule_generator_v1,5,synthetic_rule_based,pending_expert_review,train,20260817,"Theme-conditioned preferences; cake guest band 15-40; decor-conditioned venue/budget; layout derived from guests, venue and decor."
BSAR1129,wedding,home,82,11.5,7.1,81.6,285000,3476,adult,night,green,minimal,modern_minimal,two_tier_floral,rustic_wood_setup,two_side_tables,82,bakesmart_rule_generator_v1,5,synthetic_rule_based,pending_expert_review,train,20260817,"Theme-conditioned preferences; cake guest band 45-120; decor-conditioned venue/budget; layout derived from guests, venue and decor."
BSAR1130,baby_shower,hall,20,8.1,4.4,35.6,103000,5150,adult,night,purple,colourful,pastel_floral,single_tier_round,flower_wall,single_cake_table,20,bakesmart_rule_generator_v1,5,synthetic_rule_based,pending_expert_review,test,20260817,"Theme-conditioned preferences; cake guest band 8-25; decor-conditioned venue/budget; layout derived from guests, venue and decor."
BSAR1131,baby_shower,home,33,8.2,4.6,37.7,143000,4333,adult,day,red,rustic,rustic_natural,single_tier_square,rustic_wood_setup,cake_and_dessert_table,33,bakesmart_rule_generator_v1,5,synthetic_rule_based,pending_expert_review,train,20260817,"Theme-conditioned preferences; cake guest band 15-40; decor-conditioned venue/budget; layout derived from guests, venue and decor."
BSAR1132,birthday,hall,91,13.5,8.2,110.7,780000,8571,adult,day,red,colourful,colourful_cartoon,three_tier_luxury,luxury_stage,full_stage_setup,91,bakesmart_rule_generator_v1,5,synthetic_rule_based,pending_expert_review,validation,20260817,"Theme-conditioned preferences; cake guest band 90-250; decor-conditioned venue/budget; layout derived from guests, venue and decor."
BSAR1133,birthday,restaurant,99,12.9,9.9,127.7,156000,1576,teenager,night,purple,minimal,colourful_cartoon,two_tier_floral,minimal_backdrop,two_side_tables,99,bakesmart_rule_generator_v1,4,synthetic_rule_based,pending_expert_review,train,20260817,"Theme-conditioned preferences; cake guest band 45-120; decor-conditioned venue/budget; layout derived from guests, venue and decor."
BSAR1134,anniversary,hall,49,11.2,6.1,68.3,567000,11571,mixed,night,white,colourful,traditional_luxury,two_tier_round,luxury_stage,full_stage_setup,49,bakesmart_rule_generator_v1,4,synthetic_rule_based,pending_expert_review,test,20260817,"Theme-conditioned preferences; cake guest band 35-90; decor-conditioned venue/budget; layout derived from guests, venue and decor."
BSAR1135,wedding,home,33,8.9,4.9,43.6,84000,2545,adult,night,white,elegant,elegant_gold,single_tier_square,minimal_backdrop,cake_and_dessert_table,33,bakesmart_rule_generator_v1,5,synthetic_rule_based,pending_expert_review,validation,20260817,"Theme-conditioned preferences; cake guest band 15-40; decor-conditioned venue/budget; layout derived from guests, venue and decor."
BSAR1136,birthday,hall,19,7.5,6.5,48.8,65000,3421,child,night,white,elegant,modern_minimal,single_tier_round,balloon_setup,single_cake_table,19,bakesmart_rule_generator_v1,4,synthetic_rule_based,pending_expert_review,test,20260817,"Theme-conditioned preferences; cake guest band 8-25; decor-conditioned venue/budget; layout derived from guests, venue and decor."
BSAR1137,baby_shower,outdoor,19,9.2,5.1,46.9,36000,1895,adult,day,pink,colourful,colourful_cartoon,single_tier_square,minimal_backdrop,single_cake_table,19,bakesmart_rule_generator_v1,5,synthetic_rule_based,pending_expert_review,test,20260817,"Theme-conditioned preferences; cake guest band 15-40; decor-conditioned venue/budget; layout derived from guests, venue and decor."
BSAR1138,graduation,home,24,6.6,4.8,31.7,76000,3167,adult,night,gold,elegant,elegant_gold,single_tier_square,balloon_setup,single_cake_table,24,bakesmart_rule_generator_v1,5,synthetic_rule_based,pending_expert_review,train,20260817,"Theme-conditioned preferences; cake guest band 15-40; decor-conditioned venue/budget; layout derived from guests, venue and decor."
BSAR1139,wedding,home,45,8.1,6.8,55.1,132000,2933,adult,day,white,minimal,pastel_floral,two_tier_floral,minimal_backdrop,cake_and_dessert_table,45,bakesmart_rule_generator_v1,4,synthetic_rule_based,pending_expert_review,train,20260817,"Theme-conditioned preferences; cake guest band 45-120; decor-conditioned venue/budget; layout derived from guests, venue and decor."
BSAR1140,baby_shower,hall,106,16,11.5,184,410000,3868,adult,night,pink,minimal,pastel_floral,two_tier_floral,flower_wall,two_side_tables,106,bakesmart_rule_generator_v1,4,synthetic_rule_based,pending_expert_review,train,20260817,"Theme-conditioned preferences; cake guest band 45-120; decor-conditioned venue/budget; layout derived from guests, venue and decor."
BSAR1141,birthday,home,207,18.8,10.6,199.3,757000,3657,child,night,white,elegant,rustic_natural,three_tier_luxury,rustic_wood_setup,two_side_tables,207,bakesmart_rule_generator_v1,4,synthetic_rule_based,pending_expert_review,train,20260817,"Theme-conditioned preferences; cake guest band 90-250; decor-conditioned venue/budget; layout derived from guests, venue and decor."
BSAR1142,graduation,hall,19,6,5.4,32.4,281000,14789,mixed,day,white,elegant,elegant_gold,single_tier_square,luxury_stage,full_stage_setup,19,bakesmart_rule_generator_v1,5,synthetic_rule_based,pending_expert_review,train,20260817,"Theme-conditioned preferences; cake guest band 15-40; decor-conditioned venue/budget; layout derived from guests, venue and decor."
BSAR1143,baby_shower,hall,12,7.5,4,30,49000,4083,adult,night,white,rustic,rustic_natural,single_tier_round,balloon_setup,single_cake_table,12,bakesmart_rule_generator_v1,5,synthetic_rule_based,pending_expert_review,test,20260817,"Theme-conditioned preferences; cake guest band 8-25; decor-conditioned venue/budget; layout derived from guests, venue and decor."
BSAR1144,birthday,outdoor,41,13.1,7.1,93,200000,4878,teenager,night,purple,colourful,pastel_floral,two_tier_round,rustic_wood_setup,cake_and_dessert_table,41,bakesmart_rule_generator_v1,5,synthetic_rule_based,pending_expert_review,train,20260817,"Theme-conditioned preferences; cake guest band 35-90; decor-conditioned venue/budget; layout derived from guests, venue and decor."
BSAR1145,baby_shower,restaurant,159,20.2,11,222.2,542000,3409,adult,day,white,rustic,rustic_natural,three_tier_luxury,flower_wall,two_side_tables,159,bakesmart_rule_generator_v1,5,synthetic_rule_based,pending_expert_review,train,20260817,"Theme-conditioned preferences; cake guest band 90-250; decor-conditioned venue/budget; layout derived from guests, venue and decor."
BSAR1146,anniversary,home,36,9.8,5.2,51,56000,1556,adult,night,gold,elegant,elegant_gold,single_tier_square,minimal_backdrop,cake_and_dessert_table,36,bakesmart_rule_generator_v1,5,synthetic_rule_based,pending_expert_review,train,20260817,"Theme-conditioned preferences; cake guest band 15-40; decor-conditioned venue/budget; layout derived from guests, venue and decor."
BSAR1147,birthday,hall,218,23.5,16.3,383.1,602000,2761,child,night,purple,colourful,colourful_cartoon,three_tier_luxury,flower_wall,full_stage_setup,218,bakesmart_rule_generator_v1,5,synthetic_rule_based,pending_expert_review,train,20260817,"Theme-conditioned preferences; cake guest band 90-250; decor-conditioned venue/budget; layout derived from guests, venue and decor."
BSAR1148,graduation,restaurant,25,6.6,6,39.6,277000,11080,adult,night,green,rustic,rustic_natural,single_tier_square,luxury_stage,full_stage_setup,25,bakesmart_rule_generator_v1,4,synthetic_rule_based,pending_expert_review,test,20260817,"Theme-conditioned preferences; cake guest band 15-40; decor-conditioned venue/budget; layout derived from guests, venue and decor."
BSAR1149,birthday,hall,117,15.5,10.8,167.4,1173000,10026,teenager,night,green,minimal,modern_minimal,two_tier_floral,luxury_stage,full_stage_setup,117,bakesmart_rule_generator_v1,5,synthetic_rule_based,pending_expert_review,train,20260817,"Theme-conditioned preferences; cake guest band 45-120; decor-conditioned venue/budget; layout derived from guests, venue and decor."
BSAR1150,wedding,hall,53,11.5,7.9,90.9,139000,2623,adult,day,blue,colourful,pastel_floral,two_tier_floral,balloon_setup,cake_and_dessert_table,53,bakesmart_rule_generator_v1,5,synthetic_rule_based,pending_expert_review,train,20260817,"Theme-conditioned preferences; cake guest band 45-120; decor-conditioned venue/budget; layout derived from guests, venue and decor."
BSAR1151,wedding,hall,26,8.4,5,42,269000,10346,mixed,day,red,elegant,traditional_luxury,single_tier_square,luxury_stage,full_stage_setup,26,bakesmart_rule_generator_v1,5,synthetic_rule_based,pending_expert_review,train,20260817,"Theme-conditioned preferences; cake guest band 15-40; decor-conditioned venue/budget; layout derived from guests, venue and decor."
BSAR1152,birthday,hall,43,8.7,7.5,65.3,76000,1767,child,day,blue,colourful,colourful_cartoon,two_tier_round,minimal_backdrop,cake_and_dessert_table,43,bakesmart_rule_generator_v1,5,synthetic_rule_based,pending_expert_review,validation,20260817,"Theme-conditioned preferences; cake guest band 35-90; decor-conditioned venue/budget; layout derived from guests, venue and decor."
BSAR1153,wedding,hall,213,21.3,18.1,385.5,296000,1390,mixed,day,gold,elegant,elegant_gold,three_tier_luxury,minimal_backdrop,full_stage_setup,213,bakesmart_rule_generator_v1,5,synthetic_rule_based,pending_expert_review,train,20260817,"Theme-conditioned preferences; cake guest band 90-250; decor-conditioned venue/budget; layout derived from guests, venue and decor."
BSAR1154,wedding,restaurant,17,6.7,3.6,24.1,59000,3471,adult,night,green,traditional,traditional_luxury,single_tier_square,minimal_backdrop,single_cake_table,17,bakesmart_rule_generator_v1,5,synthetic_rule_based,pending_expert_review,train,20260817,"Theme-conditioned preferences; cake guest band 15-40; decor-conditioned venue/budget; layout derived from guests, venue and decor."
BSAR1155,birthday,hall,8,5.2,4.6,23.9,33000,4125,adult,night,white,minimal,pastel_floral,single_tier_round,balloon_setup,single_cake_table,8,bakesmart_rule_generator_v1,4,synthetic_rule_based,pending_expert_review,train,20260817,"Theme-conditioned preferences; cake guest band 8-25; decor-conditioned venue/budget; layout derived from guests, venue and decor."
BSAR1156,birthday,restaurant,88,12.7,9,114.3,231000,2625,child,night,pink,colourful,colourful_cartoon,two_tier_floral,balloon_setup,two_side_tables,88,bakesmart_rule_generator_v1,5,synthetic_rule_based,pending_expert_review,validation,20260817,"Theme-conditioned preferences; cake guest band 45-120; decor-conditioned venue/budget; layout derived from guests, venue and decor."
BSAR1157,wedding,outdoor,68,14.9,9.3,138.6,185000,2721,adult,day,gold,elegant,elegant_gold,two_tier_round,rustic_wood_setup,cake_and_dessert_table,68,bakesmart_rule_generator_v1,5,synthetic_rule_based,pending_expert_review,validation,20260817,"Theme-conditioned preferences; cake guest band 35-90; decor-conditioned venue/budget; layout derived from guests, venue and decor."
BSAR1158,wedding,home,97,11.8,7.3,86.1,292000,3010,adult,night,mixed,minimal,modern_minimal,two_tier_floral,flower_wall,two_side_tables,97,bakesmart_rule_generator_v1,5,synthetic_rule_based,pending_expert_review,train,20260817,"Theme-conditioned preferences; cake guest band 45-120; decor-conditioned venue/budget; layout derived from guests, venue and decor."
BSAR1159,wedding,hall,88,14.8,8.7,128.8,600000,6818,adult,night,gold,elegant,elegant_gold,two_tier_floral,luxury_stage,full_stage_setup,88,bakesmart_rule_generator_v1,5,synthetic_rule_based,pending_expert_review,validation,20260817,"Theme-conditioned preferences; cake guest band 45-120; decor-conditioned venue/budget; layout derived from guests, venue and decor."
BSAR1160,birthday,hall,117,14.4,12.7,182.9,912000,7795,teenager,day,red,traditional,traditional_luxury,three_tier_luxury,luxury_stage,full_stage_setup,117,bakesmart_rule_generator_v1,5,synthetic_rule_based,pending_expert_review,validation,20260817,"Theme-conditioned preferences; cake guest band 90-250; decor-conditioned venue/budget; layout derived from guests, venue and decor."
BSAR1161,wedding,outdoor,36,10.8,6.8,73.4,92000,2556,adult,night,purple,elegant,traditional_luxury,two_tier_round,balloon_setup,cake_and_dessert_table,36,bakesmart_rule_generator_v1,5,synthetic_rule_based,pending_expert_review,train,20260817,"Theme-conditioned preferences; cake guest band 35-90; decor-conditioned venue/budget; layout derived from guests, venue and decor."
BSAR1162,birthday,hall,38,8.9,7.5,66.8,442000,11632,adult,day,mixed,colourful,colourful_cartoon,single_tier_square,luxury_stage,full_stage_setup,38,bakesmart_rule_generator_v1,5,synthetic_rule_based,pending_expert_review,train,20260817,"Theme-conditioned preferences; cake guest band 15-40; decor-conditioned venue/budget; layout derived from guests, venue and decor."
BSAR1163,wedding,hall,22,7,5.8,40.6,96000,4364,mixed,day,red,elegant,rustic_natural,single_tier_square,flower_wall,single_cake_table,22,bakesmart_rule_generator_v1,4,synthetic_rule_based,pending_expert_review,train,20260817,"Theme-conditioned preferences; cake guest band 15-40; decor-conditioned venue/budget; layout derived from guests, venue and decor."
BSAR1164,birthday,hall,103,16.8,10.7,179.8,564000,5476,adult,day,purple,colourful,colourful_cartoon,three_tier_luxury,flower_wall,two_side_tables,103,bakesmart_rule_generator_v1,5,synthetic_rule_based,pending_expert_review,train,20260817,"Theme-conditioned preferences; cake guest band 90-250; decor-conditioned venue/budget; layout derived from guests, venue and decor."
BSAR1165,birthday,outdoor,204,20.8,13.5,280.8,357000,1750,teenager,day,mixed,colourful,colourful_cartoon,three_tier_luxury,minimal_backdrop,two_side_tables,204,bakesmart_rule_generator_v1,5,synthetic_rule_based,pending_expert_review,train,20260817,"Theme-conditioned preferences; cake guest band 90-250; decor-conditioned venue/budget; layout derived from guests, venue and decor."
BSAR1166,graduation,restaurant,21,6.2,5.3,32.9,85000,4048,mixed,day,gold,elegant,traditional_luxury,single_tier_round,rustic_wood_setup,single_cake_table,21,bakesmart_rule_generator_v1,5,synthetic_rule_based,pending_expert_review,train,20260817,"Theme-conditioned preferences; cake guest band 8-25; decor-conditioned venue/budget; layout derived from guests, venue and decor."
BSAR1167,anniversary,outdoor,21,8.8,6.2,54.6,94000,4476,adult,night,red,elegant,elegant_gold,single_tier_square,flower_wall,single_cake_table,21,bakesmart_rule_generator_v1,5,synthetic_rule_based,pending_expert_review,train,20260817,"Theme-conditioned preferences; cake guest band 15-40; decor-conditioned venue/budget; layout derived from guests, venue and decor."
BSAR1168,baby_shower,restaurant,168,19.7,12,236.4,426000,2536,adult,night,white,elegant,pastel_floral,three_tier_luxury,balloon_setup,two_side_tables,168,bakesmart_rule_generator_v1,5,synthetic_rule_based,pending_expert_review,test,20260817,"Theme-conditioned preferences; cake guest band 90-250; decor-conditioned venue/budget; layout derived from guests, venue and decor."
BSAR1169,wedding,hall,50,11.6,7.2,83.5,137000,2740,adult,night,blue,minimal,pastel_floral,two_tier_round,rustic_wood_setup,cake_and_dessert_table,50,bakesmart_rule_generator_v1,4,synthetic_rule_based,pending_expert_review,train,20260817,"Theme-conditioned preferences; cake guest band 35-90; decor-conditioned venue/budget; layout derived from guests, venue and decor."
BSAR1170,wedding,hall,85,12.9,11.7,150.9,753000,8859,adult,night,red,traditional,traditional_luxury,two_tier_floral,luxury_stage,full_stage_setup,85,bakesmart_rule_generator_v1,5,synthetic_rule_based,pending_expert_review,train,20260817,"Theme-conditioned preferences; cake guest band 45-120; decor-conditioned venue/budget; layout derived from guests, venue and decor."
BSAR1171,baby_shower,hall,37,10.1,7,70.7,493000,13324,mixed,day,purple,colourful,colourful_cartoon,single_tier_square,luxury_stage,full_stage_setup,37,bakesmart_rule_generator_v1,5,synthetic_rule_based,pending_expert_review,test,20260817,"Theme-conditioned preferences; cake guest band 15-40; decor-conditioned venue/budget; layout derived from guests, venue and decor."
BSAR1172,birthday,hall,20,8.4,5.8,48.7,91000,4550,child,night,mixed,elegant,pastel_floral,single_tier_square,rustic_wood_setup,single_cake_table,20,bakesmart_rule_generator_v1,5,synthetic_rule_based,pending_expert_review,train,20260817,"Theme-conditioned preferences; cake guest band 15-40; decor-conditioned venue/budget; layout derived from guests, venue and decor."
BSAR1173,birthday,outdoor,20,9.8,5.3,51.9,126000,6300,teenager,day,pink,colourful,colourful_cartoon,single_tier_round,flower_wall,single_cake_table,20,bakesmart_rule_generator_v1,5,synthetic_rule_based,pending_expert_review,train,20260817,"Theme-conditioned preferences; cake guest band 8-25; decor-conditioned venue/budget; layout derived from guests, venue and decor."
BSAR1174,graduation,hall,229,21.8,16.3,355.3,1219000,5323,adult,night,gold,elegant,elegant_gold,three_tier_luxury,flower_wall,full_stage_setup,229,bakesmart_rule_generator_v1,5,synthetic_rule_based,pending_expert_review,train,20260817,"Theme-conditioned preferences; cake guest band 90-250; decor-conditioned venue/budget; layout derived from guests, venue and decor."
BSAR1175,wedding,home,31,8,4.6,36.8,55000,1774,adult,night,green,traditional,traditional_luxury,single_tier_square,minimal_backdrop,cake_and_dessert_table,31,bakesmart_rule_generator_v1,5,synthetic_rule_based,pending_expert_review,train,20260817,"Theme-conditioned preferences; cake guest band 15-40; decor-conditioned venue/budget; layout derived from guests, venue and decor."
BSAR1176,birthday,hall,82,13.1,8.4,110,365000,4451,teenager,night,pink,colourful,colourful_cartoon,two_tier_floral,rustic_wood_setup,two_side_tables,82,bakesmart_rule_generator_v1,5,synthetic_rule_based,pending_expert_review,train,20260817,"Theme-conditioned preferences; cake guest band 45-120; decor-conditioned venue/budget; layout derived from guests, venue and decor."
BSAR1177,wedding,hall,15,7,4,28,212000,14133,mixed,day,purple,traditional,elegant_gold,single_tier_square,luxury_stage,full_stage_setup,15,bakesmart_rule_generator_v1,4,synthetic_rule_based,pending_expert_review,train,20260817,"Theme-conditioned preferences; cake guest band 15-40; decor-conditioned venue/budget; layout derived from guests, venue and decor."
BSAR1178,birthday,outdoor,100,16.8,11.6,194.9,447000,4470,mixed,night,purple,elegant,colourful_cartoon,two_tier_floral,flower_wall,two_side_tables,100,bakesmart_rule_generator_v1,4,synthetic_rule_based,pending_expert_review,train,20260817,"Theme-conditioned preferences; cake guest band 45-120; decor-conditioned venue/budget; layout derived from guests, venue and decor."
BSAR1179,wedding,restaurant,19,6.8,4.6,31.3,99000,5211,adult,day,red,minimal,rustic_natural,single_tier_round,rustic_wood_setup,single_cake_table,19,bakesmart_rule_generator_v1,4,synthetic_rule_based,pending_expert_review,train,20260817,"Theme-conditioned preferences; cake guest band 8-25; decor-conditioned venue/budget; layout derived from guests, venue and decor."
BSAR1180,anniversary,hall,104,16.2,11.9,192.8,328000,3154,adult,night,gold,traditional,traditional_luxury,two_tier_floral,balloon_setup,two_side_tables,104,bakesmart_rule_generator_v1,5,synthetic_rule_based,pending_expert_review,train,20260817,"Theme-conditioned preferences; cake guest band 45-120; decor-conditioned venue/budget; layout derived from guests, venue and decor."
BSAR1181,baby_shower,restaurant,37,9.6,6.2,59.5,92000,2486,adult,day,blue,elegant,pastel_floral,single_tier_square,minimal_backdrop,cake_and_dessert_table,37,bakesmart_rule_generator_v1,5,synthetic_rule_based,pending_expert_review,train,20260817,"Theme-conditioned preferences; cake guest band 15-40; decor-conditioned venue/budget; layout derived from guests, venue and decor."
BSAR1182,birthday,hall,23,7.6,6.4,48.6,53000,2304,child,day,gold,rustic,modern_minimal,single_tier_round,minimal_backdrop,single_cake_table,23,bakesmart_rule_generator_v1,4,synthetic_rule_based,pending_expert_review,validation,20260817,"Theme-conditioned preferences; cake guest band 8-25; decor-conditioned venue/budget; layout derived from guests, venue and decor."
BSAR1183,baby_shower,home,88,13,7.5,97.5,274000,3114,adult,day,white,rustic,rustic_natural,two_tier_round,balloon_setup,two_side_tables,88,bakesmart_rule_generator_v1,5,synthetic_rule_based,pending_expert_review,validation,20260817,"Theme-conditioned preferences; cake guest band 35-90; decor-conditioned venue/budget; layout derived from guests, venue and decor."
BSAR1184,birthday,home,14,6.3,3.5,22.1,41000,2929,adult,night,gold,rustic,rustic_natural,single_tier_round,balloon_setup,single_cake_table,14,bakesmart_rule_generator_v1,5,synthetic_rule_based,pending_expert_review,test,20260817,"Theme-conditioned preferences; cake guest band 8-25; decor-conditioned venue/budget; layout derived from guests, venue and decor."
BSAR1185,graduation,hall,15,7.9,4.2,33.2,289000,19267,teenager,day,blue,minimal,modern_minimal,single_tier_round,luxury_stage,full_stage_setup,15,bakesmart_rule_generator_v1,5,synthetic_rule_based,pending_expert_review,train,20260817,"Theme-conditioned preferences; cake guest band 8-25; decor-conditioned venue/budget; layout derived from guests, venue and decor."
BSAR1186,graduation,outdoor,19,7.7,5.4,41.6,68000,3579,teenager,day,blue,minimal,modern_minimal,single_tier_round,rustic_wood_setup,single_cake_table,19,bakesmart_rule_generator_v1,5,synthetic_rule_based,pending_expert_review,train,20260817,"Theme-conditioned preferences; cake guest band 8-25; decor-conditioned venue/budget; layout derived from guests, venue and decor."
BSAR1187,anniversary,hall,49,12.5,6.7,83.8,592000,12082,adult,night,red,rustic,rustic_natural,two_tier_round,luxury_stage,full_stage_setup,49,bakesmart_rule_generator_v1,5,synthetic_rule_based,pending_expert_review,train,20260817,"Theme-conditioned preferences; cake guest band 35-90; decor-conditioned venue/budget; layout derived from guests, venue and decor."
BSAR1188,anniversary,hall,202,19.7,16.4,323.1,1441000,7134,mixed,night,gold,elegant,traditional_luxury,three_tier_luxury,luxury_stage,full_stage_setup,202,bakesmart_rule_generator_v1,5,synthetic_rule_based,pending_expert_review,train,20260817,"Theme-conditioned preferences; cake guest band 90-250; decor-conditioned venue/budget; layout derived from guests, venue and decor."
BSAR1189,wedding,restaurant,35,9.5,6.2,58.9,141000,4029,adult,night,red,elegant,elegant_gold,single_tier_square,rustic_wood_setup,cake_and_dessert_table,35,bakesmart_rule_generator_v1,5,synthetic_rule_based,pending_expert_review,train,20260817,"Theme-conditioned preferences; cake guest band 15-40; decor-conditioned venue/budget; layout derived from guests, venue and decor."
BSAR1190,anniversary,hall,99,14.8,8.8,130.2,350000,3535,adult,night,white,elegant,elegant_gold,two_tier_floral,flower_wall,two_side_tables,99,bakesmart_rule_generator_v1,5,synthetic_rule_based,pending_expert_review,train,20260817,"Theme-conditioned preferences; cake guest band 45-120; decor-conditioned venue/budget; layout derived from guests, venue and decor."
BSAR1191,graduation,home,71,9.7,8.6,83.4,141000,1986,adult,day,red,minimal,rustic_natural,two_tier_floral,minimal_backdrop,two_side_tables,71,bakesmart_rule_generator_v1,4,synthetic_rule_based,pending_expert_review,validation,20260817,"Theme-conditioned preferences; cake guest band 45-120; decor-conditioned venue/budget; layout derived from guests, venue and decor."
BSAR1192,graduation,home,58,10.2,6.2,63.2,172000,2966,adult,night,white,elegant,modern_minimal,two_tier_round,balloon_setup,cake_and_dessert_table,58,bakesmart_rule_generator_v1,4,synthetic_rule_based,pending_expert_review,test,20260817,"Theme-conditioned preferences; cake guest band 35-90; decor-conditioned venue/budget; layout derived from guests, venue and decor."
BSAR1193,birthday,hall,51,11.1,6.2,68.8,477000,9353,child,night,purple,colourful,colourful_cartoon,two_tier_round,luxury_stage,full_stage_setup,51,bakesmart_rule_generator_v1,5,synthetic_rule_based,pending_expert_review,train,20260817,"Theme-conditioned preferences; cake guest band 35-90; decor-conditioned venue/budget; layout derived from guests, venue and decor."
BSAR1194,birthday,hall,16,6.4,3.6,23,191000,11938,mixed,day,white,rustic,rustic_natural,single_tier_round,luxury_stage,full_stage_setup,16,bakesmart_rule_generator_v1,5,synthetic_rule_based,pending_expert_review,train,20260817,"Theme-conditioned preferences; cake guest band 8-25; decor-conditioned venue/budget; layout derived from guests, venue and decor."
BSAR1195,wedding,hall,25,8.6,5.1,43.9,98000,3920,adult,night,gold,elegant,elegant_gold,single_tier_round,flower_wall,single_cake_table,25,bakesmart_rule_generator_v1,5,synthetic_rule_based,pending_expert_review,train,20260817,"Theme-conditioned preferences; cake guest band 8-25; decor-conditioned venue/budget; layout derived from guests, venue and decor."
BSAR1196,graduation,home,49,9.7,6.6,64,167000,3408,teenager,day,purple,traditional,traditional_luxury,two_tier_floral,rustic_wood_setup,cake_and_dessert_table,49,bakesmart_rule_generator_v1,5,synthetic_rule_based,pending_expert_review,test,20260817,"Theme-conditioned preferences; cake guest band 45-120; decor-conditioned venue/budget; layout derived from guests, venue and decor."
BSAR1197,anniversary,hall,39,9.2,7,64.4,135000,3462,adult,night,white,minimal,elegant_gold,single_tier_square,flower_wall,cake_and_dessert_table,39,bakesmart_rule_generator_v1,4,synthetic_rule_based,pending_expert_review,validation,20260817,"Theme-conditioned preferences; cake guest band 15-40; decor-conditioned venue/budget; layout derived from guests, venue and decor."
BSAR1198,graduation,restaurant,85,12,10.6,127.2,210000,2471,adult,night,white,minimal,modern_minimal,two_tier_round,rustic_wood_setup,two_side_tables,85,bakesmart_rule_generator_v1,5,synthetic_rule_based,pending_expert_review,test,20260817,"Theme-conditioned preferences; cake guest band 35-90; decor-conditioned venue/budget; layout derived from guests, venue and decor."
BSAR1199,anniversary,home,12,5.5,3.7,20.4,55000,4583,adult,night,mixed,colourful,colourful_cartoon,single_tier_round,flower_wall,single_cake_table,12,bakesmart_rule_generator_v1,3,synthetic_rule_based,pending_expert_review,test,20260817,"Theme-conditioned preferences; cake guest band 8-25; decor-conditioned venue/budget; layout derived from guests, venue and decor."
BSAR1200,graduation,hall,18,6.9,4.3,29.7,272000,15111,teenager,night,gold,traditional,traditional_luxury,single_tier_square,luxury_stage,full_stage_setup,18,bakesmart_rule_generator_v1,5,synthetic_rule_based,pending_expert_review,train,20260817,"Theme-conditioned preferences; cake guest band 15-40; decor-conditioned venue/budget; layout derived from guests, venue and decor."
BSAR1201,birthday,hall,143,17.1,14.1,241.1,836000,5846,child,night,gold,elegant,traditional_luxury,three_tier_luxury,luxury_stage,full_stage_setup,143,bakesmart_rule_generator_v1,5,synthetic_rule_based,pending_expert_review,train,20260817,"Theme-conditioned preferences; cake guest band 90-250; decor-conditioned venue/budget; layout derived from guests, venue and decor."
BSAR1202,wedding,home,81,11,7.4,81.4,248000,3062,adult,night,red,elegant,elegant_gold,two_tier_floral,balloon_setup,two_side_tables,81,bakesmart_rule_generator_v1,5,synthetic_rule_based,pending_expert_review,train,20260817,"Theme-conditioned preferences; cake guest band 45-120; decor-conditioned venue/budget; layout derived from guests, venue and decor."
BSAR1203,wedding,outdoor,238,26.8,16.3,436.8,1170000,4916,adult,night,white,elegant,elegant_gold,three_tier_luxury,flower_wall,two_side_tables,238,bakesmart_rule_generator_v1,5,synthetic_rule_based,pending_expert_review,train,20260817,"Theme-conditioned preferences; cake guest band 90-250; decor-conditioned venue/budget; layout derived from guests, venue and decor."
BSAR1204,baby_shower,hall,140,19.2,12.6,241.9,359000,2564,adult,day,mixed,minimal,modern_minimal,three_tier_luxury,balloon_setup,full_stage_setup,140,bakesmart_rule_generator_v1,5,synthetic_rule_based,pending_expert_review,test,20260817,"Theme-conditioned preferences; cake guest band 90-250; decor-conditioned venue/budget; layout derived from guests, venue and decor."
BSAR1205,baby_shower,restaurant,79,11.1,8.2,91,784000,9924,adult,day,purple,elegant,pastel_floral,two_tier_round,luxury_stage,full_stage_setup,79,bakesmart_rule_generator_v1,4,synthetic_rule_based,pending_expert_review,train,20260817,"Theme-conditioned preferences; cake guest band 35-90; decor-conditioned venue/budget; layout derived from guests, venue and decor."
BSAR1206,baby_shower,outdoor,56,14.1,7.5,105.8,96000,1714,adult,night,mixed,colourful,colourful_cartoon,two_tier_round,balloon_setup,cake_and_dessert_table,56,bakesmart_rule_generator_v1,5,synthetic_rule_based,pending_expert_review,test,20260817,"Theme-conditioned preferences; cake guest band 35-90; decor-conditioned venue/budget; layout derived from guests, venue and decor."
BSAR1207,baby_shower,restaurant,19,7.2,5.1,36.7,219000,11526,adult,night,pink,minimal,pastel_floral,single_tier_square,luxury_stage,full_stage_setup,19,bakesmart_rule_generator_v1,4,synthetic_rule_based,pending_expert_review,train,20260817,"Theme-conditioned preferences; cake guest band 15-40; decor-conditioned venue/budget; layout derived from guests, venue and decor."
BSAR1208,anniversary,restaurant,64,10.3,8.9,91.7,601000,9391,adult,day,gold,elegant,elegant_gold,two_tier_floral,luxury_stage,full_stage_setup,64,bakesmart_rule_generator_v1,4,synthetic_rule_based,pending_expert_review,train,20260817,"Theme-conditioned preferences; cake guest band 45-120; decor-conditioned venue/budget; layout derived from guests, venue and decor."
BSAR1209,wedding,outdoor,104,16.8,10.1,169.7,452000,4346,adult,night,white,minimal,modern_minimal,three_tier_luxury,flower_wall,two_side_tables,104,bakesmart_rule_generator_v1,5,synthetic_rule_based,pending_expert_review,validation,20260817,"Theme-conditioned preferences; cake guest band 90-250; decor-conditioned venue/budget; layout derived from guests, venue and decor."
BSAR1210,graduation,hall,21,7.9,5,39.5,96000,4571,teenager,day,gold,minimal,modern_minimal,single_tier_round,rustic_wood_setup,single_cake_table,21,bakesmart_rule_generator_v1,5,synthetic_rule_based,pending_expert_review,train,20260817,"Theme-conditioned preferences; cake guest band 8-25; decor-conditioned venue/budget; layout derived from guests, venue and decor."
BSAR1211,birthday,home,89,12.8,8.6,110.1,193000,2169,adult,night,mixed,colourful,colourful_cartoon,two_tier_floral,minimal_backdrop,two_side_tables,89,bakesmart_rule_generator_v1,5,synthetic_rule_based,pending_expert_review,test,20260817,"Theme-conditioned preferences; cake guest band 45-120; decor-conditioned venue/budget; layout derived from guests, venue and decor."
BSAR1212,baby_shower,restaurant,59,11.4,7.5,85.5,597000,10119,adult,day,pink,elegant,pastel_floral,two_tier_round,luxury_stage,full_stage_setup,59,bakesmart_rule_generator_v1,4,synthetic_rule_based,pending_expert_review,train,20260817,"Theme-conditioned preferences; cake guest band 35-90; decor-conditioned venue/budget; layout derived from guests, venue and decor."
BSAR1213,anniversary,hall,72,12.7,9.3,118.1,172000,2389,adult,day,pink,colourful,pastel_floral,two_tier_floral,minimal_backdrop,two_side_tables,72,bakesmart_rule_generator_v1,5,synthetic_rule_based,pending_expert_review,train,20260817,"Theme-conditioned preferences; cake guest band 45-120; decor-conditioned venue/budget; layout derived from guests, venue and decor."
BSAR1214,baby_shower,hall,88,12.4,9.9,122.8,117000,1330,adult,day,green,traditional,traditional_luxury,two_tier_round,minimal_backdrop,two_side_tables,88,bakesmart_rule_generator_v1,5,synthetic_rule_based,pending_expert_review,train,20260817,"Theme-conditioned preferences; cake guest band 35-90; decor-conditioned venue/budget; layout derived from guests, venue and decor."
BSAR1215,wedding,hall,51,11.2,7.7,86.2,367000,7196,adult,day,mixed,rustic,rustic_natural,two_tier_round,luxury_stage,full_stage_setup,51,bakesmart_rule_generator_v1,5,synthetic_rule_based,pending_expert_review,train,20260817,"Theme-conditioned preferences; cake guest band 35-90; decor-conditioned venue/budget; layout derived from guests, venue and decor."
BSAR1216,anniversary,restaurant,30,8.6,4.7,40.4,64000,2133,adult,day,blue,rustic,modern_minimal,single_tier_square,minimal_backdrop,cake_and_dessert_table,30,bakesmart_rule_generator_v1,4,synthetic_rule_based,pending_expert_review,train,20260817,"Theme-conditioned preferences; cake guest band 15-40; decor-conditioned venue/budget; layout derived from guests, venue and decor."
BSAR1217,wedding,restaurant,23,7.5,4.9,36.8,56000,2435,mixed,day,red,traditional,traditional_luxury,single_tier_round,balloon_setup,single_cake_table,23,bakesmart_rule_generator_v1,5,synthetic_rule_based,pending_expert_review,test,20260817,"Theme-conditioned preferences; cake guest band 8-25; decor-conditioned venue/budget; layout derived from guests, venue and decor."
BSAR1218,graduation,hall,22,9.2,5.5,50.6,275000,12500,adult,day,pink,colourful,pastel_floral,single_tier_round,luxury_stage,full_stage_setup,22,bakesmart_rule_generator_v1,5,synthetic_rule_based,pending_expert_review,test,20260817,"Theme-conditioned preferences; cake guest band 8-25; decor-conditioned venue/budget; layout derived from guests, venue and decor."
BSAR1219,anniversary,outdoor,23,8.1,5.7,46.2,63000,2739,adult,day,purple,elegant,traditional_luxury,single_tier_round,minimal_backdrop,single_cake_table,23,bakesmart_rule_generator_v1,5,synthetic_rule_based,pending_expert_review,train,20260817,"Theme-conditioned preferences; cake guest band 8-25; decor-conditioned venue/budget; layout derived from guests, venue and decor."
BSAR1220,birthday,home,38,8.3,4.7,39,218000,5737,adult,night,red,elegant,rustic_natural,single_tier_square,flower_wall,cake_and_dessert_table,38,bakesmart_rule_generator_v1,4,synthetic_rule_based,pending_expert_review,train,20260817,"Theme-conditioned preferences; cake guest band 15-40; decor-conditioned venue/budget; layout derived from guests, venue and decor."
BSAR1221,wedding,home,85,13,7.3,94.9,260000,3059,adult,night,purple,traditional,traditional_luxury,two_tier_floral,balloon_setup,two_side_tables,85,bakesmart_rule_generator_v1,5,synthetic_rule_based,pending_expert_review,train,20260817,"Theme-conditioned preferences; cake guest band 45-120; decor-conditioned venue/budget; layout derived from guests, venue and decor."
BSAR1222,wedding,hall,56,11.6,7.6,88.2,133000,2375,adult,night,green,elegant,traditional_luxury,two_tier_round,minimal_backdrop,cake_and_dessert_table,56,bakesmart_rule_generator_v1,5,synthetic_rule_based,pending_expert_review,train,20260817,"Theme-conditioned preferences; cake guest band 35-90; decor-conditioned venue/budget; layout derived from guests, venue and decor."
BSAR1223,graduation,hall,84,13.1,9.8,128.4,379000,4512,adult,night,pink,rustic,pastel_floral,two_tier_floral,flower_wall,two_side_tables,84,bakesmart_rule_generator_v1,4,synthetic_rule_based,pending_expert_review,train,20260817,"Theme-conditioned preferences; cake guest band 45-120; decor-conditioned venue/budget; layout derived from guests, venue and decor."
BSAR1224,graduation,outdoor,21,8.1,5.2,42.1,99000,4714,adult,night,gold,minimal,modern_minimal,single_tier_square,flower_wall,single_cake_table,21,bakesmart_rule_generator_v1,5,synthetic_rule_based,pending_expert_review,test,20260817,"Theme-conditioned preferences; cake guest band 15-40; decor-conditioned venue/budget; layout derived from guests, venue and decor."
BSAR1225,wedding,hall,82,13.4,8.7,116.6,224000,2732,adult,night,blue,minimal,modern_minimal,two_tier_round,flower_wall,two_side_tables,82,bakesmart_rule_generator_v1,5,synthetic_rule_based,pending_expert_review,train,20260817,"Theme-conditioned preferences; cake guest band 35-90; decor-conditioned venue/budget; layout derived from guests, venue and decor."
BSAR1226,anniversary,hall,121,15.7,10.2,160.1,620000,5124,mixed,night,gold,elegant,elegant_gold,three_tier_luxury,flower_wall,full_stage_setup,121,bakesmart_rule_generator_v1,5,synthetic_rule_based,pending_expert_review,train,20260817,"Theme-conditioned preferences; cake guest band 90-250; decor-conditioned venue/budget; layout derived from guests, venue and decor."
BSAR1227,graduation,hall,104,13.1,11.4,149.3,1151000,11067,teenager,night,green,colourful,colourful_cartoon,three_tier_luxury,luxury_stage,full_stage_setup,104,bakesmart_rule_generator_v1,5,synthetic_rule_based,pending_expert_review,train,20260817,"Theme-conditioned preferences; cake guest band 90-250; decor-conditioned venue/budget; layout derived from guests, venue and decor."
BSAR1228,anniversary,home,85,9.2,8.1,74.5,130000,1529,adult,night,gold,elegant,elegant_gold,two_tier_round,minimal_backdrop,two_side_tables,85,bakesmart_rule_generator_v1,5,synthetic_rule_based,pending_expert_review,test,20260817,"Theme-conditioned preferences; cake guest band 35-90; decor-conditioned venue/budget; layout derived from guests, venue and decor."
BSAR1229,graduation,hall,57,14.3,7.8,111.5,396000,6947,mixed,day,gold,elegant,modern_minimal,two_tier_round,luxury_stage,full_stage_setup,57,bakesmart_rule_generator_v1,4,synthetic_rule_based,pending_expert_review,validation,20260817,"Theme-conditioned preferences; cake guest band 35-90; decor-conditioned venue/budget; layout derived from guests, venue and decor."
BSAR1230,wedding,hall,37,10.2,6.9,70.4,451000,12189,mixed,night,white,rustic,rustic_natural,single_tier_square,luxury_stage,full_stage_setup,37,bakesmart_rule_generator_v1,5,synthetic_rule_based,pending_expert_review,test,20260817,"Theme-conditioned preferences; cake guest band 15-40; decor-conditioned venue/budget; layout derived from guests, venue and decor."
BSAR1231,anniversary,hall,140,17.9,13.8,247,596000,4257,adult,day,green,elegant,modern_minimal,three_tier_luxury,flower_wall,full_stage_setup,140,bakesmart_rule_generator_v1,4,synthetic_rule_based,pending_expert_review,train,20260817,"Theme-conditioned preferences; cake guest band 90-250; decor-conditioned venue/budget; layout derived from guests, venue and decor."
BSAR1232,anniversary,restaurant,23,6.6,4.9,32.3,288000,12522,mixed,night,blue,minimal,modern_minimal,single_tier_round,luxury_stage,full_stage_setup,23,bakesmart_rule_generator_v1,4,synthetic_rule_based,pending_expert_review,train,20260817,"Theme-conditioned preferences; cake guest band 8-25; decor-conditioned venue/budget; layout derived from guests, venue and decor."
BSAR1233,wedding,restaurant,15,6.5,5.3,34.4,104000,6933,adult,day,red,elegant,traditional_luxury,single_tier_square,flower_wall,single_cake_table,15,bakesmart_rule_generator_v1,5,synthetic_rule_based,pending_expert_review,train,20260817,"Theme-conditioned preferences; cake guest band 15-40; decor-conditioned venue/budget; layout derived from guests, venue and decor."
BSAR1234,birthday,outdoor,105,14.6,9.8,143.1,457000,4352,child,night,pink,traditional,pastel_floral,two_tier_floral,rustic_wood_setup,two_side_tables,105,bakesmart_rule_generator_v1,4,synthetic_rule_based,pending_expert_review,validation,20260817,"Theme-conditioned preferences; cake guest band 45-120; decor-conditioned venue/budget; layout derived from guests, venue and decor."
BSAR1235,anniversary,home,31,7.5,4.1,30.7,83000,2677,adult,night,gold,elegant,elegant_gold,single_tier_square,minimal_backdrop,cake_and_dessert_table,31,bakesmart_rule_generator_v1,5,synthetic_rule_based,pending_expert_review,train,20260817,"Theme-conditioned preferences; cake guest band 15-40; decor-conditioned venue/budget; layout derived from guests, venue and decor."
BSAR1236,birthday,home,115,13,11,143,291000,2530,child,day,green,minimal,rustic_natural,two_tier_floral,balloon_setup,two_side_tables,115,bakesmart_rule_generator_v1,4,synthetic_rule_based,pending_expert_review,validation,20260817,"Theme-conditioned preferences; cake guest band 45-120; decor-conditioned venue/budget; layout derived from guests, venue and decor."
BSAR1237,wedding,restaurant,13,6.9,4.2,29,33000,2538,mixed,night,purple,elegant,elegant_gold,single_tier_round,minimal_backdrop,single_cake_table,13,bakesmart_rule_generator_v1,5,synthetic_rule_based,pending_expert_review,train,20260817,"Theme-conditioned preferences; cake guest band 8-25; decor-conditioned venue/budget; layout derived from guests, venue and decor."
BSAR1238,graduation,outdoor,132,17.4,10.8,187.9,371000,2811,adult,night,purple,traditional,pastel_floral,three_tier_luxury,rustic_wood_setup,two_side_tables,132,bakesmart_rule_generator_v1,4,synthetic_rule_based,pending_expert_review,train,20260817,"Theme-conditioned preferences; cake guest band 90-250; decor-conditioned venue/budget; layout derived from guests, venue and decor."
BSAR1239,birthday,hall,80,11.5,10.1,116.2,694000,8675,child,day,pink,colourful,colourful_cartoon,two_tier_floral,luxury_stage,full_stage_setup,80,bakesmart_rule_generator_v1,5,synthetic_rule_based,pending_expert_review,train,20260817,"Theme-conditioned preferences; cake guest band 45-120; decor-conditioned venue/budget; layout derived from guests, venue and decor."
BSAR1240,birthday,restaurant,84,11.2,8.5,95.2,198000,2357,child,night,red,elegant,colourful_cartoon,two_tier_round,balloon_setup,two_side_tables,84,bakesmart_rule_generator_v1,4,synthetic_rule_based,pending_expert_review,train,20260817,"Theme-conditioned preferences; cake guest band 35-90; decor-conditioned venue/budget; layout derived from guests, venue and decor."
BSAR1241,baby_shower,home,102,12.9,7.5,96.8,307000,3010,adult,night,gold,elegant,traditional_luxury,three_tier_luxury,balloon_setup,two_side_tables,102,bakesmart_rule_generator_v1,5,synthetic_rule_based,pending_expert_review,train,20260817,"Theme-conditioned preferences; cake guest band 90-250; decor-conditioned venue/budget; layout derived from guests, venue and decor."
BSAR1242,graduation,outdoor,71,14,8.6,120.4,206000,2901,adult,night,gold,minimal,modern_minimal,two_tier_round,balloon_setup,two_side_tables,71,bakesmart_rule_generator_v1,5,synthetic_rule_based,pending_expert_review,train,20260817,"Theme-conditioned preferences; cake guest band 35-90; decor-conditioned venue/budget; layout derived from guests, venue and decor."
BSAR1243,wedding,home,50,9.1,5.6,51,157000,3140,mixed,night,white,traditional,elegant_gold,two_tier_round,flower_wall,cake_and_dessert_table,50,bakesmart_rule_generator_v1,4,synthetic_rule_based,pending_expert_review,train,20260817,"Theme-conditioned preferences; cake guest band 35-90; decor-conditioned venue/budget; layout derived from guests, venue and decor."
BSAR1244,baby_shower,hall,43,9.5,5.5,52.3,103000,2395,adult,night,pink,minimal,pastel_floral,two_tier_round,balloon_setup,cake_and_dessert_table,43,bakesmart_rule_generator_v1,4,synthetic_rule_based,pending_expert_review,train,20260817,"Theme-conditioned preferences; cake guest band 35-90; decor-conditioned venue/budget; layout derived from guests, venue and decor."
BSAR1245,baby_shower,hall,126,14.7,13.1,192.6,1025000,8135,adult,day,white,elegant,modern_minimal,three_tier_luxury,luxury_stage,full_stage_setup,126,bakesmart_rule_generator_v1,4,synthetic_rule_based,pending_expert_review,train,20260817,"Theme-conditioned preferences; cake guest band 90-250; decor-conditioned venue/budget; layout derived from guests, venue and decor."
BSAR1246,birthday,home,74,12.7,7.1,90.2,206000,2784,teenager,day,green,colourful,colourful_cartoon,two_tier_round,flower_wall,two_side_tables,74,bakesmart_rule_generator_v1,5,synthetic_rule_based,pending_expert_review,test,20260817,"Theme-conditioned preferences; cake guest band 35-90; decor-conditioned venue/budget; layout derived from guests, venue and decor."
BSAR1247,wedding,hall,84,14.7,10.4,152.9,423000,5036,adult,night,gold,elegant,elegant_gold,two_tier_floral,flower_wall,two_side_tables,84,bakesmart_rule_generator_v1,5,synthetic_rule_based,pending_expert_review,test,20260817,"Theme-conditioned preferences; cake guest band 45-120; decor-conditioned venue/budget; layout derived from guests, venue and decor."
BSAR1248,birthday,hall,105,17.1,9.3,159,240000,2286,adult,night,mixed,minimal,colourful_cartoon,two_tier_floral,minimal_backdrop,two_side_tables,105,bakesmart_rule_generator_v1,4,synthetic_rule_based,pending_expert_review,test,20260817,"Theme-conditioned preferences; cake guest band 45-120; decor-conditioned venue/budget; layout derived from guests, venue and decor."
BSAR1249,birthday,outdoor,44,11,8.2,90.2,208000,4727,child,day,white,elegant,pastel_floral,two_tier_round,flower_wall,cake_and_dessert_table,44,bakesmart_rule_generator_v1,5,synthetic_rule_based,pending_expert_review,validation,20260817,"Theme-conditioned preferences; cake guest band 35-90; decor-conditioned venue/budget; layout derived from guests, venue and decor."
BSAR1250,baby_shower,home,29,7.9,5.6,44.2,133000,4586,adult,day,red,traditional,colourful_cartoon,single_tier_square,flower_wall,single_cake_table,29,bakesmart_rule_generator_v1,4,synthetic_rule_based,pending_expert_review,train,20260817,"Theme-conditioned preferences; cake guest band 15-40; decor-conditioned venue/budget; layout derived from guests, venue and decor."
BSAR1251,anniversary,outdoor,21,8.7,5.8,50.5,138000,6571,adult,night,gold,elegant,traditional_luxury,single_tier_round,flower_wall,single_cake_table,21,bakesmart_rule_generator_v1,5,synthetic_rule_based,pending_expert_review,train,20260817,"Theme-conditioned preferences; cake guest band 8-25; decor-conditioned venue/budget; layout derived from guests, venue and decor."
BSAR1252,birthday,home,96,13.5,8.3,112.1,214000,2229,adult,day,pink,colourful,pastel_floral,two_tier_floral,balloon_setup,two_side_tables,96,bakesmart_rule_generator_v1,5,synthetic_rule_based,pending_expert_review,test,20260817,"Theme-conditioned preferences; cake guest band 45-120; decor-conditioned venue/budget; layout derived from guests, venue and decor."
BSAR1253,birthday,outdoor,20,7.6,4.1,31.2,63000,3150,teenager,night,blue,traditional,pastel_floral,single_tier_square,rustic_wood_setup,single_cake_table,20,bakesmart_rule_generator_v1,4,synthetic_rule_based,pending_expert_review,validation,20260817,"Theme-conditioned preferences; cake guest band 15-40; decor-conditioned venue/budget; layout derived from guests, venue and decor."
BSAR1254,graduation,outdoor,97,15.4,11.5,177.1,721000,7433,mixed,day,pink,rustic,pastel_floral,three_tier_luxury,luxury_stage,full_stage_setup,97,bakesmart_rule_generator_v1,4,synthetic_rule_based,pending_expert_review,validation,20260817,"Theme-conditioned preferences; cake guest band 90-250; decor-conditioned venue/budget; layout derived from guests, venue and decor."
BSAR1255,graduation,hall,52,11,7.3,80.3,303000,5827,teenager,day,green,rustic,rustic_natural,two_tier_round,luxury_stage,full_stage_setup,52,bakesmart_rule_generator_v1,5,synthetic_rule_based,pending_expert_review,validation,20260817,"Theme-conditioned preferences; cake guest band 35-90; decor-conditioned venue/budget; layout derived from guests, venue and decor."
BSAR1256,wedding,home,59,11.3,7,79.1,177000,3000,adult,night,white,elegant,elegant_gold,two_tier_round,balloon_setup,cake_and_dessert_table,59,bakesmart_rule_generator_v1,5,synthetic_rule_based,pending_expert_review,train,20260817,"Theme-conditioned preferences; cake guest band 35-90; decor-conditioned venue/budget; layout derived from guests, venue and decor."
BSAR1257,baby_shower,home,9,5.4,4.6,24.8,44000,4889,adult,night,pink,colourful,pastel_floral,single_tier_round,balloon_setup,single_cake_table,9,bakesmart_rule_generator_v1,5,synthetic_rule_based,pending_expert_review,train,20260817,"Theme-conditioned preferences; cake guest band 8-25; decor-conditioned venue/budget; layout derived from guests, venue and decor."
BSAR1258,baby_shower,home,27,5.7,5.1,29.1,69000,2556,adult,night,pink,minimal,pastel_floral,single_tier_square,minimal_backdrop,single_cake_table,27,bakesmart_rule_generator_v1,4,synthetic_rule_based,pending_expert_review,train,20260817,"Theme-conditioned preferences; cake guest band 15-40; decor-conditioned venue/budget; layout derived from guests, venue and decor."
BSAR1259,baby_shower,hall,60,11.7,8,93.6,597000,9950,adult,night,pink,colourful,colourful_cartoon,two_tier_round,luxury_stage,full_stage_setup,60,bakesmart_rule_generator_v1,5,synthetic_rule_based,pending_expert_review,train,20260817,"Theme-conditioned preferences; cake guest band 35-90; decor-conditioned venue/budget; layout derived from guests, venue and decor."
BSAR1260,anniversary,restaurant,127,11.9,10.2,121.4,549000,4323,adult,night,mixed,elegant,elegant_gold,three_tier_luxury,rustic_wood_setup,two_side_tables,127,bakesmart_rule_generator_v1,5,synthetic_rule_based,pending_expert_review,train,20260817,"Theme-conditioned preferences; cake guest band 90-250; decor-conditioned venue/budget; layout derived from guests, venue and decor."
BSAR1261,wedding,outdoor,9,7.8,4.3,33.5,36000,4000,adult,night,purple,minimal,pastel_floral,single_tier_round,balloon_setup,single_cake_table,9,bakesmart_rule_generator_v1,4,synthetic_rule_based,pending_expert_review,train,20260817,"Theme-conditioned preferences; cake guest band 8-25; decor-conditioned venue/budget; layout derived from guests, venue and decor."
BSAR1262,wedding,hall,34,11.3,6.2,70.1,436000,12824,adult,night,gold,elegant,traditional_luxury,single_tier_square,luxury_stage,full_stage_setup,34,bakesmart_rule_generator_v1,5,synthetic_rule_based,pending_expert_review,test,20260817,"Theme-conditioned preferences; cake guest band 15-40; decor-conditioned venue/budget; layout derived from guests, venue and decor."
BSAR1263,wedding,outdoor,20,8.3,4.4,36.5,80000,4000,adult,day,gold,traditional,elegant_gold,single_tier_square,balloon_setup,single_cake_table,20,bakesmart_rule_generator_v1,4,synthetic_rule_based,pending_expert_review,train,20260817,"Theme-conditioned preferences; cake guest band 15-40; decor-conditioned venue/budget; layout derived from guests, venue and decor."
BSAR1264,birthday,home,45,9.1,6.2,56.4,163000,3622,child,day,pink,elegant,pastel_floral,two_tier_floral,balloon_setup,cake_and_dessert_table,45,bakesmart_rule_generator_v1,5,synthetic_rule_based,pending_expert_review,train,20260817,"Theme-conditioned preferences; cake guest band 45-120; decor-conditioned venue/budget; layout derived from guests, venue and decor."
BSAR1265,anniversary,home,152,16.5,9.5,156.8,666000,4382,adult,night,gold,traditional,traditional_luxury,three_tier_luxury,rustic_wood_setup,two_side_tables,152,bakesmart_rule_generator_v1,5,synthetic_rule_based,pending_expert_review,train,20260817,"Theme-conditioned preferences; cake guest band 90-250; decor-conditioned venue/budget; layout derived from guests, venue and decor."
BSAR1266,wedding,hall,216,21.4,13,278.2,574000,2657,mixed,night,green,minimal,rustic_natural,three_tier_luxury,minimal_backdrop,full_stage_setup,216,bakesmart_rule_generator_v1,4,synthetic_rule_based,pending_expert_review,validation,20260817,"Theme-conditioned preferences; cake guest band 90-250; decor-conditioned venue/budget; layout derived from guests, venue and decor."
BSAR1267,baby_shower,hall,235,22.5,13,292.5,1469000,6251,adult,night,green,rustic,rustic_natural,three_tier_luxury,luxury_stage,full_stage_setup,235,bakesmart_rule_generator_v1,5,synthetic_rule_based,pending_expert_review,train,20260817,"Theme-conditioned preferences; cake guest band 90-250; decor-conditioned venue/budget; layout derived from guests, venue and decor."
BSAR1268,birthday,outdoor,91,17.5,10.6,185.5,275000,3022,teenager,day,white,elegant,pastel_floral,two_tier_floral,flower_wall,two_side_tables,91,bakesmart_rule_generator_v1,5,synthetic_rule_based,pending_expert_review,test,20260817,"Theme-conditioned preferences; cake guest band 45-120; decor-conditioned venue/budget; layout derived from guests, venue and decor."
BSAR1269,wedding,home,11,5.9,3.9,23,30000,2727,adult,night,pink,minimal,colourful_cartoon,single_tier_round,minimal_backdrop,single_cake_table,11,bakesmart_rule_generator_v1,3,synthetic_rule_based,pending_expert_review,train,20260817,"Theme-conditioned preferences; cake guest band 8-25; decor-conditioned venue/budget; layout derived from guests, venue and decor."
BSAR1270,wedding,hall,64,12.4,8.1,100.4,642000,10031,adult,day,gold,traditional,traditional_luxury,two_tier_round,luxury_stage,full_stage_setup,64,bakesmart_rule_generator_v1,5,synthetic_rule_based,pending_expert_review,train,20260817,"Theme-conditioned preferences; cake guest band 35-90; decor-conditioned venue/budget; layout derived from guests, venue and decor."
BSAR1271,wedding,hall,151,22.4,12.2,273.3,964000,6384,mixed,night,mixed,elegant,elegant_gold,three_tier_luxury,luxury_stage,full_stage_setup,151,bakesmart_rule_generator_v1,5,synthetic_rule_based,pending_expert_review,test,20260817,"Theme-conditioned preferences; cake guest band 90-250; decor-conditioned venue/budget; layout derived from guests, venue and decor."
BSAR1272,birthday,outdoor,29,9.7,6.6,64,138000,4759,child,day,red,traditional,traditional_luxury,single_tier_square,rustic_wood_setup,single_cake_table,29,bakesmart_rule_generator_v1,5,synthetic_rule_based,pending_expert_review,train,20260817,"Theme-conditioned preferences; cake guest band 15-40; decor-conditioned venue/budget; layout derived from guests, venue and decor."
BSAR1273,graduation,outdoor,249,19.9,17.2,342.3,586000,2353,mixed,day,blue,minimal,modern_minimal,three_tier_luxury,balloon_setup,two_side_tables,249,bakesmart_rule_generator_v1,5,synthetic_rule_based,pending_expert_review,train,20260817,"Theme-conditioned preferences; cake guest band 90-250; decor-conditioned venue/budget; layout derived from guests, venue and decor."
BSAR1274,graduation,hall,218,22.7,15.5,351.8,1035000,4748,mixed,day,blue,minimal,colourful_cartoon,three_tier_luxury,flower_wall,full_stage_setup,218,bakesmart_rule_generator_v1,4,synthetic_rule_based,pending_expert_review,train,20260817,"Theme-conditioned preferences; cake guest band 90-250; decor-conditioned venue/budget; layout derived from guests, venue and decor."
BSAR1275,birthday,home,32,7.5,4.6,34.5,82000,2563,mixed,day,blue,colourful,colourful_cartoon,single_tier_square,balloon_setup,cake_and_dessert_table,32,bakesmart_rule_generator_v1,5,synthetic_rule_based,pending_expert_review,train,20260817,"Theme-conditioned preferences; cake guest band 15-40; decor-conditioned venue/budget; layout derived from guests, venue and decor."
BSAR1276,baby_shower,outdoor,49,12.1,7.8,94.4,268000,5469,adult,day,pink,traditional,pastel_floral,two_tier_round,flower_wall,cake_and_dessert_table,49,bakesmart_rule_generator_v1,4,synthetic_rule_based,pending_expert_review,test,20260817,"Theme-conditioned preferences; cake guest band 35-90; decor-conditioned venue/budget; layout derived from guests, venue and decor."
BSAR1277,graduation,hall,8,5.2,4.2,21.8,31000,3875,teenager,night,white,elegant,elegant_gold,single_tier_round,balloon_setup,single_cake_table,8,bakesmart_rule_generator_v1,5,synthetic_rule_based,pending_expert_review,train,20260817,"Theme-conditioned preferences; cake guest band 8-25; decor-conditioned venue/budget; layout derived from guests, venue and decor."
BSAR1278,birthday,restaurant,75,12.2,7.5,91.5,204000,2720,child,day,white,elegant,modern_minimal,two_tier_round,minimal_backdrop,two_side_tables,75,bakesmart_rule_generator_v1,4,synthetic_rule_based,pending_expert_review,train,20260817,"Theme-conditioned preferences; cake guest band 35-90; decor-conditioned venue/budget; layout derived from guests, venue and decor."
BSAR1279,baby_shower,outdoor,65,13.5,10.8,145.8,173000,2662,mixed,day,white,colourful,pastel_floral,two_tier_round,rustic_wood_setup,cake_and_dessert_table,65,bakesmart_rule_generator_v1,5,synthetic_rule_based,pending_expert_review,train,20260817,"Theme-conditioned preferences; cake guest band 35-90; decor-conditioned venue/budget; layout derived from guests, venue and decor."
BSAR1280,birthday,outdoor,71,16,8.6,137.6,204000,2873,child,day,mixed,minimal,colourful_cartoon,two_tier_round,rustic_wood_setup,two_side_tables,71,bakesmart_rule_generator_v1,4,synthetic_rule_based,pending_expert_review,test,20260817,"Theme-conditioned preferences; cake guest band 35-90; decor-conditioned venue/budget; layout derived from guests, venue and decor."
BSAR1281,anniversary,restaurant,140,15.1,10.5,158.5,237000,1693,mixed,night,white,minimal,modern_minimal,three_tier_luxury,minimal_backdrop,two_side_tables,140,bakesmart_rule_generator_v1,5,synthetic_rule_based,pending_expert_review,train,20260817,"Theme-conditioned preferences; cake guest band 90-250; decor-conditioned venue/budget; layout derived from guests, venue and decor."
BSAR1282,birthday,hall,193,23.9,12.8,305.9,568000,2943,child,night,white,minimal,modern_minimal,three_tier_luxury,flower_wall,full_stage_setup,193,bakesmart_rule_generator_v1,5,synthetic_rule_based,pending_expert_review,validation,20260817,"Theme-conditioned preferences; cake guest band 90-250; decor-conditioned venue/budget; layout derived from guests, venue and decor."
BSAR1283,birthday,restaurant,35,9.4,5.8,54.5,196000,5600,child,day,purple,colourful,colourful_cartoon,single_tier_square,flower_wall,cake_and_dessert_table,35,bakesmart_rule_generator_v1,5,synthetic_rule_based,pending_expert_review,train,20260817,"Theme-conditioned preferences; cake guest band 15-40; decor-conditioned venue/budget; layout derived from guests, venue and decor."
BSAR1284,birthday,hall,69,13.7,9.2,126,169000,2449,child,day,mixed,colourful,colourful_cartoon,two_tier_round,balloon_setup,cake_and_dessert_table,69,bakesmart_rule_generator_v1,5,synthetic_rule_based,pending_expert_review,train,20260817,"Theme-conditioned preferences; cake guest band 35-90; decor-conditioned venue/budget; layout derived from guests, venue and decor."
BSAR1285,wedding,hall,13,6.4,5.3,33.9,238000,18308,adult,day,white,minimal,modern_minimal,single_tier_round,luxury_stage,full_stage_setup,13,bakesmart_rule_generator_v1,5,synthetic_rule_based,pending_expert_review,train,20260817,"Theme-conditioned preferences; cake guest band 8-25; decor-conditioned venue/budget; layout derived from guests, venue and decor."
BSAR1286,wedding,hall,75,12.5,10.3,128.8,160000,2133,adult,night,gold,elegant,elegant_gold,two_tier_round,balloon_setup,two_side_tables,75,bakesmart_rule_generator_v1,5,synthetic_rule_based,pending_expert_review,train,20260817,"Theme-conditioned preferences; cake guest band 35-90; decor-conditioned venue/budget; layout derived from guests, venue and decor."
BSAR1287,wedding,outdoor,66,15.1,9,135.9,228000,3455,adult,night,red,traditional,traditional_luxury,two_tier_floral,rustic_wood_setup,cake_and_dessert_table,66,bakesmart_rule_generator_v1,5,synthetic_rule_based,pending_expert_review,train,20260817,"Theme-conditioned preferences; cake guest band 45-120; decor-conditioned venue/budget; layout derived from guests, venue and decor."
BSAR1288,birthday,outdoor,15,9.1,5,45.5,41000,2733,teenager,day,blue,elegant,colourful_cartoon,single_tier_round,minimal_backdrop,single_cake_table,15,bakesmart_rule_generator_v1,4,synthetic_rule_based,pending_expert_review,validation,20260817,"Theme-conditioned preferences; cake guest band 8-25; decor-conditioned venue/budget; layout derived from guests, venue and decor."
BSAR1289,wedding,home,65,9.3,8.4,78.1,160000,2462,mixed,day,purple,colourful,pastel_floral,two_tier_round,balloon_setup,cake_and_dessert_table,65,bakesmart_rule_generator_v1,5,synthetic_rule_based,pending_expert_review,train,20260817,"Theme-conditioned preferences; cake guest band 35-90; decor-conditioned venue/budget; layout derived from guests, venue and decor."
BSAR1290,birthday,hall,230,24.2,14,338.8,2179000,9474,teenager,night,blue,colourful,colourful_cartoon,three_tier_luxury,luxury_stage,full_stage_setup,230,bakesmart_rule_generator_v1,5,synthetic_rule_based,pending_expert_review,train,20260817,"Theme-conditioned preferences; cake guest band 90-250; decor-conditioned venue/budget; layout derived from guests, venue and decor."
BSAR1291,wedding,restaurant,22,6.9,5.8,40,51000,2318,adult,day,white,elegant,elegant_gold,single_tier_round,minimal_backdrop,single_cake_table,22,bakesmart_rule_generator_v1,5,synthetic_rule_based,pending_expert_review,train,20260817,"Theme-conditioned preferences; cake guest band 8-25; decor-conditioned venue/budget; layout derived from guests, venue and decor."
BSAR1292,anniversary,home,45,10.3,6.1,62.8,144000,3200,adult,night,purple,elegant,elegant_gold,two_tier_round,rustic_wood_setup,cake_and_dessert_table,45,bakesmart_rule_generator_v1,5,synthetic_rule_based,pending_expert_review,train,20260817,"Theme-conditioned preferences; cake guest band 35-90; decor-conditioned venue/budget; layout derived from guests, venue and decor."
BSAR1293,birthday,hall,78,11.1,10.1,112.1,500000,6410,mixed,night,pink,colourful,colourful_cartoon,two_tier_floral,luxury_stage,full_stage_setup,78,bakesmart_rule_generator_v1,5,synthetic_rule_based,pending_expert_review,train,20260817,"Theme-conditioned preferences; cake guest band 45-120; decor-conditioned venue/budget; layout derived from guests, venue and decor."
BSAR1294,anniversary,restaurant,120,14.5,9.4,136.3,177000,1475,adult,day,gold,traditional,elegant_gold,two_tier_floral,minimal_backdrop,two_side_tables,120,bakesmart_rule_generator_v1,4,synthetic_rule_based,pending_expert_review,train,20260817,"Theme-conditioned preferences; cake guest band 45-120; decor-conditioned venue/budget; layout derived from guests, venue and decor."
BSAR1295,birthday,restaurant,62,11.7,7.7,90.1,150000,2419,teenager,day,red,elegant,colourful_cartoon,two_tier_floral,minimal_backdrop,cake_and_dessert_table,62,bakesmart_rule_generator_v1,4,synthetic_rule_based,pending_expert_review,train,20260817,"Theme-conditioned preferences; cake guest band 45-120; decor-conditioned venue/budget; layout derived from guests, venue and decor."
BSAR1296,anniversary,restaurant,68,10,8.7,87,100000,1471,adult,night,purple,elegant,elegant_gold,two_tier_round,minimal_backdrop,cake_and_dessert_table,68,bakesmart_rule_generator_v1,5,synthetic_rule_based,pending_expert_review,validation,20260817,"Theme-conditioned preferences; cake guest band 35-90; decor-conditioned venue/budget; layout derived from guests, venue and decor."
BSAR1297,wedding,restaurant,195,17.3,12.2,211.1,552000,2831,adult,night,gold,elegant,traditional_luxury,three_tier_luxury,balloon_setup,two_side_tables,195,bakesmart_rule_generator_v1,5,synthetic_rule_based,pending_expert_review,train,20260817,"Theme-conditioned preferences; cake guest band 90-250; decor-conditioned venue/budget; layout derived from guests, venue and decor."
BSAR1298,birthday,home,10,6.4,3.9,25,77000,7700,child,night,mixed,colourful,colourful_cartoon,single_tier_round,flower_wall,single_cake_table,10,bakesmart_rule_generator_v1,5,synthetic_rule_based,pending_expert_review,test,20260817,"Theme-conditioned preferences; cake guest band 8-25; decor-conditioned venue/budget; layout derived from guests, venue and decor."
BSAR1299,graduation,home,23,7.2,4.2,30.2,59000,2565,teenager,night,white,minimal,modern_minimal,single_tier_round,minimal_backdrop,single_cake_table,23,bakesmart_rule_generator_v1,5,synthetic_rule_based,pending_expert_review,train,20260817,"Theme-conditioned preferences; cake guest band 8-25; decor-conditioned venue/budget; layout derived from guests, venue and decor."
BSAR1300,anniversary,home,147,15.1,10.6,160.1,242000,1646,mixed,day,white,minimal,modern_minimal,three_tier_luxury,minimal_backdrop,two_side_tables,147,bakesmart_rule_generator_v1,5,synthetic_rule_based,pending_expert_review,validation,20260817,"Theme-conditioned preferences; cake guest band 90-250; decor-conditioned venue/budget; layout derived from guests, venue and decor."
BSAR1301,wedding,hall,141,19.6,11.1,217.6,913000,6475,adult,day,white,minimal,modern_minimal,three_tier_luxury,luxury_stage,full_stage_setup,141,bakesmart_rule_generator_v1,5,synthetic_rule_based,pending_expert_review,validation,20260817,"Theme-conditioned preferences; cake guest band 90-250; decor-conditioned venue/budget; layout derived from guests, venue and decor."
BSAR1302,wedding,restaurant,235,19,13,247,402000,1711,adult,day,gold,elegant,traditional_luxury,three_tier_luxury,balloon_setup,two_side_tables,235,bakesmart_rule_generator_v1,5,synthetic_rule_based,pending_expert_review,train,20260817,"Theme-conditioned preferences; cake guest band 90-250; decor-conditioned venue/budget; layout derived from guests, venue and decor."
BSAR1303,birthday,home,15,5.9,4.4,26,41000,2733,teenager,day,white,rustic,modern_minimal,single_tier_round,minimal_backdrop,single_cake_table,15,bakesmart_rule_generator_v1,4,synthetic_rule_based,pending_expert_review,train,20260817,"Theme-conditioned preferences; cake guest band 8-25; decor-conditioned venue/budget; layout derived from guests, venue and decor."
BSAR1304,anniversary,hall,15,7.2,5,36,182000,12133,adult,day,white,minimal,modern_minimal,single_tier_round,luxury_stage,full_stage_setup,15,bakesmart_rule_generator_v1,5,synthetic_rule_based,pending_expert_review,validation,20260817,"Theme-conditioned preferences; cake guest band 8-25; decor-conditioned venue/budget; layout derived from guests, venue and decor."
BSAR1305,wedding,home,37,8.6,6.5,55.9,91000,2459,adult,day,green,traditional,traditional_luxury,two_tier_round,rustic_wood_setup,cake_and_dessert_table,37,bakesmart_rule_generator_v1,5,synthetic_rule_based,pending_expert_review,train,20260817,"Theme-conditioned preferences; cake guest band 35-90; decor-conditioned venue/budget; layout derived from guests, venue and decor."
BSAR1306,birthday,outdoor,24,7.4,6.5,48.1,53000,2208,adult,day,blue,elegant,pastel_floral,single_tier_round,rustic_wood_setup,single_cake_table,24,bakesmart_rule_generator_v1,5,synthetic_rule_based,pending_expert_review,validation,20260817,"Theme-conditioned preferences; cake guest band 8-25; decor-conditioned venue/budget; layout derived from guests, venue and decor."
BSAR1307,graduation,home,23,7.2,4.9,35.3,73000,3174,teenager,night,mixed,minimal,modern_minimal,single_tier_round,minimal_backdrop,single_cake_table,23,bakesmart_rule_generator_v1,5,synthetic_rule_based,pending_expert_review,train,20260817,"Theme-conditioned preferences; cake guest band 8-25; decor-conditioned venue/budget; layout derived from guests, venue and decor."
BSAR1308,birthday,restaurant,27,9.1,4.9,44.6,83000,3074,adult,day,red,colourful,colourful_cartoon,single_tier_square,rustic_wood_setup,single_cake_table,27,bakesmart_rule_generator_v1,5,synthetic_rule_based,pending_expert_review,validation,20260817,"Theme-conditioned preferences; cake guest band 15-40; decor-conditioned venue/budget; layout derived from guests, venue and decor."
BSAR1309,birthday,outdoor,108,16.7,9.7,162,403000,3731,child,day,gold,elegant,elegant_gold,three_tier_luxury,rustic_wood_setup,two_side_tables,108,bakesmart_rule_generator_v1,5,synthetic_rule_based,pending_expert_review,train,20260817,"Theme-conditioned preferences; cake guest band 90-250; decor-conditioned venue/budget; layout derived from guests, venue and decor."
BSAR1310,anniversary,hall,32,10.6,6.4,67.8,332000,10375,mixed,night,gold,elegant,traditional_luxury,single_tier_square,luxury_stage,full_stage_setup,32,bakesmart_rule_generator_v1,5,synthetic_rule_based,pending_expert_review,train,20260817,"Theme-conditioned preferences; cake guest band 15-40; decor-conditioned venue/budget; layout derived from guests, venue and decor."
BSAR1311,wedding,outdoor,69,12.9,11.4,147.1,248000,3594,adult,night,white,traditional,traditional_luxury,two_tier_round,flower_wall,cake_and_dessert_table,69,bakesmart_rule_generator_v1,5,synthetic_rule_based,pending_expert_review,train,20260817,"Theme-conditioned preferences; cake guest band 35-90; decor-conditioned venue/budget; layout derived from guests, venue and decor."
BSAR1312,birthday,hall,226,21.5,17.3,372,2064000,9133,child,night,white,minimal,modern_minimal,three_tier_luxury,luxury_stage,full_stage_setup,226,bakesmart_rule_generator_v1,5,synthetic_rule_based,pending_expert_review,train,20260817,"Theme-conditioned preferences; cake guest band 90-250; decor-conditioned venue/budget; layout derived from guests, venue and decor."
BSAR1313,birthday,hall,12,5,4.3,21.5,55000,4583,adult,day,green,colourful,colourful_cartoon,single_tier_round,rustic_wood_setup,single_cake_table,12,bakesmart_rule_generator_v1,5,synthetic_rule_based,pending_expert_review,train,20260817,"Theme-conditioned preferences; cake guest band 8-25; decor-conditioned venue/budget; layout derived from guests, venue and decor."
BSAR1314,anniversary,restaurant,45,9.2,7.7,70.8,277000,6156,mixed,day,gold,elegant,modern_minimal,two_tier_floral,flower_wall,cake_and_dessert_table,45,bakesmart_rule_generator_v1,4,synthetic_rule_based,pending_expert_review,test,20260817,"Theme-conditioned preferences; cake guest band 45-120; decor-conditioned venue/budget; layout derived from guests, venue and decor."
BSAR1315,baby_shower,restaurant,12,5.1,3.7,18.9,53000,4417,adult,day,mixed,minimal,pastel_floral,single_tier_round,rustic_wood_setup,single_cake_table,12,bakesmart_rule_generator_v1,4,synthetic_rule_based,pending_expert_review,train,20260817,"Theme-conditioned preferences; cake guest band 8-25; decor-conditioned venue/budget; layout derived from guests, venue and decor."
BSAR1316,wedding,outdoor,18,7.4,4.3,31.8,51000,2833,adult,day,blue,minimal,modern_minimal,single_tier_round,balloon_setup,single_cake_table,18,bakesmart_rule_generator_v1,5,synthetic_rule_based,pending_expert_review,train,20260817,"Theme-conditioned preferences; cake guest band 8-25; decor-conditioned venue/budget; layout derived from guests, venue and decor."
BSAR1317,anniversary,hall,109,16.8,11.9,199.9,439000,4028,mixed,night,blue,minimal,pastel_floral,three_tier_luxury,rustic_wood_setup,two_side_tables,109,bakesmart_rule_generator_v1,4,synthetic_rule_based,pending_expert_review,test,20260817,"Theme-conditioned preferences; cake guest band 90-250; decor-conditioned venue/budget; layout derived from guests, venue and decor."
BSAR1318,wedding,hall,100,16.4,10.9,178.8,558000,5580,mixed,day,gold,traditional,traditional_luxury,three_tier_luxury,flower_wall,two_side_tables,100,bakesmart_rule_generator_v1,5,synthetic_rule_based,pending_expert_review,train,20260817,"Theme-conditioned preferences; cake guest band 90-250; decor-conditioned venue/budget; layout derived from guests, venue and decor."
BSAR1319,birthday,home,26,7.8,4.7,36.7,68000,2615,child,night,red,minimal,rustic_natural,single_tier_square,minimal_backdrop,single_cake_table,26,bakesmart_rule_generator_v1,4,synthetic_rule_based,pending_expert_review,test,20260817,"Theme-conditioned preferences; cake guest band 15-40; decor-conditioned venue/budget; layout derived from guests, venue and decor."
BSAR1320,wedding,hall,81,14.9,10.2,152,258000,3185,adult,day,mixed,minimal,pastel_floral,two_tier_round,flower_wall,two_side_tables,81,bakesmart_rule_generator_v1,4,synthetic_rule_based,pending_expert_review,validation,20260817,"Theme-conditioned preferences; cake guest band 35-90; decor-conditioned venue/budget; layout derived from guests, venue and decor."
BSAR1321,baby_shower,restaurant,72,11.6,8.2,95.1,138000,1917,mixed,night,pink,minimal,pastel_floral,two_tier_floral,minimal_backdrop,two_side_tables,72,bakesmart_rule_generator_v1,4,synthetic_rule_based,pending_expert_review,train,20260817,"Theme-conditioned preferences; cake guest band 45-120; decor-conditioned venue/budget; layout derived from guests, venue and decor."
BSAR1322,anniversary,hall,126,19.3,10.3,198.8,296000,2349,adult,night,gold,minimal,modern_minimal,three_tier_luxury,balloon_setup,full_stage_setup,126,bakesmart_rule_generator_v1,5,synthetic_rule_based,pending_expert_review,train,20260817,"Theme-conditioned preferences; cake guest band 90-250; decor-conditioned venue/budget; layout derived from guests, venue and decor."
BSAR1323,graduation,hall,103,15.5,8.5,131.8,427000,4146,teenager,night,mixed,minimal,modern_minimal,three_tier_luxury,rustic_wood_setup,two_side_tables,103,bakesmart_rule_generator_v1,5,synthetic_rule_based,pending_expert_review,train,20260817,"Theme-conditioned preferences; cake guest band 90-250; decor-conditioned venue/budget; layout derived from guests, venue and decor."
BSAR1324,birthday,home,44,9.1,6.6,60.1,125000,2841,adult,night,gold,traditional,traditional_luxury,two_tier_round,balloon_setup,cake_and_dessert_table,44,bakesmart_rule_generator_v1,5,synthetic_rule_based,pending_expert_review,test,20260817,"Theme-conditioned preferences; cake guest band 35-90; decor-conditioned venue/budget; layout derived from guests, venue and decor."
BSAR1325,birthday,hall,99,15.1,10.1,152.5,406000,4101,adult,day,mixed,rustic,rustic_natural,three_tier_luxury,flower_wall,two_side_tables,99,bakesmart_rule_generator_v1,5,synthetic_rule_based,pending_expert_review,validation,20260817,"Theme-conditioned preferences; cake guest band 90-250; decor-conditioned venue/budget; layout derived from guests, venue and decor."
BSAR1326,birthday,home,93,9.9,8.8,87.1,429000,4613,child,day,white,elegant,pastel_floral,two_tier_floral,flower_wall,two_side_tables,93,bakesmart_rule_generator_v1,5,synthetic_rule_based,pending_expert_review,train,20260817,"Theme-conditioned preferences; cake guest band 45-120; decor-conditioned venue/budget; layout derived from guests, venue and decor."
BSAR1327,birthday,restaurant,33,8.2,6.6,54.1,122000,3697,mixed,night,purple,colourful,colourful_cartoon,single_tier_square,rustic_wood_setup,cake_and_dessert_table,33,bakesmart_rule_generator_v1,5,synthetic_rule_based,pending_expert_review,train,20260817,"Theme-conditioned preferences; cake guest band 15-40; decor-conditioned venue/budget; layout derived from guests, venue and decor."
BSAR1328,birthday,home,40,9.5,5.5,52.3,125000,3125,child,night,gold,elegant,elegant_gold,two_tier_round,minimal_backdrop,cake_and_dessert_table,40,bakesmart_rule_generator_v1,5,synthetic_rule_based,pending_expert_review,train,20260817,"Theme-conditioned preferences; cake guest band 35-90; decor-conditioned venue/budget; layout derived from guests, venue and decor."
BSAR1329,anniversary,outdoor,10,6.4,4,25.6,43000,4300,adult,night,mixed,elegant,modern_minimal,single_tier_round,flower_wall,single_cake_table,10,bakesmart_rule_generator_v1,4,synthetic_rule_based,pending_expert_review,train,20260817,"Theme-conditioned preferences; cake guest band 8-25; decor-conditioned venue/budget; layout derived from guests, venue and decor."
BSAR1330,baby_shower,home,21,7.3,4.3,31.4,141000,6714,adult,day,green,rustic,rustic_natural,single_tier_round,flower_wall,single_cake_table,21,bakesmart_rule_generator_v1,5,synthetic_rule_based,pending_expert_review,train,20260817,"Theme-conditioned preferences; cake guest band 8-25; decor-conditioned venue/budget; layout derived from guests, venue and decor."
BSAR1331,wedding,home,154,14.4,9.6,138.2,326000,2117,mixed,day,pink,minimal,pastel_floral,three_tier_luxury,balloon_setup,two_side_tables,154,bakesmart_rule_generator_v1,4,synthetic_rule_based,pending_expert_review,train,20260817,"Theme-conditioned preferences; cake guest band 90-250; decor-conditioned venue/budget; layout derived from guests, venue and decor."
BSAR1332,wedding,home,21,5.6,4.1,23,85000,4048,mixed,day,white,elegant,elegant_gold,single_tier_square,flower_wall,single_cake_table,21,bakesmart_rule_generator_v1,5,synthetic_rule_based,pending_expert_review,train,20260817,"Theme-conditioned preferences; cake guest band 15-40; decor-conditioned venue/budget; layout derived from guests, venue and decor."
BSAR1333,anniversary,restaurant,16,6.4,3.6,23,60000,3750,adult,night,white,elegant,elegant_gold,single_tier_square,flower_wall,single_cake_table,16,bakesmart_rule_generator_v1,5,synthetic_rule_based,pending_expert_review,validation,20260817,"Theme-conditioned preferences; cake guest band 15-40; decor-conditioned venue/budget; layout derived from guests, venue and decor."
BSAR1334,birthday,restaurant,81,15.5,8.5,131.8,170000,2099,child,night,red,elegant,traditional_luxury,two_tier_floral,minimal_backdrop,two_side_tables,81,bakesmart_rule_generator_v1,5,synthetic_rule_based,pending_expert_review,train,20260817,"Theme-conditioned preferences; cake guest band 45-120; decor-conditioned venue/budget; layout derived from guests, venue and decor."
BSAR1335,baby_shower,hall,45,12,6.4,76.8,148000,3289,adult,day,pink,traditional,colourful_cartoon,two_tier_round,rustic_wood_setup,cake_and_dessert_table,45,bakesmart_rule_generator_v1,4,synthetic_rule_based,pending_expert_review,train,20260817,"Theme-conditioned preferences; cake guest band 35-90; decor-conditioned venue/budget; layout derived from guests, venue and decor."
BSAR1336,wedding,outdoor,36,9.8,7.6,74.5,108000,3000,adult,day,red,rustic,rustic_natural,two_tier_round,minimal_backdrop,cake_and_dessert_table,36,bakesmart_rule_generator_v1,5,synthetic_rule_based,pending_expert_review,train,20260817,"Theme-conditioned preferences; cake guest band 35-90; decor-conditioned venue/budget; layout derived from guests, venue and decor."
BSAR1337,anniversary,hall,10,5.9,4.1,24.2,219000,21900,mixed,night,green,rustic,rustic_natural,single_tier_round,luxury_stage,full_stage_setup,10,bakesmart_rule_generator_v1,5,synthetic_rule_based,pending_expert_review,train,20260817,"Theme-conditioned preferences; cake guest band 8-25; decor-conditioned venue/budget; layout derived from guests, venue and decor."
BSAR1338,anniversary,hall,71,14.5,8.1,117.5,113000,1592,mixed,night,white,minimal,pastel_floral,two_tier_floral,minimal_backdrop,two_side_tables,71,bakesmart_rule_generator_v1,4,synthetic_rule_based,pending_expert_review,train,20260817,"Theme-conditioned preferences; cake guest band 45-120; decor-conditioned venue/budget; layout derived from guests, venue and decor."
BSAR1339,birthday,restaurant,111,12.7,9.5,120.7,1045000,9414,child,day,mixed,colourful,colourful_cartoon,two_tier_floral,luxury_stage,full_stage_setup,111,bakesmart_rule_generator_v1,4,synthetic_rule_based,pending_expert_review,validation,20260817,"Theme-conditioned preferences; cake guest band 45-120; decor-conditioned venue/budget; layout derived from guests, venue and decor."
BSAR1340,anniversary,home,85,12,9.1,109.2,357000,4200,adult,day,gold,traditional,traditional_luxury,two_tier_floral,rustic_wood_setup,two_side_tables,85,bakesmart_rule_generator_v1,5,synthetic_rule_based,pending_expert_review,test,20260817,"Theme-conditioned preferences; cake guest band 45-120; decor-conditioned venue/budget; layout derived from guests, venue and decor."
BSAR1341,birthday,outdoor,26,9.6,7.3,70.1,118000,4538,child,night,red,traditional,traditional_luxury,single_tier_square,rustic_wood_setup,single_cake_table,26,bakesmart_rule_generator_v1,5,synthetic_rule_based,pending_expert_review,validation,20260817,"Theme-conditioned preferences; cake guest band 15-40; decor-conditioned venue/budget; layout derived from guests, venue and decor."
BSAR1342,anniversary,home,25,7.1,4.6,32.7,118000,4720,adult,night,purple,minimal,elegant_gold,single_tier_square,rustic_wood_setup,single_cake_table,25,bakesmart_rule_generator_v1,4,synthetic_rule_based,pending_expert_review,train,20260817,"Theme-conditioned preferences; cake guest band 15-40; decor-conditioned venue/budget; layout derived from guests, venue and decor."
BSAR1343,wedding,outdoor,15,7.2,4.8,34.6,55000,3667,adult,day,green,traditional,traditional_luxury,single_tier_round,rustic_wood_setup,single_cake_table,15,bakesmart_rule_generator_v1,5,synthetic_rule_based,pending_expert_review,test,20260817,"Theme-conditioned preferences; cake guest band 8-25; decor-conditioned venue/budget; layout derived from guests, venue and decor."
BSAR1344,wedding,home,92,11.2,8.3,93,238000,2587,adult,night,mixed,elegant,elegant_gold,three_tier_luxury,rustic_wood_setup,two_side_tables,92,bakesmart_rule_generator_v1,5,synthetic_rule_based,pending_expert_review,train,20260817,"Theme-conditioned preferences; cake guest band 90-250; decor-conditioned venue/budget; layout derived from guests, venue and decor."
BSAR1345,birthday,hall,15,5.9,5.3,31.3,97000,6467,adult,day,white,elegant,traditional_luxury,single_tier_round,rustic_wood_setup,single_cake_table,15,bakesmart_rule_generator_v1,5,synthetic_rule_based,pending_expert_review,train,20260817,"Theme-conditioned preferences; cake guest band 8-25; decor-conditioned venue/budget; layout derived from guests, venue and decor."
BSAR1346,wedding,outdoor,82,16,9.1,145.6,238000,2902,mixed,night,gold,minimal,elegant_gold,two_tier_round,balloon_setup,two_side_tables,82,bakesmart_rule_generator_v1,4,synthetic_rule_based,pending_expert_review,validation,20260817,"Theme-conditioned preferences; cake guest band 35-90; decor-conditioned venue/budget; layout derived from guests, venue and decor."
BSAR1347,anniversary,hall,24,6.5,5.4,35.1,106000,4417,mixed,day,green,minimal,rustic_natural,single_tier_round,rustic_wood_setup,single_cake_table,24,bakesmart_rule_generator_v1,4,synthetic_rule_based,pending_expert_review,train,20260817,"Theme-conditioned preferences; cake guest band 8-25; decor-conditioned venue/budget; layout derived from guests, venue and decor."
BSAR1348,baby_shower,outdoor,110,16,9.9,158.4,395000,3591,adult,day,purple,elegant,pastel_floral,three_tier_luxury,balloon_setup,two_side_tables,110,bakesmart_rule_generator_v1,5,synthetic_rule_based,pending_expert_review,train,20260817,"Theme-conditioned preferences; cake guest band 90-250; decor-conditioned venue/budget; layout derived from guests, venue and decor."
BSAR1349,wedding,outdoor,111,18.4,11.6,213.4,561000,5054,mixed,day,white,rustic,pastel_floral,three_tier_luxury,flower_wall,two_side_tables,111,bakesmart_rule_generator_v1,4,synthetic_rule_based,pending_expert_review,validation,20260817,"Theme-conditioned preferences; cake guest band 90-250; decor-conditioned venue/budget; layout derived from guests, venue and decor."
BSAR1350,anniversary,hall,163,20.9,11.3,236.2,332000,2037,adult,night,white,traditional,elegant_gold,three_tier_luxury,minimal_backdrop,full_stage_setup,163,bakesmart_rule_generator_v1,4,synthetic_rule_based,pending_expert_review,validation,20260817,"Theme-conditioned preferences; cake guest band 90-250; decor-conditioned venue/budget; layout derived from guests, venue and decor."
BSAR1351,birthday,hall,39,10.1,5.6,56.6,106000,2718,teenager,night,red,traditional,colourful_cartoon,two_tier_round,balloon_setup,cake_and_dessert_table,39,bakesmart_rule_generator_v1,4,synthetic_rule_based,pending_expert_review,train,20260817,"Theme-conditioned preferences; cake guest band 35-90; decor-conditioned venue/budget; layout derived from guests, venue and decor."
BSAR1352,wedding,hall,72,13.4,9.4,126,238000,3306,adult,day,pink,elegant,pastel_floral,two_tier_round,rustic_wood_setup,two_side_tables,72,bakesmart_rule_generator_v1,5,synthetic_rule_based,pending_expert_review,train,20260817,"Theme-conditioned preferences; cake guest band 35-90; decor-conditioned venue/budget; layout derived from guests, venue and decor."
BSAR1353,birthday,home,31,8.6,5.8,49.9,120000,3871,child,day,pink,minimal,colourful_cartoon,single_tier_square,flower_wall,cake_and_dessert_table,31,bakesmart_rule_generator_v1,4,synthetic_rule_based,pending_expert_review,train,20260817,"Theme-conditioned preferences; cake guest band 15-40; decor-conditioned venue/budget; layout derived from guests, venue and decor."
BSAR1354,wedding,hall,14,6.4,4.7,30.1,96000,6857,adult,night,gold,elegant,elegant_gold,single_tier_round,flower_wall,single_cake_table,14,bakesmart_rule_generator_v1,5,synthetic_rule_based,pending_expert_review,train,20260817,"Theme-conditioned preferences; cake guest band 8-25; decor-conditioned venue/budget; layout derived from guests, venue and decor."
BSAR1355,birthday,home,127,14.8,9.5,140.6,265000,2087,teenager,day,blue,minimal,modern_minimal,three_tier_luxury,minimal_backdrop,two_side_tables,127,bakesmart_rule_generator_v1,5,synthetic_rule_based,pending_expert_review,train,20260817,"Theme-conditioned preferences; cake guest band 90-250; decor-conditioned venue/budget; layout derived from guests, venue and decor."
BSAR1356,wedding,hall,19,7.5,4.4,33,44000,2316,mixed,night,green,traditional,traditional_luxury,single_tier_square,balloon_setup,single_cake_table,19,bakesmart_rule_generator_v1,5,synthetic_rule_based,pending_expert_review,train,20260817,"Theme-conditioned preferences; cake guest band 15-40; decor-conditioned venue/budget; layout derived from guests, venue and decor."
BSAR1357,anniversary,home,89,13.1,7.3,95.6,260000,2921,adult,day,green,elegant,modern_minimal,two_tier_round,balloon_setup,two_side_tables,89,bakesmart_rule_generator_v1,4,synthetic_rule_based,pending_expert_review,train,20260817,"Theme-conditioned preferences; cake guest band 35-90; decor-conditioned venue/budget; layout derived from guests, venue and decor."
BSAR1358,baby_shower,restaurant,78,12.1,8.6,104.1,144000,1846,adult,night,pink,colourful,pastel_floral,two_tier_round,minimal_backdrop,two_side_tables,78,bakesmart_rule_generator_v1,5,synthetic_rule_based,pending_expert_review,test,20260817,"Theme-conditioned preferences; cake guest band 35-90; decor-conditioned venue/budget; layout derived from guests, venue and decor."
BSAR1359,birthday,home,21,7,4.3,30.1,72000,3429,child,day,mixed,colourful,colourful_cartoon,single_tier_round,balloon_setup,single_cake_table,21,bakesmart_rule_generator_v1,5,synthetic_rule_based,pending_expert_review,train,20260817,"Theme-conditioned preferences; cake guest band 8-25; decor-conditioned venue/budget; layout derived from guests, venue and decor."
BSAR1360,birthday,restaurant,15,5.2,3.8,19.8,75000,5000,adult,night,mixed,rustic,rustic_natural,single_tier_round,flower_wall,single_cake_table,15,bakesmart_rule_generator_v1,5,synthetic_rule_based,pending_expert_review,train,20260817,"Theme-conditioned preferences; cake guest band 8-25; decor-conditioned venue/budget; layout derived from guests, venue and decor."
BSAR1361,wedding,home,25,7.9,5.2,41.1,107000,4280,adult,night,gold,elegant,elegant_gold,single_tier_round,flower_wall,single_cake_table,25,bakesmart_rule_generator_v1,5,synthetic_rule_based,pending_expert_review,train,20260817,"Theme-conditioned preferences; cake guest band 8-25; decor-conditioned venue/budget; layout derived from guests, venue and decor."
BSAR1362,baby_shower,hall,160,17.3,15.4,266.4,852000,5325,adult,day,red,traditional,traditional_luxury,three_tier_luxury,luxury_stage,full_stage_setup,160,bakesmart_rule_generator_v1,5,synthetic_rule_based,pending_expert_review,validation,20260817,"Theme-conditioned preferences; cake guest band 90-250; decor-conditioned venue/budget; layout derived from guests, venue and decor."
BSAR1363,birthday,hall,51,12.5,7,87.5,241000,4725,child,night,blue,minimal,modern_minimal,two_tier_round,flower_wall,cake_and_dessert_table,51,bakesmart_rule_generator_v1,5,synthetic_rule_based,pending_expert_review,train,20260817,"Theme-conditioned preferences; cake guest band 35-90; decor-conditioned venue/budget; layout derived from guests, venue and decor."
BSAR1364,wedding,home,81,11.8,6.4,75.5,428000,5284,adult,night,white,traditional,traditional_luxury,two_tier_floral,flower_wall,two_side_tables,81,bakesmart_rule_generator_v1,5,synthetic_rule_based,pending_expert_review,train,20260817,"Theme-conditioned preferences; cake guest band 45-120; decor-conditioned venue/budget; layout derived from guests, venue and decor."
BSAR1365,birthday,restaurant,24,7.9,5.2,41.1,159000,6625,child,day,gold,minimal,modern_minimal,single_tier_square,flower_wall,single_cake_table,24,bakesmart_rule_generator_v1,5,synthetic_rule_based,pending_expert_review,train,20260817,"Theme-conditioned preferences; cake guest band 15-40; decor-conditioned venue/budget; layout derived from guests, venue and decor."
BSAR1366,anniversary,home,52,10.6,5.8,61.5,120000,2308,adult,night,white,elegant,elegant_gold,two_tier_round,rustic_wood_setup,cake_and_dessert_table,52,bakesmart_rule_generator_v1,5,synthetic_rule_based,pending_expert_review,train,20260817,"Theme-conditioned preferences; cake guest band 35-90; decor-conditioned venue/budget; layout derived from guests, venue and decor."
BSAR1367,anniversary,restaurant,48,8,6,48,113000,2354,mixed,day,gold,minimal,modern_minimal,two_tier_round,minimal_backdrop,cake_and_dessert_table,48,bakesmart_rule_generator_v1,5,synthetic_rule_based,pending_expert_review,test,20260817,"Theme-conditioned preferences; cake guest band 35-90; decor-conditioned venue/budget; layout derived from guests, venue and decor."
BSAR1368,wedding,hall,53,13.4,7.1,95.1,391000,7377,mixed,night,white,elegant,traditional_luxury,two_tier_round,luxury_stage,full_stage_setup,53,bakesmart_rule_generator_v1,5,synthetic_rule_based,pending_expert_review,train,20260817,"Theme-conditioned preferences; cake guest band 35-90; decor-conditioned venue/budget; layout derived from guests, venue and decor."
BSAR1369,graduation,home,115,14.3,8.1,115.8,210000,1826,teenager,night,green,traditional,traditional_luxury,two_tier_floral,minimal_backdrop,two_side_tables,115,bakesmart_rule_generator_v1,5,synthetic_rule_based,pending_expert_review,train,20260817,"Theme-conditioned preferences; cake guest band 45-120; decor-conditioned venue/budget; layout derived from guests, venue and decor."
BSAR1370,birthday,outdoor,25,10,7,70,128000,5120,teenager,night,blue,elegant,pastel_floral,single_tier_round,flower_wall,single_cake_table,25,bakesmart_rule_generator_v1,5,synthetic_rule_based,pending_expert_review,train,20260817,"Theme-conditioned preferences; cake guest band 8-25; decor-conditioned venue/budget; layout derived from guests, venue and decor."
BSAR1371,birthday,restaurant,61,10,6.2,62,136000,2230,mixed,day,pink,colourful,colourful_cartoon,two_tier_floral,balloon_setup,cake_and_dessert_table,61,bakesmart_rule_generator_v1,5,synthetic_rule_based,pending_expert_review,test,20260817,"Theme-conditioned preferences; cake guest band 45-120; decor-conditioned venue/budget; layout derived from guests, venue and decor."
BSAR1372,wedding,restaurant,19,7.3,4.8,35,52000,2737,adult,day,purple,elegant,pastel_floral,single_tier_round,minimal_backdrop,single_cake_table,19,bakesmart_rule_generator_v1,5,synthetic_rule_based,pending_expert_review,test,20260817,"Theme-conditioned preferences; cake guest band 8-25; decor-conditioned venue/budget; layout derived from guests, venue and decor."
BSAR1373,birthday,home,85,12,7.2,86.4,202000,2376,child,day,red,colourful,colourful_cartoon,two_tier_floral,balloon_setup,two_side_tables,85,bakesmart_rule_generator_v1,5,synthetic_rule_based,pending_expert_review,train,20260817,"Theme-conditioned preferences; cake guest band 45-120; decor-conditioned venue/budget; layout derived from guests, venue and decor."
BSAR1374,graduation,hall,25,7.8,5.6,43.7,382000,15280,mixed,day,white,elegant,pastel_floral,single_tier_square,luxury_stage,full_stage_setup,25,bakesmart_rule_generator_v1,5,synthetic_rule_based,pending_expert_review,validation,20260817,"Theme-conditioned preferences; cake guest band 15-40; decor-conditioned venue/budget; layout derived from guests, venue and decor."
BSAR1375,birthday,restaurant,94,13.9,7.5,104.3,427000,4543,child,night,pink,colourful,colourful_cartoon,three_tier_luxury,rustic_wood_setup,two_side_tables,94,bakesmart_rule_generator_v1,5,synthetic_rule_based,pending_expert_review,train,20260817,"Theme-conditioned preferences; cake guest band 90-250; decor-conditioned venue/budget; layout derived from guests, venue and decor."
BSAR1376,anniversary,outdoor,92,17.8,12.2,217.2,402000,4370,mixed,day,green,traditional,traditional_luxury,three_tier_luxury,flower_wall,two_side_tables,92,bakesmart_rule_generator_v1,5,synthetic_rule_based,pending_expert_review,validation,20260817,"Theme-conditioned preferences; cake guest band 90-250; decor-conditioned venue/budget; layout derived from guests, venue and decor."
BSAR1377,baby_shower,home,8,5,4.3,21.5,83000,10375,adult,night,blue,colourful,colourful_cartoon,single_tier_round,flower_wall,single_cake_table,8,bakesmart_rule_generator_v1,5,synthetic_rule_based,pending_expert_review,train,20260817,"Theme-conditioned preferences; cake guest band 8-25; decor-conditioned venue/budget; layout derived from guests, venue and decor."
BSAR1378,wedding,hall,91,16.1,8.6,138.5,378000,4154,adult,night,gold,traditional,traditional_luxury,two_tier_floral,flower_wall,two_side_tables,91,bakesmart_rule_generator_v1,5,synthetic_rule_based,pending_expert_review,validation,20260817,"Theme-conditioned preferences; cake guest band 45-120; decor-conditioned venue/budget; layout derived from guests, venue and decor."
BSAR1379,anniversary,hall,132,20,12.3,246,846000,6409,adult,day,green,rustic,rustic_natural,three_tier_luxury,luxury_stage,full_stage_setup,132,bakesmart_rule_generator_v1,5,synthetic_rule_based,pending_expert_review,test,20260817,"Theme-conditioned preferences; cake guest band 90-250; decor-conditioned venue/budget; layout derived from guests, venue and decor."
BSAR1380,graduation,home,113,14.5,9.1,132,271000,2398,teenager,day,green,rustic,rustic_natural,two_tier_floral,minimal_backdrop,two_side_tables,113,bakesmart_rule_generator_v1,5,synthetic_rule_based,pending_expert_review,test,20260817,"Theme-conditioned preferences; cake guest band 45-120; decor-conditioned venue/budget; layout derived from guests, venue and decor."
BSAR1381,anniversary,outdoor,166,18.9,17.1,323.2,749000,4512,mixed,day,gold,elegant,elegant_gold,three_tier_luxury,rustic_wood_setup,two_side_tables,166,bakesmart_rule_generator_v1,5,synthetic_rule_based,pending_expert_review,train,20260817,"Theme-conditioned preferences; cake guest band 90-250; decor-conditioned venue/budget; layout derived from guests, venue and decor."
BSAR1382,anniversary,hall,45,10,7.6,76,96000,2133,mixed,night,gold,elegant,elegant_gold,two_tier_round,balloon_setup,cake_and_dessert_table,45,bakesmart_rule_generator_v1,5,synthetic_rule_based,pending_expert_review,train,20260817,"Theme-conditioned preferences; cake guest band 35-90; decor-conditioned venue/budget; layout derived from guests, venue and decor."
BSAR1383,wedding,hall,204,18.5,14.3,264.6,544000,2667,adult,night,blue,elegant,pastel_floral,three_tier_luxury,minimal_backdrop,full_stage_setup,204,bakesmart_rule_generator_v1,5,synthetic_rule_based,pending_expert_review,validation,20260817,"Theme-conditioned preferences; cake guest band 90-250; decor-conditioned venue/budget; layout derived from guests, venue and decor."
BSAR1384,birthday,home,48,10.1,5.7,57.6,295000,6146,mixed,night,white,elegant,modern_minimal,two_tier_floral,flower_wall,cake_and_dessert_table,48,bakesmart_rule_generator_v1,4,synthetic_rule_based,pending_expert_review,train,20260817,"Theme-conditioned preferences; cake guest band 45-120; decor-conditioned venue/budget; layout derived from guests, venue and decor."
BSAR1385,anniversary,restaurant,28,8.5,4.6,39.1,59000,2107,adult,night,gold,traditional,traditional_luxury,single_tier_square,minimal_backdrop,single_cake_table,28,bakesmart_rule_generator_v1,5,synthetic_rule_based,pending_expert_review,train,20260817,"Theme-conditioned preferences; cake guest band 15-40; decor-conditioned venue/budget; layout derived from guests, venue and decor."
BSAR1386,baby_shower,restaurant,106,16.9,9.2,155.5,472000,4453,adult,night,white,traditional,pastel_floral,two_tier_floral,rustic_wood_setup,two_side_tables,106,bakesmart_rule_generator_v1,4,synthetic_rule_based,pending_expert_review,train,20260817,"Theme-conditioned preferences; cake guest band 45-120; decor-conditioned venue/budget; layout derived from guests, venue and decor."
BSAR1387,graduation,hall,163,16.7,14.7,245.5,1492000,9153,teenager,night,purple,elegant,pastel_floral,three_tier_luxury,luxury_stage,full_stage_setup,163,bakesmart_rule_generator_v1,5,synthetic_rule_based,pending_expert_review,test,20260817,"Theme-conditioned preferences; cake guest band 90-250; decor-conditioned venue/budget; layout derived from guests, venue and decor."
BSAR1388,baby_shower,hall,80,13,11.8,153.4,202000,2525,adult,night,purple,minimal,pastel_floral,two_tier_round,flower_wall,two_side_tables,80,bakesmart_rule_generator_v1,4,synthetic_rule_based,pending_expert_review,train,20260817,"Theme-conditioned preferences; cake guest band 35-90; decor-conditioned venue/budget; layout derived from guests, venue and decor."
BSAR1389,birthday,outdoor,70,14.7,8.2,120.5,655000,9357,child,day,mixed,elegant,pastel_floral,two_tier_round,luxury_stage,full_stage_setup,70,bakesmart_rule_generator_v1,4,synthetic_rule_based,pending_expert_review,train,20260817,"Theme-conditioned preferences; cake guest band 35-90; decor-conditioned venue/budget; layout derived from guests, venue and decor."
BSAR1390,wedding,outdoor,16,8.3,5.6,46.5,63000,3938,mixed,day,purple,elegant,traditional_luxury,single_tier_round,rustic_wood_setup,single_cake_table,16,bakesmart_rule_generator_v1,5,synthetic_rule_based,pending_expert_review,train,20260817,"Theme-conditioned preferences; cake guest band 8-25; decor-conditioned venue/budget; layout derived from guests, venue and decor."
BSAR1391,wedding,home,64,10.1,7.8,78.8,140000,2188,adult,day,white,elegant,rustic_natural,two_tier_round,minimal_backdrop,cake_and_dessert_table,64,bakesmart_rule_generator_v1,4,synthetic_rule_based,pending_expert_review,train,20260817,"Theme-conditioned preferences; cake guest band 35-90; decor-conditioned venue/budget; layout derived from guests, venue and decor."
BSAR1392,birthday,home,22,6.1,5.5,33.6,59000,2682,child,night,red,rustic,rustic_natural,single_tier_square,balloon_setup,single_cake_table,22,bakesmart_rule_generator_v1,5,synthetic_rule_based,pending_expert_review,test,20260817,"Theme-conditioned preferences; cake guest band 15-40; decor-conditioned venue/budget; layout derived from guests, venue and decor."
BSAR1393,wedding,restaurant,83,12.8,7.1,90.9,249000,3000,mixed,night,gold,minimal,rustic_natural,two_tier_round,balloon_setup,two_side_tables,83,bakesmart_rule_generator_v1,4,synthetic_rule_based,pending_expert_review,train,20260817,"Theme-conditioned preferences; cake guest band 35-90; decor-conditioned venue/budget; layout derived from guests, venue and decor."
BSAR1394,graduation,hall,84,14.8,8.9,131.7,377000,4488,teenager,night,red,elegant,elegant_gold,two_tier_round,flower_wall,two_side_tables,84,bakesmart_rule_generator_v1,5,synthetic_rule_based,pending_expert_review,test,20260817,"Theme-conditioned preferences; cake guest band 35-90; decor-conditioned venue/budget; layout derived from guests, venue and decor."
BSAR1395,wedding,home,213,17.7,13.5,239,913000,4286,adult,night,red,elegant,traditional_luxury,three_tier_luxury,flower_wall,two_side_tables,213,bakesmart_rule_generator_v1,5,synthetic_rule_based,pending_expert_review,train,20260817,"Theme-conditioned preferences; cake guest band 90-250; decor-conditioned venue/budget; layout derived from guests, venue and decor."
BSAR1396,birthday,hall,23,8.6,5.9,50.7,230000,10000,child,day,mixed,colourful,colourful_cartoon,single_tier_square,luxury_stage,full_stage_setup,23,bakesmart_rule_generator_v1,5,synthetic_rule_based,pending_expert_review,train,20260817,"Theme-conditioned preferences; cake guest band 15-40; decor-conditioned venue/budget; layout derived from guests, venue and decor."
BSAR1397,graduation,home,14,6.3,4.3,27.1,45000,3214,teenager,day,mixed,minimal,modern_minimal,single_tier_round,balloon_setup,single_cake_table,14,bakesmart_rule_generator_v1,5,synthetic_rule_based,pending_expert_review,validation,20260817,"Theme-conditioned preferences; cake guest band 8-25; decor-conditioned venue/budget; layout derived from guests, venue and decor."
BSAR1398,graduation,home,37,7.5,5.5,41.3,107000,2892,adult,night,white,minimal,modern_minimal,two_tier_round,balloon_setup,cake_and_dessert_table,37,bakesmart_rule_generator_v1,5,synthetic_rule_based,pending_expert_review,train,20260817,"Theme-conditioned preferences; cake guest band 35-90; decor-conditioned venue/budget; layout derived from guests, venue and decor."
BSAR1399,birthday,restaurant,25,8.4,5.8,48.7,314000,12560,child,day,purple,minimal,colourful_cartoon,single_tier_round,luxury_stage,full_stage_setup,25,bakesmart_rule_generator_v1,4,synthetic_rule_based,pending_expert_review,train,20260817,"Theme-conditioned preferences; cake guest band 8-25; decor-conditioned venue/budget; layout derived from guests, venue and decor."
BSAR1400,birthday,outdoor,249,26.4,21.3,562.3,1213000,4871,child,day,mixed,elegant,pastel_floral,three_tier_luxury,flower_wall,two_side_tables,249,bakesmart_rule_generator_v1,5,synthetic_rule_based,pending_expert_review,train,20260817,"Theme-conditioned preferences; cake guest band 90-250; decor-conditioned venue/budget; layout derived from guests, venue and decor."
BSAR1401,birthday,hall,32,8.1,6.8,55.1,441000,13781,teenager,night,pink,colourful,colourful_cartoon,single_tier_square,luxury_stage,full_stage_setup,32,bakesmart_rule_generator_v1,5,synthetic_rule_based,pending_expert_review,train,20260817,"Theme-conditioned preferences; cake guest band 15-40; decor-conditioned venue/budget; layout derived from guests, venue and decor."
BSAR1402,anniversary,outdoor,53,12.8,7.2,92.2,230000,4340,adult,night,green,rustic,rustic_natural,two_tier_floral,flower_wall,cake_and_dessert_table,53,bakesmart_rule_generator_v1,5,synthetic_rule_based,pending_expert_review,train,20260817,"Theme-conditioned preferences; cake guest band 45-120; decor-conditioned venue/budget; layout derived from guests, venue and decor."
BSAR1403,anniversary,outdoor,15,6.4,4.4,28.2,82000,5467,mixed,night,red,traditional,traditional_luxury,single_tier_round,rustic_wood_setup,single_cake_table,15,bakesmart_rule_generator_v1,5,synthetic_rule_based,pending_expert_review,train,20260817,"Theme-conditioned preferences; cake guest band 8-25; decor-conditioned venue/budget; layout derived from guests, venue and decor."
BSAR1404,birthday,home,110,14.3,8.1,115.8,263000,2391,adult,night,purple,minimal,pastel_floral,three_tier_luxury,balloon_setup,two_side_tables,110,bakesmart_rule_generator_v1,4,synthetic_rule_based,pending_expert_review,test,20260817,"Theme-conditioned preferences; cake guest band 90-250; decor-conditioned venue/budget; layout derived from guests, venue and decor."
BSAR1405,birthday,outdoor,33,9.4,5.7,53.6,89000,2697,teenager,night,gold,traditional,traditional_luxury,single_tier_square,minimal_backdrop,cake_and_dessert_table,33,bakesmart_rule_generator_v1,5,synthetic_rule_based,pending_expert_review,test,20260817,"Theme-conditioned preferences; cake guest band 15-40; decor-conditioned venue/budget; layout derived from guests, venue and decor."
BSAR1406,wedding,outdoor,121,16.9,12.1,204.5,733000,6058,mixed,day,gold,elegant,rustic_natural,three_tier_luxury,luxury_stage,full_stage_setup,121,bakesmart_rule_generator_v1,4,synthetic_rule_based,pending_expert_review,train,20260817,"Theme-conditioned preferences; cake guest band 90-250; decor-conditioned venue/budget; layout derived from guests, venue and decor."
BSAR1407,wedding,home,82,11,9.2,101.2,261000,3183,adult,day,white,elegant,elegant_gold,two_tier_round,balloon_setup,two_side_tables,82,bakesmart_rule_generator_v1,5,synthetic_rule_based,pending_expert_review,train,20260817,"Theme-conditioned preferences; cake guest band 35-90; decor-conditioned venue/budget; layout derived from guests, venue and decor."
BSAR1408,birthday,home,165,14.9,12.5,186.3,694000,4206,child,day,white,elegant,traditional_luxury,three_tier_luxury,rustic_wood_setup,two_side_tables,165,bakesmart_rule_generator_v1,5,synthetic_rule_based,pending_expert_review,train,20260817,"Theme-conditioned preferences; cake guest band 90-250; decor-conditioned venue/budget; layout derived from guests, venue and decor."
BSAR1409,graduation,hall,30,9.4,6.8,63.9,196000,6533,adult,day,blue,minimal,modern_minimal,single_tier_square,luxury_stage,full_stage_setup,30,bakesmart_rule_generator_v1,5,synthetic_rule_based,pending_expert_review,validation,20260817,"Theme-conditioned preferences; cake guest band 15-40; decor-conditioned venue/budget; layout derived from guests, venue and decor."
BSAR1410,graduation,hall,63,10.1,8.2,82.8,354000,5619,adult,night,gold,elegant,modern_minimal,two_tier_floral,flower_wall,cake_and_dessert_table,63,bakesmart_rule_generator_v1,4,synthetic_rule_based,pending_expert_review,train,20260817,"Theme-conditioned preferences; cake guest band 45-120; decor-conditioned venue/budget; layout derived from guests, venue and decor."
BSAR1411,birthday,restaurant,175,17.1,10.6,181.3,1644000,9394,adult,day,green,rustic,rustic_natural,three_tier_luxury,luxury_stage,full_stage_setup,175,bakesmart_rule_generator_v1,4,synthetic_rule_based,pending_expert_review,train,20260817,"Theme-conditioned preferences; cake guest band 90-250; decor-conditioned venue/budget; layout derived from guests, venue and decor."
BSAR1412,birthday,hall,153,19.7,11.3,222.6,602000,3935,child,day,blue,colourful,colourful_cartoon,three_tier_luxury,flower_wall,full_stage_setup,153,bakesmart_rule_generator_v1,5,synthetic_rule_based,pending_expert_review,train,20260817,"Theme-conditioned preferences; cake guest band 90-250; decor-conditioned venue/budget; layout derived from guests, venue and decor."
BSAR1413,wedding,hall,65,13.2,7.8,103,269000,4138,mixed,night,gold,traditional,elegant_gold,two_tier_round,flower_wall,cake_and_dessert_table,65,bakesmart_rule_generator_v1,4,synthetic_rule_based,pending_expert_review,train,20260817,"Theme-conditioned preferences; cake guest band 35-90; decor-conditioned venue/budget; layout derived from guests, venue and decor."
BSAR1414,baby_shower,outdoor,27,8.9,5.1,45.4,401000,14852,adult,day,red,rustic,rustic_natural,single_tier_square,luxury_stage,full_stage_setup,27,bakesmart_rule_generator_v1,4,synthetic_rule_based,pending_expert_review,train,20260817,"Theme-conditioned preferences; cake guest band 15-40; decor-conditioned venue/budget; layout derived from guests, venue and decor."
BSAR1415,wedding,home,25,7.1,6.1,43.3,136000,5440,adult,day,red,elegant,elegant_gold,single_tier_round,flower_wall,single_cake_table,25,bakesmart_rule_generator_v1,5,synthetic_rule_based,pending_expert_review,train,20260817,"Theme-conditioned preferences; cake guest band 8-25; decor-conditioned venue/budget; layout derived from guests, venue and decor."
BSAR1416,baby_shower,hall,18,8.4,4.8,40.3,106000,5889,adult,night,purple,traditional,pastel_floral,single_tier_round,rustic_wood_setup,single_cake_table,18,bakesmart_rule_generator_v1,4,synthetic_rule_based,pending_expert_review,train,20260817,"Theme-conditioned preferences; cake guest band 8-25; decor-conditioned venue/budget; layout derived from guests, venue and decor."
BSAR1417,baby_shower,outdoor,35,9.9,8,79.2,153000,4371,adult,day,pink,elegant,pastel_floral,single_tier_square,rustic_wood_setup,cake_and_dessert_table,35,bakesmart_rule_generator_v1,5,synthetic_rule_based,pending_expert_review,validation,20260817,"Theme-conditioned preferences; cake guest band 15-40; decor-conditioned venue/budget; layout derived from guests, venue and decor."
BSAR1418,baby_shower,outdoor,80,16.8,9.5,159.6,192000,2400,adult,day,purple,colourful,colourful_cartoon,two_tier_floral,rustic_wood_setup,two_side_tables,80,bakesmart_rule_generator_v1,5,synthetic_rule_based,pending_expert_review,test,20260817,"Theme-conditioned preferences; cake guest band 45-120; decor-conditioned venue/budget; layout derived from guests, venue and decor."
BSAR1419,anniversary,hall,108,18.4,11.3,207.9,411000,3806,adult,night,white,minimal,modern_minimal,two_tier_floral,rustic_wood_setup,two_side_tables,108,bakesmart_rule_generator_v1,5,synthetic_rule_based,pending_expert_review,train,20260817,"Theme-conditioned preferences; cake guest band 45-120; decor-conditioned venue/budget; layout derived from guests, venue and decor."
BSAR1420,birthday,outdoor,23,8.7,6.1,53.1,78000,3391,child,night,mixed,elegant,colourful_cartoon,single_tier_round,balloon_setup,single_cake_table,23,bakesmart_rule_generator_v1,4,synthetic_rule_based,pending_expert_review,train,20260817,"Theme-conditioned preferences; cake guest band 8-25; decor-conditioned venue/budget; layout derived from guests, venue and decor."
BSAR1421,graduation,home,94,12.7,6.9,87.6,383000,4074,adult,night,gold,minimal,modern_minimal,two_tier_floral,rustic_wood_setup,two_side_tables,94,bakesmart_rule_generator_v1,5,synthetic_rule_based,pending_expert_review,test,20260817,"Theme-conditioned preferences; cake guest band 45-120; decor-conditioned venue/budget; layout derived from guests, venue and decor."
BSAR1422,birthday,hall,22,9.3,5.1,47.4,58000,2636,teenager,night,gold,traditional,traditional_luxury,single_tier_round,minimal_backdrop,single_cake_table,22,bakesmart_rule_generator_v1,5,synthetic_rule_based,pending_expert_review,train,20260817,"Theme-conditioned preferences; cake guest band 8-25; decor-conditioned venue/budget; layout derived from guests, venue and decor."
BSAR1423,birthday,hall,15,6.5,5,32.5,180000,12000,child,night,pink,rustic,pastel_floral,single_tier_square,luxury_stage,full_stage_setup,15,bakesmart_rule_generator_v1,4,synthetic_rule_based,pending_expert_review,train,20260817,"Theme-conditioned preferences; cake guest band 15-40; decor-conditioned venue/budget; layout derived from guests, venue and decor."
BSAR1424,birthday,hall,9,7.4,4.2,31.1,207000,23000,mixed,day,green,rustic,rustic_natural,single_tier_round,luxury_stage,full_stage_setup,9,bakesmart_rule_generator_v1,5,synthetic_rule_based,pending_expert_review,train,20260817,"Theme-conditioned preferences; cake guest band 8-25; decor-conditioned venue/budget; layout derived from guests, venue and decor."
BSAR1425,wedding,home,23,5.8,5.3,30.7,120000,5217,mixed,night,gold,traditional,traditional_luxury,single_tier_square,flower_wall,single_cake_table,23,bakesmart_rule_generator_v1,5,synthetic_rule_based,pending_expert_review,train,20260817,"Theme-conditioned preferences; cake guest band 15-40; decor-conditioned venue/budget; layout derived from guests, venue and decor."
BSAR1426,baby_shower,restaurant,102,12.3,10,123,870000,8529,adult,night,mixed,elegant,elegant_gold,two_tier_floral,luxury_stage,full_stage_setup,102,bakesmart_rule_generator_v1,4,synthetic_rule_based,pending_expert_review,test,20260817,"Theme-conditioned preferences; cake guest band 45-120; decor-conditioned venue/budget; layout derived from guests, venue and decor."
BSAR1427,anniversary,restaurant,129,16.2,12.1,196,408000,3163,adult,night,green,minimal,modern_minimal,three_tier_luxury,rustic_wood_setup,two_side_tables,129,bakesmart_rule_generator_v1,5,synthetic_rule_based,pending_expert_review,validation,20260817,"Theme-conditioned preferences; cake guest band 90-250; decor-conditioned venue/budget; layout derived from guests, venue and decor."
BSAR1428,wedding,outdoor,64,15,9.3,139.5,221000,3453,adult,night,white,minimal,modern_minimal,two_tier_floral,balloon_setup,cake_and_dessert_table,64,bakesmart_rule_generator_v1,5,synthetic_rule_based,pending_expert_review,train,20260817,"Theme-conditioned preferences; cake guest band 45-120; decor-conditioned venue/budget; layout derived from guests, venue and decor."
BSAR1429,anniversary,outdoor,90,17.7,10.1,178.8,347000,3856,adult,day,green,rustic,rustic_natural,two_tier_round,rustic_wood_setup,two_side_tables,90,bakesmart_rule_generator_v1,5,synthetic_rule_based,pending_expert_review,test,20260817,"Theme-conditioned preferences; cake guest band 35-90; decor-conditioned venue/budget; layout derived from guests, venue and decor."
BSAR1430,wedding,outdoor,19,8.3,5.7,47.3,112000,5895,mixed,night,white,traditional,traditional_luxury,single_tier_round,rustic_wood_setup,single_cake_table,19,bakesmart_rule_generator_v1,5,synthetic_rule_based,pending_expert_review,validation,20260817,"Theme-conditioned preferences; cake guest band 8-25; decor-conditioned venue/budget; layout derived from guests, venue and decor."
BSAR1431,wedding,hall,55,11.7,8.4,98.3,599000,10891,mixed,day,red,elegant,elegant_gold,two_tier_round,luxury_stage,full_stage_setup,55,bakesmart_rule_generator_v1,5,synthetic_rule_based,pending_expert_review,train,20260817,"Theme-conditioned preferences; cake guest band 35-90; decor-conditioned venue/budget; layout derived from guests, venue and decor."
BSAR1432,baby_shower,hall,8,4.3,3.6,15.5,28000,3500,adult,day,blue,minimal,pastel_floral,single_tier_round,minimal_backdrop,single_cake_table,8,bakesmart_rule_generator_v1,4,synthetic_rule_based,pending_expert_review,train,20260817,"Theme-conditioned preferences; cake guest band 8-25; decor-conditioned venue/budget; layout derived from guests, venue and decor."
BSAR1433,wedding,restaurant,90,12.8,10,128,155000,1722,mixed,day,purple,elegant,elegant_gold,two_tier_floral,minimal_backdrop,two_side_tables,90,bakesmart_rule_generator_v1,5,synthetic_rule_based,pending_expert_review,train,20260817,"Theme-conditioned preferences; cake guest band 45-120; decor-conditioned venue/budget; layout derived from guests, venue and decor."
BSAR1434,anniversary,outdoor,120,20,13.7,274,462000,3850,adult,day,green,minimal,modern_minimal,two_tier_floral,rustic_wood_setup,two_side_tables,120,bakesmart_rule_generator_v1,5,synthetic_rule_based,pending_expert_review,train,20260817,"Theme-conditioned preferences; cake guest band 45-120; decor-conditioned venue/budget; layout derived from guests, venue and decor."
BSAR1435,graduation,restaurant,20,7.5,4.4,33,65000,3250,teenager,night,white,elegant,elegant_gold,single_tier_round,minimal_backdrop,single_cake_table,20,bakesmart_rule_generator_v1,5,synthetic_rule_based,pending_expert_review,train,20260817,"Theme-conditioned preferences; cake guest band 8-25; decor-conditioned venue/budget; layout derived from guests, venue and decor."
BSAR1436,anniversary,home,68,11.7,7,81.9,134000,1971,adult,day,white,minimal,modern_minimal,two_tier_floral,minimal_backdrop,cake_and_dessert_table,68,bakesmart_rule_generator_v1,5,synthetic_rule_based,pending_expert_review,train,20260817,"Theme-conditioned preferences; cake guest band 45-120; decor-conditioned venue/budget; layout derived from guests, venue and decor."
BSAR1437,anniversary,hall,37,8.4,6.3,52.9,98000,2649,adult,day,green,rustic,rustic_natural,single_tier_square,rustic_wood_setup,cake_and_dessert_table,37,bakesmart_rule_generator_v1,5,synthetic_rule_based,pending_expert_review,train,20260817,"Theme-conditioned preferences; cake guest band 15-40; decor-conditioned venue/budget; layout derived from guests, venue and decor."
BSAR1438,wedding,hall,84,15.8,10.1,159.6,340000,4048,adult,day,gold,elegant,elegant_gold,two_tier_floral,rustic_wood_setup,two_side_tables,84,bakesmart_rule_generator_v1,5,synthetic_rule_based,pending_expert_review,validation,20260817,"Theme-conditioned preferences; cake guest band 45-120; decor-conditioned venue/budget; layout derived from guests, venue and decor."
BSAR1439,graduation,home,69,8.9,7,62.3,128000,1855,adult,night,blue,minimal,modern_minimal,two_tier_round,minimal_backdrop,cake_and_dessert_table,69,bakesmart_rule_generator_v1,5,synthetic_rule_based,pending_expert_review,test,20260817,"Theme-conditioned preferences; cake guest band 35-90; decor-conditioned venue/budget; layout derived from guests, venue and decor."
BSAR1440,anniversary,hall,64,13.9,8.1,112.6,114000,1781,adult,day,purple,traditional,pastel_floral,two_tier_round,balloon_setup,cake_and_dessert_table,64,bakesmart_rule_generator_v1,4,synthetic_rule_based,pending_expert_review,train,20260817,"Theme-conditioned preferences; cake guest band 35-90; decor-conditioned venue/budget; layout derived from guests, venue and decor."
BSAR1441,anniversary,hall,82,15.9,8.7,138.3,326000,3976,adult,day,green,rustic,rustic_natural,two_tier_floral,rustic_wood_setup,two_side_tables,82,bakesmart_rule_generator_v1,5,synthetic_rule_based,pending_expert_review,train,20260817,"Theme-conditioned preferences; cake guest band 45-120; decor-conditioned venue/budget; layout derived from guests, venue and decor."
BSAR1442,anniversary,hall,217,17.7,15.4,272.6,341000,1571,adult,day,green,elegant,rustic_natural,three_tier_luxury,minimal_backdrop,full_stage_setup,217,bakesmart_rule_generator_v1,4,synthetic_rule_based,pending_expert_review,test,20260817,"Theme-conditioned preferences; cake guest band 90-250; decor-conditioned venue/budget; layout derived from guests, venue and decor."
BSAR1443,anniversary,home,65,11.9,7.1,84.5,113000,1738,adult,night,mixed,minimal,modern_minimal,two_tier_round,balloon_setup,cake_and_dessert_table,65,bakesmart_rule_generator_v1,5,synthetic_rule_based,pending_expert_review,train,20260817,"Theme-conditioned preferences; cake guest band 35-90; decor-conditioned venue/budget; layout derived from guests, venue and decor."
BSAR1444,anniversary,outdoor,23,10.9,6.3,68.7,372000,16174,adult,day,purple,traditional,pastel_floral,single_tier_round,luxury_stage,full_stage_setup,23,bakesmart_rule_generator_v1,4,synthetic_rule_based,pending_expert_review,train,20260817,"Theme-conditioned preferences; cake guest band 8-25; decor-conditioned venue/budget; layout derived from guests, venue and decor."
BSAR1445,graduation,hall,15,8.4,4.9,41.2,200000,13333,teenager,night,white,minimal,modern_minimal,single_tier_round,luxury_stage,full_stage_setup,15,bakesmart_rule_generator_v1,5,synthetic_rule_based,pending_expert_review,train,20260817,"Theme-conditioned preferences; cake guest band 8-25; decor-conditioned venue/budget; layout derived from guests, venue and decor."
BSAR1446,anniversary,outdoor,16,7.5,5.8,43.5,95000,5938,adult,night,gold,minimal,modern_minimal,single_tier_square,rustic_wood_setup,single_cake_table,16,bakesmart_rule_generator_v1,5,synthetic_rule_based,pending_expert_review,train,20260817,"Theme-conditioned preferences; cake guest band 15-40; decor-conditioned venue/budget; layout derived from guests, venue and decor."
BSAR1447,baby_shower,home,110,13.8,9.1,125.6,474000,4309,adult,day,green,minimal,modern_minimal,two_tier_floral,rustic_wood_setup,two_side_tables,110,bakesmart_rule_generator_v1,5,synthetic_rule_based,pending_expert_review,test,20260817,"Theme-conditioned preferences; cake guest band 45-120; decor-conditioned venue/budget; layout derived from guests, venue and decor."
BSAR1448,anniversary,home,62,11.2,7.2,80.6,153000,2468,mixed,day,white,elegant,traditional_luxury,two_tier_floral,balloon_setup,cake_and_dessert_table,62,bakesmart_rule_generator_v1,5,synthetic_rule_based,pending_expert_review,train,20260817,"Theme-conditioned preferences; cake guest band 45-120; decor-conditioned venue/budget; layout derived from guests, venue and decor."
BSAR1449,birthday,restaurant,50,9.7,7.9,76.6,97000,1940,adult,day,pink,colourful,colourful_cartoon,two_tier_round,minimal_backdrop,cake_and_dessert_table,50,bakesmart_rule_generator_v1,5,synthetic_rule_based,pending_expert_review,train,20260817,"Theme-conditioned preferences; cake guest band 35-90; decor-conditioned venue/budget; layout derived from guests, venue and decor."
BSAR1450,baby_shower,hall,10,6.2,3.5,21.7,231000,23100,adult,day,pink,colourful,pastel_floral,single_tier_round,luxury_stage,full_stage_setup,10,bakesmart_rule_generator_v1,5,synthetic_rule_based,pending_expert_review,test,20260817,"Theme-conditioned preferences; cake guest band 8-25; decor-conditioned venue/budget; layout derived from guests, venue and decor."
BSAR1451,anniversary,home,77,12.2,6.5,79.3,166000,2156,mixed,day,white,rustic,pastel_floral,two_tier_round,balloon_setup,two_side_tables,77,bakesmart_rule_generator_v1,4,synthetic_rule_based,pending_expert_review,validation,20260817,"Theme-conditioned preferences; cake guest band 35-90; decor-conditioned venue/budget; layout derived from guests, venue and decor."
BSAR1452,anniversary,restaurant,152,17.7,9.4,166.4,1012000,6658,adult,night,purple,colourful,pastel_floral,three_tier_luxury,luxury_stage,full_stage_setup,152,bakesmart_rule_generator_v1,4,synthetic_rule_based,pending_expert_review,train,20260817,"Theme-conditioned preferences; cake guest band 90-250; decor-conditioned venue/budget; layout derived from guests, venue and decor."
BSAR1453,birthday,hall,24,8.8,5,44,126000,5250,teenager,night,gold,elegant,elegant_gold,single_tier_round,flower_wall,single_cake_table,24,bakesmart_rule_generator_v1,5,synthetic_rule_based,pending_expert_review,train,20260817,"Theme-conditioned preferences; cake guest band 8-25; decor-conditioned venue/budget; layout derived from guests, venue and decor."
BSAR1454,anniversary,hall,37,9.8,5.2,51,77000,2081,mixed,night,purple,rustic,pastel_floral,single_tier_square,minimal_backdrop,cake_and_dessert_table,37,bakesmart_rule_generator_v1,4,synthetic_rule_based,pending_expert_review,train,20260817,"Theme-conditioned preferences; cake guest band 15-40; decor-conditioned venue/budget; layout derived from guests, venue and decor."
BSAR1455,birthday,hall,80,14.4,8.7,125.3,577000,7213,adult,day,blue,minimal,colourful_cartoon,two_tier_round,luxury_stage,full_stage_setup,80,bakesmart_rule_generator_v1,4,synthetic_rule_based,pending_expert_review,train,20260817,"Theme-conditioned preferences; cake guest band 35-90; decor-conditioned venue/budget; layout derived from guests, venue and decor."
BSAR1456,birthday,restaurant,62,12,6.8,81.6,218000,3516,child,day,green,rustic,rustic_natural,two_tier_round,flower_wall,cake_and_dessert_table,62,bakesmart_rule_generator_v1,5,synthetic_rule_based,pending_expert_review,train,20260817,"Theme-conditioned preferences; cake guest band 35-90; decor-conditioned venue/budget; layout derived from guests, venue and decor."
BSAR1457,birthday,restaurant,40,10,6.2,62,143000,3575,child,day,white,minimal,modern_minimal,single_tier_square,flower_wall,cake_and_dessert_table,40,bakesmart_rule_generator_v1,5,synthetic_rule_based,pending_expert_review,train,20260817,"Theme-conditioned preferences; cake guest band 15-40; decor-conditioned venue/budget; layout derived from guests, venue and decor."
BSAR1458,birthday,hall,15,6.7,6,40.2,60000,4000,mixed,day,green,rustic,rustic_natural,single_tier_square,rustic_wood_setup,single_cake_table,15,bakesmart_rule_generator_v1,5,synthetic_rule_based,pending_expert_review,train,20260817,"Theme-conditioned preferences; cake guest band 15-40; decor-conditioned venue/budget; layout derived from guests, venue and decor."
BSAR1459,birthday,home,43,8.6,6.1,52.5,155000,3605,child,day,blue,colourful,colourful_cartoon,two_tier_round,rustic_wood_setup,cake_and_dessert_table,43,bakesmart_rule_generator_v1,5,synthetic_rule_based,pending_expert_review,train,20260817,"Theme-conditioned preferences; cake guest band 35-90; decor-conditioned venue/budget; layout derived from guests, venue and decor."
BSAR1460,birthday,restaurant,40,9.4,7.1,66.7,80000,2000,child,night,blue,elegant,colourful_cartoon,single_tier_square,minimal_backdrop,cake_and_dessert_table,40,bakesmart_rule_generator_v1,4,synthetic_rule_based,pending_expert_review,train,20260817,"Theme-conditioned preferences; cake guest band 15-40; decor-conditioned venue/budget; layout derived from guests, venue and decor."
BSAR1461,anniversary,hall,73,14.6,9.5,138.7,339000,4644,adult,night,white,traditional,traditional_luxury,two_tier_round,flower_wall,two_side_tables,73,bakesmart_rule_generator_v1,5,synthetic_rule_based,pending_expert_review,train,20260817,"Theme-conditioned preferences; cake guest band 35-90; decor-conditioned venue/budget; layout derived from guests, venue and decor."
BSAR1462,baby_shower,restaurant,23,8.2,4.9,40.2,244000,10609,adult,day,white,elegant,modern_minimal,single_tier_square,luxury_stage,full_stage_setup,23,bakesmart_rule_generator_v1,4,synthetic_rule_based,pending_expert_review,validation,20260817,"Theme-conditioned preferences; cake guest band 15-40; decor-conditioned venue/budget; layout derived from guests, venue and decor."
BSAR1463,wedding,home,187,16,13,208,261000,1396,mixed,night,red,traditional,traditional_luxury,three_tier_luxury,minimal_backdrop,two_side_tables,187,bakesmart_rule_generator_v1,5,synthetic_rule_based,pending_expert_review,train,20260817,"Theme-conditioned preferences; cake guest band 90-250; decor-conditioned venue/budget; layout derived from guests, venue and decor."
BSAR1464,graduation,home,194,17.8,12.8,227.8,835000,4304,teenager,night,blue,colourful,colourful_cartoon,three_tier_luxury,flower_wall,two_side_tables,194,bakesmart_rule_generator_v1,5,synthetic_rule_based,pending_expert_review,train,20260817,"Theme-conditioned preferences; cake guest band 90-250; decor-conditioned venue/budget; layout derived from guests, venue and decor."
BSAR1465,birthday,outdoor,60,13.3,8.9,118.4,275000,4583,child,night,green,rustic,rustic_natural,two_tier_round,rustic_wood_setup,cake_and_dessert_table,60,bakesmart_rule_generator_v1,5,synthetic_rule_based,pending_expert_review,train,20260817,"Theme-conditioned preferences; cake guest band 35-90; decor-conditioned venue/budget; layout derived from guests, venue and decor."
BSAR1466,birthday,hall,31,8.7,6.2,53.9,53000,1710,adult,day,mixed,colourful,colourful_cartoon,single_tier_square,minimal_backdrop,cake_and_dessert_table,31,bakesmart_rule_generator_v1,5,synthetic_rule_based,pending_expert_review,validation,20260817,"Theme-conditioned preferences; cake guest band 15-40; decor-conditioned venue/budget; layout derived from guests, venue and decor."
BSAR1467,anniversary,outdoor,64,11.9,9,107.1,185000,2891,adult,day,gold,traditional,traditional_luxury,two_tier_round,rustic_wood_setup,cake_and_dessert_table,64,bakesmart_rule_generator_v1,5,synthetic_rule_based,pending_expert_review,test,20260817,"Theme-conditioned preferences; cake guest band 35-90; decor-conditioned venue/budget; layout derived from guests, venue and decor."
BSAR1468,wedding,hall,68,11.3,8.4,94.9,291000,4279,adult,day,mixed,elegant,elegant_gold,two_tier_floral,flower_wall,cake_and_dessert_table,68,bakesmart_rule_generator_v1,5,synthetic_rule_based,pending_expert_review,test,20260817,"Theme-conditioned preferences; cake guest band 45-120; decor-conditioned venue/budget; layout derived from guests, venue and decor."
BSAR1469,wedding,hall,31,8.5,6,51,121000,3903,mixed,night,red,traditional,traditional_luxury,single_tier_square,rustic_wood_setup,cake_and_dessert_table,31,bakesmart_rule_generator_v1,5,synthetic_rule_based,pending_expert_review,train,20260817,"Theme-conditioned preferences; cake guest band 15-40; decor-conditioned venue/budget; layout derived from guests, venue and decor."
BSAR1470,baby_shower,home,83,12.8,8.6,110.1,267000,3217,mixed,night,white,rustic,pastel_floral,two_tier_round,flower_wall,two_side_tables,83,bakesmart_rule_generator_v1,4,synthetic_rule_based,pending_expert_review,train,20260817,"Theme-conditioned preferences; cake guest band 35-90; decor-conditioned venue/budget; layout derived from guests, venue and decor."
BSAR1471,graduation,restaurant,65,9.2,7.8,71.8,168000,2585,adult,night,gold,traditional,traditional_luxury,two_tier_round,minimal_backdrop,cake_and_dessert_table,65,bakesmart_rule_generator_v1,5,synthetic_rule_based,pending_expert_review,train,20260817,"Theme-conditioned preferences; cake guest band 35-90; decor-conditioned venue/budget; layout derived from guests, venue and decor."
BSAR1472,wedding,home,81,13.1,7.3,95.6,325000,4012,adult,day,pink,elegant,pastel_floral,two_tier_round,rustic_wood_setup,two_side_tables,81,bakesmart_rule_generator_v1,5,synthetic_rule_based,pending_expert_review,train,20260817,"Theme-conditioned preferences; cake guest band 35-90; decor-conditioned venue/budget; layout derived from guests, venue and decor."
BSAR1473,anniversary,restaurant,149,18.2,10,182,424000,2846,adult,day,red,traditional,traditional_luxury,three_tier_luxury,minimal_backdrop,two_side_tables,149,bakesmart_rule_generator_v1,5,synthetic_rule_based,pending_expert_review,train,20260817,"Theme-conditioned preferences; cake guest band 90-250; decor-conditioned venue/budget; layout derived from guests, venue and decor."
BSAR1474,anniversary,home,90,13.2,8.6,113.5,234000,2600,adult,day,purple,minimal,pastel_floral,two_tier_floral,balloon_setup,two_side_tables,90,bakesmart_rule_generator_v1,4,synthetic_rule_based,pending_expert_review,train,20260817,"Theme-conditioned preferences; cake guest band 45-120; decor-conditioned venue/budget; layout derived from guests, venue and decor."
BSAR1475,birthday,outdoor,70,12.5,8.5,106.3,206000,2943,teenager,day,gold,elegant,elegant_gold,two_tier_floral,flower_wall,two_side_tables,70,bakesmart_rule_generator_v1,5,synthetic_rule_based,pending_expert_review,train,20260817,"Theme-conditioned preferences; cake guest band 45-120; decor-conditioned venue/budget; layout derived from guests, venue and decor."
BSAR1476,wedding,outdoor,59,15.7,8.5,133.5,203000,3441,adult,day,white,rustic,rustic_natural,two_tier_floral,flower_wall,cake_and_dessert_table,59,bakesmart_rule_generator_v1,5,synthetic_rule_based,pending_expert_review,train,20260817,"Theme-conditioned preferences; cake guest band 45-120; decor-conditioned venue/budget; layout derived from guests, venue and decor."
BSAR1477,wedding,hall,173,20,10.9,218,1368000,7908,adult,day,pink,elegant,pastel_floral,three_tier_luxury,luxury_stage,full_stage_setup,173,bakesmart_rule_generator_v1,5,synthetic_rule_based,pending_expert_review,validation,20260817,"Theme-conditioned preferences; cake guest band 90-250; decor-conditioned venue/budget; layout derived from guests, venue and decor."
BSAR1478,baby_shower,outdoor,20,8.4,5.7,47.9,65000,3250,adult,day,red,minimal,rustic_natural,single_tier_round,balloon_setup,single_cake_table,20,bakesmart_rule_generator_v1,4,synthetic_rule_based,pending_expert_review,train,20260817,"Theme-conditioned preferences; cake guest band 8-25; decor-conditioned venue/budget; layout derived from guests, venue and decor."
BSAR1479,graduation,restaurant,18,7,5.3,37.1,64000,3556,adult,night,mixed,colourful,colourful_cartoon,single_tier_round,minimal_backdrop,single_cake_table,18,bakesmart_rule_generator_v1,5,synthetic_rule_based,pending_expert_review,validation,20260817,"Theme-conditioned preferences; cake guest band 8-25; decor-conditioned venue/budget; layout derived from guests, venue and decor."
BSAR1480,graduation,hall,57,10.2,8,81.6,182000,3193,teenager,night,white,rustic,modern_minimal,two_tier_floral,flower_wall,cake_and_dessert_table,57,bakesmart_rule_generator_v1,4,synthetic_rule_based,pending_expert_review,train,20260817,"Theme-conditioned preferences; cake guest band 45-120; decor-conditioned venue/budget; layout derived from guests, venue and decor."
BSAR1481,birthday,hall,29,9.1,5.6,51,66000,2276,mixed,night,purple,traditional,elegant_gold,single_tier_square,minimal_backdrop,single_cake_table,29,bakesmart_rule_generator_v1,4,synthetic_rule_based,pending_expert_review,validation,20260817,"Theme-conditioned preferences; cake guest band 15-40; decor-conditioned venue/budget; layout derived from guests, venue and decor."
BSAR1482,birthday,hall,206,24.3,15.1,366.9,1960000,9515,child,night,purple,colourful,colourful_cartoon,three_tier_luxury,luxury_stage,full_stage_setup,206,bakesmart_rule_generator_v1,5,synthetic_rule_based,pending_expert_review,validation,20260817,"Theme-conditioned preferences; cake guest band 90-250; decor-conditioned venue/budget; layout derived from guests, venue and decor."
BSAR1483,birthday,home,29,6.4,4.5,28.8,74000,2552,child,night,white,rustic,rustic_natural,single_tier_square,balloon_setup,single_cake_table,29,bakesmart_rule_generator_v1,5,synthetic_rule_based,pending_expert_review,test,20260817,"Theme-conditioned preferences; cake guest band 15-40; decor-conditioned venue/budget; layout derived from guests, venue and decor."
BSAR1484,wedding,hall,66,14.3,8.7,124.4,684000,10364,adult,night,green,traditional,traditional_luxury,two_tier_round,luxury_stage,full_stage_setup,66,bakesmart_rule_generator_v1,5,synthetic_rule_based,pending_expert_review,train,20260817,"Theme-conditioned preferences; cake guest band 35-90; decor-conditioned venue/budget; layout derived from guests, venue and decor."
BSAR1485,anniversary,hall,51,11.8,7.3,86.1,181000,3549,adult,day,gold,rustic,modern_minimal,two_tier_round,balloon_setup,cake_and_dessert_table,51,bakesmart_rule_generator_v1,4,synthetic_rule_based,pending_expert_review,validation,20260817,"Theme-conditioned preferences; cake guest band 35-90; decor-conditioned venue/budget; layout derived from guests, venue and decor."
BSAR1486,anniversary,restaurant,31,7.6,5.3,40.3,61000,1968,adult,night,white,elegant,modern_minimal,single_tier_square,minimal_backdrop,cake_and_dessert_table,31,bakesmart_rule_generator_v1,4,synthetic_rule_based,pending_expert_review,train,20260817,"Theme-conditioned preferences; cake guest band 15-40; decor-conditioned venue/budget; layout derived from guests, venue and decor."
BSAR1487,baby_shower,home,38,7.7,6.3,48.5,164000,4316,adult,day,blue,colourful,colourful_cartoon,single_tier_square,flower_wall,cake_and_dessert_table,38,bakesmart_rule_generator_v1,5,synthetic_rule_based,pending_expert_review,train,20260817,"Theme-conditioned preferences; cake guest band 15-40; decor-conditioned venue/budget; layout derived from guests, venue and decor."
BSAR1488,birthday,home,66,9.9,6.9,68.3,182000,2758,child,night,gold,traditional,elegant_gold,two_tier_floral,balloon_setup,cake_and_dessert_table,66,bakesmart_rule_generator_v1,4,synthetic_rule_based,pending_expert_review,train,20260817,"Theme-conditioned preferences; cake guest band 45-120; decor-conditioned venue/budget; layout derived from guests, venue and decor."
BSAR1489,wedding,home,84,11.2,7,78.4,152000,1810,adult,night,white,minimal,modern_minimal,two_tier_round,minimal_backdrop,two_side_tables,84,bakesmart_rule_generator_v1,5,synthetic_rule_based,pending_expert_review,train,20260817,"Theme-conditioned preferences; cake guest band 35-90; decor-conditioned venue/budget; layout derived from guests, venue and decor."
BSAR1490,baby_shower,home,28,8.1,5.2,42.1,102000,3643,adult,day,pink,elegant,pastel_floral,single_tier_square,rustic_wood_setup,single_cake_table,28,bakesmart_rule_generator_v1,5,synthetic_rule_based,pending_expert_review,validation,20260817,"Theme-conditioned preferences; cake guest band 15-40; decor-conditioned venue/budget; layout derived from guests, venue and decor."
BSAR1491,birthday,home,69,9.1,7.5,68.3,150000,2174,child,night,green,rustic,rustic_natural,two_tier_round,balloon_setup,cake_and_dessert_table,69,bakesmart_rule_generator_v1,5,synthetic_rule_based,pending_expert_review,train,20260817,"Theme-conditioned preferences; cake guest band 35-90; decor-conditioned venue/budget; layout derived from guests, venue and decor."
BSAR1492,wedding,outdoor,44,11.1,7.8,86.6,242000,5500,adult,day,green,traditional,traditional_luxury,two_tier_round,flower_wall,cake_and_dessert_table,44,bakesmart_rule_generator_v1,5,synthetic_rule_based,pending_expert_review,train,20260817,"Theme-conditioned preferences; cake guest band 35-90; decor-conditioned venue/budget; layout derived from guests, venue and decor."
BSAR1493,birthday,restaurant,80,12.1,9.9,119.8,350000,4375,adult,day,mixed,minimal,modern_minimal,two_tier_floral,flower_wall,two_side_tables,80,bakesmart_rule_generator_v1,5,synthetic_rule_based,pending_expert_review,train,20260817,"Theme-conditioned preferences; cake guest band 45-120; decor-conditioned venue/budget; layout derived from guests, venue and decor."
BSAR1494,wedding,hall,15,7.2,5.5,39.6,227000,15133,adult,night,gold,elegant,elegant_gold,single_tier_square,luxury_stage,full_stage_setup,15,bakesmart_rule_generator_v1,5,synthetic_rule_based,pending_expert_review,train,20260817,"Theme-conditioned preferences; cake guest band 15-40; decor-conditioned venue/budget; layout derived from guests, venue and decor."
BSAR1495,birthday,hall,33,9,7,63,167000,5061,child,day,blue,colourful,colourful_cartoon,single_tier_square,flower_wall,cake_and_dessert_table,33,bakesmart_rule_generator_v1,5,synthetic_rule_based,pending_expert_review,train,20260817,"Theme-conditioned preferences; cake guest band 15-40; decor-conditioned venue/budget; layout derived from guests, venue and decor."
BSAR1496,wedding,hall,13,5.6,4.9,27.4,47000,3615,adult,day,green,minimal,modern_minimal,single_tier_round,minimal_backdrop,single_cake_table,13,bakesmart_rule_generator_v1,5,synthetic_rule_based,pending_expert_review,train,20260817,"Theme-conditioned preferences; cake guest band 8-25; decor-conditioned venue/budget; layout derived from guests, venue and decor."
BSAR1497,wedding,hall,14,6.5,5.2,33.8,85000,6071,adult,night,gold,traditional,traditional_luxury,single_tier_round,flower_wall,single_cake_table,14,bakesmart_rule_generator_v1,5,synthetic_rule_based,pending_expert_review,train,20260817,"Theme-conditioned preferences; cake guest band 8-25; decor-conditioned venue/budget; layout derived from guests, venue and decor."
BSAR1498,wedding,hall,26,8.2,6.7,54.9,61000,2346,adult,night,green,minimal,rustic_natural,single_tier_square,balloon_setup,single_cake_table,26,bakesmart_rule_generator_v1,4,synthetic_rule_based,pending_expert_review,train,20260817,"Theme-conditioned preferences; cake guest band 15-40; decor-conditioned venue/budget; layout derived from guests, venue and decor."
BSAR1499,anniversary,home,25,8,4.4,35.2,104000,4160,adult,night,gold,elegant,elegant_gold,single_tier_round,rustic_wood_setup,single_cake_table,25,bakesmart_rule_generator_v1,5,synthetic_rule_based,pending_expert_review,test,20260817,"Theme-conditioned preferences; cake guest band 8-25; decor-conditioned venue/budget; layout derived from guests, venue and decor."
BSAR1500,baby_shower,restaurant,35,7.5,5.6,42,107000,3057,adult,day,green,minimal,rustic_natural,two_tier_round,minimal_backdrop,cake_and_dessert_table,35,bakesmart_rule_generator_v1,4,synthetic_rule_based,pending_expert_review,train,20260817,"Theme-conditioned preferences; cake guest band 35-90; decor-conditioned venue/budget; layout derived from guests, venue and decor."
BSAR1501,anniversary,outdoor,31,11.1,6,66.6,164000,5290,mixed,day,purple,traditional,pastel_floral,single_tier_square,flower_wall,cake_and_dessert_table,31,bakesmart_rule_generator_v1,4,synthetic_rule_based,pending_expert_review,train,20260817,"Theme-conditioned preferences; cake guest band 15-40; decor-conditioned venue/budget; layout derived from guests, venue and decor."
BSAR1502,anniversary,outdoor,10,6.5,4,26,64000,6400,adult,night,gold,traditional,elegant_gold,single_tier_round,flower_wall,single_cake_table,10,bakesmart_rule_generator_v1,4,synthetic_rule_based,pending_expert_review,test,20260817,"Theme-conditioned preferences; cake guest band 8-25; decor-conditioned venue/budget; layout derived from guests, venue and decor."
BSAR1503,birthday,outdoor,209,17.9,16.2,290,394000,1885,adult,night,purple,elegant,colourful_cartoon,three_tier_luxury,rustic_wood_setup,two_side_tables,209,bakesmart_rule_generator_v1,4,synthetic_rule_based,pending_expert_review,test,20260817,"Theme-conditioned preferences; cake guest band 90-250; decor-conditioned venue/budget; layout derived from guests, venue and decor."
BSAR1504,graduation,hall,19,7.9,5.7,45,295000,15526,teenager,night,blue,minimal,modern_minimal,single_tier_round,luxury_stage,full_stage_setup,19,bakesmart_rule_generator_v1,5,synthetic_rule_based,pending_expert_review,validation,20260817,"Theme-conditioned preferences; cake guest band 8-25; decor-conditioned venue/budget; layout derived from guests, venue and decor."
BSAR1505,wedding,home,40,9.7,5.4,52.4,120000,3000,adult,night,gold,traditional,traditional_luxury,single_tier_square,flower_wall,cake_and_dessert_table,40,bakesmart_rule_generator_v1,5,synthetic_rule_based,pending_expert_review,train,20260817,"Theme-conditioned preferences; cake guest band 15-40; decor-conditioned venue/budget; layout derived from guests, venue and decor."
BSAR1506,graduation,hall,44,10.7,6.6,70.6,91000,2068,adult,day,pink,colourful,colourful_cartoon,two_tier_round,minimal_backdrop,cake_and_dessert_table,44,bakesmart_rule_generator_v1,5,synthetic_rule_based,pending_expert_review,train,20260817,"Theme-conditioned preferences; cake guest band 35-90; decor-conditioned venue/budget; layout derived from guests, venue and decor."
BSAR1507,wedding,hall,95,14.5,11.5,166.8,184000,1937,adult,night,white,elegant,elegant_gold,two_tier_floral,balloon_setup,two_side_tables,95,bakesmart_rule_generator_v1,5,synthetic_rule_based,pending_expert_review,test,20260817,"Theme-conditioned preferences; cake guest band 45-120; decor-conditioned venue/budget; layout derived from guests, venue and decor."
BSAR1508,birthday,home,107,12.5,8.9,111.3,220000,2056,adult,night,mixed,colourful,colourful_cartoon,two_tier_floral,minimal_backdrop,two_side_tables,107,bakesmart_rule_generator_v1,5,synthetic_rule_based,pending_expert_review,train,20260817,"Theme-conditioned preferences; cake guest band 45-120; decor-conditioned venue/budget; layout derived from guests, venue and decor."
BSAR1509,birthday,hall,21,8.4,5.1,42.8,314000,14952,adult,day,blue,colourful,colourful_cartoon,single_tier_square,luxury_stage,full_stage_setup,21,bakesmart_rule_generator_v1,5,synthetic_rule_based,pending_expert_review,train,20260817,"Theme-conditioned preferences; cake guest band 15-40; decor-conditioned venue/budget; layout derived from guests, venue and decor."
BSAR1510,birthday,hall,39,11.3,7,79.1,116000,2974,child,night,white,elegant,traditional_luxury,single_tier_square,balloon_setup,cake_and_dessert_table,39,bakesmart_rule_generator_v1,5,synthetic_rule_based,pending_expert_review,train,20260817,"Theme-conditioned preferences; cake guest band 15-40; decor-conditioned venue/budget; layout derived from guests, venue and decor."
BSAR1511,wedding,hall,18,6.6,4.6,30.4,101000,5611,adult,night,white,elegant,rustic_natural,single_tier_square,rustic_wood_setup,single_cake_table,18,bakesmart_rule_generator_v1,4,synthetic_rule_based,pending_expert_review,test,20260817,"Theme-conditioned preferences; cake guest band 15-40; decor-conditioned venue/budget; layout derived from guests, venue and decor."
BSAR1512,baby_shower,hall,127,21,11.4,239.4,337000,2654,adult,night,blue,colourful,colourful_cartoon,three_tier_luxury,flower_wall,full_stage_setup,127,bakesmart_rule_generator_v1,5,synthetic_rule_based,pending_expert_review,train,20260817,"Theme-conditioned preferences; cake guest band 90-250; decor-conditioned venue/budget; layout derived from guests, venue and decor."
BSAR1513,baby_shower,restaurant,72,12.4,8.3,102.9,140000,1944,mixed,night,mixed,colourful,colourful_cartoon,two_tier_round,minimal_backdrop,two_side_tables,72,bakesmart_rule_generator_v1,5,synthetic_rule_based,pending_expert_review,validation,20260817,"Theme-conditioned preferences; cake guest band 35-90; decor-conditioned venue/budget; layout derived from guests, venue and decor."
BSAR1514,wedding,restaurant,59,10.6,7.9,83.7,279000,4729,mixed,night,green,colourful,traditional_luxury,two_tier_round,flower_wall,cake_and_dessert_table,59,bakesmart_rule_generator_v1,4,synthetic_rule_based,pending_expert_review,train,20260817,"Theme-conditioned preferences; cake guest band 35-90; decor-conditioned venue/budget; layout derived from guests, venue and decor."
BSAR1515,wedding,outdoor,39,10.7,6.1,65.3,85000,2179,mixed,day,purple,traditional,traditional_luxury,single_tier_square,balloon_setup,cake_and_dessert_table,39,bakesmart_rule_generator_v1,5,synthetic_rule_based,pending_expert_review,train,20260817,"Theme-conditioned preferences; cake guest band 15-40; decor-conditioned venue/budget; layout derived from guests, venue and decor."
BSAR1516,anniversary,hall,90,13.6,10.2,138.7,776000,8622,adult,night,gold,traditional,elegant_gold,three_tier_luxury,luxury_stage,full_stage_setup,90,bakesmart_rule_generator_v1,4,synthetic_rule_based,pending_expert_review,train,20260817,"Theme-conditioned preferences; cake guest band 90-250; decor-conditioned venue/budget; layout derived from guests, venue and decor."
BSAR1517,graduation,home,17,4.7,4.2,19.7,79000,4647,adult,night,white,minimal,modern_minimal,single_tier_round,flower_wall,single_cake_table,17,bakesmart_rule_generator_v1,5,synthetic_rule_based,pending_expert_review,train,20260817,"Theme-conditioned preferences; cake guest band 8-25; decor-conditioned venue/budget; layout derived from guests, venue and decor."
BSAR1518,birthday,home,194,17.7,12.3,217.7,1045000,5387,teenager,day,pink,elegant,pastel_floral,three_tier_luxury,flower_wall,two_side_tables,194,bakesmart_rule_generator_v1,5,synthetic_rule_based,pending_expert_review,train,20260817,"Theme-conditioned preferences; cake guest band 90-250; decor-conditioned venue/budget; layout derived from guests, venue and decor."
BSAR1519,birthday,hall,110,17.1,9.6,164.2,651000,5918,adult,night,green,rustic,rustic_natural,two_tier_floral,luxury_stage,full_stage_setup,110,bakesmart_rule_generator_v1,5,synthetic_rule_based,pending_expert_review,train,20260817,"Theme-conditioned preferences; cake guest band 45-120; decor-conditioned venue/budget; layout derived from guests, venue and decor."
BSAR1520,birthday,restaurant,10,7,4.2,29.4,36000,3600,adult,day,white,rustic,rustic_natural,single_tier_round,minimal_backdrop,single_cake_table,10,bakesmart_rule_generator_v1,5,synthetic_rule_based,pending_expert_review,validation,20260817,"Theme-conditioned preferences; cake guest band 8-25; decor-conditioned venue/budget; layout derived from guests, venue and decor."
BSAR1521,birthday,restaurant,25,7,5.9,41.3,65000,2600,adult,night,mixed,minimal,pastel_floral,single_tier_round,minimal_backdrop,single_cake_table,25,bakesmart_rule_generator_v1,4,synthetic_rule_based,pending_expert_review,validation,20260817,"Theme-conditioned preferences; cake guest band 8-25; decor-conditioned venue/budget; layout derived from guests, venue and decor."
BSAR1522,birthday,hall,51,11.9,8.3,98.8,355000,6961,teenager,day,white,traditional,traditional_luxury,two_tier_round,luxury_stage,full_stage_setup,51,bakesmart_rule_generator_v1,5,synthetic_rule_based,pending_expert_review,validation,20260817,"Theme-conditioned preferences; cake guest band 35-90; decor-conditioned venue/budget; layout derived from guests, venue and decor."
BSAR1523,anniversary,outdoor,146,18.1,15.8,286,360000,2466,mixed,day,blue,elegant,pastel_floral,three_tier_luxury,rustic_wood_setup,two_side_tables,146,bakesmart_rule_generator_v1,5,synthetic_rule_based,pending_expert_review,validation,20260817,"Theme-conditioned preferences; cake guest band 90-250; decor-conditioned venue/budget; layout derived from guests, venue and decor."
BSAR1524,baby_shower,outdoor,26,9,5.9,53.1,116000,4462,adult,night,purple,elegant,pastel_floral,single_tier_square,rustic_wood_setup,single_cake_table,26,bakesmart_rule_generator_v1,5,synthetic_rule_based,pending_expert_review,validation,20260817,"Theme-conditioned preferences; cake guest band 15-40; decor-conditioned venue/budget; layout derived from guests, venue and decor."
BSAR1525,baby_shower,hall,84,15.9,9.2,146.3,212000,2524,adult,day,purple,minimal,pastel_floral,two_tier_round,balloon_setup,two_side_tables,84,bakesmart_rule_generator_v1,4,synthetic_rule_based,pending_expert_review,train,20260817,"Theme-conditioned preferences; cake guest band 35-90; decor-conditioned venue/budget; layout derived from guests, venue and decor."
BSAR1526,graduation,outdoor,78,13.4,10.2,136.7,235000,3013,teenager,night,mixed,colourful,colourful_cartoon,two_tier_round,balloon_setup,two_side_tables,78,bakesmart_rule_generator_v1,5,synthetic_rule_based,pending_expert_review,test,20260817,"Theme-conditioned preferences; cake guest band 35-90; decor-conditioned venue/budget; layout derived from guests, venue and decor."
BSAR1527,wedding,home,89,13.3,8.2,109.1,388000,4360,adult,night,mixed,elegant,rustic_natural,two_tier_round,rustic_wood_setup,two_side_tables,89,bakesmart_rule_generator_v1,4,synthetic_rule_based,pending_expert_review,validation,20260817,"Theme-conditioned preferences; cake guest band 35-90; decor-conditioned venue/budget; layout derived from guests, venue and decor."
BSAR1528,graduation,restaurant,82,11.4,8,91.2,274000,3341,mixed,day,white,elegant,elegant_gold,two_tier_round,flower_wall,two_side_tables,82,bakesmart_rule_generator_v1,5,synthetic_rule_based,pending_expert_review,test,20260817,"Theme-conditioned preferences; cake guest band 35-90; decor-conditioned venue/budget; layout derived from guests, venue and decor."
BSAR1529,graduation,restaurant,17,7.5,5.4,40.5,37000,2176,adult,night,white,traditional,traditional_luxury,single_tier_square,minimal_backdrop,single_cake_table,17,bakesmart_rule_generator_v1,5,synthetic_rule_based,pending_expert_review,train,20260817,"Theme-conditioned preferences; cake guest band 15-40; decor-conditioned venue/budget; layout derived from guests, venue and decor."
BSAR1530,birthday,outdoor,9,6.2,4,24.8,60000,6667,child,day,mixed,elegant,pastel_floral,single_tier_round,flower_wall,single_cake_table,9,bakesmart_rule_generator_v1,5,synthetic_rule_based,pending_expert_review,train,20260817,"Theme-conditioned preferences; cake guest band 8-25; decor-conditioned venue/budget; layout derived from guests, venue and decor."
BSAR1531,wedding,restaurant,8,5.5,3.1,17.1,59000,7375,mixed,night,blue,minimal,modern_minimal,single_tier_round,flower_wall,single_cake_table,8,bakesmart_rule_generator_v1,5,synthetic_rule_based,pending_expert_review,train,20260817,"Theme-conditioned preferences; cake guest band 8-25; decor-conditioned venue/budget; layout derived from guests, venue and decor."
BSAR1532,birthday,restaurant,17,6.5,4.4,28.6,97000,5706,child,day,blue,minimal,colourful_cartoon,single_tier_round,rustic_wood_setup,single_cake_table,17,bakesmart_rule_generator_v1,4,synthetic_rule_based,pending_expert_review,test,20260817,"Theme-conditioned preferences; cake guest band 8-25; decor-conditioned venue/budget; layout derived from guests, venue and decor."
BSAR1533,baby_shower,home,45,8,6.4,51.2,146000,3244,mixed,day,mixed,colourful,colourful_cartoon,two_tier_round,rustic_wood_setup,cake_and_dessert_table,45,bakesmart_rule_generator_v1,5,synthetic_rule_based,pending_expert_review,test,20260817,"Theme-conditioned preferences; cake guest band 35-90; decor-conditioned venue/budget; layout derived from guests, venue and decor."
BSAR1534,wedding,hall,11,6.9,3.8,26.2,46000,4182,adult,day,gold,traditional,traditional_luxury,single_tier_round,balloon_setup,single_cake_table,11,bakesmart_rule_generator_v1,5,synthetic_rule_based,pending_expert_review,validation,20260817,"Theme-conditioned preferences; cake guest band 8-25; decor-conditioned venue/budget; layout derived from guests, venue and decor."
BSAR1535,baby_shower,home,13,4.6,3.9,17.9,57000,4385,adult,day,green,rustic,rustic_natural,single_tier_round,balloon_setup,single_cake_table,13,bakesmart_rule_generator_v1,5,synthetic_rule_based,pending_expert_review,train,20260817,"Theme-conditioned preferences; cake guest band 8-25; decor-conditioned venue/budget; layout derived from guests, venue and decor."
BSAR1536,birthday,home,48,8,7,56,250000,5208,child,day,blue,colourful,colourful_cartoon,two_tier_round,flower_wall,cake_and_dessert_table,48,bakesmart_rule_generator_v1,5,synthetic_rule_based,pending_expert_review,train,20260817,"Theme-conditioned preferences; cake guest band 35-90; decor-conditioned venue/budget; layout derived from guests, venue and decor."
BSAR1537,birthday,hall,35,10.1,6.7,67.7,98000,2800,child,day,purple,colourful,pastel_floral,single_tier_square,minimal_backdrop,cake_and_dessert_table,35,bakesmart_rule_generator_v1,5,synthetic_rule_based,pending_expert_review,train,20260817,"Theme-conditioned preferences; cake guest band 15-40; decor-conditioned venue/budget; layout derived from guests, venue and decor."
BSAR1538,birthday,home,112,13.5,8.6,116.1,180000,1607,child,day,mixed,colourful,colourful_cartoon,two_tier_floral,balloon_setup,two_side_tables,112,bakesmart_rule_generator_v1,5,synthetic_rule_based,pending_expert_review,train,20260817,"Theme-conditioned preferences; cake guest band 45-120; decor-conditioned venue/budget; layout derived from guests, venue and decor."
BSAR1539,anniversary,home,228,20.6,12.5,257.5,654000,2868,adult,night,white,colourful,pastel_floral,three_tier_luxury,rustic_wood_setup,two_side_tables,228,bakesmart_rule_generator_v1,5,synthetic_rule_based,pending_expert_review,test,20260817,"Theme-conditioned preferences; cake guest band 90-250; decor-conditioned venue/budget; layout derived from guests, venue and decor."
BSAR1540,birthday,restaurant,11,6,3.5,21,236000,21455,child,night,pink,minimal,pastel_floral,single_tier_round,luxury_stage,full_stage_setup,11,bakesmart_rule_generator_v1,4,synthetic_rule_based,pending_expert_review,train,20260817,"Theme-conditioned preferences; cake guest band 8-25; decor-conditioned venue/budget; layout derived from guests, venue and decor."
BSAR1541,wedding,home,9,5.3,3.7,19.6,36000,4000,adult,day,gold,colourful,traditional_luxury,single_tier_round,minimal_backdrop,single_cake_table,9,bakesmart_rule_generator_v1,4,synthetic_rule_based,pending_expert_review,train,20260817,"Theme-conditioned preferences; cake guest band 8-25; decor-conditioned venue/budget; layout derived from guests, venue and decor."
BSAR1542,anniversary,hall,220,18.5,16.4,303.4,891000,4050,adult,night,gold,elegant,elegant_gold,three_tier_luxury,flower_wall,full_stage_setup,220,bakesmart_rule_generator_v1,5,synthetic_rule_based,pending_expert_review,train,20260817,"Theme-conditioned preferences; cake guest band 90-250; decor-conditioned venue/budget; layout derived from guests, venue and decor."
BSAR1543,birthday,restaurant,13,5.7,3.4,19.4,130000,10000,adult,night,gold,traditional,traditional_luxury,single_tier_round,luxury_stage,full_stage_setup,13,bakesmart_rule_generator_v1,4,synthetic_rule_based,pending_expert_review,validation,20260817,"Theme-conditioned preferences; cake guest band 8-25; decor-conditioned venue/budget; layout derived from guests, venue and decor."
BSAR1544,wedding,home,8,4.3,2.3,9.9,43000,5375,adult,night,gold,elegant,elegant_gold,single_tier_round,balloon_setup,single_cake_table,8,bakesmart_rule_generator_v1,5,synthetic_rule_based,pending_expert_review,train,20260817,"Theme-conditioned preferences; cake guest band 8-25; decor-conditioned venue/budget; layout derived from guests, venue and decor."
BSAR1545,birthday,home,68,10.8,7.1,76.7,276000,4059,adult,day,green,minimal,modern_minimal,two_tier_round,rustic_wood_setup,cake_and_dessert_table,68,bakesmart_rule_generator_v1,5,synthetic_rule_based,pending_expert_review,train,20260817,"Theme-conditioned preferences; cake guest band 35-90; decor-conditioned venue/budget; layout derived from guests, venue and decor."
BSAR1546,baby_shower,hall,103,16,12.5,200,689000,6689,mixed,night,gold,elegant,elegant_gold,two_tier_floral,luxury_stage,full_stage_setup,103,bakesmart_rule_generator_v1,5,synthetic_rule_based,pending_expert_review,test,20260817,"Theme-conditioned preferences; cake guest band 45-120; decor-conditioned venue/budget; layout derived from guests, venue and decor."
BSAR1547,anniversary,home,18,5.3,4.1,21.7,45000,2500,adult,day,gold,elegant,traditional_luxury,single_tier_round,balloon_setup,single_cake_table,18,bakesmart_rule_generator_v1,5,synthetic_rule_based,pending_expert_review,train,20260817,"Theme-conditioned preferences; cake guest band 8-25; decor-conditioned venue/budget; layout derived from guests, venue and decor."
BSAR1548,wedding,hall,80,14.3,10.1,144.4,887000,11088,adult,night,white,elegant,elegant_gold,two_tier_round,luxury_stage,full_stage_setup,80,bakesmart_rule_generator_v1,5,synthetic_rule_based,pending_expert_review,validation,20260817,"Theme-conditioned preferences; cake guest band 35-90; decor-conditioned venue/budget; layout derived from guests, venue and decor."
BSAR1549,graduation,outdoor,89,17.2,10.9,187.5,188000,2112,teenager,night,white,minimal,rustic_natural,two_tier_round,rustic_wood_setup,two_side_tables,89,bakesmart_rule_generator_v1,4,synthetic_rule_based,pending_expert_review,train,20260817,"Theme-conditioned preferences; cake guest band 35-90; decor-conditioned venue/budget; layout derived from guests, venue and decor."
BSAR1550,birthday,home,48,8.6,6.5,55.9,106000,2208,child,night,mixed,traditional,pastel_floral,two_tier_round,minimal_backdrop,cake_and_dessert_table,48,bakesmart_rule_generator_v1,4,synthetic_rule_based,pending_expert_review,train,20260817,"Theme-conditioned preferences; cake guest band 35-90; decor-conditioned venue/budget; layout derived from guests, venue and decor."
BSAR1551,wedding,outdoor,19,8.7,5.8,50.5,44000,2316,mixed,night,gold,elegant,elegant_gold,single_tier_square,minimal_backdrop,single_cake_table,19,bakesmart_rule_generator_v1,5,synthetic_rule_based,pending_expert_review,train,20260817,"Theme-conditioned preferences; cake guest band 15-40; decor-conditioned venue/budget; layout derived from guests, venue and decor."
BSAR1552,wedding,outdoor,124,18.3,10.5,192.2,457000,3685,mixed,night,gold,traditional,elegant_gold,three_tier_luxury,rustic_wood_setup,two_side_tables,124,bakesmart_rule_generator_v1,4,synthetic_rule_based,pending_expert_review,train,20260817,"Theme-conditioned preferences; cake guest band 90-250; decor-conditioned venue/budget; layout derived from guests, venue and decor."
BSAR1553,birthday,hall,111,14.3,11.4,163,276000,2486,teenager,night,mixed,colourful,colourful_cartoon,two_tier_floral,balloon_setup,full_stage_setup,111,bakesmart_rule_generator_v1,5,synthetic_rule_based,pending_expert_review,train,20260817,"Theme-conditioned preferences; cake guest band 45-120; decor-conditioned venue/budget; layout derived from guests, venue and decor."
BSAR1554,graduation,home,42,9.2,6.1,56.1,190000,4524,teenager,night,mixed,elegant,rustic_natural,two_tier_round,flower_wall,cake_and_dessert_table,42,bakesmart_rule_generator_v1,4,synthetic_rule_based,pending_expert_review,train,20260817,"Theme-conditioned preferences; cake guest band 35-90; decor-conditioned venue/budget; layout derived from guests, venue and decor."
BSAR1555,birthday,hall,57,10.8,9.1,98.3,551000,9667,child,day,mixed,minimal,colourful_cartoon,two_tier_round,luxury_stage,full_stage_setup,57,bakesmart_rule_generator_v1,4,synthetic_rule_based,pending_expert_review,train,20260817,"Theme-conditioned preferences; cake guest band 35-90; decor-conditioned venue/budget; layout derived from guests, venue and decor."
BSAR1556,graduation,hall,37,10.2,6.6,67.3,227000,6135,adult,night,blue,rustic,modern_minimal,single_tier_square,flower_wall,cake_and_dessert_table,37,bakesmart_rule_generator_v1,4,synthetic_rule_based,pending_expert_review,train,20260817,"Theme-conditioned preferences; cake guest band 15-40; decor-conditioned venue/budget; layout derived from guests, venue and decor."
BSAR1557,anniversary,outdoor,36,11.2,6.3,70.6,156000,4333,adult,night,purple,elegant,traditional_luxury,two_tier_round,flower_wall,cake_and_dessert_table,36,bakesmart_rule_generator_v1,5,synthetic_rule_based,pending_expert_review,train,20260817,"Theme-conditioned preferences; cake guest band 35-90; decor-conditioned venue/budget; layout derived from guests, venue and decor."
BSAR1558,anniversary,home,85,12.5,9.2,115,120000,1412,adult,night,purple,traditional,traditional_luxury,two_tier_round,minimal_backdrop,two_side_tables,85,bakesmart_rule_generator_v1,5,synthetic_rule_based,pending_expert_review,train,20260817,"Theme-conditioned preferences; cake guest band 35-90; decor-conditioned venue/budget; layout derived from guests, venue and decor."
BSAR1559,wedding,outdoor,176,21.5,11.6,249.4,452000,2568,adult,night,green,elegant,traditional_luxury,three_tier_luxury,balloon_setup,two_side_tables,176,bakesmart_rule_generator_v1,5,synthetic_rule_based,pending_expert_review,train,20260817,"Theme-conditioned preferences; cake guest band 90-250; decor-conditioned venue/budget; layout derived from guests, venue and decor."
BSAR1560,wedding,outdoor,69,13.8,11.4,157.3,293000,4246,adult,night,gold,elegant,elegant_gold,two_tier_floral,rustic_wood_setup,cake_and_dessert_table,69,bakesmart_rule_generator_v1,5,synthetic_rule_based,pending_expert_review,train,20260817,"Theme-conditioned preferences; cake guest band 45-120; decor-conditioned venue/budget; layout derived from guests, venue and decor."
BSAR1561,birthday,home,16,6.4,3.5,22.4,85000,5313,child,day,blue,elegant,pastel_floral,single_tier_round,rustic_wood_setup,single_cake_table,16,bakesmart_rule_generator_v1,5,synthetic_rule_based,pending_expert_review,train,20260817,"Theme-conditioned preferences; cake guest band 8-25; decor-conditioned venue/budget; layout derived from guests, venue and decor."
BSAR1562,anniversary,restaurant,23,8.4,4.7,39.5,58000,2522,adult,day,white,minimal,modern_minimal,single_tier_round,minimal_backdrop,single_cake_table,23,bakesmart_rule_generator_v1,5,synthetic_rule_based,pending_expert_review,train,20260817,"Theme-conditioned preferences; cake guest band 8-25; decor-conditioned venue/budget; layout derived from guests, venue and decor."
BSAR1563,birthday,outdoor,237,23.8,16.1,383.2,591000,2494,child,day,gold,rustic,rustic_natural,three_tier_luxury,rustic_wood_setup,two_side_tables,237,bakesmart_rule_generator_v1,5,synthetic_rule_based,pending_expert_review,test,20260817,"Theme-conditioned preferences; cake guest band 90-250; decor-conditioned venue/budget; layout derived from guests, venue and decor."
BSAR1564,anniversary,hall,102,13.7,9.3,127.4,647000,6343,adult,night,green,minimal,rustic_natural,two_tier_floral,luxury_stage,full_stage_setup,102,bakesmart_rule_generator_v1,4,synthetic_rule_based,pending_expert_review,train,20260817,"Theme-conditioned preferences; cake guest band 45-120; decor-conditioned venue/budget; layout derived from guests, venue and decor."
BSAR1565,birthday,home,92,12,7.8,93.6,209000,2272,teenager,night,red,rustic,rustic_natural,two_tier_floral,minimal_backdrop,two_side_tables,92,bakesmart_rule_generator_v1,5,synthetic_rule_based,pending_expert_review,test,20260817,"Theme-conditioned preferences; cake guest band 45-120; decor-conditioned venue/budget; layout derived from guests, venue and decor."
BSAR1566,wedding,restaurant,37,10.3,6.5,67,73000,1973,mixed,night,gold,elegant,traditional_luxury,single_tier_square,minimal_backdrop,cake_and_dessert_table,37,bakesmart_rule_generator_v1,5,synthetic_rule_based,pending_expert_review,train,20260817,"Theme-conditioned preferences; cake guest band 15-40; decor-conditioned venue/budget; layout derived from guests, venue and decor."
BSAR1567,wedding,home,15,6,5.1,30.6,74000,4933,adult,day,gold,rustic,rustic_natural,single_tier_round,flower_wall,single_cake_table,15,bakesmart_rule_generator_v1,5,synthetic_rule_based,pending_expert_review,train,20260817,"Theme-conditioned preferences; cake guest band 8-25; decor-conditioned venue/budget; layout derived from guests, venue and decor."
BSAR1568,graduation,hall,21,8.1,5.2,42.1,50000,2381,adult,day,gold,elegant,elegant_gold,single_tier_round,balloon_setup,single_cake_table,21,bakesmart_rule_generator_v1,5,synthetic_rule_based,pending_expert_review,train,20260817,"Theme-conditioned preferences; cake guest band 8-25; decor-conditioned venue/budget; layout derived from guests, venue and decor."
BSAR1569,graduation,hall,35,10.4,7,72.8,108000,3086,adult,day,green,elegant,traditional_luxury,single_tier_square,balloon_setup,cake_and_dessert_table,35,bakesmart_rule_generator_v1,5,synthetic_rule_based,pending_expert_review,test,20260817,"Theme-conditioned preferences; cake guest band 15-40; decor-conditioned venue/budget; layout derived from guests, venue and decor."
BSAR1570,wedding,hall,204,21.6,11.6,250.6,874000,4284,adult,night,green,traditional,traditional_luxury,three_tier_luxury,flower_wall,full_stage_setup,204,bakesmart_rule_generator_v1,5,synthetic_rule_based,pending_expert_review,train,20260817,"Theme-conditioned preferences; cake guest band 90-250; decor-conditioned venue/budget; layout derived from guests, venue and decor."
BSAR1571,anniversary,hall,18,7.4,4.3,31.8,192000,10667,adult,night,white,traditional,traditional_luxury,single_tier_square,luxury_stage,full_stage_setup,18,bakesmart_rule_generator_v1,5,synthetic_rule_based,pending_expert_review,test,20260817,"Theme-conditioned preferences; cake guest band 15-40; decor-conditioned venue/budget; layout derived from guests, venue and decor."
BSAR1572,anniversary,home,107,11.3,8.9,100.6,317000,2963,adult,night,pink,minimal,pastel_floral,two_tier_floral,balloon_setup,two_side_tables,107,bakesmart_rule_generator_v1,4,synthetic_rule_based,pending_expert_review,train,20260817,"Theme-conditioned preferences; cake guest band 45-120; decor-conditioned venue/budget; layout derived from guests, venue and decor."
BSAR1573,wedding,hall,149,18.1,13.8,249.8,446000,2993,adult,night,gold,elegant,modern_minimal,three_tier_luxury,balloon_setup,full_stage_setup,149,bakesmart_rule_generator_v1,4,synthetic_rule_based,pending_expert_review,train,20260817,"Theme-conditioned preferences; cake guest band 90-250; decor-conditioned venue/budget; layout derived from guests, venue and decor."
BSAR1574,anniversary,hall,8,5.8,3.3,19.1,234000,29250,adult,night,white,minimal,modern_minimal,single_tier_round,luxury_stage,full_stage_setup,8,bakesmart_rule_generator_v1,5,synthetic_rule_based,pending_expert_review,train,20260817,"Theme-conditioned preferences; cake guest band 8-25; decor-conditioned venue/budget; layout derived from guests, venue and decor."
BSAR1575,baby_shower,hall,105,12.8,11.2,143.4,692000,6590,adult,night,mixed,colourful,colourful_cartoon,two_tier_floral,luxury_stage,full_stage_setup,105,bakesmart_rule_generator_v1,5,synthetic_rule_based,pending_expert_review,train,20260817,"Theme-conditioned preferences; cake guest band 45-120; decor-conditioned venue/budget; layout derived from guests, venue and decor."
BSAR1576,baby_shower,home,18,5.7,3.9,22.2,40000,2222,mixed,day,gold,minimal,rustic_natural,single_tier_round,balloon_setup,single_cake_table,18,bakesmart_rule_generator_v1,4,synthetic_rule_based,pending_expert_review,train,20260817,"Theme-conditioned preferences; cake guest band 8-25; decor-conditioned venue/budget; layout derived from guests, venue and decor."
BSAR1577,wedding,hall,75,15.5,8.6,133.3,317000,4227,adult,night,white,rustic,rustic_natural,two_tier_round,rustic_wood_setup,two_side_tables,75,bakesmart_rule_generator_v1,5,synthetic_rule_based,pending_expert_review,train,20260817,"Theme-conditioned preferences; cake guest band 35-90; decor-conditioned venue/budget; layout derived from guests, venue and decor."
BSAR1578,baby_shower,hall,203,22,16.6,365.2,1879000,9256,adult,day,purple,elegant,pastel_floral,three_tier_luxury,luxury_stage,full_stage_setup,203,bakesmart_rule_generator_v1,5,synthetic_rule_based,pending_expert_review,train,20260817,"Theme-conditioned preferences; cake guest band 90-250; decor-conditioned venue/budget; layout derived from guests, venue and decor."
BSAR1579,wedding,restaurant,18,7.7,5,38.5,40000,2222,adult,day,blue,elegant,modern_minimal,single_tier_round,minimal_backdrop,single_cake_table,18,bakesmart_rule_generator_v1,4,synthetic_rule_based,pending_expert_review,train,20260817,"Theme-conditioned preferences; cake guest band 8-25; decor-conditioned venue/budget; layout derived from guests, venue and decor."
BSAR1580,birthday,hall,91,16.2,9.1,147.4,620000,6813,child,night,blue,minimal,colourful_cartoon,two_tier_floral,luxury_stage,full_stage_setup,91,bakesmart_rule_generator_v1,4,synthetic_rule_based,pending_expert_review,train,20260817,"Theme-conditioned preferences; cake guest band 45-120; decor-conditioned venue/budget; layout derived from guests, venue and decor."
BSAR1581,birthday,home,41,8.3,6,49.8,146000,3561,teenager,day,green,rustic,rustic_natural,two_tier_round,balloon_setup,cake_and_dessert_table,41,bakesmart_rule_generator_v1,5,synthetic_rule_based,pending_expert_review,train,20260817,"Theme-conditioned preferences; cake guest band 35-90; decor-conditioned venue/budget; layout derived from guests, venue and decor."
BSAR1582,anniversary,outdoor,14,7.9,4.3,34,63000,4500,adult,night,green,elegant,traditional_luxury,single_tier_round,balloon_setup,single_cake_table,14,bakesmart_rule_generator_v1,5,synthetic_rule_based,pending_expert_review,train,20260817,"Theme-conditioned preferences; cake guest band 8-25; decor-conditioned venue/budget; layout derived from guests, venue and decor."
BSAR1583,birthday,hall,23,7.1,5.7,40.5,149000,6478,child,night,blue,elegant,pastel_floral,single_tier_round,flower_wall,single_cake_table,23,bakesmart_rule_generator_v1,5,synthetic_rule_based,pending_expert_review,train,20260817,"Theme-conditioned preferences; cake guest band 8-25; decor-conditioned venue/budget; layout derived from guests, venue and decor."
BSAR1584,wedding,hall,16,5.3,4.8,25.4,87000,5438,mixed,day,purple,elegant,pastel_floral,single_tier_round,flower_wall,single_cake_table,16,bakesmart_rule_generator_v1,5,synthetic_rule_based,pending_expert_review,test,20260817,"Theme-conditioned preferences; cake guest band 8-25; decor-conditioned venue/budget; layout derived from guests, venue and decor."
BSAR1585,anniversary,home,19,7.4,4.2,31.1,108000,5684,adult,night,mixed,colourful,colourful_cartoon,single_tier_round,rustic_wood_setup,single_cake_table,19,bakesmart_rule_generator_v1,3,synthetic_rule_based,pending_expert_review,validation,20260817,"Theme-conditioned preferences; cake guest band 8-25; decor-conditioned venue/budget; layout derived from guests, venue and decor."
BSAR1586,wedding,hall,123,19.7,10.5,206.9,296000,2407,adult,night,green,traditional,traditional_luxury,three_tier_luxury,minimal_backdrop,full_stage_setup,123,bakesmart_rule_generator_v1,5,synthetic_rule_based,pending_expert_review,train,20260817,"Theme-conditioned preferences; cake guest band 90-250; decor-conditioned venue/budget; layout derived from guests, venue and decor."
BSAR1587,wedding,hall,22,8.3,5.6,46.5,72000,3273,adult,day,pink,elegant,pastel_floral,single_tier_round,balloon_setup,single_cake_table,22,bakesmart_rule_generator_v1,5,synthetic_rule_based,pending_expert_review,validation,20260817,"Theme-conditioned preferences; cake guest band 8-25; decor-conditioned venue/budget; layout derived from guests, venue and decor."
BSAR1588,wedding,hall,217,18,16,288,343000,1581,adult,night,white,traditional,traditional_luxury,three_tier_luxury,minimal_backdrop,full_stage_setup,217,bakesmart_rule_generator_v1,5,synthetic_rule_based,pending_expert_review,train,20260817,"Theme-conditioned preferences; cake guest band 90-250; decor-conditioned venue/budget; layout derived from guests, venue and decor."
BSAR1589,baby_shower,hall,84,14.7,9.4,138.2,186000,2214,adult,night,pink,elegant,pastel_floral,two_tier_round,minimal_backdrop,two_side_tables,84,bakesmart_rule_generator_v1,5,synthetic_rule_based,pending_expert_review,train,20260817,"Theme-conditioned preferences; cake guest band 35-90; decor-conditioned venue/budget; layout derived from guests, venue and decor."
BSAR1590,graduation,outdoor,92,13.8,10.3,142.1,286000,3109,teenager,night,green,rustic,rustic_natural,two_tier_floral,balloon_setup,two_side_tables,92,bakesmart_rule_generator_v1,5,synthetic_rule_based,pending_expert_review,test,20260817,"Theme-conditioned preferences; cake guest band 45-120; decor-conditioned venue/budget; layout derived from guests, venue and decor."
BSAR1591,birthday,outdoor,212,25,13.4,335,579000,2731,adult,day,red,colourful,colourful_cartoon,three_tier_luxury,balloon_setup,two_side_tables,212,bakesmart_rule_generator_v1,5,synthetic_rule_based,pending_expert_review,train,20260817,"Theme-conditioned preferences; cake guest band 90-250; decor-conditioned venue/budget; layout derived from guests, venue and decor."
BSAR1592,graduation,home,32,8.9,5.6,49.8,111000,3469,teenager,night,white,elegant,pastel_floral,single_tier_square,balloon_setup,cake_and_dessert_table,32,bakesmart_rule_generator_v1,5,synthetic_rule_based,pending_expert_review,train,20260817,"Theme-conditioned preferences; cake guest band 15-40; decor-conditioned venue/budget; layout derived from guests, venue and decor."
BSAR1593,birthday,outdoor,134,18.7,10.2,190.7,414000,3090,teenager,day,green,rustic,rustic_natural,three_tier_luxury,rustic_wood_setup,two_side_tables,134,bakesmart_rule_generator_v1,5,synthetic_rule_based,pending_expert_review,train,20260817,"Theme-conditioned preferences; cake guest band 90-250; decor-conditioned venue/budget; layout derived from guests, venue and decor."
BSAR1594,anniversary,hall,29,8.5,5.8,49.3,123000,4241,mixed,night,red,traditional,traditional_luxury,single_tier_square,rustic_wood_setup,single_cake_table,29,bakesmart_rule_generator_v1,5,synthetic_rule_based,pending_expert_review,train,20260817,"Theme-conditioned preferences; cake guest band 15-40; decor-conditioned venue/budget; layout derived from guests, venue and decor."
BSAR1595,graduation,outdoor,68,14.1,8.7,122.7,605000,8897,mixed,day,green,rustic,modern_minimal,two_tier_floral,luxury_stage,full_stage_setup,68,bakesmart_rule_generator_v1,4,synthetic_rule_based,pending_expert_review,train,20260817,"Theme-conditioned preferences; cake guest band 45-120; decor-conditioned venue/budget; layout derived from guests, venue and decor."
BSAR1596,birthday,hall,197,19,16.4,311.6,1277000,6482,mixed,day,white,minimal,rustic_natural,three_tier_luxury,luxury_stage,full_stage_setup,197,bakesmart_rule_generator_v1,4,synthetic_rule_based,pending_expert_review,train,20260817,"Theme-conditioned preferences; cake guest band 90-250; decor-conditioned venue/budget; layout derived from guests, venue and decor."
BSAR1597,baby_shower,hall,80,15.9,9.6,152.6,649000,8113,adult,day,green,elegant,traditional_luxury,two_tier_round,luxury_stage,full_stage_setup,80,bakesmart_rule_generator_v1,5,synthetic_rule_based,pending_expert_review,train,20260817,"Theme-conditioned preferences; cake guest band 35-90; decor-conditioned venue/budget; layout derived from guests, venue and decor."
BSAR1598,baby_shower,hall,36,10.4,7.1,73.8,393000,10917,adult,night,blue,elegant,pastel_floral,single_tier_square,luxury_stage,full_stage_setup,36,bakesmart_rule_generator_v1,5,synthetic_rule_based,pending_expert_review,train,20260817,"Theme-conditioned preferences; cake guest band 15-40; decor-conditioned venue/budget; layout derived from guests, venue and decor."
BSAR1599,graduation,hall,21,7.5,4.7,35.3,58000,2762,adult,night,white,elegant,pastel_floral,single_tier_square,minimal_backdrop,single_cake_table,21,bakesmart_rule_generator_v1,5,synthetic_rule_based,pending_expert_review,train,20260817,"Theme-conditioned preferences; cake guest band 15-40; decor-conditioned venue/budget; layout derived from guests, venue and decor."
BSAR1600,baby_shower,home,62,11.8,6.5,76.7,180000,2903,adult,day,blue,colourful,colourful_cartoon,two_tier_round,minimal_backdrop,cake_and_dessert_table,62,bakesmart_rule_generator_v1,5,synthetic_rule_based,pending_expert_review,test,20260817,"Theme-conditioned preferences; cake guest band 35-90; decor-conditioned venue/budget; layout derived from guests, venue and decor."
BSAR1601,birthday,restaurant,109,17.3,9.5,164.4,331000,3037,child,day,purple,traditional,traditional_luxury,two_tier_floral,balloon_setup,two_side_tables,109,bakesmart_rule_generator_v1,5,synthetic_rule_based,pending_expert_review,validation,20260817,"Theme-conditioned preferences; cake guest band 45-120; decor-conditioned venue/budget; layout derived from guests, venue and decor."
BSAR1602,baby_shower,hall,106,15.3,8.7,133.1,169000,1594,adult,night,gold,traditional,elegant_gold,two_tier_floral,minimal_backdrop,two_side_tables,106,bakesmart_rule_generator_v1,4,synthetic_rule_based,pending_expert_review,validation,20260817,"Theme-conditioned preferences; cake guest band 45-120; decor-conditioned venue/budget; layout derived from guests, venue and decor."
BSAR1603,anniversary,restaurant,51,10.6,7.3,77.4,86000,1686,mixed,night,red,elegant,elegant_gold,two_tier_round,minimal_backdrop,cake_and_dessert_table,51,bakesmart_rule_generator_v1,5,synthetic_rule_based,pending_expert_review,test,20260817,"Theme-conditioned preferences; cake guest band 35-90; decor-conditioned venue/budget; layout derived from guests, venue and decor."
BSAR1604,baby_shower,home,88,13.9,7.3,101.5,215000,2443,adult,day,mixed,traditional,colourful_cartoon,two_tier_round,minimal_backdrop,two_side_tables,88,bakesmart_rule_generator_v1,4,synthetic_rule_based,pending_expert_review,train,20260817,"Theme-conditioned preferences; cake guest band 35-90; decor-conditioned venue/budget; layout derived from guests, venue and decor."
BSAR1605,anniversary,restaurant,201,19.8,13.3,263.3,457000,2274,adult,night,white,minimal,pastel_floral,three_tier_luxury,minimal_backdrop,two_side_tables,201,bakesmart_rule_generator_v1,4,synthetic_rule_based,pending_expert_review,train,20260817,"Theme-conditioned preferences; cake guest band 90-250; decor-conditioned venue/budget; layout derived from guests, venue and decor."
BSAR1606,anniversary,home,132,15.1,9.4,141.9,362000,2742,adult,night,mixed,minimal,modern_minimal,three_tier_luxury,balloon_setup,two_side_tables,132,bakesmart_rule_generator_v1,5,synthetic_rule_based,pending_expert_review,validation,20260817,"Theme-conditioned preferences; cake guest band 90-250; decor-conditioned venue/budget; layout derived from guests, venue and decor."
BSAR1607,baby_shower,hall,8,4.6,3.7,17,45000,5625,adult,night,purple,rustic,pastel_floral,single_tier_round,balloon_setup,single_cake_table,8,bakesmart_rule_generator_v1,4,synthetic_rule_based,pending_expert_review,test,20260817,"Theme-conditioned preferences; cake guest band 8-25; decor-conditioned venue/budget; layout derived from guests, venue and decor."
BSAR1608,anniversary,outdoor,76,14.2,12.4,176.1,182000,2395,adult,night,mixed,minimal,modern_minimal,two_tier_round,rustic_wood_setup,two_side_tables,76,bakesmart_rule_generator_v1,5,synthetic_rule_based,pending_expert_review,validation,20260817,"Theme-conditioned preferences; cake guest band 35-90; decor-conditioned venue/budget; layout derived from guests, venue and decor."
BSAR1609,wedding,hall,62,11.2,8.9,99.7,203000,3274,adult,night,white,minimal,modern_minimal,two_tier_round,rustic_wood_setup,cake_and_dessert_table,62,bakesmart_rule_generator_v1,5,synthetic_rule_based,pending_expert_review,train,20260817,"Theme-conditioned preferences; cake guest band 35-90; decor-conditioned venue/budget; layout derived from guests, venue and decor."
BSAR1610,anniversary,hall,114,14.2,10.2,144.8,964000,8456,adult,night,green,elegant,modern_minimal,two_tier_floral,luxury_stage,full_stage_setup,114,bakesmart_rule_generator_v1,4,synthetic_rule_based,pending_expert_review,train,20260817,"Theme-conditioned preferences; cake guest band 45-120; decor-conditioned venue/budget; layout derived from guests, venue and decor."
BSAR1611,wedding,hall,52,13.2,7.8,103,266000,5115,mixed,night,purple,elegant,elegant_gold,two_tier_round,flower_wall,cake_and_dessert_table,52,bakesmart_rule_generator_v1,5,synthetic_rule_based,pending_expert_review,train,20260817,"Theme-conditioned preferences; cake guest band 35-90; decor-conditioned venue/budget; layout derived from guests, venue and decor."
BSAR1612,baby_shower,restaurant,23,8.3,5.6,46.5,113000,4913,adult,day,pink,elegant,pastel_floral,single_tier_round,flower_wall,single_cake_table,23,bakesmart_rule_generator_v1,5,synthetic_rule_based,pending_expert_review,test,20260817,"Theme-conditioned preferences; cake guest band 8-25; decor-conditioned venue/budget; layout derived from guests, venue and decor."
BSAR1613,graduation,hall,25,8.3,5.7,47.3,145000,5800,mixed,day,green,minimal,modern_minimal,single_tier_square,flower_wall,single_cake_table,25,bakesmart_rule_generator_v1,5,synthetic_rule_based,pending_expert_review,train,20260817,"Theme-conditioned preferences; cake guest band 15-40; decor-conditioned venue/budget; layout derived from guests, venue and decor."
BSAR1614,baby_shower,restaurant,39,9.8,5.8,56.8,401000,10282,adult,day,white,traditional,pastel_floral,single_tier_square,luxury_stage,full_stage_setup,39,bakesmart_rule_generator_v1,4,synthetic_rule_based,pending_expert_review,train,20260817,"Theme-conditioned preferences; cake guest band 15-40; decor-conditioned venue/budget; layout derived from guests, venue and decor."
BSAR1615,birthday,hall,51,12.2,7.2,87.8,228000,4471,teenager,day,white,elegant,modern_minimal,two_tier_floral,flower_wall,cake_and_dessert_table,51,bakesmart_rule_generator_v1,4,synthetic_rule_based,pending_expert_review,train,20260817,"Theme-conditioned preferences; cake guest band 45-120; decor-conditioned venue/budget; layout derived from guests, venue and decor."
BSAR1616,graduation,home,60,9,5.8,52.2,126000,2100,teenager,night,white,elegant,elegant_gold,two_tier_round,balloon_setup,cake_and_dessert_table,60,bakesmart_rule_generator_v1,5,synthetic_rule_based,pending_expert_review,train,20260817,"Theme-conditioned preferences; cake guest band 35-90; decor-conditioned venue/budget; layout derived from guests, venue and decor."
BSAR1617,graduation,hall,14,6.3,4.6,29,51000,3643,adult,night,gold,elegant,elegant_gold,single_tier_round,rustic_wood_setup,single_cake_table,14,bakesmart_rule_generator_v1,5,synthetic_rule_based,pending_expert_review,train,20260817,"Theme-conditioned preferences; cake guest band 8-25; decor-conditioned venue/budget; layout derived from guests, venue and decor."
BSAR1618,birthday,outdoor,33,9.7,7,67.9,114000,3455,adult,night,red,colourful,colourful_cartoon,single_tier_square,rustic_wood_setup,cake_and_dessert_table,33,bakesmart_rule_generator_v1,5,synthetic_rule_based,pending_expert_review,train,20260817,"Theme-conditioned preferences; cake guest band 15-40; decor-conditioned venue/budget; layout derived from guests, venue and decor."
BSAR1619,wedding,hall,40,11.3,7.1,80.2,127000,3175,adult,night,gold,rustic,rustic_natural,single_tier_square,flower_wall,cake_and_dessert_table,40,bakesmart_rule_generator_v1,5,synthetic_rule_based,pending_expert_review,train,20260817,"Theme-conditioned preferences; cake guest band 15-40; decor-conditioned venue/budget; layout derived from guests, venue and decor."
BSAR1620,wedding,home,62,10.7,6.6,70.6,120000,1935,adult,night,white,elegant,rustic_natural,two_tier_floral,minimal_backdrop,cake_and_dessert_table,62,bakesmart_rule_generator_v1,4,synthetic_rule_based,pending_expert_review,validation,20260817,"Theme-conditioned preferences; cake guest band 45-120; decor-conditioned venue/budget; layout derived from guests, venue and decor."
BSAR1621,birthday,hall,15,7.6,4.1,31.2,56000,3733,child,day,pink,elegant,pastel_floral,single_tier_round,balloon_setup,single_cake_table,15,bakesmart_rule_generator_v1,5,synthetic_rule_based,pending_expert_review,train,20260817,"Theme-conditioned preferences; cake guest band 8-25; decor-conditioned venue/budget; layout derived from guests, venue and decor."
BSAR1622,anniversary,hall,57,13.4,8.4,112.6,617000,10825,adult,night,gold,elegant,elegant_gold,two_tier_round,luxury_stage,full_stage_setup,57,bakesmart_rule_generator_v1,5,synthetic_rule_based,pending_expert_review,train,20260817,"Theme-conditioned preferences; cake guest band 35-90; decor-conditioned venue/budget; layout derived from guests, venue and decor."
BSAR1623,birthday,home,18,6.5,3.7,24.1,62000,3444,teenager,night,white,rustic,rustic_natural,single_tier_round,balloon_setup,single_cake_table,18,bakesmart_rule_generator_v1,5,synthetic_rule_based,pending_expert_review,train,20260817,"Theme-conditioned preferences; cake guest band 8-25; decor-conditioned venue/budget; layout derived from guests, venue and decor."
BSAR1624,baby_shower,home,203,17.4,12.6,219.2,597000,2941,mixed,night,purple,colourful,pastel_floral,three_tier_luxury,rustic_wood_setup,two_side_tables,203,bakesmart_rule_generator_v1,5,synthetic_rule_based,pending_expert_review,train,20260817,"Theme-conditioned preferences; cake guest band 90-250; decor-conditioned venue/budget; layout derived from guests, venue and decor."
BSAR1625,anniversary,restaurant,103,13.4,10.8,144.7,298000,2893,adult,night,red,elegant,elegant_gold,three_tier_luxury,minimal_backdrop,two_side_tables,103,bakesmart_rule_generator_v1,5,synthetic_rule_based,pending_expert_review,test,20260817,"Theme-conditioned preferences; cake guest band 90-250; decor-conditioned venue/budget; layout derived from guests, venue and decor."
BSAR1626,baby_shower,hall,26,9,5.6,50.4,347000,13346,mixed,day,red,elegant,elegant_gold,single_tier_square,luxury_stage,full_stage_setup,26,bakesmart_rule_generator_v1,5,synthetic_rule_based,pending_expert_review,train,20260817,"Theme-conditioned preferences; cake guest band 15-40; decor-conditioned venue/budget; layout derived from guests, venue and decor."
BSAR1627,anniversary,hall,15,6.3,5.3,33.4,295000,19667,adult,night,purple,elegant,elegant_gold,single_tier_round,luxury_stage,full_stage_setup,15,bakesmart_rule_generator_v1,5,synthetic_rule_based,pending_expert_review,validation,20260817,"Theme-conditioned preferences; cake guest band 8-25; decor-conditioned venue/budget; layout derived from guests, venue and decor."
BSAR1628,anniversary,hall,39,10.8,7.1,76.7,147000,3769,adult,night,gold,colourful,traditional_luxury,single_tier_square,rustic_wood_setup,cake_and_dessert_table,39,bakesmart_rule_generator_v1,4,synthetic_rule_based,pending_expert_review,train,20260817,"Theme-conditioned preferences; cake guest band 15-40; decor-conditioned venue/budget; layout derived from guests, venue and decor."
BSAR1629,baby_shower,home,101,10.6,8.2,86.9,309000,3059,adult,day,pink,colourful,colourful_cartoon,three_tier_luxury,rustic_wood_setup,two_side_tables,101,bakesmart_rule_generator_v1,5,synthetic_rule_based,pending_expert_review,train,20260817,"Theme-conditioned preferences; cake guest band 90-250; decor-conditioned venue/budget; layout derived from guests, venue and decor."
BSAR1630,anniversary,outdoor,13,7.1,5.3,37.6,87000,6692,adult,day,white,rustic,modern_minimal,single_tier_round,flower_wall,single_cake_table,13,bakesmart_rule_generator_v1,4,synthetic_rule_based,pending_expert_review,train,20260817,"Theme-conditioned preferences; cake guest band 8-25; decor-conditioned venue/budget; layout derived from guests, venue and decor."
BSAR1631,birthday,outdoor,57,10.6,8.8,93.3,284000,4982,child,day,mixed,rustic,rustic_natural,two_tier_floral,rustic_wood_setup,cake_and_dessert_table,57,bakesmart_rule_generator_v1,5,synthetic_rule_based,pending_expert_review,train,20260817,"Theme-conditioned preferences; cake guest band 45-120; decor-conditioned venue/budget; layout derived from guests, venue and decor."
BSAR1632,graduation,hall,69,12.7,9.4,119.4,475000,6884,adult,day,red,elegant,rustic_natural,two_tier_round,luxury_stage,full_stage_setup,69,bakesmart_rule_generator_v1,4,synthetic_rule_based,pending_expert_review,train,20260817,"Theme-conditioned preferences; cake guest band 35-90; decor-conditioned venue/budget; layout derived from guests, venue and decor."
BSAR1633,baby_shower,home,82,12.1,8.5,102.9,232000,2829,adult,night,green,elegant,rustic_natural,two_tier_round,balloon_setup,two_side_tables,82,bakesmart_rule_generator_v1,4,synthetic_rule_based,pending_expert_review,test,20260817,"Theme-conditioned preferences; cake guest band 35-90; decor-conditioned venue/budget; layout derived from guests, venue and decor."
BSAR1634,wedding,home,38,8.8,6.3,55.4,219000,5763,adult,day,red,minimal,rustic_natural,two_tier_round,flower_wall,cake_and_dessert_table,38,bakesmart_rule_generator_v1,4,synthetic_rule_based,pending_expert_review,train,20260817,"Theme-conditioned preferences; cake guest band 35-90; decor-conditioned venue/budget; layout derived from guests, venue and decor."
BSAR1635,wedding,outdoor,22,8.2,6.2,50.8,96000,4364,adult,night,red,traditional,traditional_luxury,single_tier_square,rustic_wood_setup,single_cake_table,22,bakesmart_rule_generator_v1,5,synthetic_rule_based,pending_expert_review,train,20260817,"Theme-conditioned preferences; cake guest band 15-40; decor-conditioned venue/budget; layout derived from guests, venue and decor."
BSAR1636,graduation,hall,116,17.6,11.6,204.2,1253000,10802,adult,day,purple,colourful,pastel_floral,two_tier_floral,luxury_stage,full_stage_setup,116,bakesmart_rule_generator_v1,5,synthetic_rule_based,pending_expert_review,validation,20260817,"Theme-conditioned preferences; cake guest band 45-120; decor-conditioned venue/budget; layout derived from guests, venue and decor."
BSAR1637,birthday,outdoor,183,21.5,13.9,298.9,795000,4344,teenager,day,white,rustic,pastel_floral,three_tier_luxury,flower_wall,two_side_tables,183,bakesmart_rule_generator_v1,4,synthetic_rule_based,pending_expert_review,train,20260817,"Theme-conditioned preferences; cake guest band 90-250; decor-conditioned venue/budget; layout derived from guests, venue and decor."
BSAR1638,baby_shower,hall,12,7.5,4.3,32.3,280000,23333,adult,night,green,minimal,rustic_natural,single_tier_round,luxury_stage,full_stage_setup,12,bakesmart_rule_generator_v1,4,synthetic_rule_based,pending_expert_review,train,20260817,"Theme-conditioned preferences; cake guest band 8-25; decor-conditioned venue/budget; layout derived from guests, venue and decor."
BSAR1639,graduation,home,184,15.6,10.9,170,623000,3386,teenager,night,blue,elegant,modern_minimal,three_tier_luxury,rustic_wood_setup,two_side_tables,184,bakesmart_rule_generator_v1,4,synthetic_rule_based,pending_expert_review,train,20260817,"Theme-conditioned preferences; cake guest band 90-250; decor-conditioned venue/budget; layout derived from guests, venue and decor."
BSAR1640,birthday,hall,67,14.7,7.8,114.7,159000,2373,child,night,mixed,colourful,colourful_cartoon,two_tier_floral,balloon_setup,cake_and_dessert_table,67,bakesmart_rule_generator_v1,5,synthetic_rule_based,pending_expert_review,train,20260817,"Theme-conditioned preferences; cake guest band 45-120; decor-conditioned venue/budget; layout derived from guests, venue and decor."
BSAR1641,graduation,restaurant,212,21,15.1,317.1,458000,2160,teenager,night,white,minimal,modern_minimal,three_tier_luxury,minimal_backdrop,two_side_tables,212,bakesmart_rule_generator_v1,5,synthetic_rule_based,pending_expert_review,train,20260817,"Theme-conditioned preferences; cake guest band 90-250; decor-conditioned venue/budget; layout derived from guests, venue and decor."
BSAR1642,graduation,home,64,10.7,6.6,70.6,272000,4250,mixed,night,mixed,elegant,elegant_gold,two_tier_round,rustic_wood_setup,cake_and_dessert_table,64,bakesmart_rule_generator_v1,5,synthetic_rule_based,pending_expert_review,train,20260817,"Theme-conditioned preferences; cake guest band 35-90; decor-conditioned venue/budget; layout derived from guests, venue and decor."
BSAR1643,baby_shower,hall,52,12.5,6.8,85,228000,4385,adult,day,pink,elegant,pastel_floral,two_tier_round,rustic_wood_setup,cake_and_dessert_table,52,bakesmart_rule_generator_v1,5,synthetic_rule_based,pending_expert_review,validation,20260817,"Theme-conditioned preferences; cake guest band 35-90; decor-conditioned venue/budget; layout derived from guests, venue and decor."
BSAR1644,anniversary,hall,18,7.7,5.1,39.3,269000,14944,adult,night,mixed,elegant,elegant_gold,single_tier_round,luxury_stage,full_stage_setup,18,bakesmart_rule_generator_v1,5,synthetic_rule_based,pending_expert_review,train,20260817,"Theme-conditioned preferences; cake guest band 8-25; decor-conditioned venue/budget; layout derived from guests, venue and decor."
BSAR1645,birthday,home,30,7.2,4.8,34.6,88000,2933,adult,day,red,rustic,rustic_natural,single_tier_square,balloon_setup,cake_and_dessert_table,30,bakesmart_rule_generator_v1,5,synthetic_rule_based,pending_expert_review,train,20260817,"Theme-conditioned preferences; cake guest band 15-40; decor-conditioned venue/budget; layout derived from guests, venue and decor."
BSAR1646,baby_shower,home,19,6.3,3.6,22.7,50000,2632,adult,day,purple,colourful,colourful_cartoon,single_tier_square,minimal_backdrop,single_cake_table,19,bakesmart_rule_generator_v1,5,synthetic_rule_based,pending_expert_review,test,20260817,"Theme-conditioned preferences; cake guest band 15-40; decor-conditioned venue/budget; layout derived from guests, venue and decor."
BSAR1647,graduation,hall,8,5.5,3,16.5,58000,7250,teenager,day,purple,colourful,pastel_floral,single_tier_round,flower_wall,single_cake_table,8,bakesmart_rule_generator_v1,5,synthetic_rule_based,pending_expert_review,train,20260817,"Theme-conditioned preferences; cake guest band 8-25; decor-conditioned venue/budget; layout derived from guests, venue and decor."
BSAR1648,birthday,hall,11,6.5,5,32.5,62000,5636,child,night,pink,colourful,colourful_cartoon,single_tier_round,flower_wall,single_cake_table,11,bakesmart_rule_generator_v1,5,synthetic_rule_based,pending_expert_review,train,20260817,"Theme-conditioned preferences; cake guest band 8-25; decor-conditioned venue/budget; layout derived from guests, venue and decor."
BSAR1649,graduation,hall,16,7.8,4.1,32,184000,11500,adult,night,gold,traditional,traditional_luxury,single_tier_square,luxury_stage,full_stage_setup,16,bakesmart_rule_generator_v1,5,synthetic_rule_based,pending_expert_review,train,20260817,"Theme-conditioned preferences; cake guest band 15-40; decor-conditioned venue/budget; layout derived from guests, venue and decor."
BSAR1650,baby_shower,home,16,5.4,3.8,20.5,47000,2938,adult,day,green,rustic,rustic_natural,single_tier_square,balloon_setup,single_cake_table,16,bakesmart_rule_generator_v1,5,synthetic_rule_based,pending_expert_review,train,20260817,"Theme-conditioned preferences; cake guest band 15-40; decor-conditioned venue/budget; layout derived from guests, venue and decor."
BSAR1651,anniversary,hall,80,16,9.2,147.2,145000,1813,adult,day,gold,elegant,rustic_natural,two_tier_round,balloon_setup,two_side_tables,80,bakesmart_rule_generator_v1,4,synthetic_rule_based,pending_expert_review,test,20260817,"Theme-conditioned preferences; cake guest band 35-90; decor-conditioned venue/budget; layout derived from guests, venue and decor."
BSAR1652,wedding,home,73,9.9,7.6,75.2,399000,5466,mixed,night,purple,elegant,elegant_gold,two_tier_floral,flower_wall,two_side_tables,73,bakesmart_rule_generator_v1,5,synthetic_rule_based,pending_expert_review,train,20260817,"Theme-conditioned preferences; cake guest band 45-120; decor-conditioned venue/budget; layout derived from guests, venue and decor."
BSAR1653,birthday,restaurant,40,8.1,7.3,59.1,202000,5050,child,night,red,colourful,colourful_cartoon,single_tier_square,flower_wall,cake_and_dessert_table,40,bakesmart_rule_generator_v1,5,synthetic_rule_based,pending_expert_review,train,20260817,"Theme-conditioned preferences; cake guest band 15-40; decor-conditioned venue/budget; layout derived from guests, venue and decor."
BSAR1654,anniversary,hall,54,12.5,9.1,113.8,570000,10556,adult,night,purple,elegant,elegant_gold,two_tier_round,luxury_stage,full_stage_setup,54,bakesmart_rule_generator_v1,5,synthetic_rule_based,pending_expert_review,train,20260817,"Theme-conditioned preferences; cake guest band 35-90; decor-conditioned venue/budget; layout derived from guests, venue and decor."
BSAR1655,graduation,home,18,7.2,4.2,30.2,79000,4389,adult,day,white,elegant,modern_minimal,single_tier_round,rustic_wood_setup,single_cake_table,18,bakesmart_rule_generator_v1,4,synthetic_rule_based,pending_expert_review,train,20260817,"Theme-conditioned preferences; cake guest band 8-25; decor-conditioned venue/budget; layout derived from guests, venue and decor."
BSAR1656,baby_shower,restaurant,98,14.2,9.8,139.2,179000,1827,adult,day,mixed,elegant,pastel_floral,three_tier_luxury,minimal_backdrop,two_side_tables,98,bakesmart_rule_generator_v1,5,synthetic_rule_based,pending_expert_review,validation,20260817,"Theme-conditioned preferences; cake guest band 90-250; decor-conditioned venue/budget; layout derived from guests, venue and decor."
BSAR1657,anniversary,outdoor,17,8.7,5,43.5,93000,5471,adult,day,green,rustic,rustic_natural,single_tier_round,rustic_wood_setup,single_cake_table,17,bakesmart_rule_generator_v1,5,synthetic_rule_based,pending_expert_review,train,20260817,"Theme-conditioned preferences; cake guest band 8-25; decor-conditioned venue/budget; layout derived from guests, venue and decor."
BSAR1658,baby_shower,hall,105,15.9,9.2,146.3,571000,5438,adult,night,gold,traditional,traditional_luxury,two_tier_floral,luxury_stage,full_stage_setup,105,bakesmart_rule_generator_v1,5,synthetic_rule_based,pending_expert_review,test,20260817,"Theme-conditioned preferences; cake guest band 45-120; decor-conditioned venue/budget; layout derived from guests, venue and decor."
BSAR1659,baby_shower,hall,74,12.9,8.2,105.8,270000,3649,mixed,night,blue,elegant,pastel_floral,two_tier_round,flower_wall,two_side_tables,74,bakesmart_rule_generator_v1,5,synthetic_rule_based,pending_expert_review,test,20260817,"Theme-conditioned preferences; cake guest band 35-90; decor-conditioned venue/budget; layout derived from guests, venue and decor."
BSAR1660,baby_shower,home,169,17.6,11.8,207.7,466000,2757,adult,night,green,rustic,rustic_natural,three_tier_luxury,balloon_setup,two_side_tables,169,bakesmart_rule_generator_v1,5,synthetic_rule_based,pending_expert_review,train,20260817,"Theme-conditioned preferences; cake guest band 90-250; decor-conditioned venue/budget; layout derived from guests, venue and decor."
BSAR1661,wedding,outdoor,112,16.1,10.3,165.8,542000,4839,adult,day,green,elegant,traditional_luxury,three_tier_luxury,rustic_wood_setup,two_side_tables,112,bakesmart_rule_generator_v1,5,synthetic_rule_based,pending_expert_review,validation,20260817,"Theme-conditioned preferences; cake guest band 90-250; decor-conditioned venue/budget; layout derived from guests, venue and decor."
BSAR1662,wedding,outdoor,23,9.8,5.7,55.9,91000,3957,adult,night,gold,traditional,traditional_luxury,single_tier_round,rustic_wood_setup,single_cake_table,23,bakesmart_rule_generator_v1,5,synthetic_rule_based,pending_expert_review,validation,20260817,"Theme-conditioned preferences; cake guest band 8-25; decor-conditioned venue/budget; layout derived from guests, venue and decor."
BSAR1663,anniversary,home,191,17.3,12.1,209.3,524000,2743,adult,night,gold,traditional,traditional_luxury,three_tier_luxury,minimal_backdrop,two_side_tables,191,bakesmart_rule_generator_v1,5,synthetic_rule_based,pending_expert_review,train,20260817,"Theme-conditioned preferences; cake guest band 90-250; decor-conditioned venue/budget; layout derived from guests, venue and decor."
BSAR1664,wedding,hall,25,7.7,6.5,50.1,70000,2800,adult,night,green,minimal,modern_minimal,single_tier_round,minimal_backdrop,single_cake_table,25,bakesmart_rule_generator_v1,5,synthetic_rule_based,pending_expert_review,train,20260817,"Theme-conditioned preferences; cake guest band 8-25; decor-conditioned venue/budget; layout derived from guests, venue and decor."
BSAR1665,wedding,hall,35,10.2,5.8,59.2,391000,11171,adult,day,green,rustic,rustic_natural,single_tier_square,luxury_stage,full_stage_setup,35,bakesmart_rule_generator_v1,5,synthetic_rule_based,pending_expert_review,train,20260817,"Theme-conditioned preferences; cake guest band 15-40; decor-conditioned venue/budget; layout derived from guests, venue and decor."
BSAR1666,baby_shower,outdoor,56,12.8,9.2,117.8,271000,4839,adult,day,pink,colourful,pastel_floral,two_tier_round,flower_wall,cake_and_dessert_table,56,bakesmart_rule_generator_v1,5,synthetic_rule_based,pending_expert_review,train,20260817,"Theme-conditioned preferences; cake guest band 35-90; decor-conditioned venue/budget; layout derived from guests, venue and decor."
BSAR1667,birthday,home,26,8.1,4.7,38.1,63000,2423,mixed,night,purple,minimal,colourful_cartoon,single_tier_square,balloon_setup,single_cake_table,26,bakesmart_rule_generator_v1,4,synthetic_rule_based,pending_expert_review,test,20260817,"Theme-conditioned preferences; cake guest band 15-40; decor-conditioned venue/budget; layout derived from guests, venue and decor."
BSAR1668,anniversary,outdoor,27,9.5,6.4,60.8,91000,3370,adult,night,green,rustic,rustic_natural,single_tier_square,rustic_wood_setup,single_cake_table,27,bakesmart_rule_generator_v1,5,synthetic_rule_based,pending_expert_review,train,20260817,"Theme-conditioned preferences; cake guest band 15-40; decor-conditioned venue/budget; layout derived from guests, venue and decor."
BSAR1669,wedding,restaurant,57,10.9,7,76.3,177000,3105,adult,night,white,minimal,pastel_floral,two_tier_floral,minimal_backdrop,cake_and_dessert_table,57,bakesmart_rule_generator_v1,4,synthetic_rule_based,pending_expert_review,test,20260817,"Theme-conditioned preferences; cake guest band 45-120; decor-conditioned venue/budget; layout derived from guests, venue and decor."
BSAR1670,graduation,home,16,6,3.5,21,40000,2500,teenager,night,green,minimal,rustic_natural,single_tier_round,balloon_setup,single_cake_table,16,bakesmart_rule_generator_v1,4,synthetic_rule_based,pending_expert_review,validation,20260817,"Theme-conditioned preferences; cake guest band 8-25; decor-conditioned venue/budget; layout derived from guests, venue and decor."
BSAR1671,anniversary,home,13,5.3,4,21.2,45000,3462,adult,night,white,minimal,elegant_gold,single_tier_round,minimal_backdrop,single_cake_table,13,bakesmart_rule_generator_v1,4,synthetic_rule_based,pending_expert_review,test,20260817,"Theme-conditioned preferences; cake guest band 8-25; decor-conditioned venue/budget; layout derived from guests, venue and decor."
BSAR1672,anniversary,hall,28,7.7,6.7,51.6,133000,4750,adult,night,green,rustic,rustic_natural,single_tier_square,flower_wall,single_cake_table,28,bakesmart_rule_generator_v1,5,synthetic_rule_based,pending_expert_review,train,20260817,"Theme-conditioned preferences; cake guest band 15-40; decor-conditioned venue/budget; layout derived from guests, venue and decor."
BSAR1673,birthday,home,231,21.4,12.3,263.2,444000,1922,adult,night,blue,colourful,colourful_cartoon,three_tier_luxury,minimal_backdrop,two_side_tables,231,bakesmart_rule_generator_v1,5,synthetic_rule_based,pending_expert_review,test,20260817,"Theme-conditioned preferences; cake guest band 90-250; decor-conditioned venue/budget; layout derived from guests, venue and decor."
BSAR1674,wedding,hall,39,10.8,6.8,73.4,456000,11692,adult,night,red,elegant,elegant_gold,single_tier_square,luxury_stage,full_stage_setup,39,bakesmart_rule_generator_v1,5,synthetic_rule_based,pending_expert_review,train,20260817,"Theme-conditioned preferences; cake guest band 15-40; decor-conditioned venue/budget; layout derived from guests, venue and decor."
BSAR1675,wedding,home,68,8.9,7.3,65,162000,2382,adult,day,pink,minimal,pastel_floral,two_tier_round,minimal_backdrop,cake_and_dessert_table,68,bakesmart_rule_generator_v1,4,synthetic_rule_based,pending_expert_review,train,20260817,"Theme-conditioned preferences; cake guest band 35-90; decor-conditioned venue/budget; layout derived from guests, venue and decor."
BSAR1676,graduation,home,119,13.2,10.8,142.6,352000,2958,teenager,night,pink,colourful,colourful_cartoon,two_tier_floral,rustic_wood_setup,two_side_tables,119,bakesmart_rule_generator_v1,5,synthetic_rule_based,pending_expert_review,train,20260817,"Theme-conditioned preferences; cake guest band 45-120; decor-conditioned venue/budget; layout derived from guests, venue and decor."
BSAR1677,wedding,home,76,12.4,6.7,83.1,161000,2118,adult,night,red,elegant,traditional_luxury,two_tier_floral,rustic_wood_setup,two_side_tables,76,bakesmart_rule_generator_v1,5,synthetic_rule_based,pending_expert_review,validation,20260817,"Theme-conditioned preferences; cake guest band 45-120; decor-conditioned venue/budget; layout derived from guests, venue and decor."
BSAR1678,birthday,hall,25,9.1,4.9,44.6,329000,13160,child,day,purple,colourful,colourful_cartoon,single_tier_round,luxury_stage,full_stage_setup,25,bakesmart_rule_generator_v1,5,synthetic_rule_based,pending_expert_review,validation,20260817,"Theme-conditioned preferences; cake guest band 8-25; decor-conditioned venue/budget; layout derived from guests, venue and decor."
BSAR1679,wedding,home,17,5.1,3.5,17.8,62000,3647,mixed,day,green,rustic,rustic_natural,single_tier_square,balloon_setup,single_cake_table,17,bakesmart_rule_generator_v1,5,synthetic_rule_based,pending_expert_review,train,20260817,"Theme-conditioned preferences; cake guest band 15-40; decor-conditioned venue/budget; layout derived from guests, venue and decor."
BSAR1680,wedding,outdoor,86,14.7,11.9,174.9,181000,2105,mixed,day,mixed,minimal,modern_minimal,two_tier_floral,rustic_wood_setup,two_side_tables,86,bakesmart_rule_generator_v1,5,synthetic_rule_based,pending_expert_review,test,20260817,"Theme-conditioned preferences; cake guest band 45-120; decor-conditioned venue/budget; layout derived from guests, venue and decor."
BSAR1681,graduation,home,111,14.7,8.6,126.4,197000,1775,adult,night,mixed,elegant,elegant_gold,two_tier_floral,balloon_setup,two_side_tables,111,bakesmart_rule_generator_v1,5,synthetic_rule_based,pending_expert_review,train,20260817,"Theme-conditioned preferences; cake guest band 45-120; decor-conditioned venue/budget; layout derived from guests, venue and decor."
BSAR1682,baby_shower,outdoor,36,13.1,7.1,93,110000,3056,adult,night,gold,rustic,rustic_natural,single_tier_square,rustic_wood_setup,cake_and_dessert_table,36,bakesmart_rule_generator_v1,5,synthetic_rule_based,pending_expert_review,train,20260817,"Theme-conditioned preferences; cake guest band 15-40; decor-conditioned venue/budget; layout derived from guests, venue and decor."
BSAR1683,anniversary,hall,228,24.2,16.1,389.6,361000,1583,adult,night,red,elegant,traditional_luxury,three_tier_luxury,minimal_backdrop,full_stage_setup,228,bakesmart_rule_generator_v1,5,synthetic_rule_based,pending_expert_review,train,20260817,"Theme-conditioned preferences; cake guest band 90-250; decor-conditioned venue/budget; layout derived from guests, venue and decor."
BSAR1684,wedding,hall,27,7.1,6.3,44.7,79000,2926,adult,night,white,minimal,modern_minimal,single_tier_square,minimal_backdrop,single_cake_table,27,bakesmart_rule_generator_v1,5,synthetic_rule_based,pending_expert_review,train,20260817,"Theme-conditioned preferences; cake guest band 15-40; decor-conditioned venue/budget; layout derived from guests, venue and decor."
BSAR1685,birthday,hall,11,5.8,4.2,24.4,37000,3364,adult,night,pink,colourful,pastel_floral,single_tier_round,minimal_backdrop,single_cake_table,11,bakesmart_rule_generator_v1,5,synthetic_rule_based,pending_expert_review,train,20260817,"Theme-conditioned preferences; cake guest band 8-25; decor-conditioned venue/budget; layout derived from guests, venue and decor."
BSAR1686,wedding,hall,203,20.7,14.7,304.3,544000,2680,adult,night,green,elegant,traditional_luxury,three_tier_luxury,minimal_backdrop,full_stage_setup,203,bakesmart_rule_generator_v1,5,synthetic_rule_based,pending_expert_review,test,20260817,"Theme-conditioned preferences; cake guest band 90-250; decor-conditioned venue/budget; layout derived from guests, venue and decor."
BSAR1687,birthday,home,27,7.2,3.9,28.1,63000,2333,child,day,red,colourful,colourful_cartoon,single_tier_square,balloon_setup,single_cake_table,27,bakesmart_rule_generator_v1,5,synthetic_rule_based,pending_expert_review,validation,20260817,"Theme-conditioned preferences; cake guest band 15-40; decor-conditioned venue/budget; layout derived from guests, venue and decor."
BSAR1688,anniversary,restaurant,55,10.5,6.3,66.1,144000,2618,adult,night,white,traditional,traditional_luxury,two_tier_round,balloon_setup,cake_and_dessert_table,55,bakesmart_rule_generator_v1,5,synthetic_rule_based,pending_expert_review,validation,20260817,"Theme-conditioned preferences; cake guest band 35-90; decor-conditioned venue/budget; layout derived from guests, venue and decor."
BSAR1689,birthday,hall,50,9.8,8.1,79.4,114000,2280,child,night,green,rustic,rustic_natural,two_tier_round,minimal_backdrop,cake_and_dessert_table,50,bakesmart_rule_generator_v1,5,synthetic_rule_based,pending_expert_review,test,20260817,"Theme-conditioned preferences; cake guest band 35-90; decor-conditioned venue/budget; layout derived from guests, venue and decor."
BSAR1690,anniversary,outdoor,34,10.3,6.7,69,148000,4353,adult,night,mixed,elegant,elegant_gold,single_tier_square,rustic_wood_setup,cake_and_dessert_table,34,bakesmart_rule_generator_v1,5,synthetic_rule_based,pending_expert_review,train,20260817,"Theme-conditioned preferences; cake guest band 15-40; decor-conditioned venue/budget; layout derived from guests, venue and decor."
BSAR1691,anniversary,hall,25,7.9,5.4,42.7,83000,3320,adult,night,red,elegant,elegant_gold,single_tier_square,balloon_setup,single_cake_table,25,bakesmart_rule_generator_v1,5,synthetic_rule_based,pending_expert_review,train,20260817,"Theme-conditioned preferences; cake guest band 15-40; decor-conditioned venue/budget; layout derived from guests, venue and decor."
BSAR1692,baby_shower,hall,36,11.9,6.3,75,98000,2722,adult,night,gold,elegant,modern_minimal,two_tier_round,minimal_backdrop,cake_and_dessert_table,36,bakesmart_rule_generator_v1,4,synthetic_rule_based,pending_expert_review,train,20260817,"Theme-conditioned preferences; cake guest band 35-90; decor-conditioned venue/budget; layout derived from guests, venue and decor."
BSAR1693,birthday,home,37,7.3,5.1,37.2,78000,2108,adult,day,white,elegant,pastel_floral,single_tier_square,balloon_setup,cake_and_dessert_table,37,bakesmart_rule_generator_v1,5,synthetic_rule_based,pending_expert_review,train,20260817,"Theme-conditioned preferences; cake guest band 15-40; decor-conditioned venue/budget; layout derived from guests, venue and decor."
BSAR1694,anniversary,hall,115,18.3,10.5,192.2,339000,2948,adult,night,gold,traditional,traditional_luxury,two_tier_floral,flower_wall,full_stage_setup,115,bakesmart_rule_generator_v1,5,synthetic_rule_based,pending_expert_review,test,20260817,"Theme-conditioned preferences; cake guest band 45-120; decor-conditioned venue/budget; layout derived from guests, venue and decor."
BSAR1695,birthday,outdoor,19,7.4,5.5,40.7,78000,4105,adult,night,blue,rustic,modern_minimal,single_tier_square,flower_wall,single_cake_table,19,bakesmart_rule_generator_v1,4,synthetic_rule_based,pending_expert_review,test,20260817,"Theme-conditioned preferences; cake guest band 15-40; decor-conditioned venue/budget; layout derived from guests, venue and decor."
BSAR1696,anniversary,outdoor,140,23.3,13.2,307.6,786000,5614,adult,day,gold,rustic,rustic_natural,three_tier_luxury,flower_wall,two_side_tables,140,bakesmart_rule_generator_v1,5,synthetic_rule_based,pending_expert_review,test,20260817,"Theme-conditioned preferences; cake guest band 90-250; decor-conditioned venue/budget; layout derived from guests, venue and decor."
BSAR1697,baby_shower,hall,113,19.2,10.4,199.7,298000,2637,adult,night,gold,traditional,traditional_luxury,two_tier_floral,balloon_setup,full_stage_setup,113,bakesmart_rule_generator_v1,5,synthetic_rule_based,pending_expert_review,validation,20260817,"Theme-conditioned preferences; cake guest band 45-120; decor-conditioned venue/budget; layout derived from guests, venue and decor."
BSAR1698,baby_shower,hall,80,14.6,8.6,125.6,117000,1463,adult,day,mixed,colourful,colourful_cartoon,two_tier_round,minimal_backdrop,two_side_tables,80,bakesmart_rule_generator_v1,5,synthetic_rule_based,pending_expert_review,train,20260817,"Theme-conditioned preferences; cake guest band 35-90; decor-conditioned venue/budget; layout derived from guests, venue and decor."
BSAR1699,anniversary,home,246,18.8,15.2,285.8,475000,1931,adult,night,gold,elegant,elegant_gold,three_tier_luxury,minimal_backdrop,two_side_tables,246,bakesmart_rule_generator_v1,5,synthetic_rule_based,pending_expert_review,train,20260817,"Theme-conditioned preferences; cake guest band 90-250; decor-conditioned venue/budget; layout derived from guests, venue and decor."
BSAR1700,birthday,hall,13,6.5,4.5,29.3,48000,3692,child,night,pink,colourful,colourful_cartoon,single_tier_round,rustic_wood_setup,single_cake_table,13,bakesmart_rule_generator_v1,5,synthetic_rule_based,pending_expert_review,train,20260817,"Theme-conditioned preferences; cake guest band 8-25; decor-conditioned venue/budget; layout derived from guests, venue and decor."
BSAR1701,wedding,home,62,9.5,7.9,75.1,194000,3129,adult,night,white,traditional,traditional_luxury,two_tier_round,balloon_setup,cake_and_dessert_table,62,bakesmart_rule_generator_v1,5,synthetic_rule_based,pending_expert_review,train,20260817,"Theme-conditioned preferences; cake guest band 35-90; decor-conditioned venue/budget; layout derived from guests, venue and decor."
BSAR1702,anniversary,restaurant,68,10,8.5,85,179000,2632,mixed,night,gold,traditional,traditional_luxury,two_tier_round,minimal_backdrop,cake_and_dessert_table,68,bakesmart_rule_generator_v1,5,synthetic_rule_based,pending_expert_review,train,20260817,"Theme-conditioned preferences; cake guest band 35-90; decor-conditioned venue/budget; layout derived from guests, venue and decor."
BSAR1703,wedding,hall,88,11.9,9.4,111.9,646000,7341,adult,day,gold,traditional,elegant_gold,two_tier_floral,luxury_stage,full_stage_setup,88,bakesmart_rule_generator_v1,4,synthetic_rule_based,pending_expert_review,test,20260817,"Theme-conditioned preferences; cake guest band 45-120; decor-conditioned venue/budget; layout derived from guests, venue and decor."
BSAR1704,wedding,hall,132,16.8,10.8,181.4,433000,3280,adult,day,red,rustic,rustic_natural,three_tier_luxury,balloon_setup,full_stage_setup,132,bakesmart_rule_generator_v1,5,synthetic_rule_based,pending_expert_review,train,20260817,"Theme-conditioned preferences; cake guest band 90-250; decor-conditioned venue/budget; layout derived from guests, venue and decor."
BSAR1705,anniversary,hall,78,14.3,8.9,127.3,621000,7962,adult,day,gold,elegant,elegant_gold,two_tier_floral,luxury_stage,full_stage_setup,78,bakesmart_rule_generator_v1,5,synthetic_rule_based,pending_expert_review,validation,20260817,"Theme-conditioned preferences; cake guest band 45-120; decor-conditioned venue/budget; layout derived from guests, venue and decor."
BSAR1706,baby_shower,hall,18,7.3,5.8,42.3,66000,3667,adult,day,mixed,colourful,colourful_cartoon,single_tier_round,minimal_backdrop,single_cake_table,18,bakesmart_rule_generator_v1,5,synthetic_rule_based,pending_expert_review,train,20260817,"Theme-conditioned preferences; cake guest band 8-25; decor-conditioned venue/budget; layout derived from guests, venue and decor."
BSAR1707,wedding,home,23,7.9,4.9,38.7,47000,2043,adult,night,red,traditional,traditional_luxury,single_tier_round,balloon_setup,single_cake_table,23,bakesmart_rule_generator_v1,5,synthetic_rule_based,pending_expert_review,train,20260817,"Theme-conditioned preferences; cake guest band 8-25; decor-conditioned venue/budget; layout derived from guests, venue and decor."
BSAR1708,wedding,hall,47,10.7,8.1,86.7,295000,6277,adult,night,green,minimal,modern_minimal,two_tier_round,flower_wall,cake_and_dessert_table,47,bakesmart_rule_generator_v1,5,synthetic_rule_based,pending_expert_review,train,20260817,"Theme-conditioned preferences; cake guest band 35-90; decor-conditioned venue/budget; layout derived from guests, venue and decor."
BSAR1709,baby_shower,home,88,11.6,7.6,88.2,143000,1625,adult,day,mixed,colourful,colourful_cartoon,two_tier_round,balloon_setup,two_side_tables,88,bakesmart_rule_generator_v1,5,synthetic_rule_based,pending_expert_review,train,20260817,"Theme-conditioned preferences; cake guest band 35-90; decor-conditioned venue/budget; layout derived from guests, venue and decor."
BSAR1710,baby_shower,hall,31,8,6.7,53.6,65000,2097,adult,night,purple,elegant,pastel_floral,single_tier_square,balloon_setup,cake_and_dessert_table,31,bakesmart_rule_generator_v1,5,synthetic_rule_based,pending_expert_review,train,20260817,"Theme-conditioned preferences; cake guest band 15-40; decor-conditioned venue/budget; layout derived from guests, venue and decor."
BSAR1711,graduation,restaurant,34,9.6,5.7,54.7,358000,10529,adult,day,white,minimal,modern_minimal,single_tier_square,luxury_stage,full_stage_setup,34,bakesmart_rule_generator_v1,4,synthetic_rule_based,pending_expert_review,train,20260817,"Theme-conditioned preferences; cake guest band 15-40; decor-conditioned venue/budget; layout derived from guests, venue and decor."
BSAR1712,birthday,home,19,5.9,3.6,21.2,41000,2158,child,night,gold,traditional,traditional_luxury,single_tier_round,minimal_backdrop,single_cake_table,19,bakesmart_rule_generator_v1,5,synthetic_rule_based,pending_expert_review,train,20260817,"Theme-conditioned preferences; cake guest band 8-25; decor-conditioned venue/budget; layout derived from guests, venue and decor."
BSAR1713,birthday,home,44,7.8,6.2,48.4,159000,3614,teenager,night,mixed,minimal,elegant_gold,two_tier_round,balloon_setup,cake_and_dessert_table,44,bakesmart_rule_generator_v1,4,synthetic_rule_based,pending_expert_review,train,20260817,"Theme-conditioned preferences; cake guest band 35-90; decor-conditioned venue/budget; layout derived from guests, venue and decor."
BSAR1714,anniversary,outdoor,21,8.3,6.7,55.6,114000,5429,adult,night,green,rustic,rustic_natural,single_tier_round,rustic_wood_setup,single_cake_table,21,bakesmart_rule_generator_v1,5,synthetic_rule_based,pending_expert_review,train,20260817,"Theme-conditioned preferences; cake guest band 8-25; decor-conditioned venue/budget; layout derived from guests, venue and decor."
BSAR1715,birthday,outdoor,88,15.3,8.7,133.1,329000,3739,mixed,night,gold,elegant,traditional_luxury,two_tier_floral,rustic_wood_setup,two_side_tables,88,bakesmart_rule_generator_v1,5,synthetic_rule_based,pending_expert_review,train,20260817,"Theme-conditioned preferences; cake guest band 45-120; decor-conditioned venue/budget; layout derived from guests, venue and decor."
BSAR1716,anniversary,outdoor,101,13.8,11.6,160.1,355000,3515,adult,day,gold,elegant,modern_minimal,two_tier_floral,flower_wall,two_side_tables,101,bakesmart_rule_generator_v1,4,synthetic_rule_based,pending_expert_review,train,20260817,"Theme-conditioned preferences; cake guest band 45-120; decor-conditioned venue/budget; layout derived from guests, venue and decor."
BSAR1717,anniversary,restaurant,86,14.3,7.5,107.3,277000,3221,adult,day,white,minimal,modern_minimal,two_tier_round,balloon_setup,two_side_tables,86,bakesmart_rule_generator_v1,5,synthetic_rule_based,pending_expert_review,test,20260817,"Theme-conditioned preferences; cake guest band 35-90; decor-conditioned venue/budget; layout derived from guests, venue and decor."
BSAR1718,anniversary,restaurant,65,11.3,8.9,100.6,177000,2723,adult,night,green,elegant,traditional_luxury,two_tier_floral,minimal_backdrop,cake_and_dessert_table,65,bakesmart_rule_generator_v1,5,synthetic_rule_based,pending_expert_review,train,20260817,"Theme-conditioned preferences; cake guest band 45-120; decor-conditioned venue/budget; layout derived from guests, venue and decor."
BSAR1719,wedding,home,117,14.3,9.1,130.1,245000,2094,adult,night,red,traditional,elegant_gold,three_tier_luxury,balloon_setup,two_side_tables,117,bakesmart_rule_generator_v1,4,synthetic_rule_based,pending_expert_review,train,20260817,"Theme-conditioned preferences; cake guest band 90-250; decor-conditioned venue/budget; layout derived from guests, venue and decor."
BSAR1720,anniversary,outdoor,238,26.8,17.3,463.6,1037000,4357,adult,night,red,elegant,elegant_gold,three_tier_luxury,rustic_wood_setup,two_side_tables,238,bakesmart_rule_generator_v1,5,synthetic_rule_based,pending_expert_review,train,20260817,"Theme-conditioned preferences; cake guest band 90-250; decor-conditioned venue/budget; layout derived from guests, venue and decor."
BSAR1721,birthday,home,69,10.9,7.5,81.8,256000,3710,child,night,gold,minimal,modern_minimal,two_tier_floral,flower_wall,cake_and_dessert_table,69,bakesmart_rule_generator_v1,5,synthetic_rule_based,pending_expert_review,train,20260817,"Theme-conditioned preferences; cake guest band 45-120; decor-conditioned venue/budget; layout derived from guests, venue and decor."
BSAR1722,birthday,home,9,4.4,3.4,15,30000,3333,teenager,night,gold,elegant,elegant_gold,single_tier_round,minimal_backdrop,single_cake_table,9,bakesmart_rule_generator_v1,5,synthetic_rule_based,pending_expert_review,train,20260817,"Theme-conditioned preferences; cake guest band 8-25; decor-conditioned venue/budget; layout derived from guests, venue and decor."
BSAR1723,birthday,restaurant,11,6.2,3.8,23.6,138000,12545,adult,night,blue,minimal,modern_minimal,single_tier_round,luxury_stage,full_stage_setup,11,bakesmart_rule_generator_v1,4,synthetic_rule_based,pending_expert_review,validation,20260817,"Theme-conditioned preferences; cake guest band 8-25; decor-conditioned venue/budget; layout derived from guests, venue and decor."
BSAR1724,birthday,home,46,7.8,7,54.6,114000,2478,child,day,white,elegant,modern_minimal,two_tier_floral,balloon_setup,cake_and_dessert_table,46,bakesmart_rule_generator_v1,4,synthetic_rule_based,pending_expert_review,validation,20260817,"Theme-conditioned preferences; cake guest band 45-120; decor-conditioned venue/budget; layout derived from guests, venue and decor."
BSAR1725,wedding,hall,9,7.3,4.5,32.9,44000,4889,adult,night,gold,traditional,traditional_luxury,single_tier_round,balloon_setup,single_cake_table,9,bakesmart_rule_generator_v1,5,synthetic_rule_based,pending_expert_review,train,20260817,"Theme-conditioned preferences; cake guest band 8-25; decor-conditioned venue/budget; layout derived from guests, venue and decor."
BSAR1726,birthday,hall,43,10.6,8.1,85.9,304000,7070,mixed,night,mixed,colourful,colourful_cartoon,two_tier_round,luxury_stage,full_stage_setup,43,bakesmart_rule_generator_v1,5,synthetic_rule_based,pending_expert_review,train,20260817,"Theme-conditioned preferences; cake guest band 35-90; decor-conditioned venue/budget; layout derived from guests, venue and decor."
BSAR1727,birthday,hall,25,8.5,5.5,46.8,305000,12200,child,night,purple,colourful,colourful_cartoon,single_tier_round,luxury_stage,full_stage_setup,25,bakesmart_rule_generator_v1,5,synthetic_rule_based,pending_expert_review,train,20260817,"Theme-conditioned preferences; cake guest band 8-25; decor-conditioned venue/budget; layout derived from guests, venue and decor."
BSAR1728,baby_shower,home,211,16.1,12.8,206.1,394000,1867,adult,day,red,rustic,rustic_natural,three_tier_luxury,balloon_setup,two_side_tables,211,bakesmart_rule_generator_v1,5,synthetic_rule_based,pending_expert_review,train,20260817,"Theme-conditioned preferences; cake guest band 90-250; decor-conditioned venue/budget; layout derived from guests, venue and decor."
BSAR1729,graduation,restaurant,34,7.6,6,45.6,217000,6382,teenager,day,white,minimal,elegant_gold,single_tier_square,flower_wall,cake_and_dessert_table,34,bakesmart_rule_generator_v1,4,synthetic_rule_based,pending_expert_review,train,20260817,"Theme-conditioned preferences; cake guest band 15-40; decor-conditioned venue/budget; layout derived from guests, venue and decor."
BSAR1730,anniversary,restaurant,28,8.1,5.5,44.6,242000,8643,adult,night,mixed,elegant,elegant_gold,single_tier_square,luxury_stage,full_stage_setup,28,bakesmart_rule_generator_v1,4,synthetic_rule_based,pending_expert_review,test,20260817,"Theme-conditioned preferences; cake guest band 15-40; decor-conditioned venue/budget; layout derived from guests, venue and decor."
BSAR1731,graduation,hall,40,8,7.2,57.6,162000,4050,adult,night,red,elegant,traditional_luxury,single_tier_square,flower_wall,cake_and_dessert_table,40,bakesmart_rule_generator_v1,5,synthetic_rule_based,pending_expert_review,train,20260817,"Theme-conditioned preferences; cake guest band 15-40; decor-conditioned venue/budget; layout derived from guests, venue and decor."
BSAR1732,birthday,hall,87,13,11.2,145.6,244000,2805,child,day,purple,colourful,pastel_floral,two_tier_floral,minimal_backdrop,two_side_tables,87,bakesmart_rule_generator_v1,5,synthetic_rule_based,pending_expert_review,train,20260817,"Theme-conditioned preferences; cake guest band 45-120; decor-conditioned venue/budget; layout derived from guests, venue and decor."
BSAR1733,birthday,hall,49,10.4,7,72.8,392000,8000,child,night,gold,elegant,elegant_gold,two_tier_round,luxury_stage,full_stage_setup,49,bakesmart_rule_generator_v1,5,synthetic_rule_based,pending_expert_review,train,20260817,"Theme-conditioned preferences; cake guest band 35-90; decor-conditioned venue/budget; layout derived from guests, venue and decor."
BSAR1734,wedding,restaurant,11,5.3,4,21.2,29000,2636,adult,night,red,elegant,elegant_gold,single_tier_round,balloon_setup,single_cake_table,11,bakesmart_rule_generator_v1,5,synthetic_rule_based,pending_expert_review,validation,20260817,"Theme-conditioned preferences; cake guest band 8-25; decor-conditioned venue/budget; layout derived from guests, venue and decor."
BSAR1735,graduation,hall,162,16.8,13,218.4,720000,4444,mixed,night,pink,minimal,pastel_floral,three_tier_luxury,flower_wall,full_stage_setup,162,bakesmart_rule_generator_v1,4,synthetic_rule_based,pending_expert_review,train,20260817,"Theme-conditioned preferences; cake guest band 90-250; decor-conditioned venue/budget; layout derived from guests, venue and decor."
BSAR1736,birthday,hall,153,16.1,14.6,235.1,1113000,7275,teenager,day,purple,traditional,pastel_floral,three_tier_luxury,luxury_stage,full_stage_setup,153,bakesmart_rule_generator_v1,4,synthetic_rule_based,pending_expert_review,test,20260817,"Theme-conditioned preferences; cake guest band 90-250; decor-conditioned venue/budget; layout derived from guests, venue and decor."
BSAR1737,birthday,restaurant,129,13.4,9.5,127.3,600000,4651,adult,day,mixed,minimal,colourful_cartoon,three_tier_luxury,flower_wall,two_side_tables,129,bakesmart_rule_generator_v1,4,synthetic_rule_based,pending_expert_review,train,20260817,"Theme-conditioned preferences; cake guest band 90-250; decor-conditioned venue/budget; layout derived from guests, venue and decor."
BSAR1738,graduation,home,243,16.7,14.2,237.1,733000,3016,mixed,night,mixed,minimal,modern_minimal,three_tier_luxury,balloon_setup,two_side_tables,243,bakesmart_rule_generator_v1,5,synthetic_rule_based,pending_expert_review,train,20260817,"Theme-conditioned preferences; cake guest band 90-250; decor-conditioned venue/budget; layout derived from guests, venue and decor."
BSAR1739,anniversary,outdoor,8,4.7,3.8,17.9,48000,6000,adult,day,white,elegant,elegant_gold,single_tier_round,flower_wall,single_cake_table,8,bakesmart_rule_generator_v1,5,synthetic_rule_based,pending_expert_review,test,20260817,"Theme-conditioned preferences; cake guest band 8-25; decor-conditioned venue/budget; layout derived from guests, venue and decor."
BSAR1740,anniversary,hall,13,6,4.3,25.8,226000,17385,adult,night,gold,traditional,traditional_luxury,single_tier_round,luxury_stage,full_stage_setup,13,bakesmart_rule_generator_v1,5,synthetic_rule_based,pending_expert_review,validation,20260817,"Theme-conditioned preferences; cake guest band 8-25; decor-conditioned venue/budget; layout derived from guests, venue and decor."
BSAR1741,anniversary,restaurant,224,17.9,14.2,254.2,298000,1330,mixed,night,red,elegant,traditional_luxury,three_tier_luxury,minimal_backdrop,two_side_tables,224,bakesmart_rule_generator_v1,5,synthetic_rule_based,pending_expert_review,train,20260817,"Theme-conditioned preferences; cake guest band 90-250; decor-conditioned venue/budget; layout derived from guests, venue and decor."
BSAR1742,anniversary,restaurant,23,7.8,4.8,37.4,59000,2565,mixed,night,purple,elegant,elegant_gold,single_tier_square,balloon_setup,single_cake_table,23,bakesmart_rule_generator_v1,5,synthetic_rule_based,pending_expert_review,validation,20260817,"Theme-conditioned preferences; cake guest band 15-40; decor-conditioned venue/budget; layout derived from guests, venue and decor."
BSAR1743,anniversary,outdoor,150,20.2,16.6,335.3,498000,3320,mixed,night,blue,minimal,modern_minimal,three_tier_luxury,flower_wall,two_side_tables,150,bakesmart_rule_generator_v1,5,synthetic_rule_based,pending_expert_review,train,20260817,"Theme-conditioned preferences; cake guest band 90-250; decor-conditioned venue/budget; layout derived from guests, venue and decor."
BSAR1744,anniversary,home,96,13.4,9,120.6,415000,4323,mixed,night,white,elegant,modern_minimal,two_tier_floral,rustic_wood_setup,two_side_tables,96,bakesmart_rule_generator_v1,4,synthetic_rule_based,pending_expert_review,train,20260817,"Theme-conditioned preferences; cake guest band 45-120; decor-conditioned venue/budget; layout derived from guests, venue and decor."
BSAR1745,birthday,hall,27,9.8,6.3,61.7,71000,2630,teenager,day,gold,minimal,modern_minimal,single_tier_square,balloon_setup,single_cake_table,27,bakesmart_rule_generator_v1,5,synthetic_rule_based,pending_expert_review,train,20260817,"Theme-conditioned preferences; cake guest band 15-40; decor-conditioned venue/budget; layout derived from guests, venue and decor."
BSAR1746,baby_shower,hall,28,9.3,6.2,57.7,212000,7571,adult,night,white,elegant,pastel_floral,single_tier_square,luxury_stage,full_stage_setup,28,bakesmart_rule_generator_v1,5,synthetic_rule_based,pending_expert_review,train,20260817,"Theme-conditioned preferences; cake guest band 15-40; decor-conditioned venue/budget; layout derived from guests, venue and decor."
BSAR1747,graduation,outdoor,45,12.9,7.7,99.3,259000,5756,adult,day,mixed,rustic,rustic_natural,two_tier_floral,flower_wall,cake_and_dessert_table,45,bakesmart_rule_generator_v1,5,synthetic_rule_based,pending_expert_review,train,20260817,"Theme-conditioned preferences; cake guest band 45-120; decor-conditioned venue/budget; layout derived from guests, venue and decor."
BSAR1748,birthday,hall,12,6.4,5.3,33.9,55000,4583,child,night,mixed,minimal,pastel_floral,single_tier_round,balloon_setup,single_cake_table,12,bakesmart_rule_generator_v1,4,synthetic_rule_based,pending_expert_review,train,20260817,"Theme-conditioned preferences; cake guest band 8-25; decor-conditioned venue/budget; layout derived from guests, venue and decor."
BSAR1749,anniversary,restaurant,15,6.1,4.2,25.6,32000,2133,adult,day,gold,minimal,rustic_natural,single_tier_round,minimal_backdrop,single_cake_table,15,bakesmart_rule_generator_v1,4,synthetic_rule_based,pending_expert_review,test,20260817,"Theme-conditioned preferences; cake guest band 8-25; decor-conditioned venue/budget; layout derived from guests, venue and decor."
BSAR1750,anniversary,home,26,6.8,3.9,26.5,114000,4385,adult,night,white,minimal,rustic_natural,single_tier_square,rustic_wood_setup,single_cake_table,26,bakesmart_rule_generator_v1,4,synthetic_rule_based,pending_expert_review,train,20260817,"Theme-conditioned preferences; cake guest band 15-40; decor-conditioned venue/budget; layout derived from guests, venue and decor."
BSAR1751,birthday,restaurant,18,7.1,5.2,36.9,53000,2944,child,night,mixed,colourful,colourful_cartoon,single_tier_round,minimal_backdrop,single_cake_table,18,bakesmart_rule_generator_v1,5,synthetic_rule_based,pending_expert_review,train,20260817,"Theme-conditioned preferences; cake guest band 8-25; decor-conditioned venue/budget; layout derived from guests, venue and decor."
BSAR1752,anniversary,restaurant,85,11.3,7.6,85.9,214000,2518,adult,night,purple,traditional,elegant_gold,two_tier_floral,minimal_backdrop,two_side_tables,85,bakesmart_rule_generator_v1,4,synthetic_rule_based,pending_expert_review,train,20260817,"Theme-conditioned preferences; cake guest band 45-120; decor-conditioned venue/budget; layout derived from guests, venue and decor."
BSAR1753,birthday,home,40,7.2,5.2,37.4,98000,2450,child,night,blue,colourful,colourful_cartoon,two_tier_round,balloon_setup,cake_and_dessert_table,40,bakesmart_rule_generator_v1,5,synthetic_rule_based,pending_expert_review,validation,20260817,"Theme-conditioned preferences; cake guest band 35-90; decor-conditioned venue/budget; layout derived from guests, venue and decor."
BSAR1754,wedding,home,16,6.6,3.5,23.1,86000,5375,adult,day,blue,minimal,modern_minimal,single_tier_round,rustic_wood_setup,single_cake_table,16,bakesmart_rule_generator_v1,5,synthetic_rule_based,pending_expert_review,validation,20260817,"Theme-conditioned preferences; cake guest band 8-25; decor-conditioned venue/budget; layout derived from guests, venue and decor."
BSAR1755,wedding,hall,57,11.7,6.3,73.7,159000,2789,adult,day,white,minimal,pastel_floral,two_tier_floral,minimal_backdrop,cake_and_dessert_table,57,bakesmart_rule_generator_v1,4,synthetic_rule_based,pending_expert_review,validation,20260817,"Theme-conditioned preferences; cake guest band 45-120; decor-conditioned venue/budget; layout derived from guests, venue and decor."
BSAR1756,graduation,home,95,10.5,7.9,83,235000,2474,teenager,night,red,colourful,colourful_cartoon,three_tier_luxury,rustic_wood_setup,two_side_tables,95,bakesmart_rule_generator_v1,5,synthetic_rule_based,pending_expert_review,train,20260817,"Theme-conditioned preferences; cake guest band 90-250; decor-conditioned venue/budget; layout derived from guests, venue and decor."
BSAR1757,birthday,restaurant,83,12.5,6.7,83.8,229000,2759,child,night,blue,colourful,colourful_cartoon,two_tier_round,balloon_setup,two_side_tables,83,bakesmart_rule_generator_v1,5,synthetic_rule_based,pending_expert_review,test,20260817,"Theme-conditioned preferences; cake guest band 35-90; decor-conditioned venue/budget; layout derived from guests, venue and decor."
BSAR1758,birthday,hall,21,8.5,5.5,46.8,90000,4286,adult,night,mixed,colourful,colourful_cartoon,single_tier_round,rustic_wood_setup,single_cake_table,21,bakesmart_rule_generator_v1,5,synthetic_rule_based,pending_expert_review,test,20260817,"Theme-conditioned preferences; cake guest band 8-25; decor-conditioned venue/budget; layout derived from guests, venue and decor."
BSAR1759,wedding,restaurant,22,6.2,5.4,33.5,115000,5227,adult,day,purple,traditional,traditional_luxury,single_tier_round,flower_wall,single_cake_table,22,bakesmart_rule_generator_v1,5,synthetic_rule_based,pending_expert_review,train,20260817,"Theme-conditioned preferences; cake guest band 8-25; decor-conditioned venue/budget; layout derived from guests, venue and decor."
BSAR1760,anniversary,hall,26,7.1,6.5,46.2,96000,3692,adult,night,green,rustic,rustic_natural,single_tier_square,rustic_wood_setup,single_cake_table,26,bakesmart_rule_generator_v1,5,synthetic_rule_based,pending_expert_review,validation,20260817,"Theme-conditioned preferences; cake guest band 15-40; decor-conditioned venue/budget; layout derived from guests, venue and decor."
BSAR1761,baby_shower,home,26,6.4,5.7,36.5,113000,4346,adult,night,mixed,elegant,pastel_floral,single_tier_square,flower_wall,single_cake_table,26,bakesmart_rule_generator_v1,5,synthetic_rule_based,pending_expert_review,train,20260817,"Theme-conditioned preferences; cake guest band 15-40; decor-conditioned venue/budget; layout derived from guests, venue and decor."
BSAR1762,birthday,restaurant,35,8.7,4.7,40.9,73000,2086,child,night,mixed,rustic,rustic_natural,two_tier_round,minimal_backdrop,cake_and_dessert_table,35,bakesmart_rule_generator_v1,5,synthetic_rule_based,pending_expert_review,train,20260817,"Theme-conditioned preferences; cake guest band 35-90; decor-conditioned venue/budget; layout derived from guests, venue and decor."
BSAR1763,wedding,home,89,10.7,9.7,103.8,217000,2438,adult,night,purple,colourful,traditional_luxury,two_tier_floral,rustic_wood_setup,two_side_tables,89,bakesmart_rule_generator_v1,4,synthetic_rule_based,pending_expert_review,train,20260817,"Theme-conditioned preferences; cake guest band 45-120; decor-conditioned venue/budget; layout derived from guests, venue and decor."
BSAR1764,graduation,restaurant,97,10.8,9.7,104.8,842000,8680,teenager,night,pink,elegant,pastel_floral,two_tier_floral,luxury_stage,full_stage_setup,97,bakesmart_rule_generator_v1,4,synthetic_rule_based,pending_expert_review,train,20260817,"Theme-conditioned preferences; cake guest band 45-120; decor-conditioned venue/budget; layout derived from guests, venue and decor."
BSAR1765,baby_shower,outdoor,24,9.5,6.1,58,120000,5000,mixed,day,pink,colourful,colourful_cartoon,single_tier_square,flower_wall,single_cake_table,24,bakesmart_rule_generator_v1,5,synthetic_rule_based,pending_expert_review,train,20260817,"Theme-conditioned preferences; cake guest band 15-40; decor-conditioned venue/budget; layout derived from guests, venue and decor."
BSAR1766,anniversary,restaurant,15,7.2,4,28.8,84000,5600,adult,day,mixed,traditional,elegant_gold,single_tier_square,rustic_wood_setup,single_cake_table,15,bakesmart_rule_generator_v1,4,synthetic_rule_based,pending_expert_review,train,20260817,"Theme-conditioned preferences; cake guest band 15-40; decor-conditioned venue/budget; layout derived from guests, venue and decor."
BSAR1767,wedding,hall,188,18.2,16.2,294.8,539000,2867,mixed,day,white,elegant,elegant_gold,three_tier_luxury,balloon_setup,full_stage_setup,188,bakesmart_rule_generator_v1,5,synthetic_rule_based,pending_expert_review,validation,20260817,"Theme-conditioned preferences; cake guest band 90-250; decor-conditioned venue/budget; layout derived from guests, venue and decor."
BSAR1768,wedding,hall,40,9.4,7.7,72.4,162000,4050,adult,day,pink,colourful,pastel_floral,two_tier_round,flower_wall,cake_and_dessert_table,40,bakesmart_rule_generator_v1,5,synthetic_rule_based,pending_expert_review,train,20260817,"Theme-conditioned preferences; cake guest band 35-90; decor-conditioned venue/budget; layout derived from guests, venue and decor."
BSAR1769,birthday,hall,37,8.6,5.9,50.7,201000,5432,child,night,gold,elegant,traditional_luxury,single_tier_square,flower_wall,cake_and_dessert_table,37,bakesmart_rule_generator_v1,5,synthetic_rule_based,pending_expert_review,test,20260817,"Theme-conditioned preferences; cake guest band 15-40; decor-conditioned venue/budget; layout derived from guests, venue and decor."
BSAR1770,wedding,home,21,6.6,3.6,23.8,53000,2524,adult,night,gold,elegant,elegant_gold,single_tier_square,balloon_setup,single_cake_table,21,bakesmart_rule_generator_v1,5,synthetic_rule_based,pending_expert_review,train,20260817,"Theme-conditioned preferences; cake guest band 15-40; decor-conditioned venue/budget; layout derived from guests, venue and decor."
BSAR1771,birthday,restaurant,16,6.5,3.4,22.1,101000,6313,child,night,pink,colourful,colourful_cartoon,single_tier_round,flower_wall,single_cake_table,16,bakesmart_rule_generator_v1,5,synthetic_rule_based,pending_expert_review,train,20260817,"Theme-conditioned preferences; cake guest band 8-25; decor-conditioned venue/budget; layout derived from guests, venue and decor."
BSAR1772,anniversary,hall,77,13.5,10.7,144.5,264000,3429,mixed,night,red,traditional,traditional_luxury,two_tier_floral,balloon_setup,two_side_tables,77,bakesmart_rule_generator_v1,5,synthetic_rule_based,pending_expert_review,train,20260817,"Theme-conditioned preferences; cake guest band 45-120; decor-conditioned venue/budget; layout derived from guests, venue and decor."
BSAR1773,birthday,hall,202,22.1,12.1,267.4,427000,2114,child,night,blue,colourful,pastel_floral,three_tier_luxury,balloon_setup,full_stage_setup,202,bakesmart_rule_generator_v1,5,synthetic_rule_based,pending_expert_review,validation,20260817,"Theme-conditioned preferences; cake guest band 90-250; decor-conditioned venue/budget; layout derived from guests, venue and decor."
BSAR1774,wedding,outdoor,8,7.3,3.9,28.5,75000,9375,mixed,day,green,rustic,rustic_natural,single_tier_round,flower_wall,single_cake_table,8,bakesmart_rule_generator_v1,5,synthetic_rule_based,pending_expert_review,validation,20260817,"Theme-conditioned preferences; cake guest band 8-25; decor-conditioned venue/budget; layout derived from guests, venue and decor."
BSAR1775,graduation,restaurant,202,17.4,15.2,264.5,614000,3040,teenager,day,blue,elegant,modern_minimal,three_tier_luxury,balloon_setup,two_side_tables,202,bakesmart_rule_generator_v1,4,synthetic_rule_based,pending_expert_review,train,20260817,"Theme-conditioned preferences; cake guest band 90-250; decor-conditioned venue/budget; layout derived from guests, venue and decor."
BSAR1776,birthday,hall,14,6.4,4.2,26.9,213000,15214,child,day,mixed,colourful,colourful_cartoon,single_tier_round,luxury_stage,full_stage_setup,14,bakesmart_rule_generator_v1,5,synthetic_rule_based,pending_expert_review,test,20260817,"Theme-conditioned preferences; cake guest band 8-25; decor-conditioned venue/budget; layout derived from guests, venue and decor."
BSAR1777,anniversary,hall,46,11.1,6.2,68.8,406000,8826,adult,day,white,minimal,pastel_floral,two_tier_round,luxury_stage,full_stage_setup,46,bakesmart_rule_generator_v1,4,synthetic_rule_based,pending_expert_review,test,20260817,"Theme-conditioned preferences; cake guest band 35-90; decor-conditioned venue/budget; layout derived from guests, venue and decor."
BSAR1778,wedding,restaurant,113,13.6,11.7,159.1,235000,2080,adult,day,green,rustic,rustic_natural,two_tier_floral,rustic_wood_setup,two_side_tables,113,bakesmart_rule_generator_v1,5,synthetic_rule_based,pending_expert_review,train,20260817,"Theme-conditioned preferences; cake guest band 45-120; decor-conditioned venue/budget; layout derived from guests, venue and decor."
BSAR1779,baby_shower,hall,103,15.8,10.1,159.6,709000,6883,adult,night,green,rustic,rustic_natural,two_tier_floral,luxury_stage,full_stage_setup,103,bakesmart_rule_generator_v1,5,synthetic_rule_based,pending_expert_review,test,20260817,"Theme-conditioned preferences; cake guest band 45-120; decor-conditioned venue/budget; layout derived from guests, venue and decor."
BSAR1780,birthday,home,95,13.2,8.2,108.2,154000,1621,adult,night,red,colourful,colourful_cartoon,two_tier_floral,minimal_backdrop,two_side_tables,95,bakesmart_rule_generator_v1,5,synthetic_rule_based,pending_expert_review,validation,20260817,"Theme-conditioned preferences; cake guest band 45-120; decor-conditioned venue/budget; layout derived from guests, venue and decor."
BSAR1781,anniversary,outdoor,38,9.7,7.2,69.8,76000,2000,adult,day,purple,traditional,elegant_gold,single_tier_square,balloon_setup,cake_and_dessert_table,38,bakesmart_rule_generator_v1,4,synthetic_rule_based,pending_expert_review,train,20260817,"Theme-conditioned preferences; cake guest band 15-40; decor-conditioned venue/budget; layout derived from guests, venue and decor."
BSAR1782,birthday,restaurant,201,19.6,13.8,270.5,501000,2493,adult,night,white,colourful,pastel_floral,three_tier_luxury,balloon_setup,two_side_tables,201,bakesmart_rule_generator_v1,5,synthetic_rule_based,pending_expert_review,train,20260817,"Theme-conditioned preferences; cake guest band 90-250; decor-conditioned venue/budget; layout derived from guests, venue and decor."
BSAR1783,graduation,hall,115,16.3,11.4,185.8,431000,3748,adult,night,pink,colourful,colourful_cartoon,two_tier_floral,rustic_wood_setup,full_stage_setup,115,bakesmart_rule_generator_v1,5,synthetic_rule_based,pending_expert_review,train,20260817,"Theme-conditioned preferences; cake guest band 45-120; decor-conditioned venue/budget; layout derived from guests, venue and decor."
BSAR1784,birthday,restaurant,21,6.6,5.9,38.9,127000,6048,mixed,day,purple,colourful,colourful_cartoon,single_tier_square,flower_wall,single_cake_table,21,bakesmart_rule_generator_v1,5,synthetic_rule_based,pending_expert_review,train,20260817,"Theme-conditioned preferences; cake guest band 15-40; decor-conditioned venue/budget; layout derived from guests, venue and decor."
BSAR1785,wedding,hall,31,9.1,6.3,57.3,335000,10806,adult,day,gold,traditional,traditional_luxury,single_tier_square,luxury_stage,full_stage_setup,31,bakesmart_rule_generator_v1,5,synthetic_rule_based,pending_expert_review,validation,20260817,"Theme-conditioned preferences; cake guest band 15-40; decor-conditioned venue/budget; layout derived from guests, venue and decor."
BSAR1786,anniversary,hall,187,20,16.7,334,815000,4358,adult,night,gold,traditional,elegant_gold,three_tier_luxury,flower_wall,full_stage_setup,187,bakesmart_rule_generator_v1,4,synthetic_rule_based,pending_expert_review,train,20260817,"Theme-conditioned preferences; cake guest band 90-250; decor-conditioned venue/budget; layout derived from guests, venue and decor."
BSAR1787,anniversary,hall,86,15.2,9.4,142.9,156000,1814,adult,day,white,elegant,modern_minimal,two_tier_floral,minimal_backdrop,two_side_tables,86,bakesmart_rule_generator_v1,4,synthetic_rule_based,pending_expert_review,train,20260817,"Theme-conditioned preferences; cake guest band 45-120; decor-conditioned venue/budget; layout derived from guests, venue and decor."
BSAR1788,anniversary,home,9,5.9,4.1,24.2,44000,4889,mixed,night,mixed,colourful,colourful_cartoon,single_tier_round,balloon_setup,single_cake_table,9,bakesmart_rule_generator_v1,3,synthetic_rule_based,pending_expert_review,train,20260817,"Theme-conditioned preferences; cake guest band 8-25; decor-conditioned venue/budget; layout derived from guests, venue and decor."
BSAR1789,wedding,hall,53,13.1,7.2,94.3,227000,4283,mixed,night,red,rustic,rustic_natural,two_tier_round,rustic_wood_setup,cake_and_dessert_table,53,bakesmart_rule_generator_v1,5,synthetic_rule_based,pending_expert_review,validation,20260817,"Theme-conditioned preferences; cake guest band 35-90; decor-conditioned venue/budget; layout derived from guests, venue and decor."
BSAR1790,birthday,outdoor,78,14,8.8,123.2,351000,4500,child,night,blue,traditional,pastel_floral,two_tier_round,flower_wall,two_side_tables,78,bakesmart_rule_generator_v1,4,synthetic_rule_based,pending_expert_review,train,20260817,"Theme-conditioned preferences; cake guest band 35-90; decor-conditioned venue/budget; layout derived from guests, venue and decor."
BSAR1791,anniversary,outdoor,17,7.1,4.8,34.1,65000,3824,adult,day,blue,minimal,modern_minimal,single_tier_round,balloon_setup,single_cake_table,17,bakesmart_rule_generator_v1,5,synthetic_rule_based,pending_expert_review,train,20260817,"Theme-conditioned preferences; cake guest band 8-25; decor-conditioned venue/budget; layout derived from guests, venue and decor."
BSAR1792,birthday,home,85,11.5,7.3,84,284000,3341,adult,day,gold,minimal,modern_minimal,two_tier_floral,flower_wall,two_side_tables,85,bakesmart_rule_generator_v1,5,synthetic_rule_based,pending_expert_review,train,20260817,"Theme-conditioned preferences; cake guest band 45-120; decor-conditioned venue/budget; layout derived from guests, venue and decor."
BSAR1793,anniversary,home,20,6.6,5.1,33.7,71000,3550,adult,night,mixed,elegant,rustic_natural,single_tier_square,balloon_setup,single_cake_table,20,bakesmart_rule_generator_v1,4,synthetic_rule_based,pending_expert_review,test,20260817,"Theme-conditioned preferences; cake guest band 15-40; decor-conditioned venue/budget; layout derived from guests, venue and decor."
BSAR1794,wedding,outdoor,89,15.7,9.4,147.6,615000,6910,adult,day,mixed,elegant,rustic_natural,two_tier_round,luxury_stage,full_stage_setup,89,bakesmart_rule_generator_v1,4,synthetic_rule_based,pending_expert_review,test,20260817,"Theme-conditioned preferences; cake guest band 35-90; decor-conditioned venue/budget; layout derived from guests, venue and decor."
BSAR1795,anniversary,home,19,7.3,4.5,32.9,40000,2105,adult,night,purple,minimal,elegant_gold,single_tier_square,balloon_setup,single_cake_table,19,bakesmart_rule_generator_v1,4,synthetic_rule_based,pending_expert_review,validation,20260817,"Theme-conditioned preferences; cake guest band 15-40; decor-conditioned venue/budget; layout derived from guests, venue and decor."
BSAR1796,birthday,restaurant,131,16.2,11.6,187.9,204000,1557,child,night,green,colourful,colourful_cartoon,three_tier_luxury,minimal_backdrop,two_side_tables,131,bakesmart_rule_generator_v1,5,synthetic_rule_based,pending_expert_review,validation,20260817,"Theme-conditioned preferences; cake guest band 90-250; decor-conditioned venue/budget; layout derived from guests, venue and decor."
BSAR1797,anniversary,hall,68,10.5,8.8,92.4,595000,8750,adult,day,white,minimal,elegant_gold,two_tier_round,luxury_stage,full_stage_setup,68,bakesmart_rule_generator_v1,4,synthetic_rule_based,pending_expert_review,train,20260817,"Theme-conditioned preferences; cake guest band 35-90; decor-conditioned venue/budget; layout derived from guests, venue and decor."
BSAR1798,wedding,home,96,12.8,8.7,111.4,222000,2313,adult,night,gold,minimal,rustic_natural,two_tier_floral,rustic_wood_setup,two_side_tables,96,bakesmart_rule_generator_v1,4,synthetic_rule_based,pending_expert_review,train,20260817,"Theme-conditioned preferences; cake guest band 45-120; decor-conditioned venue/budget; layout derived from guests, venue and decor."
BSAR1799,anniversary,home,187,17.9,11.4,204.1,341000,1824,mixed,day,white,elegant,modern_minimal,three_tier_luxury,minimal_backdrop,two_side_tables,187,bakesmart_rule_generator_v1,4,synthetic_rule_based,pending_expert_review,train,20260817,"Theme-conditioned preferences; cake guest band 90-250; decor-conditioned venue/budget; layout derived from guests, venue and decor."
BSAR1800,birthday,hall,61,12.6,7.8,98.3,503000,8246,child,night,mixed,colourful,colourful_cartoon,two_tier_round,luxury_stage,full_stage_setup,61,bakesmart_rule_generator_v1,5,synthetic_rule_based,pending_expert_review,train,20260817,"Theme-conditioned preferences; cake guest band 35-90; decor-conditioned venue/budget; layout derived from guests, venue and decor."
BSAR1801,wedding,hall,35,9,6.1,54.9,277000,7914,adult,night,gold,elegant,elegant_gold,single_tier_square,luxury_stage,full_stage_setup,35,bakesmart_rule_generator_v1,5,synthetic_rule_based,pending_expert_review,train,20260817,"Theme-conditioned preferences; cake guest band 15-40; decor-conditioned venue/budget; layout derived from guests, venue and decor."
BSAR1802,baby_shower,hall,23,8.3,5.5,45.7,149000,6478,adult,day,mixed,colourful,colourful_cartoon,single_tier_square,flower_wall,single_cake_table,23,bakesmart_rule_generator_v1,5,synthetic_rule_based,pending_expert_review,train,20260817,"Theme-conditioned preferences; cake guest band 15-40; decor-conditioned venue/budget; layout derived from guests, venue and decor."
BSAR1803,graduation,outdoor,103,19.9,11.7,232.8,445000,4320,adult,day,gold,elegant,modern_minimal,three_tier_luxury,rustic_wood_setup,two_side_tables,103,bakesmart_rule_generator_v1,4,synthetic_rule_based,pending_expert_review,train,20260817,"Theme-conditioned preferences; cake guest band 90-250; decor-conditioned venue/budget; layout derived from guests, venue and decor."
BSAR1804,birthday,home,88,12.4,6.8,84.3,372000,4227,child,day,white,minimal,pastel_floral,two_tier_floral,rustic_wood_setup,two_side_tables,88,bakesmart_rule_generator_v1,4,synthetic_rule_based,pending_expert_review,train,20260817,"Theme-conditioned preferences; cake guest band 45-120; decor-conditioned venue/budget; layout derived from guests, venue and decor."
BSAR1805,wedding,hall,137,18.7,13.1,245,1114000,8131,adult,night,white,minimal,modern_minimal,three_tier_luxury,luxury_stage,full_stage_setup,137,bakesmart_rule_generator_v1,5,synthetic_rule_based,pending_expert_review,test,20260817,"Theme-conditioned preferences; cake guest band 90-250; decor-conditioned venue/budget; layout derived from guests, venue and decor."
BSAR1806,wedding,hall,168,15.9,14.2,225.8,1145000,6815,mixed,night,mixed,minimal,modern_minimal,three_tier_luxury,luxury_stage,full_stage_setup,168,bakesmart_rule_generator_v1,5,synthetic_rule_based,pending_expert_review,train,20260817,"Theme-conditioned preferences; cake guest band 90-250; decor-conditioned venue/budget; layout derived from guests, venue and decor."
BSAR1807,graduation,outdoor,12,7.5,4.7,35.3,54000,4500,adult,day,purple,elegant,pastel_floral,single_tier_round,rustic_wood_setup,single_cake_table,12,bakesmart_rule_generator_v1,5,synthetic_rule_based,pending_expert_review,train,20260817,"Theme-conditioned preferences; cake guest band 8-25; decor-conditioned venue/budget; layout derived from guests, venue and decor."
BSAR1808,birthday,restaurant,20,7,5.3,37.1,50000,2500,child,night,green,colourful,colourful_cartoon,single_tier_round,minimal_backdrop,single_cake_table,20,bakesmart_rule_generator_v1,5,synthetic_rule_based,pending_expert_review,validation,20260817,"Theme-conditioned preferences; cake guest band 8-25; decor-conditioned venue/budget; layout derived from guests, venue and decor."
BSAR1809,wedding,hall,212,17.8,14.1,251,1114000,5255,adult,night,mixed,rustic,modern_minimal,three_tier_luxury,flower_wall,full_stage_setup,212,bakesmart_rule_generator_v1,4,synthetic_rule_based,pending_expert_review,train,20260817,"Theme-conditioned preferences; cake guest band 90-250; decor-conditioned venue/budget; layout derived from guests, venue and decor."
BSAR1810,birthday,home,84,12.3,6.8,83.6,204000,2429,teenager,night,green,traditional,traditional_luxury,two_tier_floral,balloon_setup,two_side_tables,84,bakesmart_rule_generator_v1,5,synthetic_rule_based,pending_expert_review,test,20260817,"Theme-conditioned preferences; cake guest band 45-120; decor-conditioned venue/budget; layout derived from guests, venue and decor."
BSAR1811,birthday,hall,28,9.1,5.3,48.2,402000,14357,adult,day,green,minimal,modern_minimal,single_tier_square,luxury_stage,full_stage_setup,28,bakesmart_rule_generator_v1,5,synthetic_rule_based,pending_expert_review,train,20260817,"Theme-conditioned preferences; cake guest band 15-40; decor-conditioned venue/budget; layout derived from guests, venue and decor."
BSAR1812,wedding,hall,36,9,6.5,58.5,394000,10944,adult,night,purple,colourful,pastel_floral,two_tier_round,luxury_stage,full_stage_setup,36,bakesmart_rule_generator_v1,5,synthetic_rule_based,pending_expert_review,test,20260817,"Theme-conditioned preferences; cake guest band 35-90; decor-conditioned venue/budget; layout derived from guests, venue and decor."
BSAR1813,wedding,home,11,5.6,4.7,26.3,90000,8182,adult,night,purple,elegant,traditional_luxury,single_tier_round,flower_wall,single_cake_table,11,bakesmart_rule_generator_v1,5,synthetic_rule_based,pending_expert_review,train,20260817,"Theme-conditioned preferences; cake guest band 8-25; decor-conditioned venue/budget; layout derived from guests, venue and decor."
BSAR1814,graduation,outdoor,34,10.4,6.7,69.7,56000,1647,teenager,day,gold,elegant,modern_minimal,single_tier_square,balloon_setup,cake_and_dessert_table,34,bakesmart_rule_generator_v1,4,synthetic_rule_based,pending_expert_review,train,20260817,"Theme-conditioned preferences; cake guest band 15-40; decor-conditioned venue/budget; layout derived from guests, venue and decor."
BSAR1815,graduation,hall,33,8.5,6.2,52.7,95000,2879,teenager,day,mixed,colourful,pastel_floral,single_tier_square,balloon_setup,cake_and_dessert_table,33,bakesmart_rule_generator_v1,5,synthetic_rule_based,pending_expert_review,train,20260817,"Theme-conditioned preferences; cake guest band 15-40; decor-conditioned venue/budget; layout derived from guests, venue and decor."
BSAR1816,birthday,restaurant,23,7,5.5,38.5,82000,3565,child,day,red,rustic,rustic_natural,single_tier_round,rustic_wood_setup,single_cake_table,23,bakesmart_rule_generator_v1,5,synthetic_rule_based,pending_expert_review,validation,20260817,"Theme-conditioned preferences; cake guest band 8-25; decor-conditioned venue/budget; layout derived from guests, venue and decor."
BSAR1817,birthday,outdoor,85,13.8,8.9,122.8,208000,2447,child,day,mixed,elegant,pastel_floral,two_tier_floral,rustic_wood_setup,two_side_tables,85,bakesmart_rule_generator_v1,5,synthetic_rule_based,pending_expert_review,train,20260817,"Theme-conditioned preferences; cake guest band 45-120; decor-conditioned venue/budget; layout derived from guests, venue and decor."
BSAR1818,anniversary,hall,38,10.6,7.1,75.3,82000,2158,adult,day,green,rustic,rustic_natural,single_tier_square,minimal_backdrop,cake_and_dessert_table,38,bakesmart_rule_generator_v1,5,synthetic_rule_based,pending_expert_review,train,20260817,"Theme-conditioned preferences; cake guest band 15-40; decor-conditioned venue/budget; layout derived from guests, venue and decor."
BSAR1819,birthday,home,36,7,6.3,44.1,93000,2583,teenager,night,purple,traditional,traditional_luxury,two_tier_round,minimal_backdrop,cake_and_dessert_table,36,bakesmart_rule_generator_v1,5,synthetic_rule_based,pending_expert_review,validation,20260817,"Theme-conditioned preferences; cake guest band 35-90; decor-conditioned venue/budget; layout derived from guests, venue and decor."
BSAR1820,graduation,restaurant,17,7.3,5,36.5,52000,3059,teenager,night,gold,minimal,modern_minimal,single_tier_square,balloon_setup,single_cake_table,17,bakesmart_rule_generator_v1,5,synthetic_rule_based,pending_expert_review,train,20260817,"Theme-conditioned preferences; cake guest band 15-40; decor-conditioned venue/budget; layout derived from guests, venue and decor."
BSAR1821,birthday,home,12,6.8,4.3,29.2,36000,3000,child,night,white,elegant,elegant_gold,single_tier_round,minimal_backdrop,single_cake_table,12,bakesmart_rule_generator_v1,5,synthetic_rule_based,pending_expert_review,train,20260817,"Theme-conditioned preferences; cake guest band 8-25; decor-conditioned venue/budget; layout derived from guests, venue and decor."
BSAR1822,wedding,outdoor,71,14.6,9.9,144.5,257000,3620,adult,night,green,traditional,traditional_luxury,two_tier_round,rustic_wood_setup,two_side_tables,71,bakesmart_rule_generator_v1,5,synthetic_rule_based,pending_expert_review,train,20260817,"Theme-conditioned preferences; cake guest band 35-90; decor-conditioned venue/budget; layout derived from guests, venue and decor."
BSAR1823,graduation,home,50,9.4,6.4,60.2,193000,3860,adult,night,blue,elegant,pastel_floral,two_tier_round,flower_wall,cake_and_dessert_table,50,bakesmart_rule_generator_v1,5,synthetic_rule_based,pending_expert_review,train,20260817,"Theme-conditioned preferences; cake guest band 35-90; decor-conditioned venue/budget; layout derived from guests, venue and decor."
BSAR1824,birthday,hall,236,23.9,17.5,418.3,2058000,8720,child,night,green,rustic,rustic_natural,three_tier_luxury,luxury_stage,full_stage_setup,236,bakesmart_rule_generator_v1,5,synthetic_rule_based,pending_expert_review,train,20260817,"Theme-conditioned preferences; cake guest band 90-250; decor-conditioned venue/budget; layout derived from guests, venue and decor."
BSAR1825,graduation,hall,18,5.7,4.8,27.4,52000,2889,teenager,night,mixed,elegant,modern_minimal,single_tier_square,balloon_setup,single_cake_table,18,bakesmart_rule_generator_v1,4,synthetic_rule_based,pending_expert_review,train,20260817,"Theme-conditioned preferences; cake guest band 15-40; decor-conditioned venue/budget; layout derived from guests, venue and decor."
BSAR1826,baby_shower,outdoor,19,8.3,5.4,44.8,64000,3368,adult,day,gold,traditional,elegant_gold,single_tier_round,balloon_setup,single_cake_table,19,bakesmart_rule_generator_v1,4,synthetic_rule_based,pending_expert_review,train,20260817,"Theme-conditioned preferences; cake guest band 8-25; decor-conditioned venue/budget; layout derived from guests, venue and decor."
BSAR1827,graduation,restaurant,101,16.9,9.4,158.9,262000,2594,teenager,day,gold,rustic,rustic_natural,two_tier_floral,minimal_backdrop,two_side_tables,101,bakesmart_rule_generator_v1,5,synthetic_rule_based,pending_expert_review,train,20260817,"Theme-conditioned preferences; cake guest band 45-120; decor-conditioned venue/budget; layout derived from guests, venue and decor."
BSAR1828,baby_shower,restaurant,9,5.1,3.1,15.8,39000,4333,adult,day,pink,minimal,pastel_floral,single_tier_round,balloon_setup,single_cake_table,9,bakesmart_rule_generator_v1,4,synthetic_rule_based,pending_expert_review,train,20260817,"Theme-conditioned preferences; cake guest band 8-25; decor-conditioned venue/budget; layout derived from guests, venue and decor."
BSAR1829,birthday,home,13,5.8,4.6,26.7,51000,3923,child,day,white,colourful,pastel_floral,single_tier_round,balloon_setup,single_cake_table,13,bakesmart_rule_generator_v1,5,synthetic_rule_based,pending_expert_review,train,20260817,"Theme-conditioned preferences; cake guest band 8-25; decor-conditioned venue/budget; layout derived from guests, venue and decor."
BSAR1830,baby_shower,home,153,12.1,10.4,125.8,379000,2477,adult,day,white,rustic,rustic_natural,three_tier_luxury,rustic_wood_setup,two_side_tables,153,bakesmart_rule_generator_v1,5,synthetic_rule_based,pending_expert_review,test,20260817,"Theme-conditioned preferences; cake guest band 90-250; decor-conditioned venue/budget; layout derived from guests, venue and decor."
BSAR1831,graduation,home,53,10.2,5.5,56.1,135000,2547,adult,day,white,minimal,modern_minimal,two_tier_floral,balloon_setup,cake_and_dessert_table,53,bakesmart_rule_generator_v1,5,synthetic_rule_based,pending_expert_review,validation,20260817,"Theme-conditioned preferences; cake guest band 45-120; decor-conditioned venue/budget; layout derived from guests, venue and decor."
BSAR1832,baby_shower,hall,41,11.7,6.6,77.2,463000,11293,adult,day,white,rustic,rustic_natural,two_tier_round,luxury_stage,full_stage_setup,41,bakesmart_rule_generator_v1,5,synthetic_rule_based,pending_expert_review,test,20260817,"Theme-conditioned preferences; cake guest band 35-90; decor-conditioned venue/budget; layout derived from guests, venue and decor."
BSAR1833,birthday,outdoor,149,24,13.3,319.2,245000,1644,child,day,pink,colourful,colourful_cartoon,three_tier_luxury,minimal_backdrop,two_side_tables,149,bakesmart_rule_generator_v1,5,synthetic_rule_based,pending_expert_review,test,20260817,"Theme-conditioned preferences; cake guest band 90-250; decor-conditioned venue/budget; layout derived from guests, venue and decor."
BSAR1834,graduation,hall,11,6.7,4.8,32.2,197000,17909,teenager,night,white,elegant,pastel_floral,single_tier_round,luxury_stage,full_stage_setup,11,bakesmart_rule_generator_v1,5,synthetic_rule_based,pending_expert_review,test,20260817,"Theme-conditioned preferences; cake guest band 8-25; decor-conditioned venue/budget; layout derived from guests, venue and decor."
BSAR1835,baby_shower,restaurant,20,7.6,4.2,31.9,39000,1950,adult,night,white,elegant,elegant_gold,single_tier_square,minimal_backdrop,single_cake_table,20,bakesmart_rule_generator_v1,5,synthetic_rule_based,pending_expert_review,test,20260817,"Theme-conditioned preferences; cake guest band 15-40; decor-conditioned venue/budget; layout derived from guests, venue and decor."
BSAR1836,baby_shower,home,72,11.5,7,80.5,187000,2597,adult,day,blue,colourful,pastel_floral,two_tier_floral,rustic_wood_setup,two_side_tables,72,bakesmart_rule_generator_v1,5,synthetic_rule_based,pending_expert_review,train,20260817,"Theme-conditioned preferences; cake guest band 45-120; decor-conditioned venue/budget; layout derived from guests, venue and decor."
BSAR1837,birthday,outdoor,40,12.2,6.7,81.7,131000,3275,adult,night,gold,elegant,traditional_luxury,single_tier_square,balloon_setup,cake_and_dessert_table,40,bakesmart_rule_generator_v1,5,synthetic_rule_based,pending_expert_review,train,20260817,"Theme-conditioned preferences; cake guest band 15-40; decor-conditioned venue/budget; layout derived from guests, venue and decor."
BSAR1838,birthday,hall,142,17.5,9.5,166.3,685000,4824,child,night,green,elegant,traditional_luxury,three_tier_luxury,flower_wall,full_stage_setup,142,bakesmart_rule_generator_v1,5,synthetic_rule_based,pending_expert_review,train,20260817,"Theme-conditioned preferences; cake guest band 90-250; decor-conditioned venue/budget; layout derived from guests, venue and decor."
BSAR1839,graduation,outdoor,16,6.5,4.9,31.9,59000,3688,teenager,night,mixed,elegant,pastel_floral,single_tier_square,minimal_backdrop,single_cake_table,16,bakesmart_rule_generator_v1,5,synthetic_rule_based,pending_expert_review,train,20260817,"Theme-conditioned preferences; cake guest band 15-40; decor-conditioned venue/budget; layout derived from guests, venue and decor."
BSAR1840,wedding,outdoor,84,17,9.3,158.1,256000,3048,adult,day,mixed,rustic,rustic_natural,two_tier_round,balloon_setup,two_side_tables,84,bakesmart_rule_generator_v1,5,synthetic_rule_based,pending_expert_review,train,20260817,"Theme-conditioned preferences; cake guest band 35-90; decor-conditioned venue/budget; layout derived from guests, venue and decor."
BSAR1841,baby_shower,hall,74,15.9,8.9,141.5,285000,3851,adult,night,gold,elegant,elegant_gold,two_tier_round,rustic_wood_setup,two_side_tables,74,bakesmart_rule_generator_v1,5,synthetic_rule_based,pending_expert_review,train,20260817,"Theme-conditioned preferences; cake guest band 35-90; decor-conditioned venue/budget; layout derived from guests, venue and decor."
BSAR1842,birthday,home,171,14.9,13,193.7,470000,2749,child,day,gold,minimal,modern_minimal,three_tier_luxury,minimal_backdrop,two_side_tables,171,bakesmart_rule_generator_v1,5,synthetic_rule_based,pending_expert_review,test,20260817,"Theme-conditioned preferences; cake guest band 90-250; decor-conditioned venue/budget; layout derived from guests, venue and decor."
BSAR1843,graduation,home,34,8.9,5.2,46.3,105000,3088,adult,day,gold,rustic,rustic_natural,single_tier_square,minimal_backdrop,cake_and_dessert_table,34,bakesmart_rule_generator_v1,5,synthetic_rule_based,pending_expert_review,train,20260817,"Theme-conditioned preferences; cake guest band 15-40; decor-conditioned venue/budget; layout derived from guests, venue and decor."
BSAR1844,baby_shower,outdoor,74,13.5,12,162,267000,3608,mixed,night,mixed,rustic,pastel_floral,two_tier_round,rustic_wood_setup,two_side_tables,74,bakesmart_rule_generator_v1,4,synthetic_rule_based,pending_expert_review,test,20260817,"Theme-conditioned preferences; cake guest band 35-90; decor-conditioned venue/budget; layout derived from guests, venue and decor."
BSAR1845,graduation,restaurant,21,7.3,4.7,34.3,74000,3524,teenager,night,gold,traditional,traditional_luxury,single_tier_square,rustic_wood_setup,single_cake_table,21,bakesmart_rule_generator_v1,5,synthetic_rule_based,pending_expert_review,train,20260817,"Theme-conditioned preferences; cake guest band 15-40; decor-conditioned venue/budget; layout derived from guests, venue and decor."
BSAR1846,birthday,home,17,6.4,3.9,25,47000,2765,adult,night,mixed,rustic,rustic_natural,single_tier_round,minimal_backdrop,single_cake_table,17,bakesmart_rule_generator_v1,5,synthetic_rule_based,pending_expert_review,test,20260817,"Theme-conditioned preferences; cake guest band 8-25; decor-conditioned venue/budget; layout derived from guests, venue and decor."
BSAR1847,baby_shower,hall,105,13.7,9.9,135.6,250000,2381,adult,night,white,minimal,modern_minimal,two_tier_floral,minimal_backdrop,two_side_tables,105,bakesmart_rule_generator_v1,5,synthetic_rule_based,pending_expert_review,train,20260817,"Theme-conditioned preferences; cake guest band 45-120; decor-conditioned venue/budget; layout derived from guests, venue and decor."
BSAR1848,baby_shower,home,20,5.3,4.2,22.3,49000,2450,adult,day,blue,rustic,pastel_floral,single_tier_square,minimal_backdrop,single_cake_table,20,bakesmart_rule_generator_v1,4,synthetic_rule_based,pending_expert_review,train,20260817,"Theme-conditioned preferences; cake guest band 15-40; decor-conditioned venue/budget; layout derived from guests, venue and decor."
BSAR1849,wedding,hall,87,13.7,11.5,157.5,890000,10230,adult,night,white,minimal,modern_minimal,two_tier_floral,luxury_stage,full_stage_setup,87,bakesmart_rule_generator_v1,5,synthetic_rule_based,pending_expert_review,train,20260817,"Theme-conditioned preferences; cake guest band 45-120; decor-conditioned venue/budget; layout derived from guests, venue and decor."
BSAR1850,wedding,restaurant,57,11.9,7.2,85.7,531000,9316,adult,night,white,colourful,pastel_floral,two_tier_round,luxury_stage,full_stage_setup,57,bakesmart_rule_generator_v1,4,synthetic_rule_based,pending_expert_review,train,20260817,"Theme-conditioned preferences; cake guest band 35-90; decor-conditioned venue/budget; layout derived from guests, venue and decor."
BSAR1851,graduation,home,181,15.8,9.6,151.7,465000,2569,teenager,night,red,traditional,traditional_luxury,three_tier_luxury,rustic_wood_setup,two_side_tables,181,bakesmart_rule_generator_v1,5,synthetic_rule_based,pending_expert_review,train,20260817,"Theme-conditioned preferences; cake guest band 90-250; decor-conditioned venue/budget; layout derived from guests, venue and decor."
BSAR1852,anniversary,hall,96,16.6,11,182.6,264000,2750,adult,night,white,minimal,modern_minimal,two_tier_floral,minimal_backdrop,two_side_tables,96,bakesmart_rule_generator_v1,5,synthetic_rule_based,pending_expert_review,test,20260817,"Theme-conditioned preferences; cake guest band 45-120; decor-conditioned venue/budget; layout derived from guests, venue and decor."
BSAR1853,birthday,home,246,16.7,14.6,243.8,390000,1585,child,day,mixed,traditional,pastel_floral,three_tier_luxury,balloon_setup,two_side_tables,246,bakesmart_rule_generator_v1,4,synthetic_rule_based,pending_expert_review,train,20260817,"Theme-conditioned preferences; cake guest band 90-250; decor-conditioned venue/budget; layout derived from guests, venue and decor."
BSAR1854,birthday,hall,74,13.3,10.1,134.3,110000,1486,teenager,day,pink,colourful,pastel_floral,two_tier_round,minimal_backdrop,two_side_tables,74,bakesmart_rule_generator_v1,5,synthetic_rule_based,pending_expert_review,train,20260817,"Theme-conditioned preferences; cake guest band 35-90; decor-conditioned venue/budget; layout derived from guests, venue and decor."
BSAR1855,anniversary,restaurant,31,8.5,6.2,52.7,151000,4871,adult,night,white,elegant,pastel_floral,single_tier_square,flower_wall,cake_and_dessert_table,31,bakesmart_rule_generator_v1,5,synthetic_rule_based,pending_expert_review,train,20260817,"Theme-conditioned preferences; cake guest band 15-40; decor-conditioned venue/budget; layout derived from guests, venue and decor."
BSAR1856,baby_shower,home,21,7.5,5.1,38.3,62000,2952,mixed,day,white,rustic,rustic_natural,single_tier_round,minimal_backdrop,single_cake_table,21,bakesmart_rule_generator_v1,5,synthetic_rule_based,pending_expert_review,train,20260817,"Theme-conditioned preferences; cake guest band 8-25; decor-conditioned venue/budget; layout derived from guests, venue and decor."
BSAR1857,wedding,restaurant,88,10.3,8.8,90.6,378000,4295,adult,night,red,elegant,traditional_luxury,two_tier_floral,rustic_wood_setup,two_side_tables,88,bakesmart_rule_generator_v1,5,synthetic_rule_based,pending_expert_review,validation,20260817,"Theme-conditioned preferences; cake guest band 45-120; decor-conditioned venue/budget; layout derived from guests, venue and decor."
BSAR1858,anniversary,restaurant,21,7.8,5.3,41.3,58000,2762,adult,day,white,traditional,elegant_gold,single_tier_square,minimal_backdrop,single_cake_table,21,bakesmart_rule_generator_v1,4,synthetic_rule_based,pending_expert_review,train,20260817,"Theme-conditioned preferences; cake guest band 15-40; decor-conditioned venue/budget; layout derived from guests, venue and decor."
BSAR1859,anniversary,home,23,7.3,4.5,32.9,53000,2304,adult,day,mixed,colourful,colourful_cartoon,single_tier_round,balloon_setup,single_cake_table,23,bakesmart_rule_generator_v1,3,synthetic_rule_based,pending_expert_review,train,20260817,"Theme-conditioned preferences; cake guest band 8-25; decor-conditioned venue/budget; layout derived from guests, venue and decor."
BSAR1860,baby_shower,hall,58,10.3,7.4,76.2,154000,2655,adult,night,mixed,elegant,pastel_floral,two_tier_round,minimal_backdrop,cake_and_dessert_table,58,bakesmart_rule_generator_v1,5,synthetic_rule_based,pending_expert_review,test,20260817,"Theme-conditioned preferences; cake guest band 35-90; decor-conditioned venue/budget; layout derived from guests, venue and decor."
BSAR1861,baby_shower,hall,29,7.7,5.4,41.6,77000,2655,adult,day,green,minimal,rustic_natural,single_tier_square,balloon_setup,single_cake_table,29,bakesmart_rule_generator_v1,4,synthetic_rule_based,pending_expert_review,train,20260817,"Theme-conditioned preferences; cake guest band 15-40; decor-conditioned venue/budget; layout derived from guests, venue and decor."
BSAR1862,anniversary,outdoor,26,8,6.9,55.2,107000,4115,adult,day,red,traditional,traditional_luxury,single_tier_square,rustic_wood_setup,single_cake_table,26,bakesmart_rule_generator_v1,5,synthetic_rule_based,pending_expert_review,train,20260817,"Theme-conditioned preferences; cake guest band 15-40; decor-conditioned venue/budget; layout derived from guests, venue and decor."
BSAR1863,graduation,home,84,11.3,8.7,98.3,354000,4214,teenager,night,mixed,colourful,colourful_cartoon,two_tier_floral,flower_wall,two_side_tables,84,bakesmart_rule_generator_v1,5,synthetic_rule_based,pending_expert_review,train,20260817,"Theme-conditioned preferences; cake guest band 45-120; decor-conditioned venue/budget; layout derived from guests, venue and decor."
BSAR1864,wedding,hall,117,15,9.8,147,516000,4410,adult,night,green,rustic,rustic_natural,two_tier_floral,rustic_wood_setup,full_stage_setup,117,bakesmart_rule_generator_v1,5,synthetic_rule_based,pending_expert_review,validation,20260817,"Theme-conditioned preferences; cake guest band 45-120; decor-conditioned venue/budget; layout derived from guests, venue and decor."
BSAR1865,anniversary,restaurant,35,8.1,6.7,54.3,335000,9571,adult,night,mixed,minimal,modern_minimal,single_tier_square,luxury_stage,full_stage_setup,35,bakesmart_rule_generator_v1,4,synthetic_rule_based,pending_expert_review,train,20260817,"Theme-conditioned preferences; cake guest band 15-40; decor-conditioned venue/budget; layout derived from guests, venue and decor."
BSAR1866,anniversary,restaurant,128,15.1,11.1,167.6,306000,2391,adult,night,red,minimal,elegant_gold,three_tier_luxury,rustic_wood_setup,two_side_tables,128,bakesmart_rule_generator_v1,4,synthetic_rule_based,pending_expert_review,validation,20260817,"Theme-conditioned preferences; cake guest band 90-250; decor-conditioned venue/budget; layout derived from guests, venue and decor."
BSAR1867,graduation,hall,17,7.7,5.3,40.8,61000,3588,adult,night,white,minimal,modern_minimal,single_tier_round,balloon_setup,single_cake_table,17,bakesmart_rule_generator_v1,5,synthetic_rule_based,pending_expert_review,train,20260817,"Theme-conditioned preferences; cake guest band 8-25; decor-conditioned venue/budget; layout derived from guests, venue and decor."
BSAR1868,wedding,outdoor,8,6.6,3.7,24.4,43000,5375,adult,night,white,elegant,elegant_gold,single_tier_round,balloon_setup,single_cake_table,8,bakesmart_rule_generator_v1,5,synthetic_rule_based,pending_expert_review,train,20260817,"Theme-conditioned preferences; cake guest band 8-25; decor-conditioned venue/budget; layout derived from guests, venue and decor."
BSAR1869,graduation,restaurant,83,11.7,9.5,111.2,520000,6265,mixed,day,gold,traditional,traditional_luxury,two_tier_floral,luxury_stage,full_stage_setup,83,bakesmart_rule_generator_v1,4,synthetic_rule_based,pending_expert_review,train,20260817,"Theme-conditioned preferences; cake guest band 45-120; decor-conditioned venue/budget; layout derived from guests, venue and decor."
BSAR1870,anniversary,outdoor,54,14.6,8,116.8,153000,2833,adult,day,white,elegant,pastel_floral,two_tier_floral,rustic_wood_setup,cake_and_dessert_table,54,bakesmart_rule_generator_v1,5,synthetic_rule_based,pending_expert_review,validation,20260817,"Theme-conditioned preferences; cake guest band 45-120; decor-conditioned venue/budget; layout derived from guests, venue and decor."
BSAR1871,anniversary,hall,33,8.5,5.2,44.2,116000,3515,mixed,day,gold,rustic,rustic_natural,single_tier_square,rustic_wood_setup,cake_and_dessert_table,33,bakesmart_rule_generator_v1,5,synthetic_rule_based,pending_expert_review,test,20260817,"Theme-conditioned preferences; cake guest band 15-40; decor-conditioned venue/budget; layout derived from guests, venue and decor."
BSAR1872,wedding,hall,23,7.3,5,36.5,91000,3957,adult,day,purple,minimal,pastel_floral,single_tier_round,balloon_setup,single_cake_table,23,bakesmart_rule_generator_v1,4,synthetic_rule_based,pending_expert_review,train,20260817,"Theme-conditioned preferences; cake guest band 8-25; decor-conditioned venue/budget; layout derived from guests, venue and decor."
BSAR1873,wedding,hall,25,7.4,5.8,42.9,88000,3520,adult,night,white,minimal,modern_minimal,single_tier_round,balloon_setup,single_cake_table,25,bakesmart_rule_generator_v1,5,synthetic_rule_based,pending_expert_review,train,20260817,"Theme-conditioned preferences; cake guest band 8-25; decor-conditioned venue/budget; layout derived from guests, venue and decor."
BSAR1874,birthday,outdoor,12,8.1,5.2,42.1,51000,4250,teenager,night,green,elegant,modern_minimal,single_tier_round,rustic_wood_setup,single_cake_table,12,bakesmart_rule_generator_v1,4,synthetic_rule_based,pending_expert_review,train,20260817,"Theme-conditioned preferences; cake guest band 8-25; decor-conditioned venue/budget; layout derived from guests, venue and decor."
BSAR1875,wedding,hall,18,8.9,4.9,43.6,81000,4500,adult,day,red,traditional,elegant_gold,single_tier_round,flower_wall,single_cake_table,18,bakesmart_rule_generator_v1,4,synthetic_rule_based,pending_expert_review,test,20260817,"Theme-conditioned preferences; cake guest band 8-25; decor-conditioned venue/budget; layout derived from guests, venue and decor."
BSAR1876,anniversary,hall,12,5.9,4.9,28.9,126000,10500,adult,day,white,elegant,pastel_floral,single_tier_round,luxury_stage,full_stage_setup,12,bakesmart_rule_generator_v1,5,synthetic_rule_based,pending_expert_review,train,20260817,"Theme-conditioned preferences; cake guest band 8-25; decor-conditioned venue/budget; layout derived from guests, venue and decor."
BSAR1877,anniversary,restaurant,34,11.1,5.8,64.4,179000,5265,mixed,day,white,rustic,rustic_natural,single_tier_square,flower_wall,cake_and_dessert_table,34,bakesmart_rule_generator_v1,5,synthetic_rule_based,pending_expert_review,train,20260817,"Theme-conditioned preferences; cake guest band 15-40; decor-conditioned venue/budget; layout derived from guests, venue and decor."
BSAR1878,wedding,hall,185,21.1,16.2,341.8,1372000,7416,adult,night,green,rustic,rustic_natural,three_tier_luxury,luxury_stage,full_stage_setup,185,bakesmart_rule_generator_v1,5,synthetic_rule_based,pending_expert_review,train,20260817,"Theme-conditioned preferences; cake guest band 90-250; decor-conditioned venue/budget; layout derived from guests, venue and decor."
BSAR1879,anniversary,hall,9,6.1,3.3,20.1,208000,23111,adult,night,green,rustic,rustic_natural,single_tier_round,luxury_stage,full_stage_setup,9,bakesmart_rule_generator_v1,5,synthetic_rule_based,pending_expert_review,train,20260817,"Theme-conditioned preferences; cake guest band 8-25; decor-conditioned venue/budget; layout derived from guests, venue and decor."
BSAR1880,wedding,home,48,10.8,6.5,70.2,172000,3583,adult,night,gold,elegant,modern_minimal,two_tier_floral,balloon_setup,cake_and_dessert_table,48,bakesmart_rule_generator_v1,4,synthetic_rule_based,pending_expert_review,train,20260817,"Theme-conditioned preferences; cake guest band 45-120; decor-conditioned venue/budget; layout derived from guests, venue and decor."
BSAR1881,baby_shower,home,22,7.3,5,36.5,62000,2818,adult,night,red,elegant,elegant_gold,single_tier_round,minimal_backdrop,single_cake_table,22,bakesmart_rule_generator_v1,5,synthetic_rule_based,pending_expert_review,train,20260817,"Theme-conditioned preferences; cake guest band 8-25; decor-conditioned venue/budget; layout derived from guests, venue and decor."
BSAR1882,graduation,hall,21,9.4,5.2,48.9,286000,13619,teenager,night,gold,rustic,modern_minimal,single_tier_round,luxury_stage,full_stage_setup,21,bakesmart_rule_generator_v1,4,synthetic_rule_based,pending_expert_review,test,20260817,"Theme-conditioned preferences; cake guest band 8-25; decor-conditioned venue/budget; layout derived from guests, venue and decor."
BSAR1883,baby_shower,restaurant,20,8.6,4.8,41.3,198000,9900,adult,day,blue,colourful,colourful_cartoon,single_tier_round,luxury_stage,full_stage_setup,20,bakesmart_rule_generator_v1,4,synthetic_rule_based,pending_expert_review,validation,20260817,"Theme-conditioned preferences; cake guest band 8-25; decor-conditioned venue/budget; layout derived from guests, venue and decor."
BSAR1884,birthday,home,57,8.6,7.2,61.9,161000,2825,child,day,red,colourful,colourful_cartoon,two_tier_floral,minimal_backdrop,cake_and_dessert_table,57,bakesmart_rule_generator_v1,5,synthetic_rule_based,pending_expert_review,train,20260817,"Theme-conditioned preferences; cake guest band 45-120; decor-conditioned venue/budget; layout derived from guests, venue and decor."
BSAR1885,birthday,outdoor,114,16.8,13.7,230.2,346000,3035,child,day,blue,colourful,colourful_cartoon,three_tier_luxury,balloon_setup,two_side_tables,114,bakesmart_rule_generator_v1,5,synthetic_rule_based,pending_expert_review,train,20260817,"Theme-conditioned preferences; cake guest band 90-250; decor-conditioned venue/budget; layout derived from guests, venue and decor."
BSAR1886,anniversary,restaurant,87,13,9.7,126.1,717000,8241,adult,night,red,minimal,elegant_gold,two_tier_round,luxury_stage,full_stage_setup,87,bakesmart_rule_generator_v1,4,synthetic_rule_based,pending_expert_review,train,20260817,"Theme-conditioned preferences; cake guest band 35-90; decor-conditioned venue/budget; layout derived from guests, venue and decor."
BSAR1887,anniversary,outdoor,14,7,5.2,36.4,41000,2929,adult,day,green,minimal,modern_minimal,single_tier_round,minimal_backdrop,single_cake_table,14,bakesmart_rule_generator_v1,5,synthetic_rule_based,pending_expert_review,train,20260817,"Theme-conditioned preferences; cake guest band 8-25; decor-conditioned venue/budget; layout derived from guests, venue and decor."
BSAR1888,anniversary,home,73,9.9,8.3,82.2,236000,3233,adult,night,gold,minimal,modern_minimal,two_tier_floral,rustic_wood_setup,two_side_tables,73,bakesmart_rule_generator_v1,5,synthetic_rule_based,pending_expert_review,train,20260817,"Theme-conditioned preferences; cake guest band 45-120; decor-conditioned venue/budget; layout derived from guests, venue and decor."
BSAR1889,birthday,restaurant,27,7.2,5.7,41,56000,2074,child,night,blue,elegant,modern_minimal,single_tier_square,minimal_backdrop,single_cake_table,27,bakesmart_rule_generator_v1,4,synthetic_rule_based,pending_expert_review,train,20260817,"Theme-conditioned preferences; cake guest band 15-40; decor-conditioned venue/budget; layout derived from guests, venue and decor."
BSAR1890,wedding,outdoor,245,25.5,19.8,504.9,2311000,9433,adult,night,white,traditional,elegant_gold,three_tier_luxury,luxury_stage,full_stage_setup,245,bakesmart_rule_generator_v1,4,synthetic_rule_based,pending_expert_review,validation,20260817,"Theme-conditioned preferences; cake guest band 90-250; decor-conditioned venue/budget; layout derived from guests, venue and decor."
BSAR1891,baby_shower,home,15,5.9,3.4,20.1,91000,6067,mixed,day,white,rustic,pastel_floral,single_tier_round,flower_wall,single_cake_table,15,bakesmart_rule_generator_v1,4,synthetic_rule_based,pending_expert_review,train,20260817,"Theme-conditioned preferences; cake guest band 8-25; decor-conditioned venue/budget; layout derived from guests, venue and decor."
BSAR1892,birthday,hall,14,7,4.6,32.2,230000,16429,teenager,night,pink,colourful,colourful_cartoon,single_tier_round,luxury_stage,full_stage_setup,14,bakesmart_rule_generator_v1,5,synthetic_rule_based,pending_expert_review,test,20260817,"Theme-conditioned preferences; cake guest band 8-25; decor-conditioned venue/budget; layout derived from guests, venue and decor."
BSAR1893,wedding,home,35,9.8,5.3,51.9,85000,2429,adult,day,white,elegant,pastel_floral,single_tier_square,balloon_setup,cake_and_dessert_table,35,bakesmart_rule_generator_v1,5,synthetic_rule_based,pending_expert_review,train,20260817,"Theme-conditioned preferences; cake guest band 15-40; decor-conditioned venue/budget; layout derived from guests, venue and decor."
BSAR1894,wedding,outdoor,156,18,11.8,212.4,519000,3327,adult,day,mixed,rustic,rustic_natural,three_tier_luxury,rustic_wood_setup,two_side_tables,156,bakesmart_rule_generator_v1,5,synthetic_rule_based,pending_expert_review,train,20260817,"Theme-conditioned preferences; cake guest band 90-250; decor-conditioned venue/budget; layout derived from guests, venue and decor."
BSAR1895,anniversary,hall,32,9.5,5.9,56.1,54000,1688,adult,day,blue,elegant,modern_minimal,single_tier_square,minimal_backdrop,cake_and_dessert_table,32,bakesmart_rule_generator_v1,4,synthetic_rule_based,pending_expert_review,validation,20260817,"Theme-conditioned preferences; cake guest band 15-40; decor-conditioned venue/budget; layout derived from guests, venue and decor."
BSAR1896,birthday,home,165,14.3,9.5,135.9,500000,3030,adult,night,green,traditional,traditional_luxury,three_tier_luxury,balloon_setup,two_side_tables,165,bakesmart_rule_generator_v1,5,synthetic_rule_based,pending_expert_review,train,20260817,"Theme-conditioned preferences; cake guest band 90-250; decor-conditioned venue/budget; layout derived from guests, venue and decor."
BSAR1897,anniversary,hall,9,5.2,3.6,18.7,61000,6778,mixed,night,blue,elegant,modern_minimal,single_tier_round,rustic_wood_setup,single_cake_table,9,bakesmart_rule_generator_v1,4,synthetic_rule_based,pending_expert_review,test,20260817,"Theme-conditioned preferences; cake guest band 8-25; decor-conditioned venue/budget; layout derived from guests, venue and decor."
BSAR1898,graduation,restaurant,12,6.3,3.8,23.9,71000,5917,teenager,night,green,minimal,rustic_natural,single_tier_round,flower_wall,single_cake_table,12,bakesmart_rule_generator_v1,4,synthetic_rule_based,pending_expert_review,test,20260817,"Theme-conditioned preferences; cake guest band 8-25; decor-conditioned venue/budget; layout derived from guests, venue and decor."
BSAR1899,anniversary,hall,112,16.5,9.5,156.8,806000,7196,adult,day,gold,elegant,traditional_luxury,three_tier_luxury,luxury_stage,full_stage_setup,112,bakesmart_rule_generator_v1,5,synthetic_rule_based,pending_expert_review,train,20260817,"Theme-conditioned preferences; cake guest band 90-250; decor-conditioned venue/budget; layout derived from guests, venue and decor."
BSAR1900,wedding,hall,31,10.6,6.4,67.8,66000,2129,adult,day,white,minimal,rustic_natural,single_tier_square,minimal_backdrop,cake_and_dessert_table,31,bakesmart_rule_generator_v1,4,synthetic_rule_based,pending_expert_review,validation,20260817,"Theme-conditioned preferences; cake guest band 15-40; decor-conditioned venue/budget; layout derived from guests, venue and decor."
BSAR1901,graduation,hall,20,8.2,5.1,41.8,73000,3650,adult,night,gold,traditional,traditional_luxury,single_tier_square,balloon_setup,single_cake_table,20,bakesmart_rule_generator_v1,5,synthetic_rule_based,pending_expert_review,train,20260817,"Theme-conditioned preferences; cake guest band 15-40; decor-conditioned venue/budget; layout derived from guests, venue and decor."
BSAR1902,birthday,outdoor,46,12.3,7.1,87.3,189000,4109,mixed,day,gold,traditional,traditional_luxury,two_tier_round,rustic_wood_setup,cake_and_dessert_table,46,bakesmart_rule_generator_v1,5,synthetic_rule_based,pending_expert_review,test,20260817,"Theme-conditioned preferences; cake guest band 35-90; decor-conditioned venue/budget; layout derived from guests, venue and decor."
BSAR1903,birthday,restaurant,231,20.5,11.8,241.9,375000,1623,teenager,night,mixed,colourful,colourful_cartoon,three_tier_luxury,minimal_backdrop,two_side_tables,231,bakesmart_rule_generator_v1,5,synthetic_rule_based,pending_expert_review,train,20260817,"Theme-conditioned preferences; cake guest band 90-250; decor-conditioned venue/budget; layout derived from guests, venue and decor."
BSAR1904,wedding,home,64,10.3,6.2,63.9,143000,2234,adult,night,mixed,minimal,modern_minimal,two_tier_round,minimal_backdrop,cake_and_dessert_table,64,bakesmart_rule_generator_v1,5,synthetic_rule_based,pending_expert_review,train,20260817,"Theme-conditioned preferences; cake guest band 35-90; decor-conditioned venue/budget; layout derived from guests, venue and decor."
BSAR1905,wedding,home,57,9.5,8,76,101000,1772,mixed,day,gold,elegant,elegant_gold,two_tier_round,balloon_setup,cake_and_dessert_table,57,bakesmart_rule_generator_v1,5,synthetic_rule_based,pending_expert_review,validation,20260817,"Theme-conditioned preferences; cake guest band 35-90; decor-conditioned venue/budget; layout derived from guests, venue and decor."
BSAR1906,wedding,hall,25,7,5.7,39.9,49000,1960,adult,night,gold,elegant,elegant_gold,single_tier_round,balloon_setup,single_cake_table,25,bakesmart_rule_generator_v1,5,synthetic_rule_based,pending_expert_review,train,20260817,"Theme-conditioned preferences; cake guest band 8-25; decor-conditioned venue/budget; layout derived from guests, venue and decor."
BSAR1907,anniversary,hall,24,7.9,5.7,45,318000,13250,adult,day,mixed,colourful,colourful_cartoon,single_tier_square,luxury_stage,full_stage_setup,24,bakesmart_rule_generator_v1,3,synthetic_rule_based,pending_expert_review,test,20260817,"Theme-conditioned preferences; cake guest band 15-40; decor-conditioned venue/budget; layout derived from guests, venue and decor."
BSAR1908,birthday,hall,15,6.4,5.1,32.6,92000,6133,teenager,day,pink,colourful,colourful_cartoon,single_tier_round,flower_wall,single_cake_table,15,bakesmart_rule_generator_v1,5,synthetic_rule_based,pending_expert_review,train,20260817,"Theme-conditioned preferences; cake guest band 8-25; decor-conditioned venue/budget; layout derived from guests, venue and decor."
BSAR1909,birthday,restaurant,39,9.7,6,58.2,193000,4949,adult,day,mixed,minimal,modern_minimal,single_tier_square,rustic_wood_setup,cake_and_dessert_table,39,bakesmart_rule_generator_v1,5,synthetic_rule_based,pending_expert_review,train,20260817,"Theme-conditioned preferences; cake guest band 15-40; decor-conditioned venue/budget; layout derived from guests, venue and decor."
BSAR1910,birthday,home,229,15.5,11.5,178.3,462000,2017,child,day,pink,rustic,pastel_floral,three_tier_luxury,minimal_backdrop,two_side_tables,229,bakesmart_rule_generator_v1,4,synthetic_rule_based,pending_expert_review,train,20260817,"Theme-conditioned preferences; cake guest band 90-250; decor-conditioned venue/budget; layout derived from guests, venue and decor."
BSAR1911,anniversary,restaurant,12,6.7,4.6,30.8,34000,2833,adult,day,mixed,rustic,rustic_natural,single_tier_round,minimal_backdrop,single_cake_table,12,bakesmart_rule_generator_v1,5,synthetic_rule_based,pending_expert_review,train,20260817,"Theme-conditioned preferences; cake guest band 8-25; decor-conditioned venue/budget; layout derived from guests, venue and decor."
BSAR1912,anniversary,outdoor,56,13.1,7.1,93,241000,4304,adult,night,red,elegant,elegant_gold,two_tier_floral,rustic_wood_setup,cake_and_dessert_table,56,bakesmart_rule_generator_v1,5,synthetic_rule_based,pending_expert_review,train,20260817,"Theme-conditioned preferences; cake guest band 45-120; decor-conditioned venue/budget; layout derived from guests, venue and decor."
BSAR1913,graduation,home,192,17.4,10.3,179.2,551000,2870,mixed,night,white,traditional,traditional_luxury,three_tier_luxury,balloon_setup,two_side_tables,192,bakesmart_rule_generator_v1,5,synthetic_rule_based,pending_expert_review,validation,20260817,"Theme-conditioned preferences; cake guest band 90-250; decor-conditioned venue/budget; layout derived from guests, venue and decor."
BSAR1914,wedding,home,61,9.1,7.3,66.4,344000,5639,mixed,day,green,minimal,rustic_natural,two_tier_round,flower_wall,cake_and_dessert_table,61,bakesmart_rule_generator_v1,4,synthetic_rule_based,pending_expert_review,train,20260817,"Theme-conditioned preferences; cake guest band 35-90; decor-conditioned venue/budget; layout derived from guests, venue and decor."
BSAR1915,wedding,home,30,7.3,5.3,38.7,84000,2800,adult,night,purple,elegant,elegant_gold,single_tier_square,balloon_setup,cake_and_dessert_table,30,bakesmart_rule_generator_v1,5,synthetic_rule_based,pending_expert_review,train,20260817,"Theme-conditioned preferences; cake guest band 15-40; decor-conditioned venue/budget; layout derived from guests, venue and decor."
BSAR1916,baby_shower,hall,103,15.9,8.4,133.6,312000,3029,adult,night,white,minimal,pastel_floral,two_tier_floral,balloon_setup,two_side_tables,103,bakesmart_rule_generator_v1,4,synthetic_rule_based,pending_expert_review,train,20260817,"Theme-conditioned preferences; cake guest band 45-120; decor-conditioned venue/budget; layout derived from guests, venue and decor."
BSAR1917,anniversary,restaurant,23,9.1,5.4,49.1,50000,2174,adult,day,pink,colourful,pastel_floral,single_tier_square,minimal_backdrop,single_cake_table,23,bakesmart_rule_generator_v1,5,synthetic_rule_based,pending_expert_review,train,20260817,"Theme-conditioned preferences; cake guest band 15-40; decor-conditioned venue/budget; layout derived from guests, venue and decor."
BSAR1918,baby_shower,outdoor,140,22.2,13.6,301.9,595000,4250,adult,day,blue,minimal,modern_minimal,three_tier_luxury,rustic_wood_setup,two_side_tables,140,bakesmart_rule_generator_v1,5,synthetic_rule_based,pending_expert_review,train,20260817,"Theme-conditioned preferences; cake guest band 90-250; decor-conditioned venue/budget; layout derived from guests, venue and decor."
BSAR1919,baby_shower,hall,53,13,8.2,106.6,440000,8302,adult,night,green,rustic,rustic_natural,two_tier_round,luxury_stage,full_stage_setup,53,bakesmart_rule_generator_v1,5,synthetic_rule_based,pending_expert_review,test,20260817,"Theme-conditioned preferences; cake guest band 35-90; decor-conditioned venue/budget; layout derived from guests, venue and decor."
BSAR1920,birthday,hall,109,15.6,12,187.2,472000,4330,child,night,gold,traditional,traditional_luxury,two_tier_floral,rustic_wood_setup,two_side_tables,109,bakesmart_rule_generator_v1,5,synthetic_rule_based,pending_expert_review,train,20260817,"Theme-conditioned preferences; cake guest band 45-120; decor-conditioned venue/budget; layout derived from guests, venue and decor."
BSAR1921,wedding,home,197,21.1,11.3,238.4,466000,2365,adult,night,white,rustic,rustic_natural,three_tier_luxury,minimal_backdrop,two_side_tables,197,bakesmart_rule_generator_v1,5,synthetic_rule_based,pending_expert_review,train,20260817,"Theme-conditioned preferences; cake guest band 90-250; decor-conditioned venue/budget; layout derived from guests, venue and decor."
BSAR1922,wedding,hall,110,15,8.9,133.5,463000,4209,adult,night,white,minimal,elegant_gold,two_tier_floral,rustic_wood_setup,full_stage_setup,110,bakesmart_rule_generator_v1,4,synthetic_rule_based,pending_expert_review,test,20260817,"Theme-conditioned preferences; cake guest band 45-120; decor-conditioned venue/budget; layout derived from guests, venue and decor."
BSAR1923,anniversary,home,67,9.2,6.9,63.5,133000,1985,adult,night,white,minimal,pastel_floral,two_tier_round,minimal_backdrop,cake_and_dessert_table,67,bakesmart_rule_generator_v1,4,synthetic_rule_based,pending_expert_review,train,20260817,"Theme-conditioned preferences; cake guest band 35-90; decor-conditioned venue/budget; layout derived from guests, venue and decor."
BSAR1924,birthday,home,51,7.8,7,54.6,190000,3725,child,day,pink,traditional,pastel_floral,two_tier_round,rustic_wood_setup,cake_and_dessert_table,51,bakesmart_rule_generator_v1,4,synthetic_rule_based,pending_expert_review,test,20260817,"Theme-conditioned preferences; cake guest band 35-90; decor-conditioned venue/budget; layout derived from guests, venue and decor."
BSAR1925,anniversary,hall,40,10,6.3,63,424000,10600,adult,day,mixed,minimal,modern_minimal,single_tier_square,luxury_stage,full_stage_setup,40,bakesmart_rule_generator_v1,5,synthetic_rule_based,pending_expert_review,test,20260817,"Theme-conditioned preferences; cake guest band 15-40; decor-conditioned venue/budget; layout derived from guests, venue and decor."
BSAR1926,baby_shower,home,100,11.4,8.4,95.8,313000,3130,adult,night,purple,minimal,pastel_floral,three_tier_luxury,balloon_setup,two_side_tables,100,bakesmart_rule_generator_v1,4,synthetic_rule_based,pending_expert_review,train,20260817,"Theme-conditioned preferences; cake guest band 90-250; decor-conditioned venue/budget; layout derived from guests, venue and decor."
BSAR1927,birthday,restaurant,19,7.5,5.7,42.8,54000,2842,child,night,white,minimal,modern_minimal,single_tier_round,minimal_backdrop,single_cake_table,19,bakesmart_rule_generator_v1,5,synthetic_rule_based,pending_expert_review,train,20260817,"Theme-conditioned preferences; cake guest band 8-25; decor-conditioned venue/budget; layout derived from guests, venue and decor."
BSAR1928,graduation,outdoor,71,15,10.9,163.5,142000,2000,teenager,day,green,rustic,rustic_natural,two_tier_floral,balloon_setup,two_side_tables,71,bakesmart_rule_generator_v1,5,synthetic_rule_based,pending_expert_review,test,20260817,"Theme-conditioned preferences; cake guest band 45-120; decor-conditioned venue/budget; layout derived from guests, venue and decor."
BSAR1929,graduation,hall,15,7,4.7,32.9,96000,6400,teenager,night,gold,traditional,traditional_luxury,single_tier_round,flower_wall,single_cake_table,15,bakesmart_rule_generator_v1,5,synthetic_rule_based,pending_expert_review,validation,20260817,"Theme-conditioned preferences; cake guest band 8-25; decor-conditioned venue/budget; layout derived from guests, venue and decor."
BSAR1930,graduation,outdoor,249,29.7,15.6,463.3,690000,2771,adult,day,mixed,colourful,pastel_floral,three_tier_luxury,minimal_backdrop,two_side_tables,249,bakesmart_rule_generator_v1,5,synthetic_rule_based,pending_expert_review,test,20260817,"Theme-conditioned preferences; cake guest band 90-250; decor-conditioned venue/budget; layout derived from guests, venue and decor."
BSAR1931,baby_shower,outdoor,52,12.2,8.7,106.1,103000,1981,adult,day,white,elegant,pastel_floral,two_tier_floral,balloon_setup,cake_and_dessert_table,52,bakesmart_rule_generator_v1,5,synthetic_rule_based,pending_expert_review,train,20260817,"Theme-conditioned preferences; cake guest band 45-120; decor-conditioned venue/budget; layout derived from guests, venue and decor."
BSAR1932,anniversary,hall,20,7.2,4.1,29.5,293000,14650,adult,night,white,rustic,rustic_natural,single_tier_round,luxury_stage,full_stage_setup,20,bakesmart_rule_generator_v1,5,synthetic_rule_based,pending_expert_review,train,20260817,"Theme-conditioned preferences; cake guest band 8-25; decor-conditioned venue/budget; layout derived from guests, venue and decor."
BSAR1933,baby_shower,hall,80,13.4,10,134,701000,8763,mixed,day,pink,traditional,pastel_floral,two_tier_round,luxury_stage,full_stage_setup,80,bakesmart_rule_generator_v1,4,synthetic_rule_based,pending_expert_review,train,20260817,"Theme-conditioned preferences; cake guest band 35-90; decor-conditioned venue/budget; layout derived from guests, venue and decor."
BSAR1934,baby_shower,hall,16,8.6,4.6,39.6,74000,4625,adult,day,white,elegant,pastel_floral,single_tier_square,flower_wall,single_cake_table,16,bakesmart_rule_generator_v1,5,synthetic_rule_based,pending_expert_review,train,20260817,"Theme-conditioned preferences; cake guest band 15-40; decor-conditioned venue/budget; layout derived from guests, venue and decor."
BSAR1935,baby_shower,restaurant,69,9.8,7.9,77.4,221000,3203,mixed,day,purple,elegant,pastel_floral,two_tier_floral,rustic_wood_setup,cake_and_dessert_table,69,bakesmart_rule_generator_v1,5,synthetic_rule_based,pending_expert_review,train,20260817,"Theme-conditioned preferences; cake guest band 45-120; decor-conditioned venue/budget; layout derived from guests, venue and decor."
BSAR1936,anniversary,home,26,7.7,4.7,36.2,83000,3192,adult,day,green,minimal,modern_minimal,single_tier_square,balloon_setup,single_cake_table,26,bakesmart_rule_generator_v1,5,synthetic_rule_based,pending_expert_review,test,20260817,"Theme-conditioned preferences; cake guest band 15-40; decor-conditioned venue/budget; layout derived from guests, venue and decor."
BSAR1937,graduation,hall,12,5.9,4.3,25.4,237000,19750,teenager,day,gold,traditional,elegant_gold,single_tier_round,luxury_stage,full_stage_setup,12,bakesmart_rule_generator_v1,4,synthetic_rule_based,pending_expert_review,test,20260817,"Theme-conditioned preferences; cake guest band 8-25; decor-conditioned venue/budget; layout derived from guests, venue and decor."
BSAR1938,birthday,restaurant,20,6.6,4,26.4,65000,3250,child,night,mixed,colourful,colourful_cartoon,single_tier_round,balloon_setup,single_cake_table,20,bakesmart_rule_generator_v1,5,synthetic_rule_based,pending_expert_review,train,20260817,"Theme-conditioned preferences; cake guest band 8-25; decor-conditioned venue/budget; layout derived from guests, venue and decor."
BSAR1939,baby_shower,outdoor,20,9,4.8,43.2,66000,3300,mixed,night,blue,colourful,colourful_cartoon,single_tier_square,rustic_wood_setup,single_cake_table,20,bakesmart_rule_generator_v1,5,synthetic_rule_based,pending_expert_review,train,20260817,"Theme-conditioned preferences; cake guest band 15-40; decor-conditioned venue/budget; layout derived from guests, venue and decor."
BSAR1940,anniversary,home,25,5.8,4.7,27.3,99000,3960,adult,day,mixed,colourful,pastel_floral,single_tier_round,rustic_wood_setup,single_cake_table,25,bakesmart_rule_generator_v1,5,synthetic_rule_based,pending_expert_review,train,20260817,"Theme-conditioned preferences; cake guest band 8-25; decor-conditioned venue/budget; layout derived from guests, venue and decor."
BSAR1941,anniversary,outdoor,21,8.1,5,40.5,109000,5190,adult,night,gold,traditional,elegant_gold,single_tier_round,rustic_wood_setup,single_cake_table,21,bakesmart_rule_generator_v1,4,synthetic_rule_based,pending_expert_review,train,20260817,"Theme-conditioned preferences; cake guest band 8-25; decor-conditioned venue/budget; layout derived from guests, venue and decor."
BSAR1942,anniversary,hall,70,12.8,7.9,101.1,479000,6843,adult,night,white,elegant,elegant_gold,two_tier_round,luxury_stage,full_stage_setup,70,bakesmart_rule_generator_v1,5,synthetic_rule_based,pending_expert_review,test,20260817,"Theme-conditioned preferences; cake guest band 35-90; decor-conditioned venue/budget; layout derived from guests, venue and decor."
BSAR1943,wedding,outdoor,65,13.1,7.9,103.5,469000,7215,mixed,day,green,minimal,modern_minimal,two_tier_round,luxury_stage,full_stage_setup,65,bakesmart_rule_generator_v1,4,synthetic_rule_based,pending_expert_review,train,20260817,"Theme-conditioned preferences; cake guest band 35-90; decor-conditioned venue/budget; layout derived from guests, venue and decor."
BSAR1944,wedding,hall,83,10.5,9.4,98.7,713000,8590,mixed,night,gold,traditional,elegant_gold,two_tier_round,luxury_stage,full_stage_setup,83,bakesmart_rule_generator_v1,4,synthetic_rule_based,pending_expert_review,test,20260817,"Theme-conditioned preferences; cake guest band 35-90; decor-conditioned venue/budget; layout derived from guests, venue and decor."
BSAR1945,baby_shower,hall,17,5.4,4.6,24.8,53000,3118,adult,night,red,rustic,rustic_natural,single_tier_round,minimal_backdrop,single_cake_table,17,bakesmart_rule_generator_v1,5,synthetic_rule_based,pending_expert_review,train,20260817,"Theme-conditioned preferences; cake guest band 8-25; decor-conditioned venue/budget; layout derived from guests, venue and decor."
BSAR1946,birthday,hall,234,24.3,16.2,393.7,1876000,8017,child,night,mixed,minimal,modern_minimal,three_tier_luxury,luxury_stage,full_stage_setup,234,bakesmart_rule_generator_v1,5,synthetic_rule_based,pending_expert_review,train,20260817,"Theme-conditioned preferences; cake guest band 90-250; decor-conditioned venue/budget; layout derived from guests, venue and decor."
BSAR1947,wedding,outdoor,37,10.3,6.8,70,121000,3270,adult,night,white,traditional,elegant_gold,single_tier_square,balloon_setup,cake_and_dessert_table,37,bakesmart_rule_generator_v1,4,synthetic_rule_based,pending_expert_review,train,20260817,"Theme-conditioned preferences; cake guest band 15-40; decor-conditioned venue/budget; layout derived from guests, venue and decor."
BSAR1948,birthday,hall,200,22.5,13.9,312.8,401000,2005,mixed,day,white,minimal,rustic_natural,three_tier_luxury,minimal_backdrop,full_stage_setup,200,bakesmart_rule_generator_v1,4,synthetic_rule_based,pending_expert_review,train,20260817,"Theme-conditioned preferences; cake guest band 90-250; decor-conditioned venue/budget; layout derived from guests, venue and decor."
BSAR1949,wedding,outdoor,19,7.9,5.5,43.5,267000,14053,adult,night,red,minimal,elegant_gold,single_tier_square,luxury_stage,full_stage_setup,19,bakesmart_rule_generator_v1,4,synthetic_rule_based,pending_expert_review,validation,20260817,"Theme-conditioned preferences; cake guest band 15-40; decor-conditioned venue/budget; layout derived from guests, venue and decor."
BSAR1950,baby_shower,home,31,9.2,5,46,84000,2710,adult,day,blue,colourful,colourful_cartoon,single_tier_square,balloon_setup,cake_and_dessert_table,31,bakesmart_rule_generator_v1,5,synthetic_rule_based,pending_expert_review,train,20260817,"Theme-conditioned preferences; cake guest band 15-40; decor-conditioned venue/budget; layout derived from guests, venue and decor."
BSAR1951,wedding,home,233,16.5,12.8,211.2,817000,3506,adult,night,gold,elegant,traditional_luxury,three_tier_luxury,rustic_wood_setup,two_side_tables,233,bakesmart_rule_generator_v1,5,synthetic_rule_based,pending_expert_review,validation,20260817,"Theme-conditioned preferences; cake guest band 90-250; decor-conditioned venue/budget; layout derived from guests, venue and decor."
BSAR1952,graduation,restaurant,109,14,9.6,134.4,332000,3046,adult,night,mixed,traditional,colourful_cartoon,two_tier_floral,balloon_setup,two_side_tables,109,bakesmart_rule_generator_v1,4,synthetic_rule_based,pending_expert_review,train,20260817,"Theme-conditioned preferences; cake guest band 45-120; decor-conditioned venue/budget; layout derived from guests, venue and decor."
BSAR1953,anniversary,outdoor,225,23.2,13.8,320.2,438000,1947,adult,day,gold,minimal,modern_minimal,three_tier_luxury,minimal_backdrop,two_side_tables,225,bakesmart_rule_generator_v1,5,synthetic_rule_based,pending_expert_review,validation,20260817,"Theme-conditioned preferences; cake guest band 90-250; decor-conditioned venue/budget; layout derived from guests, venue and decor."
BSAR1954,anniversary,hall,117,16,8.6,137.6,993000,8487,adult,day,gold,elegant,elegant_gold,three_tier_luxury,luxury_stage,full_stage_setup,117,bakesmart_rule_generator_v1,5,synthetic_rule_based,pending_expert_review,test,20260817,"Theme-conditioned preferences; cake guest band 90-250; decor-conditioned venue/budget; layout derived from guests, venue and decor."
BSAR1955,anniversary,hall,157,20.4,11.4,232.6,1565000,9968,adult,day,gold,colourful,traditional_luxury,three_tier_luxury,luxury_stage,full_stage_setup,157,bakesmart_rule_generator_v1,4,synthetic_rule_based,pending_expert_review,train,20260817,"Theme-conditioned preferences; cake guest band 90-250; decor-conditioned venue/budget; layout derived from guests, venue and decor."
BSAR1956,birthday,home,152,14,11.9,166.6,519000,3414,mixed,day,red,rustic,rustic_natural,three_tier_luxury,rustic_wood_setup,two_side_tables,152,bakesmart_rule_generator_v1,5,synthetic_rule_based,pending_expert_review,test,20260817,"Theme-conditioned preferences; cake guest band 90-250; decor-conditioned venue/budget; layout derived from guests, venue and decor."
BSAR1957,birthday,home,24,7.2,4.5,32.4,67000,2792,adult,day,mixed,colourful,colourful_cartoon,single_tier_square,balloon_setup,single_cake_table,24,bakesmart_rule_generator_v1,5,synthetic_rule_based,pending_expert_review,train,20260817,"Theme-conditioned preferences; cake guest band 15-40; decor-conditioned venue/budget; layout derived from guests, venue and decor."
BSAR1958,birthday,outdoor,77,17,9.9,168.3,304000,3948,child,day,green,traditional,traditional_luxury,two_tier_floral,rustic_wood_setup,two_side_tables,77,bakesmart_rule_generator_v1,5,synthetic_rule_based,pending_expert_review,train,20260817,"Theme-conditioned preferences; cake guest band 45-120; decor-conditioned venue/budget; layout derived from guests, venue and decor."
BSAR1959,anniversary,outdoor,195,25.9,13.9,360,984000,5046,mixed,day,gold,elegant,traditional_luxury,three_tier_luxury,flower_wall,two_side_tables,195,bakesmart_rule_generator_v1,5,synthetic_rule_based,pending_expert_review,train,20260817,"Theme-conditioned preferences; cake guest band 90-250; decor-conditioned venue/budget; layout derived from guests, venue and decor."
BSAR1960,baby_shower,home,52,7.9,6.6,52.1,144000,2769,adult,night,mixed,elegant,pastel_floral,two_tier_round,balloon_setup,cake_and_dessert_table,52,bakesmart_rule_generator_v1,5,synthetic_rule_based,pending_expert_review,test,20260817,"Theme-conditioned preferences; cake guest band 35-90; decor-conditioned venue/budget; layout derived from guests, venue and decor."
BSAR1961,birthday,hall,114,13.5,11.2,151.2,695000,6096,mixed,day,pink,colourful,pastel_floral,two_tier_floral,luxury_stage,full_stage_setup,114,bakesmart_rule_generator_v1,5,synthetic_rule_based,pending_expert_review,train,20260817,"Theme-conditioned preferences; cake guest band 45-120; decor-conditioned venue/budget; layout derived from guests, venue and decor."
BSAR1962,graduation,hall,45,8.7,6.8,59.2,160000,3556,adult,night,mixed,rustic,rustic_natural,two_tier_round,rustic_wood_setup,cake_and_dessert_table,45,bakesmart_rule_generator_v1,5,synthetic_rule_based,pending_expert_review,train,20260817,"Theme-conditioned preferences; cake guest band 35-90; decor-conditioned venue/budget; layout derived from guests, venue and decor."
BSAR1963,wedding,outdoor,12,6,5,30,74000,6167,adult,day,red,rustic,rustic_natural,single_tier_round,flower_wall,single_cake_table,12,bakesmart_rule_generator_v1,5,synthetic_rule_based,pending_expert_review,train,20260817,"Theme-conditioned preferences; cake guest band 8-25; decor-conditioned venue/budget; layout derived from guests, venue and decor."
BSAR1964,graduation,home,16,7.5,4.3,32.3,71000,4438,mixed,night,gold,elegant,elegant_gold,single_tier_square,flower_wall,single_cake_table,16,bakesmart_rule_generator_v1,5,synthetic_rule_based,pending_expert_review,validation,20260817,"Theme-conditioned preferences; cake guest band 15-40; decor-conditioned venue/budget; layout derived from guests, venue and decor."
BSAR1965,wedding,hall,10,5.8,4.7,27.3,215000,21500,adult,night,purple,elegant,elegant_gold,single_tier_round,luxury_stage,full_stage_setup,10,bakesmart_rule_generator_v1,5,synthetic_rule_based,pending_expert_review,train,20260817,"Theme-conditioned preferences; cake guest band 8-25; decor-conditioned venue/budget; layout derived from guests, venue and decor."
BSAR1966,birthday,hall,24,7.1,4.7,33.4,93000,3875,child,night,gold,elegant,elegant_gold,single_tier_square,rustic_wood_setup,single_cake_table,24,bakesmart_rule_generator_v1,5,synthetic_rule_based,pending_expert_review,train,20260817,"Theme-conditioned preferences; cake guest band 15-40; decor-conditioned venue/budget; layout derived from guests, venue and decor."
BSAR1967,anniversary,outdoor,55,10.8,8.5,91.8,253000,4600,mixed,day,white,elegant,modern_minimal,two_tier_round,rustic_wood_setup,cake_and_dessert_table,55,bakesmart_rule_generator_v1,4,synthetic_rule_based,pending_expert_review,train,20260817,"Theme-conditioned preferences; cake guest band 35-90; decor-conditioned venue/budget; layout derived from guests, venue and decor."
BSAR1968,wedding,restaurant,48,9.2,7.8,71.8,208000,4333,adult,night,white,elegant,elegant_gold,two_tier_round,flower_wall,cake_and_dessert_table,48,bakesmart_rule_generator_v1,5,synthetic_rule_based,pending_expert_review,train,20260817,"Theme-conditioned preferences; cake guest band 35-90; decor-conditioned venue/budget; layout derived from guests, venue and decor."
BSAR1969,baby_shower,home,228,18.9,12.4,234.4,669000,2934,adult,night,gold,minimal,elegant_gold,three_tier_luxury,balloon_setup,two_side_tables,228,bakesmart_rule_generator_v1,4,synthetic_rule_based,pending_expert_review,train,20260817,"Theme-conditioned preferences; cake guest band 90-250; decor-conditioned venue/budget; layout derived from guests, venue and decor."
BSAR1970,birthday,hall,235,23.4,16.1,376.7,1128000,4800,child,day,mixed,minimal,rustic_natural,three_tier_luxury,flower_wall,full_stage_setup,235,bakesmart_rule_generator_v1,4,synthetic_rule_based,pending_expert_review,test,20260817,"Theme-conditioned preferences; cake guest band 90-250; decor-conditioned venue/budget; layout derived from guests, venue and decor."
BSAR1971,wedding,hall,240,26.6,15,399,585000,2438,mixed,night,gold,elegant,traditional_luxury,three_tier_luxury,rustic_wood_setup,full_stage_setup,240,bakesmart_rule_generator_v1,5,synthetic_rule_based,pending_expert_review,test,20260817,"Theme-conditioned preferences; cake guest band 90-250; decor-conditioned venue/budget; layout derived from guests, venue and decor."
BSAR1972,wedding,hall,24,7.9,6.2,49,127000,5292,adult,day,red,traditional,traditional_luxury,single_tier_round,rustic_wood_setup,single_cake_table,24,bakesmart_rule_generator_v1,5,synthetic_rule_based,pending_expert_review,train,20260817,"Theme-conditioned preferences; cake guest band 8-25; decor-conditioned venue/budget; layout derived from guests, venue and decor."
BSAR1973,birthday,outdoor,99,19.1,11.8,225.4,791000,7990,teenager,night,pink,minimal,colourful_cartoon,three_tier_luxury,luxury_stage,full_stage_setup,99,bakesmart_rule_generator_v1,4,synthetic_rule_based,pending_expert_review,test,20260817,"Theme-conditioned preferences; cake guest band 90-250; decor-conditioned venue/budget; layout derived from guests, venue and decor."
BSAR1974,anniversary,outdoor,100,17.8,9.6,170.9,317000,3170,mixed,night,mixed,colourful,pastel_floral,two_tier_floral,flower_wall,two_side_tables,100,bakesmart_rule_generator_v1,5,synthetic_rule_based,pending_expert_review,train,20260817,"Theme-conditioned preferences; cake guest band 45-120; decor-conditioned venue/budget; layout derived from guests, venue and decor."
BSAR1975,birthday,hall,190,21.1,12.8,270.1,1235000,6500,teenager,day,mixed,colourful,colourful_cartoon,three_tier_luxury,luxury_stage,full_stage_setup,190,bakesmart_rule_generator_v1,5,synthetic_rule_based,pending_expert_review,test,20260817,"Theme-conditioned preferences; cake guest band 90-250; decor-conditioned venue/budget; layout derived from guests, venue and decor."
BSAR1976,birthday,hall,83,16.4,9.3,152.5,512000,6169,teenager,day,mixed,elegant,modern_minimal,two_tier_round,luxury_stage,full_stage_setup,83,bakesmart_rule_generator_v1,4,synthetic_rule_based,pending_expert_review,train,20260817,"Theme-conditioned preferences; cake guest band 35-90; decor-conditioned venue/budget; layout derived from guests, venue and decor."
BSAR1977,wedding,outdoor,112,16.5,9.5,156.8,170000,1518,adult,day,red,elegant,rustic_natural,two_tier_floral,minimal_backdrop,two_side_tables,112,bakesmart_rule_generator_v1,4,synthetic_rule_based,pending_expert_review,validation,20260817,"Theme-conditioned preferences; cake guest band 45-120; decor-conditioned venue/budget; layout derived from guests, venue and decor."
BSAR1978,birthday,outdoor,45,10.7,6.4,68.5,207000,4600,child,day,pink,minimal,pastel_floral,two_tier_round,rustic_wood_setup,cake_and_dessert_table,45,bakesmart_rule_generator_v1,4,synthetic_rule_based,pending_expert_review,train,20260817,"Theme-conditioned preferences; cake guest band 35-90; decor-conditioned venue/budget; layout derived from guests, venue and decor."
BSAR1979,birthday,hall,36,8.8,7,61.6,366000,10167,child,day,pink,colourful,colourful_cartoon,single_tier_square,luxury_stage,full_stage_setup,36,bakesmart_rule_generator_v1,5,synthetic_rule_based,pending_expert_review,validation,20260817,"Theme-conditioned preferences; cake guest band 15-40; decor-conditioned venue/budget; layout derived from guests, venue and decor."
BSAR1980,anniversary,outdoor,36,10.5,6,63,98000,2722,mixed,day,white,elegant,pastel_floral,single_tier_square,rustic_wood_setup,cake_and_dessert_table,36,bakesmart_rule_generator_v1,5,synthetic_rule_based,pending_expert_review,train,20260817,"Theme-conditioned preferences; cake guest band 15-40; decor-conditioned venue/budget; layout derived from guests, venue and decor."
BSAR1981,birthday,outdoor,67,14.8,10.6,156.9,298000,4448,adult,night,green,colourful,colourful_cartoon,two_tier_round,rustic_wood_setup,cake_and_dessert_table,67,bakesmart_rule_generator_v1,5,synthetic_rule_based,pending_expert_review,validation,20260817,"Theme-conditioned preferences; cake guest band 35-90; decor-conditioned venue/budget; layout derived from guests, venue and decor."
BSAR1982,anniversary,hall,54,9.8,8.8,86.2,508000,9407,adult,night,purple,elegant,elegant_gold,two_tier_round,luxury_stage,full_stage_setup,54,bakesmart_rule_generator_v1,5,synthetic_rule_based,pending_expert_review,validation,20260817,"Theme-conditioned preferences; cake guest band 35-90; decor-conditioned venue/budget; layout derived from guests, venue and decor."
BSAR1983,anniversary,outdoor,179,22.9,15.5,355,336000,1877,mixed,night,red,elegant,elegant_gold,three_tier_luxury,minimal_backdrop,two_side_tables,179,bakesmart_rule_generator_v1,5,synthetic_rule_based,pending_expert_review,train,20260817,"Theme-conditioned preferences; cake guest band 90-250; decor-conditioned venue/budget; layout derived from guests, venue and decor."
BSAR1984,birthday,home,18,7.3,4.2,30.7,109000,6056,child,night,blue,colourful,colourful_cartoon,single_tier_square,rustic_wood_setup,single_cake_table,18,bakesmart_rule_generator_v1,5,synthetic_rule_based,pending_expert_review,train,20260817,"Theme-conditioned preferences; cake guest band 15-40; decor-conditioned venue/budget; layout derived from guests, venue and decor."
BSAR1985,anniversary,hall,66,13.2,7.9,104.3,644000,9758,mixed,day,white,rustic,rustic_natural,two_tier_floral,luxury_stage,full_stage_setup,66,bakesmart_rule_generator_v1,5,synthetic_rule_based,pending_expert_review,train,20260817,"Theme-conditioned preferences; cake guest band 45-120; decor-conditioned venue/budget; layout derived from guests, venue and decor."
BSAR1986,anniversary,home,23,7.4,4.3,31.8,81000,3522,adult,day,gold,traditional,elegant_gold,single_tier_square,rustic_wood_setup,single_cake_table,23,bakesmart_rule_generator_v1,4,synthetic_rule_based,pending_expert_review,train,20260817,"Theme-conditioned preferences; cake guest band 15-40; decor-conditioned venue/budget; layout derived from guests, venue and decor."
BSAR1987,wedding,restaurant,19,7.4,5.2,38.5,53000,2789,mixed,day,gold,elegant,traditional_luxury,single_tier_square,minimal_backdrop,single_cake_table,19,bakesmart_rule_generator_v1,5,synthetic_rule_based,pending_expert_review,test,20260817,"Theme-conditioned preferences; cake guest band 15-40; decor-conditioned venue/budget; layout derived from guests, venue and decor."
BSAR1988,birthday,home,20,6.2,5,31,115000,5750,mixed,night,pink,traditional,colourful_cartoon,single_tier_round,rustic_wood_setup,single_cake_table,20,bakesmart_rule_generator_v1,4,synthetic_rule_based,pending_expert_review,train,20260817,"Theme-conditioned preferences; cake guest band 8-25; decor-conditioned venue/budget; layout derived from guests, venue and decor."
BSAR1989,wedding,hall,29,10,5.4,54,134000,4621,mixed,night,purple,minimal,elegant_gold,single_tier_square,rustic_wood_setup,single_cake_table,29,bakesmart_rule_generator_v1,4,synthetic_rule_based,pending_expert_review,train,20260817,"Theme-conditioned preferences; cake guest band 15-40; decor-conditioned venue/budget; layout derived from guests, venue and decor."
BSAR1990,anniversary,hall,159,21.1,11.9,251.1,654000,4113,mixed,night,mixed,rustic,rustic_natural,three_tier_luxury,rustic_wood_setup,full_stage_setup,159,bakesmart_rule_generator_v1,5,synthetic_rule_based,pending_expert_review,train,20260817,"Theme-conditioned preferences; cake guest band 90-250; decor-conditioned venue/budget; layout derived from guests, venue and decor."
BSAR1991,baby_shower,restaurant,31,8.5,4.5,38.3,252000,8129,mixed,night,white,colourful,pastel_floral,single_tier_square,luxury_stage,full_stage_setup,31,bakesmart_rule_generator_v1,4,synthetic_rule_based,pending_expert_review,validation,20260817,"Theme-conditioned preferences; cake guest band 15-40; decor-conditioned venue/budget; layout derived from guests, venue and decor."
BSAR1992,graduation,hall,76,14,10.5,147,675000,8882,teenager,day,white,rustic,modern_minimal,two_tier_round,luxury_stage,full_stage_setup,76,bakesmart_rule_generator_v1,4,synthetic_rule_based,pending_expert_review,train,20260817,"Theme-conditioned preferences; cake guest band 35-90; decor-conditioned venue/budget; layout derived from guests, venue and decor."
BSAR1993,baby_shower,hall,38,11.3,6.5,73.5,182000,4789,mixed,night,blue,minimal,colourful_cartoon,single_tier_square,rustic_wood_setup,cake_and_dessert_table,38,bakesmart_rule_generator_v1,4,synthetic_rule_based,pending_expert_review,train,20260817,"Theme-conditioned preferences; cake guest band 15-40; decor-conditioned venue/budget; layout derived from guests, venue and decor."
BSAR1994,anniversary,restaurant,57,12,6.7,80.4,331000,5807,adult,day,gold,rustic,rustic_natural,two_tier_round,flower_wall,cake_and_dessert_table,57,bakesmart_rule_generator_v1,5,synthetic_rule_based,pending_expert_review,train,20260817,"Theme-conditioned preferences; cake guest band 35-90; decor-conditioned venue/budget; layout derived from guests, venue and decor."
BSAR1995,birthday,home,12,5,3.3,16.5,72000,6000,adult,day,red,minimal,rustic_natural,single_tier_round,rustic_wood_setup,single_cake_table,12,bakesmart_rule_generator_v1,4,synthetic_rule_based,pending_expert_review,test,20260817,"Theme-conditioned preferences; cake guest band 8-25; decor-conditioned venue/budget; layout derived from guests, venue and decor."
BSAR1996,wedding,hall,245,23.6,16.2,382.3,521000,2127,adult,night,purple,colourful,pastel_floral,three_tier_luxury,minimal_backdrop,full_stage_setup,245,bakesmart_rule_generator_v1,5,synthetic_rule_based,pending_expert_review,train,20260817,"Theme-conditioned preferences; cake guest band 90-250; decor-conditioned venue/budget; layout derived from guests, venue and decor."
BSAR1997,anniversary,hall,16,7.3,5.7,41.6,60000,3750,adult,night,white,traditional,traditional_luxury,single_tier_round,rustic_wood_setup,single_cake_table,16,bakesmart_rule_generator_v1,5,synthetic_rule_based,pending_expert_review,train,20260817,"Theme-conditioned preferences; cake guest band 8-25; decor-conditioned venue/budget; layout derived from guests, venue and decor."
BSAR1998,baby_shower,hall,20,6.6,5.5,36.3,319000,15950,adult,night,mixed,traditional,colourful_cartoon,single_tier_round,luxury_stage,full_stage_setup,20,bakesmart_rule_generator_v1,4,synthetic_rule_based,pending_expert_review,validation,20260817,"Theme-conditioned preferences; cake guest band 8-25; decor-conditioned venue/budget; layout derived from guests, venue and decor."
BSAR1999,graduation,home,149,15.3,8.7,133.1,461000,3094,adult,night,blue,elegant,modern_minimal,three_tier_luxury,balloon_setup,two_side_tables,149,bakesmart_rule_generator_v1,4,synthetic_rule_based,pending_expert_review,train,20260817,"Theme-conditioned preferences; cake guest band 90-250; decor-conditioned venue/budget; layout derived from guests, venue and decor."
BSAR2000,birthday,outdoor,199,26.1,16.9,441.1,603000,3030,child,night,pink,colourful,colourful_cartoon,three_tier_luxury,rustic_wood_setup,two_side_tables,199,bakesmart_rule_generator_v1,5,synthetic_rule_based,pending_expert_review,validation,20260817,"Theme-conditioned preferences; cake guest band 90-250; decor-conditioned venue/budget; layout derived from guests, venue and decor."
BSAR2001,wedding,outdoor,250,20.4,17.8,363.1,1996000,7984,adult,night,gold,elegant,elegant_gold,three_tier_luxury,luxury_stage,full_stage_setup,250,bakesmart_rule_generator_v1,4,synthetic_rule_based,pending_expert_review,train,20260817,"Theme-conditioned preferences; cake guest band 90-250; decor-conditioned venue/budget; layout derived from guests, venue and decor."
BSAR2002,wedding,hall,115,18.2,10.2,185.6,354000,3078,adult,night,red,rustic,rustic_natural,three_tier_luxury,flower_wall,full_stage_setup,115,bakesmart_rule_generator_v1,5,synthetic_rule_based,pending_expert_review,train,20260817,"Theme-conditioned preferences; cake guest band 90-250; decor-conditioned venue/budget; layout derived from guests, venue and decor."
BSAR2003,baby_shower,hall,63,10.2,9.2,93.8,160000,2540,adult,day,purple,colourful,colourful_cartoon,two_tier_round,balloon_setup,cake_and_dessert_table,63,bakesmart_rule_generator_v1,5,synthetic_rule_based,pending_expert_review,validation,20260817,"Theme-conditioned preferences; cake guest band 35-90; decor-conditioned venue/budget; layout derived from guests, venue and decor."
BSAR2004,graduation,hall,15,7.3,4.8,35,100000,6667,adult,day,blue,colourful,colourful_cartoon,single_tier_square,flower_wall,single_cake_table,15,bakesmart_rule_generator_v1,5,synthetic_rule_based,pending_expert_review,train,20260817,"Theme-conditioned preferences; cake guest band 15-40; decor-conditioned venue/budget; layout derived from guests, venue and decor."
BSAR2005,wedding,outdoor,17,6.8,5.7,38.8,97000,5706,adult,night,gold,elegant,elegant_gold,single_tier_round,flower_wall,single_cake_table,17,bakesmart_rule_generator_v1,5,synthetic_rule_based,pending_expert_review,validation,20260817,"Theme-conditioned preferences; cake guest band 8-25; decor-conditioned venue/budget; layout derived from guests, venue and decor."
BSAR2006,anniversary,home,232,17.6,12.7,223.5,863000,3720,adult,day,pink,colourful,pastel_floral,three_tier_luxury,rustic_wood_setup,two_side_tables,232,bakesmart_rule_generator_v1,5,synthetic_rule_based,pending_expert_review,train,20260817,"Theme-conditioned preferences; cake guest band 90-250; decor-conditioned venue/budget; layout derived from guests, venue and decor."
BSAR2007,birthday,restaurant,42,9.2,5.7,52.4,150000,3571,child,day,mixed,colourful,colourful_cartoon,two_tier_round,rustic_wood_setup,cake_and_dessert_table,42,bakesmart_rule_generator_v1,5,synthetic_rule_based,pending_expert_review,train,20260817,"Theme-conditioned preferences; cake guest band 35-90; decor-conditioned venue/budget; layout derived from guests, venue and decor."
BSAR2008,graduation,hall,16,8.2,4.4,36.1,240000,15000,adult,night,mixed,colourful,colourful_cartoon,single_tier_square,luxury_stage,full_stage_setup,16,bakesmart_rule_generator_v1,5,synthetic_rule_based,pending_expert_review,train,20260817,"Theme-conditioned preferences; cake guest band 15-40; decor-conditioned venue/budget; layout derived from guests, venue and decor."
BSAR2009,graduation,outdoor,109,16.2,11.1,179.8,213000,1954,mixed,night,white,elegant,elegant_gold,two_tier_floral,balloon_setup,two_side_tables,109,bakesmart_rule_generator_v1,5,synthetic_rule_based,pending_expert_review,train,20260817,"Theme-conditioned preferences; cake guest band 45-120; decor-conditioned venue/budget; layout derived from guests, venue and decor."
BSAR2010,wedding,home,15,5.6,4.2,23.5,82000,5467,adult,night,gold,rustic,rustic_natural,single_tier_round,rustic_wood_setup,single_cake_table,15,bakesmart_rule_generator_v1,5,synthetic_rule_based,pending_expert_review,train,20260817,"Theme-conditioned preferences; cake guest band 8-25; decor-conditioned venue/budget; layout derived from guests, venue and decor."
BSAR2011,graduation,hall,208,19.1,13.9,265.5,561000,2697,adult,day,white,traditional,elegant_gold,three_tier_luxury,flower_wall,full_stage_setup,208,bakesmart_rule_generator_v1,4,synthetic_rule_based,pending_expert_review,train,20260817,"Theme-conditioned preferences; cake guest band 90-250; decor-conditioned venue/budget; layout derived from guests, venue and decor."
BSAR2012,anniversary,restaurant,110,13.8,11.6,160.1,243000,2209,adult,day,pink,minimal,colourful_cartoon,two_tier_floral,minimal_backdrop,two_side_tables,110,bakesmart_rule_generator_v1,3,synthetic_rule_based,pending_expert_review,train,20260817,"Theme-conditioned preferences; cake guest band 45-120; decor-conditioned venue/budget; layout derived from guests, venue and decor."
BSAR2013,birthday,outdoor,47,14.4,7.9,113.8,110000,2340,adult,day,mixed,minimal,colourful_cartoon,two_tier_floral,balloon_setup,cake_and_dessert_table,47,bakesmart_rule_generator_v1,4,synthetic_rule_based,pending_expert_review,train,20260817,"Theme-conditioned preferences; cake guest band 45-120; decor-conditioned venue/budget; layout derived from guests, venue and decor."
BSAR2014,anniversary,home,134,17.1,9,153.9,392000,2925,adult,night,white,minimal,modern_minimal,three_tier_luxury,minimal_backdrop,two_side_tables,134,bakesmart_rule_generator_v1,5,synthetic_rule_based,pending_expert_review,test,20260817,"Theme-conditioned preferences; cake guest band 90-250; decor-conditioned venue/budget; layout derived from guests, venue and decor."
BSAR2015,wedding,hall,166,19.4,11.3,219.2,350000,2108,adult,night,purple,traditional,elegant_gold,three_tier_luxury,rustic_wood_setup,full_stage_setup,166,bakesmart_rule_generator_v1,4,synthetic_rule_based,pending_expert_review,train,20260817,"Theme-conditioned preferences; cake guest band 90-250; decor-conditioned venue/budget; layout derived from guests, venue and decor."
BSAR2016,anniversary,hall,8,7,4.5,31.5,35000,4375,adult,night,white,traditional,traditional_luxury,single_tier_round,balloon_setup,single_cake_table,8,bakesmart_rule_generator_v1,5,synthetic_rule_based,pending_expert_review,train,20260817,"Theme-conditioned preferences; cake guest band 8-25; decor-conditioned venue/budget; layout derived from guests, venue and decor."
BSAR2017,birthday,home,68,12.7,7.3,92.7,132000,1941,teenager,night,red,colourful,colourful_cartoon,two_tier_round,minimal_backdrop,cake_and_dessert_table,68,bakesmart_rule_generator_v1,5,synthetic_rule_based,pending_expert_review,train,20260817,"Theme-conditioned preferences; cake guest band 35-90; decor-conditioned venue/budget; layout derived from guests, venue and decor."
BSAR2018,anniversary,restaurant,92,13.5,10.4,140.4,149000,1620,adult,night,gold,elegant,elegant_gold,two_tier_floral,minimal_backdrop,two_side_tables,92,bakesmart_rule_generator_v1,5,synthetic_rule_based,pending_expert_review,train,20260817,"Theme-conditioned preferences; cake guest band 45-120; decor-conditioned venue/budget; layout derived from guests, venue and decor."
BSAR2019,birthday,restaurant,30,8.7,6.6,57.4,89000,2967,teenager,night,gold,traditional,traditional_luxury,single_tier_square,rustic_wood_setup,cake_and_dessert_table,30,bakesmart_rule_generator_v1,5,synthetic_rule_based,pending_expert_review,validation,20260817,"Theme-conditioned preferences; cake guest band 15-40; decor-conditioned venue/budget; layout derived from guests, venue and decor."
BSAR2020,birthday,outdoor,136,16.7,14.6,243.8,365000,2684,child,night,green,rustic,modern_minimal,three_tier_luxury,flower_wall,two_side_tables,136,bakesmart_rule_generator_v1,4,synthetic_rule_based,pending_expert_review,train,20260817,"Theme-conditioned preferences; cake guest band 90-250; decor-conditioned venue/budget; layout derived from guests, venue and decor."
BSAR2021,wedding,home,75,10.5,8.2,86.1,165000,2200,mixed,day,purple,traditional,traditional_luxury,two_tier_round,balloon_setup,two_side_tables,75,bakesmart_rule_generator_v1,5,synthetic_rule_based,pending_expert_review,train,20260817,"Theme-conditioned preferences; cake guest band 35-90; decor-conditioned venue/budget; layout derived from guests, venue and decor."
BSAR2022,graduation,hall,106,15.3,11.8,180.5,713000,6726,teenager,day,gold,elegant,modern_minimal,two_tier_floral,luxury_stage,full_stage_setup,106,bakesmart_rule_generator_v1,4,synthetic_rule_based,pending_expert_review,validation,20260817,"Theme-conditioned preferences; cake guest band 45-120; decor-conditioned venue/budget; layout derived from guests, venue and decor."
BSAR2023,graduation,home,80,9.3,8.2,76.3,256000,3200,mixed,day,red,colourful,colourful_cartoon,two_tier_floral,balloon_setup,two_side_tables,80,bakesmart_rule_generator_v1,5,synthetic_rule_based,pending_expert_review,validation,20260817,"Theme-conditioned preferences; cake guest band 45-120; decor-conditioned venue/budget; layout derived from guests, venue and decor."
BSAR2024,wedding,hall,214,23.1,13.7,316.5,848000,3963,adult,night,green,elegant,traditional_luxury,three_tier_luxury,flower_wall,full_stage_setup,214,bakesmart_rule_generator_v1,5,synthetic_rule_based,pending_expert_review,test,20260817,"Theme-conditioned preferences; cake guest band 90-250; decor-conditioned venue/budget; layout derived from guests, venue and decor."
BSAR2025,baby_shower,outdoor,115,20.3,13,263.9,347000,3017,adult,night,pink,minimal,colourful_cartoon,two_tier_floral,flower_wall,two_side_tables,115,bakesmart_rule_generator_v1,4,synthetic_rule_based,pending_expert_review,train,20260817,"Theme-conditioned preferences; cake guest band 45-120; decor-conditioned venue/budget; layout derived from guests, venue and decor."
BSAR2026,baby_shower,hall,82,16.6,8.9,147.7,274000,3341,adult,night,blue,elegant,modern_minimal,two_tier_round,flower_wall,two_side_tables,82,bakesmart_rule_generator_v1,4,synthetic_rule_based,pending_expert_review,train,20260817,"Theme-conditioned preferences; cake guest band 35-90; decor-conditioned venue/budget; layout derived from guests, venue and decor."
BSAR2027,birthday,home,171,18.3,11.2,205,381000,2228,teenager,night,white,traditional,traditional_luxury,three_tier_luxury,balloon_setup,two_side_tables,171,bakesmart_rule_generator_v1,5,synthetic_rule_based,pending_expert_review,train,20260817,"Theme-conditioned preferences; cake guest band 90-250; decor-conditioned venue/budget; layout derived from guests, venue and decor."
BSAR2028,birthday,hall,70,12.7,9.2,116.8,170000,2429,child,night,green,minimal,modern_minimal,two_tier_round,minimal_backdrop,two_side_tables,70,bakesmart_rule_generator_v1,5,synthetic_rule_based,pending_expert_review,validation,20260817,"Theme-conditioned preferences; cake guest band 35-90; decor-conditioned venue/budget; layout derived from guests, venue and decor."
BSAR2029,wedding,outdoor,86,16.3,10.5,171.2,453000,5267,mixed,night,mixed,elegant,elegant_gold,two_tier_round,flower_wall,two_side_tables,86,bakesmart_rule_generator_v1,5,synthetic_rule_based,pending_expert_review,test,20260817,"Theme-conditioned preferences; cake guest band 35-90; decor-conditioned venue/budget; layout derived from guests, venue and decor."
BSAR2030,graduation,home,57,10,5.6,56,278000,4877,adult,day,white,minimal,modern_minimal,two_tier_floral,rustic_wood_setup,cake_and_dessert_table,57,bakesmart_rule_generator_v1,5,synthetic_rule_based,pending_expert_review,validation,20260817,"Theme-conditioned preferences; cake guest band 45-120; decor-conditioned venue/budget; layout derived from guests, venue and decor."
BSAR2031,birthday,restaurant,24,8,4.4,35.2,64000,2667,teenager,night,purple,traditional,traditional_luxury,single_tier_square,minimal_backdrop,single_cake_table,24,bakesmart_rule_generator_v1,5,synthetic_rule_based,pending_expert_review,train,20260817,"Theme-conditioned preferences; cake guest band 15-40; decor-conditioned venue/budget; layout derived from guests, venue and decor."
BSAR2032,anniversary,home,19,5.2,4.3,22.4,35000,1842,adult,day,mixed,minimal,modern_minimal,single_tier_square,balloon_setup,single_cake_table,19,bakesmart_rule_generator_v1,5,synthetic_rule_based,pending_expert_review,train,20260817,"Theme-conditioned preferences; cake guest band 15-40; decor-conditioned venue/budget; layout derived from guests, venue and decor."
BSAR2033,anniversary,outdoor,82,14,11.7,163.8,162000,1976,mixed,night,white,rustic,rustic_natural,two_tier_round,minimal_backdrop,two_side_tables,82,bakesmart_rule_generator_v1,5,synthetic_rule_based,pending_expert_review,validation,20260817,"Theme-conditioned preferences; cake guest band 35-90; decor-conditioned venue/budget; layout derived from guests, venue and decor."
BSAR2034,wedding,home,82,11.1,7.8,86.6,196000,2390,adult,day,white,rustic,rustic_natural,two_tier_round,balloon_setup,two_side_tables,82,bakesmart_rule_generator_v1,5,synthetic_rule_based,pending_expert_review,train,20260817,"Theme-conditioned preferences; cake guest band 35-90; decor-conditioned venue/budget; layout derived from guests, venue and decor."
BSAR2035,birthday,restaurant,184,17.8,11.1,197.6,272000,1478,child,day,pink,colourful,colourful_cartoon,three_tier_luxury,minimal_backdrop,two_side_tables,184,bakesmart_rule_generator_v1,5,synthetic_rule_based,pending_expert_review,validation,20260817,"Theme-conditioned preferences; cake guest band 90-250; decor-conditioned venue/budget; layout derived from guests, venue and decor."
BSAR2036,birthday,hall,83,13.6,9.9,134.6,364000,4386,adult,day,mixed,rustic,rustic_natural,two_tier_round,rustic_wood_setup,two_side_tables,83,bakesmart_rule_generator_v1,5,synthetic_rule_based,pending_expert_review,train,20260817,"Theme-conditioned preferences; cake guest band 35-90; decor-conditioned venue/budget; layout derived from guests, venue and decor."
BSAR2037,wedding,hall,226,18.5,14,259,1294000,5726,adult,night,gold,elegant,elegant_gold,three_tier_luxury,luxury_stage,full_stage_setup,226,bakesmart_rule_generator_v1,5,synthetic_rule_based,pending_expert_review,train,20260817,"Theme-conditioned preferences; cake guest band 90-250; decor-conditioned venue/budget; layout derived from guests, venue and decor."
BSAR2038,baby_shower,restaurant,24,8.4,4.5,37.8,137000,5708,adult,night,white,rustic,rustic_natural,single_tier_round,flower_wall,single_cake_table,24,bakesmart_rule_generator_v1,5,synthetic_rule_based,pending_expert_review,validation,20260817,"Theme-conditioned preferences; cake guest band 8-25; decor-conditioned venue/budget; layout derived from guests, venue and decor."
BSAR2039,anniversary,outdoor,50,13.6,8.9,121,224000,4480,adult,night,white,rustic,modern_minimal,two_tier_round,rustic_wood_setup,cake_and_dessert_table,50,bakesmart_rule_generator_v1,4,synthetic_rule_based,pending_expert_review,train,20260817,"Theme-conditioned preferences; cake guest band 35-90; decor-conditioned venue/budget; layout derived from guests, venue and decor."
BSAR2040,wedding,home,74,11.6,6.5,75.4,146000,1973,adult,day,mixed,minimal,modern_minimal,two_tier_floral,minimal_backdrop,two_side_tables,74,bakesmart_rule_generator_v1,5,synthetic_rule_based,pending_expert_review,test,20260817,"Theme-conditioned preferences; cake guest band 45-120; decor-conditioned venue/budget; layout derived from guests, venue and decor."
BSAR2041,graduation,hall,100,15.9,9.7,154.2,173000,1730,adult,day,white,elegant,modern_minimal,two_tier_floral,minimal_backdrop,two_side_tables,100,bakesmart_rule_generator_v1,4,synthetic_rule_based,pending_expert_review,train,20260817,"Theme-conditioned preferences; cake guest band 45-120; decor-conditioned venue/budget; layout derived from guests, venue and decor."
BSAR2042,graduation,home,33,7,4.8,33.6,97000,2939,teenager,night,red,traditional,traditional_luxury,single_tier_square,rustic_wood_setup,cake_and_dessert_table,33,bakesmart_rule_generator_v1,5,synthetic_rule_based,pending_expert_review,train,20260817,"Theme-conditioned preferences; cake guest band 15-40; decor-conditioned venue/budget; layout derived from guests, venue and decor."
BSAR2043,wedding,hall,23,8.9,5.7,50.7,124000,5391,mixed,night,gold,elegant,traditional_luxury,single_tier_round,flower_wall,single_cake_table,23,bakesmart_rule_generator_v1,5,synthetic_rule_based,pending_expert_review,validation,20260817,"Theme-conditioned preferences; cake guest band 8-25; decor-conditioned venue/budget; layout derived from guests, venue and decor."
BSAR2044,wedding,hall,33,8.9,7.4,65.9,76000,2303,adult,day,red,traditional,traditional_luxury,single_tier_square,balloon_setup,cake_and_dessert_table,33,bakesmart_rule_generator_v1,5,synthetic_rule_based,pending_expert_review,validation,20260817,"Theme-conditioned preferences; cake guest band 15-40; decor-conditioned venue/budget; layout derived from guests, venue and decor."
BSAR2045,anniversary,home,33,8.7,4.7,40.9,97000,2939,mixed,night,white,minimal,modern_minimal,single_tier_square,rustic_wood_setup,cake_and_dessert_table,33,bakesmart_rule_generator_v1,5,synthetic_rule_based,pending_expert_review,train,20260817,"Theme-conditioned preferences; cake guest band 15-40; decor-conditioned venue/budget; layout derived from guests, venue and decor."
BSAR2046,baby_shower,outdoor,20,7.1,5.9,41.9,93000,4650,mixed,night,white,elegant,elegant_gold,single_tier_round,flower_wall,single_cake_table,20,bakesmart_rule_generator_v1,5,synthetic_rule_based,pending_expert_review,test,20260817,"Theme-conditioned preferences; cake guest band 8-25; decor-conditioned venue/budget; layout derived from guests, venue and decor."
BSAR2047,birthday,hall,175,21.4,11.4,244,481000,2749,child,day,purple,elegant,pastel_floral,three_tier_luxury,balloon_setup,full_stage_setup,175,bakesmart_rule_generator_v1,5,synthetic_rule_based,pending_expert_review,test,20260817,"Theme-conditioned preferences; cake guest band 90-250; decor-conditioned venue/budget; layout derived from guests, venue and decor."
BSAR2048,wedding,home,14,4.9,4.1,20.1,107000,7643,adult,night,mixed,elegant,elegant_gold,single_tier_round,flower_wall,single_cake_table,14,bakesmart_rule_generator_v1,5,synthetic_rule_based,pending_expert_review,validation,20260817,"Theme-conditioned preferences; cake guest band 8-25; decor-conditioned venue/budget; layout derived from guests, venue and decor."
BSAR2049,wedding,hall,15,7.9,5,39.5,202000,13467,adult,day,green,rustic,rustic_natural,single_tier_square,luxury_stage,full_stage_setup,15,bakesmart_rule_generator_v1,5,synthetic_rule_based,pending_expert_review,validation,20260817,"Theme-conditioned preferences; cake guest band 15-40; decor-conditioned venue/budget; layout derived from guests, venue and decor."
BSAR2050,wedding,restaurant,15,5.8,5.1,29.6,39000,2600,adult,night,green,rustic,rustic_natural,single_tier_square,minimal_backdrop,single_cake_table,15,bakesmart_rule_generator_v1,5,synthetic_rule_based,pending_expert_review,train,20260817,"Theme-conditioned preferences; cake guest band 15-40; decor-conditioned venue/budget; layout derived from guests, venue and decor."
BSAR2051,birthday,hall,19,7.8,4.4,34.3,102000,5368,child,day,mixed,colourful,colourful_cartoon,single_tier_round,flower_wall,single_cake_table,19,bakesmart_rule_generator_v1,5,synthetic_rule_based,pending_expert_review,train,20260817,"Theme-conditioned preferences; cake guest band 8-25; decor-conditioned venue/budget; layout derived from guests, venue and decor."
BSAR2052,wedding,hall,111,13.3,10.9,145,758000,6829,adult,night,green,rustic,rustic_natural,two_tier_floral,luxury_stage,full_stage_setup,111,bakesmart_rule_generator_v1,5,synthetic_rule_based,pending_expert_review,train,20260817,"Theme-conditioned preferences; cake guest band 45-120; decor-conditioned venue/budget; layout derived from guests, venue and decor."
BSAR2053,birthday,home,47,8,5.6,44.8,173000,3681,teenager,night,gold,elegant,elegant_gold,two_tier_round,rustic_wood_setup,cake_and_dessert_table,47,bakesmart_rule_generator_v1,5,synthetic_rule_based,pending_expert_review,train,20260817,"Theme-conditioned preferences; cake guest band 35-90; decor-conditioned venue/budget; layout derived from guests, venue and decor."
BSAR2054,baby_shower,home,199,17.2,13.2,227,423000,2126,adult,day,white,minimal,pastel_floral,three_tier_luxury,balloon_setup,two_side_tables,199,bakesmart_rule_generator_v1,4,synthetic_rule_based,pending_expert_review,train,20260817,"Theme-conditioned preferences; cake guest band 90-250; decor-conditioned venue/budget; layout derived from guests, venue and decor."
BSAR2055,baby_shower,hall,184,17.9,12.5,223.7,418000,2272,adult,night,green,rustic,rustic_natural,three_tier_luxury,rustic_wood_setup,full_stage_setup,184,bakesmart_rule_generator_v1,5,synthetic_rule_based,pending_expert_review,train,20260817,"Theme-conditioned preferences; cake guest band 90-250; decor-conditioned venue/budget; layout derived from guests, venue and decor."
BSAR2056,baby_shower,hall,122,16.1,9.5,153,1218000,9984,adult,night,purple,elegant,traditional_luxury,three_tier_luxury,luxury_stage,full_stage_setup,122,bakesmart_rule_generator_v1,5,synthetic_rule_based,pending_expert_review,validation,20260817,"Theme-conditioned preferences; cake guest band 90-250; decor-conditioned venue/budget; layout derived from guests, venue and decor."
BSAR2057,graduation,home,163,14.4,10.6,152.6,887000,5442,teenager,night,mixed,elegant,rustic_natural,three_tier_luxury,flower_wall,two_side_tables,163,bakesmart_rule_generator_v1,4,synthetic_rule_based,pending_expert_review,train,20260817,"Theme-conditioned preferences; cake guest band 90-250; decor-conditioned venue/budget; layout derived from guests, venue and decor."
BSAR2058,birthday,restaurant,24,8,5.8,46.4,44000,1833,adult,night,blue,minimal,pastel_floral,single_tier_round,minimal_backdrop,single_cake_table,24,bakesmart_rule_generator_v1,4,synthetic_rule_based,pending_expert_review,train,20260817,"Theme-conditioned preferences; cake guest band 8-25; decor-conditioned venue/budget; layout derived from guests, venue and decor."
BSAR2059,baby_shower,outdoor,12,7.1,5.1,36.2,81000,6750,adult,day,pink,elegant,pastel_floral,single_tier_round,rustic_wood_setup,single_cake_table,12,bakesmart_rule_generator_v1,5,synthetic_rule_based,pending_expert_review,test,20260817,"Theme-conditioned preferences; cake guest band 8-25; decor-conditioned venue/budget; layout derived from guests, venue and decor."
BSAR2060,anniversary,hall,16,6.9,5.5,38,37000,2313,adult,day,white,traditional,pastel_floral,single_tier_round,minimal_backdrop,single_cake_table,16,bakesmart_rule_generator_v1,4,synthetic_rule_based,pending_expert_review,train,20260817,"Theme-conditioned preferences; cake guest band 8-25; decor-conditioned venue/budget; layout derived from guests, venue and decor."
BSAR2061,birthday,home,12,6.7,3.9,26.1,51000,4250,teenager,night,purple,minimal,colourful_cartoon,single_tier_round,rustic_wood_setup,single_cake_table,12,bakesmart_rule_generator_v1,4,synthetic_rule_based,pending_expert_review,train,20260817,"Theme-conditioned preferences; cake guest band 8-25; decor-conditioned venue/budget; layout derived from guests, venue and decor."
BSAR2062,birthday,restaurant,21,7.2,4.3,31,43000,2048,adult,day,mixed,minimal,colourful_cartoon,single_tier_square,minimal_backdrop,single_cake_table,21,bakesmart_rule_generator_v1,4,synthetic_rule_based,pending_expert_review,train,20260817,"Theme-conditioned preferences; cake guest band 15-40; decor-conditioned venue/budget; layout derived from guests, venue and decor."
BSAR2063,wedding,hall,16,7.4,5.1,37.7,49000,3063,adult,night,white,elegant,traditional_luxury,single_tier_square,balloon_setup,single_cake_table,16,bakesmart_rule_generator_v1,5,synthetic_rule_based,pending_expert_review,test,20260817,"Theme-conditioned preferences; cake guest band 15-40; decor-conditioned venue/budget; layout derived from guests, venue and decor."
BSAR2064,anniversary,hall,235,22.5,16.6,373.5,860000,3660,adult,night,mixed,colourful,pastel_floral,three_tier_luxury,rustic_wood_setup,full_stage_setup,235,bakesmart_rule_generator_v1,5,synthetic_rule_based,pending_expert_review,train,20260817,"Theme-conditioned preferences; cake guest band 90-250; decor-conditioned venue/budget; layout derived from guests, venue and decor."
BSAR2065,wedding,hall,166,17.3,14.9,257.8,1057000,6367,adult,night,white,traditional,traditional_luxury,three_tier_luxury,luxury_stage,full_stage_setup,166,bakesmart_rule_generator_v1,5,synthetic_rule_based,pending_expert_review,train,20260817,"Theme-conditioned preferences; cake guest band 90-250; decor-conditioned venue/budget; layout derived from guests, venue and decor."
BSAR2066,baby_shower,hall,103,15.4,10,154,511000,4961,adult,night,gold,elegant,elegant_gold,two_tier_floral,flower_wall,two_side_tables,103,bakesmart_rule_generator_v1,5,synthetic_rule_based,pending_expert_review,validation,20260817,"Theme-conditioned preferences; cake guest band 45-120; decor-conditioned venue/budget; layout derived from guests, venue and decor."
BSAR2067,wedding,hall,75,11.5,8.8,101.2,202000,2693,mixed,night,red,elegant,traditional_luxury,two_tier_round,balloon_setup,two_side_tables,75,bakesmart_rule_generator_v1,5,synthetic_rule_based,pending_expert_review,test,20260817,"Theme-conditioned preferences; cake guest band 35-90; decor-conditioned venue/budget; layout derived from guests, venue and decor."
BSAR2068,wedding,hall,89,12.4,9.6,119,464000,5213,mixed,day,green,minimal,rustic_natural,two_tier_round,flower_wall,two_side_tables,89,bakesmart_rule_generator_v1,4,synthetic_rule_based,pending_expert_review,train,20260817,"Theme-conditioned preferences; cake guest band 35-90; decor-conditioned venue/budget; layout derived from guests, venue and decor."
BSAR2069,wedding,home,65,11.1,6.6,73.3,127000,1954,mixed,night,gold,traditional,traditional_luxury,two_tier_round,balloon_setup,cake_and_dessert_table,65,bakesmart_rule_generator_v1,5,synthetic_rule_based,pending_expert_review,test,20260817,"Theme-conditioned preferences; cake guest band 35-90; decor-conditioned venue/budget; layout derived from guests, venue and decor."
BSAR2070,wedding,home,146,15.4,10.4,160.2,360000,2466,adult,day,blue,minimal,modern_minimal,three_tier_luxury,minimal_backdrop,two_side_tables,146,bakesmart_rule_generator_v1,5,synthetic_rule_based,pending_expert_review,validation,20260817,"Theme-conditioned preferences; cake guest band 90-250; decor-conditioned venue/budget; layout derived from guests, venue and decor."
BSAR2071,birthday,hall,92,13.8,10.7,147.7,232000,2522,child,night,pink,minimal,pastel_floral,two_tier_floral,balloon_setup,two_side_tables,92,bakesmart_rule_generator_v1,4,synthetic_rule_based,pending_expert_review,train,20260817,"Theme-conditioned preferences; cake guest band 45-120; decor-conditioned venue/budget; layout derived from guests, venue and decor."
BSAR2072,wedding,hall,88,11.9,10,119,258000,2932,mixed,night,gold,minimal,elegant_gold,two_tier_round,rustic_wood_setup,two_side_tables,88,bakesmart_rule_generator_v1,4,synthetic_rule_based,pending_expert_review,train,20260817,"Theme-conditioned preferences; cake guest band 35-90; decor-conditioned venue/budget; layout derived from guests, venue and decor."
BSAR2073,birthday,hall,10,5,4,20,27000,2700,adult,day,mixed,colourful,colourful_cartoon,single_tier_round,minimal_backdrop,single_cake_table,10,bakesmart_rule_generator_v1,5,synthetic_rule_based,pending_expert_review,test,20260817,"Theme-conditioned preferences; cake guest band 8-25; decor-conditioned venue/budget; layout derived from guests, venue and decor."
BSAR2074,wedding,hall,94,16,9.4,150.4,940000,10000,adult,night,pink,traditional,pastel_floral,two_tier_floral,luxury_stage,full_stage_setup,94,bakesmart_rule_generator_v1,4,synthetic_rule_based,pending_expert_review,train,20260817,"Theme-conditioned preferences; cake guest band 45-120; decor-conditioned venue/budget; layout derived from guests, venue and decor."
BSAR2075,birthday,hall,87,12.2,8.6,104.9,710000,8161,teenager,night,blue,colourful,colourful_cartoon,two_tier_floral,luxury_stage,full_stage_setup,87,bakesmart_rule_generator_v1,5,synthetic_rule_based,pending_expert_review,train,20260817,"Theme-conditioned preferences; cake guest band 45-120; decor-conditioned venue/budget; layout derived from guests, venue and decor."
BSAR2076,birthday,restaurant,108,12.6,8.8,110.9,470000,4352,mixed,day,mixed,colourful,colourful_cartoon,two_tier_floral,flower_wall,two_side_tables,108,bakesmart_rule_generator_v1,5,synthetic_rule_based,pending_expert_review,train,20260817,"Theme-conditioned preferences; cake guest band 45-120; decor-conditioned venue/budget; layout derived from guests, venue and decor."
BSAR2077,baby_shower,home,132,13.6,9,122.4,356000,2697,adult,night,gold,elegant,elegant_gold,three_tier_luxury,balloon_setup,two_side_tables,132,bakesmart_rule_generator_v1,5,synthetic_rule_based,pending_expert_review,train,20260817,"Theme-conditioned preferences; cake guest band 90-250; decor-conditioned venue/budget; layout derived from guests, venue and decor."
BSAR2078,wedding,home,132,13,10.4,135.2,557000,4220,adult,day,mixed,rustic,rustic_natural,three_tier_luxury,flower_wall,two_side_tables,132,bakesmart_rule_generator_v1,5,synthetic_rule_based,pending_expert_review,train,20260817,"Theme-conditioned preferences; cake guest band 90-250; decor-conditioned venue/budget; layout derived from guests, venue and decor."
BSAR2079,wedding,hall,11,8,4.6,36.8,44000,4000,adult,night,blue,elegant,pastel_floral,single_tier_round,minimal_backdrop,single_cake_table,11,bakesmart_rule_generator_v1,5,synthetic_rule_based,pending_expert_review,train,20260817,"Theme-conditioned preferences; cake guest band 8-25; decor-conditioned venue/budget; layout derived from guests, venue and decor."
BSAR2080,baby_shower,outdoor,24,8.5,6.7,57,161000,6708,mixed,day,pink,colourful,pastel_floral,single_tier_round,flower_wall,single_cake_table,24,bakesmart_rule_generator_v1,5,synthetic_rule_based,pending_expert_review,train,20260817,"Theme-conditioned preferences; cake guest band 8-25; decor-conditioned venue/budget; layout derived from guests, venue and decor."
BSAR2081,wedding,hall,197,20.3,17.1,347.1,1957000,9934,adult,night,red,minimal,rustic_natural,three_tier_luxury,luxury_stage,full_stage_setup,197,bakesmart_rule_generator_v1,4,synthetic_rule_based,pending_expert_review,train,20260817,"Theme-conditioned preferences; cake guest band 90-250; decor-conditioned venue/budget; layout derived from guests, venue and decor."
BSAR2082,wedding,hall,72,13.3,7.5,99.8,193000,2681,adult,day,gold,elegant,elegant_gold,two_tier_floral,balloon_setup,two_side_tables,72,bakesmart_rule_generator_v1,5,synthetic_rule_based,pending_expert_review,train,20260817,"Theme-conditioned preferences; cake guest band 45-120; decor-conditioned venue/budget; layout derived from guests, venue and decor."
BSAR2083,wedding,home,59,10.9,6.1,66.5,129000,2186,adult,night,mixed,traditional,pastel_floral,two_tier_floral,balloon_setup,cake_and_dessert_table,59,bakesmart_rule_generator_v1,4,synthetic_rule_based,pending_expert_review,validation,20260817,"Theme-conditioned preferences; cake guest band 45-120; decor-conditioned venue/budget; layout derived from guests, venue and decor."
BSAR2084,wedding,hall,70,14,7.8,109.2,174000,2486,adult,day,green,elegant,traditional_luxury,two_tier_round,rustic_wood_setup,two_side_tables,70,bakesmart_rule_generator_v1,5,synthetic_rule_based,pending_expert_review,train,20260817,"Theme-conditioned preferences; cake guest band 35-90; decor-conditioned venue/budget; layout derived from guests, venue and decor."
BSAR2085,anniversary,restaurant,20,6.8,4.9,33.3,56000,2800,adult,night,gold,elegant,elegant_gold,single_tier_square,balloon_setup,single_cake_table,20,bakesmart_rule_generator_v1,5,synthetic_rule_based,pending_expert_review,test,20260817,"Theme-conditioned preferences; cake guest band 15-40; decor-conditioned venue/budget; layout derived from guests, venue and decor."
BSAR2086,wedding,hall,54,10.9,7.4,80.7,597000,11056,adult,night,gold,traditional,traditional_luxury,two_tier_round,luxury_stage,full_stage_setup,54,bakesmart_rule_generator_v1,5,synthetic_rule_based,pending_expert_review,train,20260817,"Theme-conditioned preferences; cake guest band 35-90; decor-conditioned venue/budget; layout derived from guests, venue and decor."
BSAR2087,baby_shower,hall,46,13.5,7.2,97.2,338000,7348,adult,night,gold,rustic,rustic_natural,two_tier_round,luxury_stage,full_stage_setup,46,bakesmart_rule_generator_v1,5,synthetic_rule_based,pending_expert_review,train,20260817,"Theme-conditioned preferences; cake guest band 35-90; decor-conditioned venue/budget; layout derived from guests, venue and decor."
BSAR2088,birthday,outdoor,58,14.3,9.5,135.9,153000,2638,teenager,day,red,rustic,rustic_natural,two_tier_round,rustic_wood_setup,cake_and_dessert_table,58,bakesmart_rule_generator_v1,5,synthetic_rule_based,pending_expert_review,validation,20260817,"Theme-conditioned preferences; cake guest band 35-90; decor-conditioned venue/budget; layout derived from guests, venue and decor."
BSAR2089,wedding,outdoor,18,6.6,5.9,38.9,55000,3056,adult,day,red,traditional,traditional_luxury,single_tier_round,minimal_backdrop,single_cake_table,18,bakesmart_rule_generator_v1,5,synthetic_rule_based,pending_expert_review,train,20260817,"Theme-conditioned preferences; cake guest band 8-25; decor-conditioned venue/budget; layout derived from guests, venue and decor."
BSAR2090,graduation,restaurant,79,12.3,9.4,115.6,219000,2772,teenager,night,red,elegant,traditional_luxury,two_tier_round,rustic_wood_setup,two_side_tables,79,bakesmart_rule_generator_v1,5,synthetic_rule_based,pending_expert_review,train,20260817,"Theme-conditioned preferences; cake guest band 35-90; decor-conditioned venue/budget; layout derived from guests, venue and decor."
BSAR2091,birthday,hall,50,12.3,7.1,87.3,235000,4700,child,night,blue,colourful,colourful_cartoon,two_tier_round,flower_wall,cake_and_dessert_table,50,bakesmart_rule_generator_v1,5,synthetic_rule_based,pending_expert_review,train,20260817,"Theme-conditioned preferences; cake guest band 35-90; decor-conditioned venue/budget; layout derived from guests, venue and decor."
BSAR2092,graduation,hall,126,14.8,11.5,170.2,335000,2659,adult,night,gold,minimal,modern_minimal,three_tier_luxury,minimal_backdrop,full_stage_setup,126,bakesmart_rule_generator_v1,5,synthetic_rule_based,pending_expert_review,test,20260817,"Theme-conditioned preferences; cake guest band 90-250; decor-conditioned venue/budget; layout derived from guests, venue and decor."
BSAR2093,wedding,hall,26,8.3,5.7,47.3,119000,4577,adult,day,purple,elegant,pastel_floral,single_tier_square,flower_wall,single_cake_table,26,bakesmart_rule_generator_v1,5,synthetic_rule_based,pending_expert_review,test,20260817,"Theme-conditioned preferences; cake guest band 15-40; decor-conditioned venue/budget; layout derived from guests, venue and decor."
BSAR2094,birthday,hall,187,21.7,13.3,288.6,423000,2262,adult,day,red,colourful,colourful_cartoon,three_tier_luxury,balloon_setup,full_stage_setup,187,bakesmart_rule_generator_v1,5,synthetic_rule_based,pending_expert_review,train,20260817,"Theme-conditioned preferences; cake guest band 90-250; decor-conditioned venue/budget; layout derived from guests, venue and decor."
BSAR2095,baby_shower,hall,64,12.1,8.4,101.6,539000,8422,adult,day,white,rustic,pastel_floral,two_tier_floral,luxury_stage,full_stage_setup,64,bakesmart_rule_generator_v1,4,synthetic_rule_based,pending_expert_review,validation,20260817,"Theme-conditioned preferences; cake guest band 45-120; decor-conditioned venue/budget; layout derived from guests, venue and decor."
BSAR2096,graduation,outdoor,23,8.9,6.6,58.7,84000,3652,teenager,night,red,elegant,elegant_gold,single_tier_round,rustic_wood_setup,single_cake_table,23,bakesmart_rule_generator_v1,5,synthetic_rule_based,pending_expert_review,train,20260817,"Theme-conditioned preferences; cake guest band 8-25; decor-conditioned venue/budget; layout derived from guests, venue and decor."
BSAR2097,wedding,hall,26,9.8,6.1,59.8,271000,10423,adult,day,white,elegant,pastel_floral,single_tier_square,luxury_stage,full_stage_setup,26,bakesmart_rule_generator_v1,5,synthetic_rule_based,pending_expert_review,train,20260817,"Theme-conditioned preferences; cake guest band 15-40; decor-conditioned venue/budget; layout derived from guests, venue and decor."
BSAR2098,wedding,outdoor,21,8.5,5,42.5,120000,5714,adult,day,red,rustic,rustic_natural,single_tier_round,flower_wall,single_cake_table,21,bakesmart_rule_generator_v1,5,synthetic_rule_based,pending_expert_review,train,20260817,"Theme-conditioned preferences; cake guest band 8-25; decor-conditioned venue/budget; layout derived from guests, venue and decor."
BSAR2099,birthday,outdoor,48,12.7,7.5,95.3,127000,2646,teenager,day,red,elegant,traditional_luxury,two_tier_floral,balloon_setup,cake_and_dessert_table,48,bakesmart_rule_generator_v1,5,synthetic_rule_based,pending_expert_review,train,20260817,"Theme-conditioned preferences; cake guest band 45-120; decor-conditioned venue/budget; layout derived from guests, venue and decor."
BSAR2100,baby_shower,restaurant,191,17.6,12.8,225.3,494000,2586,adult,night,gold,traditional,traditional_luxury,three_tier_luxury,minimal_backdrop,two_side_tables,191,bakesmart_rule_generator_v1,5,synthetic_rule_based,pending_expert_review,train,20260817,"Theme-conditioned preferences; cake guest band 90-250; decor-conditioned venue/budget; layout derived from guests, venue and decor."
BSAR2101,baby_shower,restaurant,82,11.7,10.3,120.5,145000,1768,adult,day,purple,minimal,pastel_floral,two_tier_floral,balloon_setup,two_side_tables,82,bakesmart_rule_generator_v1,4,synthetic_rule_based,pending_expert_review,train,20260817,"Theme-conditioned preferences; cake guest band 45-120; decor-conditioned venue/budget; layout derived from guests, venue and decor."
BSAR2102,birthday,hall,149,20,10.6,212,673000,4517,child,night,mixed,colourful,colourful_cartoon,three_tier_luxury,flower_wall,full_stage_setup,149,bakesmart_rule_generator_v1,5,synthetic_rule_based,pending_expert_review,train,20260817,"Theme-conditioned preferences; cake guest band 90-250; decor-conditioned venue/budget; layout derived from guests, venue and decor."
BSAR2103,anniversary,restaurant,63,12.6,8.3,104.6,234000,3714,adult,night,red,elegant,traditional_luxury,two_tier_round,rustic_wood_setup,cake_and_dessert_table,63,bakesmart_rule_generator_v1,5,synthetic_rule_based,pending_expert_review,test,20260817,"Theme-conditioned preferences; cake guest band 35-90; decor-conditioned venue/budget; layout derived from guests, venue and decor."
BSAR2104,anniversary,home,224,15.2,11.6,176.3,418000,1866,adult,night,red,elegant,traditional_luxury,three_tier_luxury,minimal_backdrop,two_side_tables,224,bakesmart_rule_generator_v1,5,synthetic_rule_based,pending_expert_review,train,20260817,"Theme-conditioned preferences; cake guest band 90-250; decor-conditioned venue/budget; layout derived from guests, venue and decor."
BSAR2105,wedding,home,9,6.3,3.5,22.1,40000,4444,adult,day,white,traditional,pastel_floral,single_tier_round,rustic_wood_setup,single_cake_table,9,bakesmart_rule_generator_v1,4,synthetic_rule_based,pending_expert_review,train,20260817,"Theme-conditioned preferences; cake guest band 8-25; decor-conditioned venue/budget; layout derived from guests, venue and decor."
BSAR2106,birthday,outdoor,186,19.3,16.1,310.7,401000,2156,child,day,pink,elegant,colourful_cartoon,three_tier_luxury,rustic_wood_setup,two_side_tables,186,bakesmart_rule_generator_v1,4,synthetic_rule_based,pending_expert_review,train,20260817,"Theme-conditioned preferences; cake guest band 90-250; decor-conditioned venue/budget; layout derived from guests, venue and decor."
BSAR2107,graduation,home,112,13.2,8.2,108.2,287000,2563,teenager,day,mixed,minimal,modern_minimal,three_tier_luxury,balloon_setup,two_side_tables,112,bakesmart_rule_generator_v1,5,synthetic_rule_based,pending_expert_review,train,20260817,"Theme-conditioned preferences; cake guest band 90-250; decor-conditioned venue/budget; layout derived from guests, venue and decor."
BSAR2108,anniversary,hall,37,9.8,6.3,61.7,329000,8892,mixed,day,mixed,rustic,rustic_natural,single_tier_square,luxury_stage,full_stage_setup,37,bakesmart_rule_generator_v1,5,synthetic_rule_based,pending_expert_review,train,20260817,"Theme-conditioned preferences; cake guest band 15-40; decor-conditioned venue/budget; layout derived from guests, venue and decor."
BSAR2109,wedding,home,68,10.1,8,80.8,298000,4382,adult,night,gold,rustic,rustic_natural,two_tier_round,rustic_wood_setup,cake_and_dessert_table,68,bakesmart_rule_generator_v1,5,synthetic_rule_based,pending_expert_review,train,20260817,"Theme-conditioned preferences; cake guest band 35-90; decor-conditioned venue/budget; layout derived from guests, venue and decor."
BSAR2110,wedding,hall,11,6.5,4.1,26.7,82000,7455,adult,night,purple,traditional,elegant_gold,single_tier_round,flower_wall,single_cake_table,11,bakesmart_rule_generator_v1,4,synthetic_rule_based,pending_expert_review,train,20260817,"Theme-conditioned preferences; cake guest band 8-25; decor-conditioned venue/budget; layout derived from guests, venue and decor."
BSAR2111,baby_shower,outdoor,74,13.9,9.2,127.9,606000,8189,mixed,day,white,rustic,rustic_natural,two_tier_floral,luxury_stage,full_stage_setup,74,bakesmart_rule_generator_v1,4,synthetic_rule_based,pending_expert_review,train,20260817,"Theme-conditioned preferences; cake guest band 45-120; decor-conditioned venue/budget; layout derived from guests, venue and decor."
BSAR2112,wedding,hall,191,19.1,12.4,236.8,1199000,6277,mixed,night,purple,traditional,traditional_luxury,three_tier_luxury,luxury_stage,full_stage_setup,191,bakesmart_rule_generator_v1,5,synthetic_rule_based,pending_expert_review,train,20260817,"Theme-conditioned preferences; cake guest band 90-250; decor-conditioned venue/budget; layout derived from guests, venue and decor."
BSAR2113,birthday,restaurant,78,13.1,8,104.8,211000,2705,child,day,mixed,colourful,colourful_cartoon,two_tier_floral,flower_wall,two_side_tables,78,bakesmart_rule_generator_v1,5,synthetic_rule_based,pending_expert_review,test,20260817,"Theme-conditioned preferences; cake guest band 45-120; decor-conditioned venue/budget; layout derived from guests, venue and decor."
BSAR2114,graduation,home,43,9.4,5.6,52.6,117000,2721,adult,night,purple,colourful,pastel_floral,two_tier_round,minimal_backdrop,cake_and_dessert_table,43,bakesmart_rule_generator_v1,5,synthetic_rule_based,pending_expert_review,train,20260817,"Theme-conditioned preferences; cake guest band 35-90; decor-conditioned venue/budget; layout derived from guests, venue and decor."
BSAR2115,wedding,hall,58,13.5,7.8,105.3,125000,2155,mixed,day,mixed,minimal,modern_minimal,two_tier_round,minimal_backdrop,cake_and_dessert_table,58,bakesmart_rule_generator_v1,5,synthetic_rule_based,pending_expert_review,test,20260817,"Theme-conditioned preferences; cake guest band 35-90; decor-conditioned venue/budget; layout derived from guests, venue and decor."
BSAR2116,anniversary,home,23,6.5,5.1,33.2,56000,2435,mixed,day,mixed,rustic,rustic_natural,single_tier_square,minimal_backdrop,single_cake_table,23,bakesmart_rule_generator_v1,5,synthetic_rule_based,pending_expert_review,train,20260817,"Theme-conditioned preferences; cake guest band 15-40; decor-conditioned venue/budget; layout derived from guests, venue and decor."
BSAR2117,baby_shower,home,109,11.8,9.7,114.5,294000,2697,adult,night,purple,minimal,pastel_floral,two_tier_floral,rustic_wood_setup,two_side_tables,109,bakesmart_rule_generator_v1,4,synthetic_rule_based,pending_expert_review,train,20260817,"Theme-conditioned preferences; cake guest band 45-120; decor-conditioned venue/budget; layout derived from guests, venue and decor."
BSAR2118,graduation,restaurant,175,17,10.4,176.8,335000,1914,adult,night,gold,elegant,elegant_gold,three_tier_luxury,balloon_setup,two_side_tables,175,bakesmart_rule_generator_v1,5,synthetic_rule_based,pending_expert_review,train,20260817,"Theme-conditioned preferences; cake guest band 90-250; decor-conditioned venue/budget; layout derived from guests, venue and decor."
BSAR2119,baby_shower,restaurant,46,10.7,7.3,78.1,118000,2565,adult,night,white,traditional,pastel_floral,two_tier_floral,minimal_backdrop,cake_and_dessert_table,46,bakesmart_rule_generator_v1,4,synthetic_rule_based,pending_expert_review,train,20260817,"Theme-conditioned preferences; cake guest band 45-120; decor-conditioned venue/budget; layout derived from guests, venue and decor."
BSAR2120,wedding,outdoor,32,10.3,6.2,63.9,127000,3969,mixed,night,purple,elegant,elegant_gold,single_tier_square,rustic_wood_setup,cake_and_dessert_table,32,bakesmart_rule_generator_v1,5,synthetic_rule_based,pending_expert_review,train,20260817,"Theme-conditioned preferences; cake guest band 15-40; decor-conditioned venue/budget; layout derived from guests, venue and decor."
BSAR2121,birthday,home,117,13.8,9.4,129.7,337000,2880,teenager,night,purple,elegant,traditional_luxury,three_tier_luxury,rustic_wood_setup,two_side_tables,117,bakesmart_rule_generator_v1,5,synthetic_rule_based,pending_expert_review,train,20260817,"Theme-conditioned preferences; cake guest band 90-250; decor-conditioned venue/budget; layout derived from guests, venue and decor."
BSAR2122,anniversary,home,64,10.2,7.3,74.5,183000,2859,adult,night,green,traditional,traditional_luxury,two_tier_round,minimal_backdrop,cake_and_dessert_table,64,bakesmart_rule_generator_v1,5,synthetic_rule_based,pending_expert_review,train,20260817,"Theme-conditioned preferences; cake guest band 35-90; decor-conditioned venue/budget; layout derived from guests, venue and decor."
BSAR2123,wedding,outdoor,13,6.4,4.7,30.1,80000,6154,adult,night,green,rustic,rustic_natural,single_tier_round,flower_wall,single_cake_table,13,bakesmart_rule_generator_v1,5,synthetic_rule_based,pending_expert_review,train,20260817,"Theme-conditioned preferences; cake guest band 8-25; decor-conditioned venue/budget; layout derived from guests, venue and decor."
BSAR2124,wedding,outdoor,178,21.2,14.5,307.4,992000,5573,mixed,night,white,rustic,rustic_natural,three_tier_luxury,luxury_stage,full_stage_setup,178,bakesmart_rule_generator_v1,4,synthetic_rule_based,pending_expert_review,validation,20260817,"Theme-conditioned preferences; cake guest band 90-250; decor-conditioned venue/budget; layout derived from guests, venue and decor."
BSAR2125,baby_shower,outdoor,13,7.8,4.8,37.4,75000,5769,adult,day,mixed,traditional,pastel_floral,single_tier_round,rustic_wood_setup,single_cake_table,13,bakesmart_rule_generator_v1,4,synthetic_rule_based,pending_expert_review,train,20260817,"Theme-conditioned preferences; cake guest band 8-25; decor-conditioned venue/budget; layout derived from guests, venue and decor."
BSAR2126,anniversary,hall,39,9.7,7.4,71.8,187000,4795,adult,day,white,elegant,pastel_floral,single_tier_square,flower_wall,cake_and_dessert_table,39,bakesmart_rule_generator_v1,5,synthetic_rule_based,pending_expert_review,validation,20260817,"Theme-conditioned preferences; cake guest band 15-40; decor-conditioned venue/budget; layout derived from guests, venue and decor."
BSAR2127,graduation,outdoor,77,15,9.6,144,217000,2818,teenager,day,white,minimal,modern_minimal,two_tier_floral,rustic_wood_setup,two_side_tables,77,bakesmart_rule_generator_v1,5,synthetic_rule_based,pending_expert_review,validation,20260817,"Theme-conditioned preferences; cake guest band 45-120; decor-conditioned venue/budget; layout derived from guests, venue and decor."
BSAR2128,anniversary,hall,108,15.8,8.7,137.5,213000,1972,adult,day,mixed,minimal,modern_minimal,two_tier_floral,minimal_backdrop,two_side_tables,108,bakesmart_rule_generator_v1,5,synthetic_rule_based,pending_expert_review,test,20260817,"Theme-conditioned preferences; cake guest band 45-120; decor-conditioned venue/budget; layout derived from guests, venue and decor."
BSAR2129,anniversary,restaurant,108,11.2,9.4,105.3,480000,4444,mixed,night,gold,rustic,rustic_natural,three_tier_luxury,flower_wall,two_side_tables,108,bakesmart_rule_generator_v1,5,synthetic_rule_based,pending_expert_review,train,20260817,"Theme-conditioned preferences; cake guest band 90-250; decor-conditioned venue/budget; layout derived from guests, venue and decor."
BSAR2130,anniversary,outdoor,32,9.5,8.4,79.8,169000,5281,adult,day,green,rustic,rustic_natural,single_tier_square,flower_wall,cake_and_dessert_table,32,bakesmart_rule_generator_v1,5,synthetic_rule_based,pending_expert_review,validation,20260817,"Theme-conditioned preferences; cake guest band 15-40; decor-conditioned venue/budget; layout derived from guests, venue and decor."
BSAR2131,graduation,hall,15,6.3,5.5,34.7,82000,5467,mixed,night,red,elegant,elegant_gold,single_tier_round,rustic_wood_setup,single_cake_table,15,bakesmart_rule_generator_v1,5,synthetic_rule_based,pending_expert_review,train,20260817,"Theme-conditioned preferences; cake guest band 8-25; decor-conditioned venue/budget; layout derived from guests, venue and decor."
BSAR2132,anniversary,outdoor,120,18.5,12.4,229.4,375000,3125,adult,night,mixed,minimal,elegant_gold,two_tier_floral,rustic_wood_setup,two_side_tables,120,bakesmart_rule_generator_v1,4,synthetic_rule_based,pending_expert_review,train,20260817,"Theme-conditioned preferences; cake guest band 45-120; decor-conditioned venue/budget; layout derived from guests, venue and decor."
BSAR2133,graduation,home,68,10.8,7.4,79.9,263000,3868,teenager,night,gold,elegant,elegant_gold,two_tier_round,rustic_wood_setup,cake_and_dessert_table,68,bakesmart_rule_generator_v1,5,synthetic_rule_based,pending_expert_review,train,20260817,"Theme-conditioned preferences; cake guest band 35-90; decor-conditioned venue/budget; layout derived from guests, venue and decor."
BSAR2134,baby_shower,outdoor,87,16.1,12,193.2,907000,10425,adult,day,pink,elegant,pastel_floral,two_tier_floral,luxury_stage,full_stage_setup,87,bakesmart_rule_generator_v1,4,synthetic_rule_based,pending_expert_review,train,20260817,"Theme-conditioned preferences; cake guest band 45-120; decor-conditioned venue/budget; layout derived from guests, venue and decor."
BSAR2135,wedding,hall,64,11.7,7.1,83.1,644000,10063,adult,night,red,traditional,traditional_luxury,two_tier_floral,luxury_stage,full_stage_setup,64,bakesmart_rule_generator_v1,5,synthetic_rule_based,pending_expert_review,train,20260817,"Theme-conditioned preferences; cake guest band 45-120; decor-conditioned venue/budget; layout derived from guests, venue and decor."
BSAR2136,birthday,restaurant,224,20.9,15.8,330.2,434000,1938,child,night,pink,colourful,colourful_cartoon,three_tier_luxury,balloon_setup,two_side_tables,224,bakesmart_rule_generator_v1,5,synthetic_rule_based,pending_expert_review,validation,20260817,"Theme-conditioned preferences; cake guest band 90-250; decor-conditioned venue/budget; layout derived from guests, venue and decor."
BSAR2137,wedding,home,120,14.3,9.9,141.6,236000,1967,adult,day,purple,elegant,elegant_gold,three_tier_luxury,balloon_setup,two_side_tables,120,bakesmart_rule_generator_v1,5,synthetic_rule_based,pending_expert_review,test,20260817,"Theme-conditioned preferences; cake guest band 90-250; decor-conditioned venue/budget; layout derived from guests, venue and decor."
BSAR2138,birthday,hall,29,8.1,6.2,50.2,265000,9138,teenager,day,white,minimal,modern_minimal,single_tier_square,luxury_stage,full_stage_setup,29,bakesmart_rule_generator_v1,5,synthetic_rule_based,pending_expert_review,train,20260817,"Theme-conditioned preferences; cake guest band 15-40; decor-conditioned venue/budget; layout derived from guests, venue and decor."
BSAR2139,anniversary,home,238,15.8,13.4,211.7,872000,3664,mixed,day,white,minimal,modern_minimal,three_tier_luxury,flower_wall,two_side_tables,238,bakesmart_rule_generator_v1,5,synthetic_rule_based,pending_expert_review,train,20260817,"Theme-conditioned preferences; cake guest band 90-250; decor-conditioned venue/budget; layout derived from guests, venue and decor."
BSAR2140,graduation,outdoor,119,20,13.2,264,227000,1908,adult,day,pink,traditional,pastel_floral,two_tier_floral,rustic_wood_setup,two_side_tables,119,bakesmart_rule_generator_v1,4,synthetic_rule_based,pending_expert_review,validation,20260817,"Theme-conditioned preferences; cake guest band 45-120; decor-conditioned venue/budget; layout derived from guests, venue and decor."
BSAR2141,birthday,hall,9,5.2,3.4,17.7,114000,12667,child,night,pink,minimal,colourful_cartoon,single_tier_round,luxury_stage,full_stage_setup,9,bakesmart_rule_generator_v1,4,synthetic_rule_based,pending_expert_review,train,20260817,"Theme-conditioned preferences; cake guest band 8-25; decor-conditioned venue/budget; layout derived from guests, venue and decor."
BSAR2142,birthday,restaurant,167,18.9,10.4,196.6,466000,2790,teenager,day,gold,minimal,modern_minimal,three_tier_luxury,minimal_backdrop,two_side_tables,167,bakesmart_rule_generator_v1,5,synthetic_rule_based,pending_expert_review,train,20260817,"Theme-conditioned preferences; cake guest band 90-250; decor-conditioned venue/budget; layout derived from guests, venue and decor."
BSAR2143,wedding,hall,28,8.1,6.3,51,387000,13821,adult,night,mixed,elegant,elegant_gold,single_tier_square,luxury_stage,full_stage_setup,28,bakesmart_rule_generator_v1,5,synthetic_rule_based,pending_expert_review,validation,20260817,"Theme-conditioned preferences; cake guest band 15-40; decor-conditioned venue/budget; layout derived from guests, venue and decor."
BSAR2144,wedding,restaurant,20,7.6,4.3,32.7,72000,3600,adult,day,blue,elegant,modern_minimal,single_tier_round,rustic_wood_setup,single_cake_table,20,bakesmart_rule_generator_v1,4,synthetic_rule_based,pending_expert_review,validation,20260817,"Theme-conditioned preferences; cake guest band 8-25; decor-conditioned venue/budget; layout derived from guests, venue and decor."
BSAR2145,wedding,home,82,11,8.2,90.2,199000,2427,adult,day,green,minimal,modern_minimal,two_tier_round,rustic_wood_setup,two_side_tables,82,bakesmart_rule_generator_v1,5,synthetic_rule_based,pending_expert_review,validation,20260817,"Theme-conditioned preferences; cake guest band 35-90; decor-conditioned venue/budget; layout derived from guests, venue and decor."
BSAR2146,graduation,hall,249,22.5,16.4,369,747000,3000,teenager,day,red,traditional,colourful_cartoon,three_tier_luxury,balloon_setup,full_stage_setup,249,bakesmart_rule_generator_v1,4,synthetic_rule_based,pending_expert_review,train,20260817,"Theme-conditioned preferences; cake guest band 90-250; decor-conditioned venue/budget; layout derived from guests, venue and decor."
BSAR2147,anniversary,hall,16,6,4.4,26.4,47000,2938,adult,day,white,elegant,modern_minimal,single_tier_square,rustic_wood_setup,single_cake_table,16,bakesmart_rule_generator_v1,4,synthetic_rule_based,pending_expert_review,train,20260817,"Theme-conditioned preferences; cake guest band 15-40; decor-conditioned venue/budget; layout derived from guests, venue and decor."
BSAR2148,anniversary,hall,61,13.1,7.8,102.2,411000,6738,adult,day,green,minimal,rustic_natural,two_tier_floral,luxury_stage,full_stage_setup,61,bakesmart_rule_generator_v1,4,synthetic_rule_based,pending_expert_review,train,20260817,"Theme-conditioned preferences; cake guest band 45-120; decor-conditioned venue/budget; layout derived from guests, venue and decor."
BSAR2149,birthday,hall,21,7.8,4.8,37.4,106000,5048,teenager,day,mixed,minimal,colourful_cartoon,single_tier_square,rustic_wood_setup,single_cake_table,21,bakesmart_rule_generator_v1,4,synthetic_rule_based,pending_expert_review,train,20260817,"Theme-conditioned preferences; cake guest band 15-40; decor-conditioned venue/budget; layout derived from guests, venue and decor."
BSAR2150,wedding,hall,10,6.3,5,31.5,59000,5900,adult,night,gold,elegant,modern_minimal,single_tier_round,rustic_wood_setup,single_cake_table,10,bakesmart_rule_generator_v1,4,synthetic_rule_based,pending_expert_review,train,20260817,"Theme-conditioned preferences; cake guest band 8-25; decor-conditioned venue/budget; layout derived from guests, venue and decor."
BSAR2151,wedding,hall,79,13.2,10.4,137.3,520000,6582,adult,day,green,elegant,rustic_natural,two_tier_floral,luxury_stage,full_stage_setup,79,bakesmart_rule_generator_v1,4,synthetic_rule_based,pending_expert_review,train,20260817,"Theme-conditioned preferences; cake guest band 45-120; decor-conditioned venue/budget; layout derived from guests, venue and decor."
BSAR2152,wedding,hall,64,13.7,7.5,102.8,681000,10641,adult,night,pink,colourful,colourful_cartoon,two_tier_round,luxury_stage,full_stage_setup,64,bakesmart_rule_generator_v1,3,synthetic_rule_based,pending_expert_review,test,20260817,"Theme-conditioned preferences; cake guest band 35-90; decor-conditioned venue/budget; layout derived from guests, venue and decor."
BSAR2153,graduation,outdoor,59,11.8,8.2,96.8,311000,5271,adult,day,purple,colourful,colourful_cartoon,two_tier_round,flower_wall,cake_and_dessert_table,59,bakesmart_rule_generator_v1,5,synthetic_rule_based,pending_expert_review,train,20260817,"Theme-conditioned preferences; cake guest band 35-90; decor-conditioned venue/budget; layout derived from guests, venue and decor."
BSAR2154,graduation,hall,21,8.8,5.4,47.5,69000,3286,adult,night,gold,minimal,modern_minimal,single_tier_round,rustic_wood_setup,single_cake_table,21,bakesmart_rule_generator_v1,5,synthetic_rule_based,pending_expert_review,train,20260817,"Theme-conditioned preferences; cake guest band 8-25; decor-conditioned venue/budget; layout derived from guests, venue and decor."
BSAR2155,anniversary,home,119,14.1,10.1,142.4,195000,1639,adult,day,blue,minimal,modern_minimal,two_tier_floral,minimal_backdrop,two_side_tables,119,bakesmart_rule_generator_v1,5,synthetic_rule_based,pending_expert_review,train,20260817,"Theme-conditioned preferences; cake guest band 45-120; decor-conditioned venue/budget; layout derived from guests, venue and decor."
BSAR2156,baby_shower,home,95,13.3,7.6,101.1,283000,2979,adult,night,pink,colourful,pastel_floral,two_tier_floral,balloon_setup,two_side_tables,95,bakesmart_rule_generator_v1,5,synthetic_rule_based,pending_expert_review,train,20260817,"Theme-conditioned preferences; cake guest band 45-120; decor-conditioned venue/budget; layout derived from guests, venue and decor."
BSAR2157,wedding,outdoor,59,13.1,10.8,141.5,350000,5932,adult,night,red,elegant,traditional_luxury,two_tier_floral,luxury_stage,full_stage_setup,59,bakesmart_rule_generator_v1,4,synthetic_rule_based,pending_expert_review,validation,20260817,"Theme-conditioned preferences; cake guest band 45-120; decor-conditioned venue/budget; layout derived from guests, venue and decor."
BSAR2158,birthday,restaurant,70,10,8.9,89,137000,1957,child,night,red,traditional,traditional_luxury,two_tier_floral,minimal_backdrop,two_side_tables,70,bakesmart_rule_generator_v1,5,synthetic_rule_based,pending_expert_review,test,20260817,"Theme-conditioned preferences; cake guest band 45-120; decor-conditioned venue/budget; layout derived from guests, venue and decor."
BSAR2159,baby_shower,restaurant,162,16.9,11,185.9,808000,4988,adult,day,pink,elegant,colourful_cartoon,three_tier_luxury,flower_wall,two_side_tables,162,bakesmart_rule_generator_v1,4,synthetic_rule_based,pending_expert_review,test,20260817,"Theme-conditioned preferences; cake guest band 90-250; decor-conditioned venue/budget; layout derived from guests, venue and decor."
BSAR2160,anniversary,outdoor,178,23.3,14.2,330.9,375000,2107,adult,night,green,minimal,modern_minimal,three_tier_luxury,rustic_wood_setup,two_side_tables,178,bakesmart_rule_generator_v1,5,synthetic_rule_based,pending_expert_review,validation,20260817,"Theme-conditioned preferences; cake guest band 90-250; decor-conditioned venue/budget; layout derived from guests, venue and decor."
BSAR2161,wedding,restaurant,242,21.3,15.5,330.2,674000,2785,adult,day,red,elegant,elegant_gold,three_tier_luxury,minimal_backdrop,two_side_tables,242,bakesmart_rule_generator_v1,5,synthetic_rule_based,pending_expert_review,validation,20260817,"Theme-conditioned preferences; cake guest band 90-250; decor-conditioned venue/budget; layout derived from guests, venue and decor."
BSAR2162,anniversary,restaurant,17,6,4.3,25.8,43000,2529,adult,night,mixed,elegant,elegant_gold,single_tier_square,minimal_backdrop,single_cake_table,17,bakesmart_rule_generator_v1,5,synthetic_rule_based,pending_expert_review,train,20260817,"Theme-conditioned preferences; cake guest band 15-40; decor-conditioned venue/budget; layout derived from guests, venue and decor."
BSAR2163,graduation,restaurant,18,6.9,3.8,26.2,51000,2833,teenager,night,green,colourful,traditional_luxury,single_tier_square,minimal_backdrop,single_cake_table,18,bakesmart_rule_generator_v1,4,synthetic_rule_based,pending_expert_review,train,20260817,"Theme-conditioned preferences; cake guest band 15-40; decor-conditioned venue/budget; layout derived from guests, venue and decor."
BSAR2164,baby_shower,hall,92,15.5,8.2,127.1,362000,3935,adult,day,red,colourful,colourful_cartoon,two_tier_floral,flower_wall,two_side_tables,92,bakesmart_rule_generator_v1,5,synthetic_rule_based,pending_expert_review,validation,20260817,"Theme-conditioned preferences; cake guest band 45-120; decor-conditioned venue/budget; layout derived from guests, venue and decor."
BSAR2165,birthday,hall,21,9.6,5.4,51.8,293000,13952,child,night,blue,minimal,colourful_cartoon,single_tier_round,luxury_stage,full_stage_setup,21,bakesmart_rule_generator_v1,4,synthetic_rule_based,pending_expert_review,test,20260817,"Theme-conditioned preferences; cake guest band 8-25; decor-conditioned venue/budget; layout derived from guests, venue and decor."
BSAR2166,graduation,hall,58,10.2,7.2,73.4,270000,4655,adult,night,gold,rustic,rustic_natural,two_tier_round,flower_wall,cake_and_dessert_table,58,bakesmart_rule_generator_v1,5,synthetic_rule_based,pending_expert_review,train,20260817,"Theme-conditioned preferences; cake guest band 35-90; decor-conditioned venue/budget; layout derived from guests, venue and decor."
BSAR2167,wedding,restaurant,235,20.1,15.7,315.6,837000,3562,adult,night,gold,traditional,elegant_gold,three_tier_luxury,flower_wall,two_side_tables,235,bakesmart_rule_generator_v1,4,synthetic_rule_based,pending_expert_review,train,20260817,"Theme-conditioned preferences; cake guest band 90-250; decor-conditioned venue/budget; layout derived from guests, venue and decor."
BSAR2168,birthday,restaurant,90,12.2,8.5,103.7,884000,9822,child,night,mixed,colourful,pastel_floral,two_tier_round,luxury_stage,full_stage_setup,90,bakesmart_rule_generator_v1,4,synthetic_rule_based,pending_expert_review,test,20260817,"Theme-conditioned preferences; cake guest band 35-90; decor-conditioned venue/budget; layout derived from guests, venue and decor."
BSAR2169,baby_shower,restaurant,26,6.7,5.3,35.5,61000,2346,adult,night,blue,colourful,colourful_cartoon,single_tier_square,balloon_setup,single_cake_table,26,bakesmart_rule_generator_v1,5,synthetic_rule_based,pending_expert_review,train,20260817,"Theme-conditioned preferences; cake guest band 15-40; decor-conditioned venue/budget; layout derived from guests, venue and decor."
BSAR2170,birthday,home,64,10.9,7.4,80.7,146000,2281,child,day,mixed,colourful,colourful_cartoon,two_tier_round,rustic_wood_setup,cake_and_dessert_table,64,bakesmart_rule_generator_v1,5,synthetic_rule_based,pending_expert_review,train,20260817,"Theme-conditioned preferences; cake guest band 35-90; decor-conditioned venue/budget; layout derived from guests, venue and decor."
BSAR2171,baby_shower,hall,72,11,8.8,96.8,216000,3000,adult,night,purple,minimal,colourful_cartoon,two_tier_round,balloon_setup,two_side_tables,72,bakesmart_rule_generator_v1,4,synthetic_rule_based,pending_expert_review,train,20260817,"Theme-conditioned preferences; cake guest band 35-90; decor-conditioned venue/budget; layout derived from guests, venue and decor."
BSAR2172,anniversary,hall,19,6.7,5.7,38.2,55000,2895,adult,day,gold,traditional,traditional_luxury,single_tier_square,minimal_backdrop,single_cake_table,19,bakesmart_rule_generator_v1,5,synthetic_rule_based,pending_expert_review,validation,20260817,"Theme-conditioned preferences; cake guest band 15-40; decor-conditioned venue/budget; layout derived from guests, venue and decor."
BSAR2173,wedding,outdoor,56,15.7,8.7,136.6,87000,1554,mixed,night,purple,traditional,traditional_luxury,two_tier_round,minimal_backdrop,cake_and_dessert_table,56,bakesmart_rule_generator_v1,5,synthetic_rule_based,pending_expert_review,train,20260817,"Theme-conditioned preferences; cake guest band 35-90; decor-conditioned venue/budget; layout derived from guests, venue and decor."
BSAR2174,anniversary,outdoor,21,9.3,5.6,52.1,60000,2857,adult,day,gold,traditional,traditional_luxury,single_tier_square,minimal_backdrop,single_cake_table,21,bakesmart_rule_generator_v1,5,synthetic_rule_based,pending_expert_review,train,20260817,"Theme-conditioned preferences; cake guest band 15-40; decor-conditioned venue/budget; layout derived from guests, venue and decor."
BSAR2175,anniversary,outdoor,90,16.5,10.9,179.9,255000,2833,adult,night,gold,elegant,elegant_gold,two_tier_round,balloon_setup,two_side_tables,90,bakesmart_rule_generator_v1,5,synthetic_rule_based,pending_expert_review,train,20260817,"Theme-conditioned preferences; cake guest band 35-90; decor-conditioned venue/budget; layout derived from guests, venue and decor."
BSAR2176,birthday,restaurant,217,20.5,11.6,237.8,602000,2774,adult,night,mixed,elegant,pastel_floral,three_tier_luxury,minimal_backdrop,two_side_tables,217,bakesmart_rule_generator_v1,5,synthetic_rule_based,pending_expert_review,validation,20260817,"Theme-conditioned preferences; cake guest band 90-250; decor-conditioned venue/budget; layout derived from guests, venue and decor."
BSAR2177,birthday,home,39,7.8,4.8,37.4,125000,3205,adult,day,gold,elegant,modern_minimal,single_tier_square,balloon_setup,cake_and_dessert_table,39,bakesmart_rule_generator_v1,4,synthetic_rule_based,pending_expert_review,train,20260817,"Theme-conditioned preferences; cake guest band 15-40; decor-conditioned venue/budget; layout derived from guests, venue and decor."
BSAR2178,anniversary,outdoor,236,28.5,15.9,453.2,599000,2538,adult,day,white,elegant,elegant_gold,three_tier_luxury,rustic_wood_setup,two_side_tables,236,bakesmart_rule_generator_v1,5,synthetic_rule_based,pending_expert_review,train,20260817,"Theme-conditioned preferences; cake guest band 90-250; decor-conditioned venue/budget; layout derived from guests, venue and decor."
BSAR2179,birthday,restaurant,59,9.7,6.7,65,137000,2322,child,day,white,minimal,modern_minimal,two_tier_floral,minimal_backdrop,cake_and_dessert_table,59,bakesmart_rule_generator_v1,5,synthetic_rule_based,pending_expert_review,train,20260817,"Theme-conditioned preferences; cake guest band 45-120; decor-conditioned venue/budget; layout derived from guests, venue and decor."
BSAR2180,birthday,restaurant,48,9.5,5.5,52.3,247000,5146,teenager,night,pink,colourful,colourful_cartoon,two_tier_round,flower_wall,cake_and_dessert_table,48,bakesmart_rule_generator_v1,5,synthetic_rule_based,pending_expert_review,train,20260817,"Theme-conditioned preferences; cake guest band 35-90; decor-conditioned venue/budget; layout derived from guests, venue and decor."
BSAR2181,birthday,hall,53,10.6,7.8,82.7,529000,9981,adult,night,blue,minimal,modern_minimal,two_tier_round,luxury_stage,full_stage_setup,53,bakesmart_rule_generator_v1,5,synthetic_rule_based,pending_expert_review,train,20260817,"Theme-conditioned preferences; cake guest band 35-90; decor-conditioned venue/budget; layout derived from guests, venue and decor."
BSAR2182,graduation,hall,81,13.9,8.3,115.4,730000,9012,adult,night,blue,rustic,modern_minimal,two_tier_floral,luxury_stage,full_stage_setup,81,bakesmart_rule_generator_v1,4,synthetic_rule_based,pending_expert_review,validation,20260817,"Theme-conditioned preferences; cake guest band 45-120; decor-conditioned venue/budget; layout derived from guests, venue and decor."
BSAR2183,baby_shower,outdoor,30,9.8,5.9,57.8,103000,3433,adult,day,mixed,colourful,colourful_cartoon,single_tier_square,balloon_setup,cake_and_dessert_table,30,bakesmart_rule_generator_v1,5,synthetic_rule_based,pending_expert_review,validation,20260817,"Theme-conditioned preferences; cake guest band 15-40; decor-conditioned venue/budget; layout derived from guests, venue and decor."
BSAR2184,baby_shower,hall,18,8.1,4.7,38.1,275000,15278,adult,night,pink,rustic,pastel_floral,single_tier_round,luxury_stage,full_stage_setup,18,bakesmart_rule_generator_v1,4,synthetic_rule_based,pending_expert_review,train,20260817,"Theme-conditioned preferences; cake guest band 8-25; decor-conditioned venue/budget; layout derived from guests, venue and decor."
BSAR2185,wedding,outdoor,118,17.3,11.7,202.4,498000,4220,adult,day,mixed,rustic,rustic_natural,three_tier_luxury,rustic_wood_setup,two_side_tables,118,bakesmart_rule_generator_v1,5,synthetic_rule_based,pending_expert_review,test,20260817,"Theme-conditioned preferences; cake guest band 90-250; decor-conditioned venue/budget; layout derived from guests, venue and decor."
BSAR2186,baby_shower,restaurant,21,7.6,4.3,32.7,366000,17429,adult,night,pink,traditional,pastel_floral,single_tier_round,luxury_stage,full_stage_setup,21,bakesmart_rule_generator_v1,4,synthetic_rule_based,pending_expert_review,train,20260817,"Theme-conditioned preferences; cake guest band 8-25; decor-conditioned venue/budget; layout derived from guests, venue and decor."
BSAR2187,graduation,home,68,10.8,6.1,65.9,112000,1647,adult,night,blue,colourful,colourful_cartoon,two_tier_round,balloon_setup,cake_and_dessert_table,68,bakesmart_rule_generator_v1,5,synthetic_rule_based,pending_expert_review,train,20260817,"Theme-conditioned preferences; cake guest band 35-90; decor-conditioned venue/budget; layout derived from guests, venue and decor."
BSAR2188,birthday,home,97,14.5,8.3,120.4,251000,2588,child,night,red,elegant,traditional_luxury,two_tier_floral,minimal_backdrop,two_side_tables,97,bakesmart_rule_generator_v1,5,synthetic_rule_based,pending_expert_review,train,20260817,"Theme-conditioned preferences; cake guest band 45-120; decor-conditioned venue/budget; layout derived from guests, venue and decor."
BSAR2189,birthday,restaurant,79,13.7,8.6,117.8,175000,2215,teenager,night,purple,elegant,pastel_floral,two_tier_round,minimal_backdrop,two_side_tables,79,bakesmart_rule_generator_v1,5,synthetic_rule_based,pending_expert_review,validation,20260817,"Theme-conditioned preferences; cake guest band 35-90; decor-conditioned venue/budget; layout derived from guests, venue and decor."
BSAR2190,graduation,restaurant,145,19.1,10.2,194.8,1240000,8552,adult,night,white,rustic,rustic_natural,three_tier_luxury,luxury_stage,full_stage_setup,145,bakesmart_rule_generator_v1,4,synthetic_rule_based,pending_expert_review,train,20260817,"Theme-conditioned preferences; cake guest band 90-250; decor-conditioned venue/budget; layout derived from guests, venue and decor."
BSAR2191,wedding,hall,16,7.3,5.8,42.3,244000,15250,adult,night,gold,elegant,elegant_gold,single_tier_round,luxury_stage,full_stage_setup,16,bakesmart_rule_generator_v1,5,synthetic_rule_based,pending_expert_review,test,20260817,"Theme-conditioned preferences; cake guest band 8-25; decor-conditioned venue/budget; layout derived from guests, venue and decor."
BSAR2192,graduation,home,221,18.5,9.9,183.2,598000,2706,mixed,day,purple,colourful,colourful_cartoon,three_tier_luxury,minimal_backdrop,two_side_tables,221,bakesmart_rule_generator_v1,5,synthetic_rule_based,pending_expert_review,train,20260817,"Theme-conditioned preferences; cake guest band 90-250; decor-conditioned venue/budget; layout derived from guests, venue and decor."
BSAR2193,wedding,home,100,12.7,7.2,91.4,388000,3880,mixed,night,red,elegant,traditional_luxury,two_tier_floral,flower_wall,two_side_tables,100,bakesmart_rule_generator_v1,5,synthetic_rule_based,pending_expert_review,train,20260817,"Theme-conditioned preferences; cake guest band 45-120; decor-conditioned venue/budget; layout derived from guests, venue and decor."
BSAR2194,wedding,hall,81,13.6,9.8,133.3,208000,2568,adult,night,red,elegant,elegant_gold,two_tier_round,minimal_backdrop,two_side_tables,81,bakesmart_rule_generator_v1,5,synthetic_rule_based,pending_expert_review,train,20260817,"Theme-conditioned preferences; cake guest band 35-90; decor-conditioned venue/budget; layout derived from guests, venue and decor."
BSAR2195,anniversary,hall,88,12.2,10.6,129.3,165000,1875,adult,night,gold,minimal,modern_minimal,two_tier_round,balloon_setup,two_side_tables,88,bakesmart_rule_generator_v1,5,synthetic_rule_based,pending_expert_review,train,20260817,"Theme-conditioned preferences; cake guest band 35-90; decor-conditioned venue/budget; layout derived from guests, venue and decor."
BSAR2196,birthday,hall,12,6.7,5.7,38.2,240000,20000,teenager,night,mixed,colourful,colourful_cartoon,single_tier_round,luxury_stage,full_stage_setup,12,bakesmart_rule_generator_v1,5,synthetic_rule_based,pending_expert_review,train,20260817,"Theme-conditioned preferences; cake guest band 8-25; decor-conditioned venue/budget; layout derived from guests, venue and decor."
BSAR2197,graduation,hall,237,21.2,14.1,298.9,450000,1899,adult,day,purple,colourful,colourful_cartoon,three_tier_luxury,minimal_backdrop,full_stage_setup,237,bakesmart_rule_generator_v1,5,synthetic_rule_based,pending_expert_review,train,20260817,"Theme-conditioned preferences; cake guest band 90-250; decor-conditioned venue/budget; layout derived from guests, venue and decor."
BSAR2198,anniversary,outdoor,50,10.4,8,83.2,126000,2520,mixed,day,pink,minimal,pastel_floral,two_tier_round,minimal_backdrop,cake_and_dessert_table,50,bakesmart_rule_generator_v1,4,synthetic_rule_based,pending_expert_review,train,20260817,"Theme-conditioned preferences; cake guest band 35-90; decor-conditioned venue/budget; layout derived from guests, venue and decor."
BSAR2199,anniversary,hall,222,23.8,16.5,392.7,630000,2838,mixed,night,gold,traditional,elegant_gold,three_tier_luxury,rustic_wood_setup,full_stage_setup,222,bakesmart_rule_generator_v1,4,synthetic_rule_based,pending_expert_review,test,20260817,"Theme-conditioned preferences; cake guest band 90-250; decor-conditioned venue/budget; layout derived from guests, venue and decor."
BSAR2200,birthday,home,118,14.1,9.7,136.8,378000,3203,child,night,green,elegant,traditional_luxury,two_tier_floral,flower_wall,two_side_tables,118,bakesmart_rule_generator_v1,5,synthetic_rule_based,pending_expert_review,train,20260817,"Theme-conditioned preferences; cake guest band 45-120; decor-conditioned venue/budget; layout derived from guests, venue and decor."
BSAR2201,birthday,outdoor,8,7.1,4.3,30.5,70000,8750,teenager,night,mixed,colourful,colourful_cartoon,single_tier_round,rustic_wood_setup,single_cake_table,8,bakesmart_rule_generator_v1,5,synthetic_rule_based,pending_expert_review,test,20260817,"Theme-conditioned preferences; cake guest band 8-25; decor-conditioned venue/budget; layout derived from guests, venue and decor."
BSAR2202,wedding,hall,98,14.1,10.2,143.8,614000,6265,adult,day,white,minimal,modern_minimal,two_tier_floral,luxury_stage,full_stage_setup,98,bakesmart_rule_generator_v1,5,synthetic_rule_based,pending_expert_review,validation,20260817,"Theme-conditioned preferences; cake guest band 45-120; decor-conditioned venue/budget; layout derived from guests, venue and decor."
BSAR2203,wedding,home,15,7.3,3.9,28.5,46000,3067,mixed,day,green,colourful,traditional_luxury,single_tier_round,minimal_backdrop,single_cake_table,15,bakesmart_rule_generator_v1,4,synthetic_rule_based,pending_expert_review,train,20260817,"Theme-conditioned preferences; cake guest band 8-25; decor-conditioned venue/budget; layout derived from guests, venue and decor."
BSAR2204,birthday,outdoor,74,13.9,9,125.1,346000,4676,child,day,mixed,colourful,colourful_cartoon,two_tier_floral,rustic_wood_setup,two_side_tables,74,bakesmart_rule_generator_v1,5,synthetic_rule_based,pending_expert_review,train,20260817,"Theme-conditioned preferences; cake guest band 45-120; decor-conditioned venue/budget; layout derived from guests, venue and decor."
BSAR2205,birthday,hall,24,8.4,4.9,41.2,119000,4958,adult,day,white,minimal,modern_minimal,single_tier_square,rustic_wood_setup,single_cake_table,24,bakesmart_rule_generator_v1,5,synthetic_rule_based,pending_expert_review,validation,20260817,"Theme-conditioned preferences; cake guest band 15-40; decor-conditioned venue/budget; layout derived from guests, venue and decor."
BSAR2206,birthday,hall,28,7,5.3,37.1,121000,4321,mixed,night,purple,elegant,pastel_floral,single_tier_square,rustic_wood_setup,single_cake_table,28,bakesmart_rule_generator_v1,5,synthetic_rule_based,pending_expert_review,train,20260817,"Theme-conditioned preferences; cake guest band 15-40; decor-conditioned venue/budget; layout derived from guests, venue and decor."
BSAR2207,birthday,home,71,11.3,6,67.8,306000,4310,mixed,night,red,rustic,rustic_natural,two_tier_round,rustic_wood_setup,two_side_tables,71,bakesmart_rule_generator_v1,5,synthetic_rule_based,pending_expert_review,train,20260817,"Theme-conditioned preferences; cake guest band 35-90; decor-conditioned venue/budget; layout derived from guests, venue and decor."
BSAR2208,baby_shower,restaurant,117,14.4,12.3,177.1,845000,7222,adult,night,white,traditional,pastel_floral,two_tier_floral,luxury_stage,full_stage_setup,117,bakesmart_rule_generator_v1,4,synthetic_rule_based,pending_expert_review,test,20260817,"Theme-conditioned preferences; cake guest band 45-120; decor-conditioned venue/budget; layout derived from guests, venue and decor."
BSAR2209,birthday,restaurant,83,13.5,8.8,118.8,306000,3687,child,day,gold,elegant,modern_minimal,two_tier_round,flower_wall,two_side_tables,83,bakesmart_rule_generator_v1,4,synthetic_rule_based,pending_expert_review,train,20260817,"Theme-conditioned preferences; cake guest band 35-90; decor-conditioned venue/budget; layout derived from guests, venue and decor."
BSAR2210,wedding,home,39,7.5,6.3,47.3,208000,5333,adult,night,purple,traditional,traditional_luxury,single_tier_square,flower_wall,cake_and_dessert_table,39,bakesmart_rule_generator_v1,5,synthetic_rule_based,pending_expert_review,train,20260817,"Theme-conditioned preferences; cake guest band 15-40; decor-conditioned venue/budget; layout derived from guests, venue and decor."
BSAR2211,birthday,hall,10,6.8,3.8,25.8,36000,3600,child,day,pink,colourful,colourful_cartoon,single_tier_round,balloon_setup,single_cake_table,10,bakesmart_rule_generator_v1,5,synthetic_rule_based,pending_expert_review,train,20260817,"Theme-conditioned preferences; cake guest band 8-25; decor-conditioned venue/budget; layout derived from guests, venue and decor."
BSAR2212,wedding,outdoor,94,15.6,10.1,157.6,286000,3043,adult,night,red,rustic,rustic_natural,two_tier_floral,rustic_wood_setup,two_side_tables,94,bakesmart_rule_generator_v1,5,synthetic_rule_based,pending_expert_review,test,20260817,"Theme-conditioned preferences; cake guest band 45-120; decor-conditioned venue/budget; layout derived from guests, venue and decor."
BSAR2213,graduation,restaurant,15,7.8,4.2,32.8,318000,21200,teenager,night,green,rustic,rustic_natural,single_tier_square,luxury_stage,full_stage_setup,15,bakesmart_rule_generator_v1,4,synthetic_rule_based,pending_expert_review,train,20260817,"Theme-conditioned preferences; cake guest band 15-40; decor-conditioned venue/budget; layout derived from guests, venue and decor."
BSAR2214,wedding,hall,118,18.2,10.4,189.3,275000,2331,adult,night,mixed,minimal,modern_minimal,two_tier_floral,balloon_setup,full_stage_setup,118,bakesmart_rule_generator_v1,5,synthetic_rule_based,pending_expert_review,train,20260817,"Theme-conditioned preferences; cake guest band 45-120; decor-conditioned venue/budget; layout derived from guests, venue and decor."
BSAR2215,birthday,hall,53,11,6.1,67.1,82000,1547,mixed,day,red,rustic,rustic_natural,two_tier_round,minimal_backdrop,cake_and_dessert_table,53,bakesmart_rule_generator_v1,5,synthetic_rule_based,pending_expert_review,validation,20260817,"Theme-conditioned preferences; cake guest band 35-90; decor-conditioned venue/budget; layout derived from guests, venue and decor."
BSAR2216,anniversary,outdoor,44,11.7,9.6,112.3,170000,3864,mixed,night,gold,traditional,elegant_gold,two_tier_round,rustic_wood_setup,cake_and_dessert_table,44,bakesmart_rule_generator_v1,4,synthetic_rule_based,pending_expert_review,validation,20260817,"Theme-conditioned preferences; cake guest band 35-90; decor-conditioned venue/budget; layout derived from guests, venue and decor."
BSAR2217,anniversary,home,31,6.5,5.9,38.4,133000,4290,adult,day,mixed,elegant,pastel_floral,single_tier_square,flower_wall,cake_and_dessert_table,31,bakesmart_rule_generator_v1,5,synthetic_rule_based,pending_expert_review,train,20260817,"Theme-conditioned preferences; cake guest band 15-40; decor-conditioned venue/budget; layout derived from guests, venue and decor."
BSAR2218,wedding,home,11,6.4,3.5,22.4,83000,7545,adult,day,pink,minimal,pastel_floral,single_tier_round,flower_wall,single_cake_table,11,bakesmart_rule_generator_v1,4,synthetic_rule_based,pending_expert_review,train,20260817,"Theme-conditioned preferences; cake guest band 8-25; decor-conditioned venue/budget; layout derived from guests, venue and decor."
BSAR2219,wedding,outdoor,69,14.1,7.5,105.8,274000,3971,mixed,night,white,traditional,elegant_gold,two_tier_floral,rustic_wood_setup,cake_and_dessert_table,69,bakesmart_rule_generator_v1,4,synthetic_rule_based,pending_expert_review,validation,20260817,"Theme-conditioned preferences; cake guest band 45-120; decor-conditioned venue/budget; layout derived from guests, venue and decor."
BSAR2220,baby_shower,hall,120,14.5,11.3,163.9,219000,1825,mixed,night,mixed,rustic,pastel_floral,three_tier_luxury,balloon_setup,full_stage_setup,120,bakesmart_rule_generator_v1,4,synthetic_rule_based,pending_expert_review,test,20260817,"Theme-conditioned preferences; cake guest band 90-250; decor-conditioned venue/budget; layout derived from guests, venue and decor."
BSAR2221,baby_shower,restaurant,156,16.4,9.2,150.9,255000,1635,adult,night,gold,traditional,elegant_gold,three_tier_luxury,minimal_backdrop,two_side_tables,156,bakesmart_rule_generator_v1,4,synthetic_rule_based,pending_expert_review,train,20260817,"Theme-conditioned preferences; cake guest band 90-250; decor-conditioned venue/budget; layout derived from guests, venue and decor."
BSAR2222,birthday,home,19,6,4.9,29.4,104000,5474,adult,night,red,traditional,traditional_luxury,single_tier_round,flower_wall,single_cake_table,19,bakesmart_rule_generator_v1,5,synthetic_rule_based,pending_expert_review,train,20260817,"Theme-conditioned preferences; cake guest band 8-25; decor-conditioned venue/budget; layout derived from guests, venue and decor."
BSAR2223,anniversary,hall,234,19.3,14.6,281.8,528000,2256,mixed,day,gold,elegant,elegant_gold,three_tier_luxury,minimal_backdrop,full_stage_setup,234,bakesmart_rule_generator_v1,5,synthetic_rule_based,pending_expert_review,train,20260817,"Theme-conditioned preferences; cake guest band 90-250; decor-conditioned venue/budget; layout derived from guests, venue and decor."
BSAR2224,wedding,home,107,10.5,8.8,92.4,434000,4056,adult,day,white,rustic,rustic_natural,two_tier_floral,rustic_wood_setup,two_side_tables,107,bakesmart_rule_generator_v1,5,synthetic_rule_based,pending_expert_review,train,20260817,"Theme-conditioned preferences; cake guest band 45-120; decor-conditioned venue/budget; layout derived from guests, venue and decor."
BSAR2225,graduation,hall,16,6.5,4,26,133000,8313,mixed,night,white,minimal,modern_minimal,single_tier_round,luxury_stage,full_stage_setup,16,bakesmart_rule_generator_v1,5,synthetic_rule_based,pending_expert_review,train,20260817,"Theme-conditioned preferences; cake guest band 8-25; decor-conditioned venue/budget; layout derived from guests, venue and decor."
BSAR2226,birthday,hall,32,10,6.4,64,436000,13625,teenager,day,pink,colourful,colourful_cartoon,single_tier_square,luxury_stage,full_stage_setup,32,bakesmart_rule_generator_v1,5,synthetic_rule_based,pending_expert_review,validation,20260817,"Theme-conditioned preferences; cake guest band 15-40; decor-conditioned venue/budget; layout derived from guests, venue and decor."
BSAR2227,anniversary,hall,21,8.7,5.6,48.7,52000,2476,adult,night,white,minimal,modern_minimal,single_tier_round,balloon_setup,single_cake_table,21,bakesmart_rule_generator_v1,5,synthetic_rule_based,pending_expert_review,test,20260817,"Theme-conditioned preferences; cake guest band 8-25; decor-conditioned venue/budget; layout derived from guests, venue and decor."
BSAR2228,baby_shower,hall,13,7.2,4.5,32.4,165000,12692,adult,day,pink,minimal,colourful_cartoon,single_tier_round,luxury_stage,full_stage_setup,13,bakesmart_rule_generator_v1,4,synthetic_rule_based,pending_expert_review,train,20260817,"Theme-conditioned preferences; cake guest band 8-25; decor-conditioned venue/budget; layout derived from guests, venue and decor."
BSAR2229,anniversary,outdoor,22,9.4,6.1,57.3,108000,4909,mixed,day,green,traditional,traditional_luxury,single_tier_square,rustic_wood_setup,single_cake_table,22,bakesmart_rule_generator_v1,5,synthetic_rule_based,pending_expert_review,train,20260817,"Theme-conditioned preferences; cake guest band 15-40; decor-conditioned venue/budget; layout derived from guests, venue and decor."
BSAR2230,wedding,home,94,13.7,7.2,98.6,275000,2926,adult,night,white,rustic,rustic_natural,two_tier_floral,balloon_setup,two_side_tables,94,bakesmart_rule_generator_v1,5,synthetic_rule_based,pending_expert_review,train,20260817,"Theme-conditioned preferences; cake guest band 45-120; decor-conditioned venue/budget; layout derived from guests, venue and decor."
BSAR2231,birthday,hall,62,12.3,7.2,88.6,277000,4468,child,day,mixed,elegant,colourful_cartoon,two_tier_round,flower_wall,cake_and_dessert_table,62,bakesmart_rule_generator_v1,4,synthetic_rule_based,pending_expert_review,train,20260817,"Theme-conditioned preferences; cake guest band 35-90; decor-conditioned venue/budget; layout derived from guests, venue and decor."
BSAR2232,birthday,home,184,15.9,9.7,154.2,311000,1690,mixed,night,green,elegant,rustic_natural,three_tier_luxury,balloon_setup,two_side_tables,184,bakesmart_rule_generator_v1,4,synthetic_rule_based,pending_expert_review,train,20260817,"Theme-conditioned preferences; cake guest band 90-250; decor-conditioned venue/budget; layout derived from guests, venue and decor."
BSAR2233,graduation,outdoor,43,9.2,6.7,61.6,163000,3791,teenager,day,white,minimal,modern_minimal,two_tier_round,rustic_wood_setup,cake_and_dessert_table,43,bakesmart_rule_generator_v1,5,synthetic_rule_based,pending_expert_review,train,20260817,"Theme-conditioned preferences; cake guest band 35-90; decor-conditioned venue/budget; layout derived from guests, venue and decor."
BSAR2234,wedding,restaurant,105,12.3,9.2,113.2,967000,9210,adult,night,gold,elegant,elegant_gold,two_tier_floral,luxury_stage,full_stage_setup,105,bakesmart_rule_generator_v1,4,synthetic_rule_based,pending_expert_review,train,20260817,"Theme-conditioned preferences; cake guest band 45-120; decor-conditioned venue/budget; layout derived from guests, venue and decor."
BSAR2235,graduation,hall,19,7.5,5.3,39.8,364000,19158,adult,night,gold,minimal,elegant_gold,single_tier_round,luxury_stage,full_stage_setup,19,bakesmart_rule_generator_v1,4,synthetic_rule_based,pending_expert_review,train,20260817,"Theme-conditioned preferences; cake guest band 8-25; decor-conditioned venue/budget; layout derived from guests, venue and decor."
BSAR2236,anniversary,outdoor,88,15.9,10.3,163.8,509000,5784,adult,day,purple,rustic,pastel_floral,two_tier_floral,luxury_stage,full_stage_setup,88,bakesmart_rule_generator_v1,4,synthetic_rule_based,pending_expert_review,train,20260817,"Theme-conditioned preferences; cake guest band 45-120; decor-conditioned venue/budget; layout derived from guests, venue and decor."
BSAR2237,anniversary,hall,22,8.1,5,40.5,259000,11773,adult,night,white,elegant,elegant_gold,single_tier_round,luxury_stage,full_stage_setup,22,bakesmart_rule_generator_v1,5,synthetic_rule_based,pending_expert_review,train,20260817,"Theme-conditioned preferences; cake guest band 8-25; decor-conditioned venue/budget; layout derived from guests, venue and decor."
BSAR2238,anniversary,home,24,5.7,3.9,22.2,86000,3583,adult,day,green,elegant,modern_minimal,single_tier_square,balloon_setup,single_cake_table,24,bakesmart_rule_generator_v1,4,synthetic_rule_based,pending_expert_review,validation,20260817,"Theme-conditioned preferences; cake guest band 15-40; decor-conditioned venue/budget; layout derived from guests, venue and decor."
BSAR2239,baby_shower,restaurant,46,9.3,5.9,54.9,185000,4022,adult,day,mixed,colourful,colourful_cartoon,two_tier_round,flower_wall,cake_and_dessert_table,46,bakesmart_rule_generator_v1,5,synthetic_rule_based,pending_expert_review,train,20260817,"Theme-conditioned preferences; cake guest band 35-90; decor-conditioned venue/budget; layout derived from guests, venue and decor."
BSAR2240,birthday,restaurant,12,5.7,4.2,23.9,75000,6250,teenager,night,white,rustic,rustic_natural,single_tier_round,flower_wall,single_cake_table,12,bakesmart_rule_generator_v1,5,synthetic_rule_based,pending_expert_review,train,20260817,"Theme-conditioned preferences; cake guest band 8-25; decor-conditioned venue/budget; layout derived from guests, venue and decor."
BSAR2241,anniversary,restaurant,91,13.1,7.2,94.3,140000,1538,adult,night,red,traditional,traditional_luxury,two_tier_floral,minimal_backdrop,two_side_tables,91,bakesmart_rule_generator_v1,5,synthetic_rule_based,pending_expert_review,train,20260817,"Theme-conditioned preferences; cake guest band 45-120; decor-conditioned venue/budget; layout derived from guests, venue and decor."
BSAR2242,graduation,home,26,8.2,5.7,46.7,56000,2154,teenager,night,gold,minimal,elegant_gold,single_tier_square,minimal_backdrop,single_cake_table,26,bakesmart_rule_generator_v1,4,synthetic_rule_based,pending_expert_review,train,20260817,"Theme-conditioned preferences; cake guest band 15-40; decor-conditioned venue/budget; layout derived from guests, venue and decor."
BSAR2243,wedding,outdoor,181,24.7,13.2,326,1035000,5718,adult,day,white,elegant,traditional_luxury,three_tier_luxury,luxury_stage,full_stage_setup,181,bakesmart_rule_generator_v1,4,synthetic_rule_based,pending_expert_review,train,20260817,"Theme-conditioned preferences; cake guest band 90-250; decor-conditioned venue/budget; layout derived from guests, venue and decor."
BSAR2244,birthday,outdoor,30,11.7,6.7,78.4,109000,3633,adult,night,mixed,colourful,colourful_cartoon,single_tier_square,rustic_wood_setup,cake_and_dessert_table,30,bakesmart_rule_generator_v1,5,synthetic_rule_based,pending_expert_review,train,20260817,"Theme-conditioned preferences; cake guest band 15-40; decor-conditioned venue/budget; layout derived from guests, venue and decor."
BSAR2245,birthday,restaurant,67,12.7,7,88.9,139000,2075,child,night,pink,elegant,pastel_floral,two_tier_round,minimal_backdrop,cake_and_dessert_table,67,bakesmart_rule_generator_v1,5,synthetic_rule_based,pending_expert_review,train,20260817,"Theme-conditioned preferences; cake guest band 35-90; decor-conditioned venue/budget; layout derived from guests, venue and decor."
BSAR2246,wedding,restaurant,17,6.4,4.2,26.9,60000,3529,adult,night,gold,elegant,elegant_gold,single_tier_square,minimal_backdrop,single_cake_table,17,bakesmart_rule_generator_v1,5,synthetic_rule_based,pending_expert_review,test,20260817,"Theme-conditioned preferences; cake guest band 15-40; decor-conditioned venue/budget; layout derived from guests, venue and decor."
BSAR2247,birthday,hall,9,5.3,3.2,17,71000,7889,child,night,red,traditional,traditional_luxury,single_tier_round,rustic_wood_setup,single_cake_table,9,bakesmart_rule_generator_v1,5,synthetic_rule_based,pending_expert_review,train,20260817,"Theme-conditioned preferences; cake guest band 8-25; decor-conditioned venue/budget; layout derived from guests, venue and decor."
BSAR2248,graduation,home,204,19.2,10.4,199.7,520000,2549,adult,day,green,rustic,rustic_natural,three_tier_luxury,rustic_wood_setup,two_side_tables,204,bakesmart_rule_generator_v1,5,synthetic_rule_based,pending_expert_review,train,20260817,"Theme-conditioned preferences; cake guest band 90-250; decor-conditioned venue/budget; layout derived from guests, venue and decor."
BSAR2249,wedding,home,84,10.5,7.1,74.6,234000,2786,adult,night,gold,elegant,elegant_gold,two_tier_floral,rustic_wood_setup,two_side_tables,84,bakesmart_rule_generator_v1,5,synthetic_rule_based,pending_expert_review,train,20260817,"Theme-conditioned preferences; cake guest band 45-120; decor-conditioned venue/budget; layout derived from guests, venue and decor."
BSAR2250,anniversary,restaurant,105,14.2,9,127.8,690000,6571,adult,night,mixed,minimal,modern_minimal,two_tier_floral,luxury_stage,full_stage_setup,105,bakesmart_rule_generator_v1,4,synthetic_rule_based,pending_expert_review,test,20260817,"Theme-conditioned preferences; cake guest band 45-120; decor-conditioned venue/budget; layout derived from guests, venue and decor."
BSAR2251,wedding,hall,75,11.5,9.8,112.7,246000,3280,adult,night,gold,elegant,elegant_gold,two_tier_floral,flower_wall,two_side_tables,75,bakesmart_rule_generator_v1,5,synthetic_rule_based,pending_expert_review,train,20260817,"Theme-conditioned preferences; cake guest band 45-120; decor-conditioned venue/budget; layout derived from guests, venue and decor."
BSAR2252,birthday,hall,98,13.8,9.8,135.2,210000,2143,teenager,night,white,traditional,pastel_floral,three_tier_luxury,balloon_setup,two_side_tables,98,bakesmart_rule_generator_v1,4,synthetic_rule_based,pending_expert_review,validation,20260817,"Theme-conditioned preferences; cake guest band 90-250; decor-conditioned venue/budget; layout derived from guests, venue and decor."
BSAR2253,birthday,home,115,12.7,9.5,120.7,250000,2174,mixed,day,white,minimal,modern_minimal,two_tier_floral,balloon_setup,two_side_tables,115,bakesmart_rule_generator_v1,5,synthetic_rule_based,pending_expert_review,train,20260817,"Theme-conditioned preferences; cake guest band 45-120; decor-conditioned venue/budget; layout derived from guests, venue and decor."
BSAR2254,baby_shower,hall,44,10,6.1,61,416000,9455,mixed,night,blue,elegant,pastel_floral,two_tier_round,luxury_stage,full_stage_setup,44,bakesmart_rule_generator_v1,5,synthetic_rule_based,pending_expert_review,train,20260817,"Theme-conditioned preferences; cake guest band 35-90; decor-conditioned venue/budget; layout derived from guests, venue and decor."
BSAR2255,anniversary,hall,21,8.9,5.4,48.1,133000,6333,adult,night,gold,elegant,elegant_gold,single_tier_square,flower_wall,single_cake_table,21,bakesmart_rule_generator_v1,5,synthetic_rule_based,pending_expert_review,validation,20260817,"Theme-conditioned preferences; cake guest band 15-40; decor-conditioned venue/budget; layout derived from guests, venue and decor."
BSAR2256,anniversary,hall,64,15,8.5,127.5,105000,1641,adult,night,red,rustic,rustic_natural,two_tier_floral,minimal_backdrop,cake_and_dessert_table,64,bakesmart_rule_generator_v1,5,synthetic_rule_based,pending_expert_review,train,20260817,"Theme-conditioned preferences; cake guest band 45-120; decor-conditioned venue/budget; layout derived from guests, venue and decor."
BSAR2257,birthday,restaurant,79,10.8,9,97.2,229000,2899,mixed,night,green,colourful,colourful_cartoon,two_tier_round,rustic_wood_setup,two_side_tables,79,bakesmart_rule_generator_v1,5,synthetic_rule_based,pending_expert_review,train,20260817,"Theme-conditioned preferences; cake guest band 35-90; decor-conditioned venue/budget; layout derived from guests, venue and decor."
BSAR2258,anniversary,hall,200,19.7,14.4,283.7,426000,2130,adult,day,gold,elegant,elegant_gold,three_tier_luxury,minimal_backdrop,full_stage_setup,200,bakesmart_rule_generator_v1,5,synthetic_rule_based,pending_expert_review,train,20260817,"Theme-conditioned preferences; cake guest band 90-250; decor-conditioned venue/budget; layout derived from guests, venue and decor."
BSAR2259,graduation,home,16,6.3,5.2,32.8,57000,3563,adult,day,mixed,colourful,colourful_cartoon,single_tier_round,rustic_wood_setup,single_cake_table,16,bakesmart_rule_generator_v1,5,synthetic_rule_based,pending_expert_review,train,20260817,"Theme-conditioned preferences; cake guest band 8-25; decor-conditioned venue/budget; layout derived from guests, venue and decor."
BSAR2260,anniversary,hall,120,15.5,14,217,219000,1825,adult,night,gold,minimal,elegant_gold,two_tier_floral,minimal_backdrop,full_stage_setup,120,bakesmart_rule_generator_v1,4,synthetic_rule_based,pending_expert_review,test,20260817,"Theme-conditioned preferences; cake guest band 45-120; decor-conditioned venue/budget; layout derived from guests, venue and decor."
BSAR2261,birthday,hall,82,14.1,8.6,121.3,245000,2988,child,night,white,minimal,modern_minimal,two_tier_round,rustic_wood_setup,two_side_tables,82,bakesmart_rule_generator_v1,5,synthetic_rule_based,pending_expert_review,train,20260817,"Theme-conditioned preferences; cake guest band 35-90; decor-conditioned venue/budget; layout derived from guests, venue and decor."
BSAR2262,birthday,outdoor,128,19,10.4,197.6,647000,5055,child,day,blue,elegant,modern_minimal,three_tier_luxury,flower_wall,two_side_tables,128,bakesmart_rule_generator_v1,4,synthetic_rule_based,pending_expert_review,validation,20260817,"Theme-conditioned preferences; cake guest band 90-250; decor-conditioned venue/budget; layout derived from guests, venue and decor."
BSAR2263,wedding,outdoor,72,13.9,10.3,143.2,217000,3014,adult,night,red,traditional,traditional_luxury,two_tier_floral,balloon_setup,two_side_tables,72,bakesmart_rule_generator_v1,5,synthetic_rule_based,pending_expert_review,test,20260817,"Theme-conditioned preferences; cake guest band 45-120; decor-conditioned venue/budget; layout derived from guests, venue and decor."
BSAR2264,birthday,hall,127,17.6,13.7,241.1,224000,1764,adult,day,green,colourful,colourful_cartoon,three_tier_luxury,balloon_setup,full_stage_setup,127,bakesmart_rule_generator_v1,5,synthetic_rule_based,pending_expert_review,train,20260817,"Theme-conditioned preferences; cake guest band 90-250; decor-conditioned venue/budget; layout derived from guests, venue and decor."
BSAR2265,birthday,hall,34,10.6,6.4,67.8,63000,1853,teenager,night,gold,traditional,traditional_luxury,single_tier_square,minimal_backdrop,cake_and_dessert_table,34,bakesmart_rule_generator_v1,5,synthetic_rule_based,pending_expert_review,train,20260817,"Theme-conditioned preferences; cake guest band 15-40; decor-conditioned venue/budget; layout derived from guests, venue and decor."
BSAR2266,wedding,restaurant,51,8.9,8,71.2,128000,2510,mixed,night,gold,traditional,elegant_gold,two_tier_round,minimal_backdrop,cake_and_dessert_table,51,bakesmart_rule_generator_v1,4,synthetic_rule_based,pending_expert_review,train,20260817,"Theme-conditioned preferences; cake guest band 35-90; decor-conditioned venue/budget; layout derived from guests, venue and decor."
BSAR2267,anniversary,hall,73,13.6,8.7,118.3,125000,1712,adult,day,mixed,rustic,modern_minimal,two_tier_round,minimal_backdrop,two_side_tables,73,bakesmart_rule_generator_v1,4,synthetic_rule_based,pending_expert_review,train,20260817,"Theme-conditioned preferences; cake guest band 35-90; decor-conditioned venue/budget; layout derived from guests, venue and decor."
BSAR2268,birthday,outdoor,151,18,15.7,282.6,269000,1781,adult,day,purple,colourful,colourful_cartoon,three_tier_luxury,balloon_setup,two_side_tables,151,bakesmart_rule_generator_v1,5,synthetic_rule_based,pending_expert_review,train,20260817,"Theme-conditioned preferences; cake guest band 90-250; decor-conditioned venue/budget; layout derived from guests, venue and decor."
BSAR2269,birthday,restaurant,87,13.3,9.6,127.7,166000,1908,child,night,white,minimal,pastel_floral,two_tier_round,rustic_wood_setup,two_side_tables,87,bakesmart_rule_generator_v1,4,synthetic_rule_based,pending_expert_review,train,20260817,"Theme-conditioned preferences; cake guest band 35-90; decor-conditioned venue/budget; layout derived from guests, venue and decor."
BSAR2270,birthday,hall,110,16.9,9.3,157.2,400000,3636,teenager,night,white,rustic,rustic_natural,two_tier_floral,flower_wall,full_stage_setup,110,bakesmart_rule_generator_v1,5,synthetic_rule_based,pending_expert_review,train,20260817,"Theme-conditioned preferences; cake guest band 45-120; decor-conditioned venue/budget; layout derived from guests, venue and decor."
BSAR2271,wedding,hall,215,21.9,13,284.7,1400000,6512,adult,night,purple,minimal,elegant_gold,three_tier_luxury,luxury_stage,full_stage_setup,215,bakesmart_rule_generator_v1,4,synthetic_rule_based,pending_expert_review,train,20260817,"Theme-conditioned preferences; cake guest band 90-250; decor-conditioned venue/budget; layout derived from guests, venue and decor."
BSAR2272,wedding,hall,237,23.1,18.4,425,731000,3084,adult,night,white,minimal,rustic_natural,three_tier_luxury,rustic_wood_setup,full_stage_setup,237,bakesmart_rule_generator_v1,4,synthetic_rule_based,pending_expert_review,train,20260817,"Theme-conditioned preferences; cake guest band 90-250; decor-conditioned venue/budget; layout derived from guests, venue and decor."
BSAR2273,wedding,restaurant,9,6.4,3.6,23,28000,3111,mixed,night,gold,colourful,traditional_luxury,single_tier_round,minimal_backdrop,single_cake_table,9,bakesmart_rule_generator_v1,4,synthetic_rule_based,pending_expert_review,train,20260817,"Theme-conditioned preferences; cake guest band 8-25; decor-conditioned venue/budget; layout derived from guests, venue and decor."
BSAR2274,anniversary,hall,55,12.1,8.1,98,191000,3473,adult,night,purple,elegant,pastel_floral,two_tier_round,rustic_wood_setup,cake_and_dessert_table,55,bakesmart_rule_generator_v1,5,synthetic_rule_based,pending_expert_review,train,20260817,"Theme-conditioned preferences; cake guest band 35-90; decor-conditioned venue/budget; layout derived from guests, venue and decor."
BSAR2275,anniversary,home,174,14.8,10.1,149.5,927000,5328,mixed,day,mixed,minimal,modern_minimal,three_tier_luxury,flower_wall,two_side_tables,174,bakesmart_rule_generator_v1,5,synthetic_rule_based,pending_expert_review,train,20260817,"Theme-conditioned preferences; cake guest band 90-250; decor-conditioned venue/budget; layout derived from guests, venue and decor."
BSAR2276,graduation,home,118,11.6,9.5,110.2,268000,2271,mixed,night,red,traditional,elegant_gold,three_tier_luxury,rustic_wood_setup,two_side_tables,118,bakesmart_rule_generator_v1,4,synthetic_rule_based,pending_expert_review,validation,20260817,"Theme-conditioned preferences; cake guest band 90-250; decor-conditioned venue/budget; layout derived from guests, venue and decor."
BSAR2277,birthday,home,24,6.7,4.4,29.5,94000,3917,child,night,blue,minimal,modern_minimal,single_tier_round,flower_wall,single_cake_table,24,bakesmart_rule_generator_v1,5,synthetic_rule_based,pending_expert_review,test,20260817,"Theme-conditioned preferences; cake guest band 8-25; decor-conditioned venue/budget; layout derived from guests, venue and decor."
BSAR2278,wedding,hall,12,6.8,4.3,29.2,53000,4417,adult,night,gold,elegant,elegant_gold,single_tier_round,rustic_wood_setup,single_cake_table,12,bakesmart_rule_generator_v1,5,synthetic_rule_based,pending_expert_review,train,20260817,"Theme-conditioned preferences; cake guest band 8-25; decor-conditioned venue/budget; layout derived from guests, venue and decor."
BSAR2279,anniversary,restaurant,229,16.3,14.1,229.8,726000,3170,mixed,day,mixed,elegant,rustic_natural,three_tier_luxury,flower_wall,two_side_tables,229,bakesmart_rule_generator_v1,4,synthetic_rule_based,pending_expert_review,test,20260817,"Theme-conditioned preferences; cake guest band 90-250; decor-conditioned venue/budget; layout derived from guests, venue and decor."
BSAR2280,wedding,outdoor,39,10.4,6.1,63.4,87000,2231,mixed,day,white,minimal,modern_minimal,single_tier_square,balloon_setup,cake_and_dessert_table,39,bakesmart_rule_generator_v1,5,synthetic_rule_based,pending_expert_review,test,20260817,"Theme-conditioned preferences; cake guest band 15-40; decor-conditioned venue/budget; layout derived from guests, venue and decor."
BSAR2281,graduation,home,19,5.5,4.9,27,34000,1789,teenager,night,pink,colourful,colourful_cartoon,single_tier_round,minimal_backdrop,single_cake_table,19,bakesmart_rule_generator_v1,5,synthetic_rule_based,pending_expert_review,train,20260817,"Theme-conditioned preferences; cake guest band 8-25; decor-conditioned venue/budget; layout derived from guests, venue and decor."
BSAR2282,baby_shower,restaurant,19,7.4,5.2,38.5,247000,13000,adult,night,mixed,elegant,rustic_natural,single_tier_round,luxury_stage,full_stage_setup,19,bakesmart_rule_generator_v1,4,synthetic_rule_based,pending_expert_review,train,20260817,"Theme-conditioned preferences; cake guest band 8-25; decor-conditioned venue/budget; layout derived from guests, venue and decor."
BSAR2283,wedding,hall,57,13.8,7.8,107.6,262000,4596,adult,night,gold,elegant,elegant_gold,two_tier_round,flower_wall,cake_and_dessert_table,57,bakesmart_rule_generator_v1,5,synthetic_rule_based,pending_expert_review,train,20260817,"Theme-conditioned preferences; cake guest band 35-90; decor-conditioned venue/budget; layout derived from guests, venue and decor."
BSAR2284,birthday,outdoor,65,12.2,10.1,123.2,244000,3754,child,night,mixed,rustic,rustic_natural,two_tier_floral,flower_wall,cake_and_dessert_table,65,bakesmart_rule_generator_v1,5,synthetic_rule_based,pending_expert_review,train,20260817,"Theme-conditioned preferences; cake guest band 45-120; decor-conditioned venue/budget; layout derived from guests, venue and decor."
BSAR2285,anniversary,outdoor,193,23.1,17.4,401.9,569000,2948,adult,night,gold,minimal,elegant_gold,three_tier_luxury,rustic_wood_setup,two_side_tables,193,bakesmart_rule_generator_v1,4,synthetic_rule_based,pending_expert_review,train,20260817,"Theme-conditioned preferences; cake guest band 90-250; decor-conditioned venue/budget; layout derived from guests, venue and decor."
BSAR2286,graduation,restaurant,15,6.9,3.8,26.2,80000,5333,adult,night,green,minimal,modern_minimal,single_tier_round,flower_wall,single_cake_table,15,bakesmart_rule_generator_v1,5,synthetic_rule_based,pending_expert_review,validation,20260817,"Theme-conditioned preferences; cake guest band 8-25; decor-conditioned venue/budget; layout derived from guests, venue and decor."
BSAR2287,graduation,hall,86,14.2,10.9,154.8,216000,2512,adult,day,mixed,minimal,modern_minimal,two_tier_floral,balloon_setup,two_side_tables,86,bakesmart_rule_generator_v1,5,synthetic_rule_based,pending_expert_review,validation,20260817,"Theme-conditioned preferences; cake guest band 45-120; decor-conditioned venue/budget; layout derived from guests, venue and decor."
BSAR2288,anniversary,outdoor,55,12.3,7.1,87.3,662000,12036,adult,day,gold,traditional,traditional_luxury,two_tier_round,luxury_stage,full_stage_setup,55,bakesmart_rule_generator_v1,4,synthetic_rule_based,pending_expert_review,train,20260817,"Theme-conditioned preferences; cake guest band 35-90; decor-conditioned venue/budget; layout derived from guests, venue and decor."
BSAR2289,birthday,home,110,11.8,9.4,110.9,485000,4409,adult,night,pink,colourful,colourful_cartoon,two_tier_floral,rustic_wood_setup,two_side_tables,110,bakesmart_rule_generator_v1,5,synthetic_rule_based,pending_expert_review,train,20260817,"Theme-conditioned preferences; cake guest band 45-120; decor-conditioned venue/budget; layout derived from guests, venue and decor."
BSAR2290,birthday,home,17,5.9,4.8,28.3,109000,6412,child,night,mixed,minimal,modern_minimal,single_tier_square,rustic_wood_setup,single_cake_table,17,bakesmart_rule_generator_v1,5,synthetic_rule_based,pending_expert_review,validation,20260817,"Theme-conditioned preferences; cake guest band 15-40; decor-conditioned venue/budget; layout derived from guests, venue and decor."
BSAR2291,birthday,outdoor,89,14.7,10.4,152.9,466000,5236,teenager,day,purple,colourful,colourful_cartoon,two_tier_round,flower_wall,two_side_tables,89,bakesmart_rule_generator_v1,5,synthetic_rule_based,pending_expert_review,test,20260817,"Theme-conditioned preferences; cake guest band 35-90; decor-conditioned venue/budget; layout derived from guests, venue and decor."
BSAR2292,wedding,restaurant,78,13.9,8.7,120.9,821000,10526,mixed,day,gold,traditional,traditional_luxury,two_tier_floral,luxury_stage,full_stage_setup,78,bakesmart_rule_generator_v1,4,synthetic_rule_based,pending_expert_review,validation,20260817,"Theme-conditioned preferences; cake guest band 45-120; decor-conditioned venue/budget; layout derived from guests, venue and decor."
BSAR2293,graduation,restaurant,50,8.7,6.7,58.3,455000,9100,adult,night,white,traditional,traditional_luxury,two_tier_floral,luxury_stage,full_stage_setup,50,bakesmart_rule_generator_v1,4,synthetic_rule_based,pending_expert_review,test,20260817,"Theme-conditioned preferences; cake guest band 45-120; decor-conditioned venue/budget; layout derived from guests, venue and decor."
BSAR2294,graduation,hall,76,13.3,7.9,105.1,259000,3408,teenager,night,blue,rustic,modern_minimal,two_tier_floral,flower_wall,two_side_tables,76,bakesmart_rule_generator_v1,4,synthetic_rule_based,pending_expert_review,train,20260817,"Theme-conditioned preferences; cake guest band 45-120; decor-conditioned venue/budget; layout derived from guests, venue and decor."
BSAR2295,birthday,hall,11,5.2,4.5,23.4,70000,6364,teenager,night,white,minimal,modern_minimal,single_tier_round,flower_wall,single_cake_table,11,bakesmart_rule_generator_v1,5,synthetic_rule_based,pending_expert_review,train,20260817,"Theme-conditioned preferences; cake guest band 8-25; decor-conditioned venue/budget; layout derived from guests, venue and decor."
BSAR2296,birthday,hall,104,15,13,195,309000,2971,adult,night,red,elegant,elegant_gold,three_tier_luxury,balloon_setup,two_side_tables,104,bakesmart_rule_generator_v1,5,synthetic_rule_based,pending_expert_review,train,20260817,"Theme-conditioned preferences; cake guest band 90-250; decor-conditioned venue/budget; layout derived from guests, venue and decor."
BSAR2297,anniversary,restaurant,30,7.4,6.3,46.6,61000,2033,adult,day,gold,elegant,traditional_luxury,single_tier_square,minimal_backdrop,cake_and_dessert_table,30,bakesmart_rule_generator_v1,5,synthetic_rule_based,pending_expert_review,test,20260817,"Theme-conditioned preferences; cake guest band 15-40; decor-conditioned venue/budget; layout derived from guests, venue and decor."
BSAR2298,birthday,hall,41,10.2,6.4,65.3,99000,2415,mixed,day,blue,colourful,colourful_cartoon,two_tier_round,minimal_backdrop,cake_and_dessert_table,41,bakesmart_rule_generator_v1,5,synthetic_rule_based,pending_expert_review,train,20260817,"Theme-conditioned preferences; cake guest band 35-90; decor-conditioned venue/budget; layout derived from guests, venue and decor."
BSAR2299,birthday,home,204,18.1,13.2,238.9,455000,2230,teenager,night,mixed,colourful,colourful_cartoon,three_tier_luxury,minimal_backdrop,two_side_tables,204,bakesmart_rule_generator_v1,5,synthetic_rule_based,pending_expert_review,train,20260817,"Theme-conditioned preferences; cake guest band 90-250; decor-conditioned venue/budget; layout derived from guests, venue and decor."
BSAR2300,wedding,home,126,13,8.8,114.4,433000,3437,mixed,night,green,rustic,rustic_natural,three_tier_luxury,rustic_wood_setup,two_side_tables,126,bakesmart_rule_generator_v1,5,synthetic_rule_based,pending_expert_review,train,20260817,"Theme-conditioned preferences; cake guest band 90-250; decor-conditioned venue/budget; layout derived from guests, venue and decor."
BSAR2301,anniversary,outdoor,57,11.8,8.5,100.3,168000,2947,adult,night,gold,minimal,modern_minimal,two_tier_round,flower_wall,cake_and_dessert_table,57,bakesmart_rule_generator_v1,5,synthetic_rule_based,pending_expert_review,train,20260817,"Theme-conditioned preferences; cake guest band 35-90; decor-conditioned venue/budget; layout derived from guests, venue and decor."
BSAR2302,birthday,home,207,15.6,12.9,201.2,622000,3005,child,day,purple,colourful,colourful_cartoon,three_tier_luxury,rustic_wood_setup,two_side_tables,207,bakesmart_rule_generator_v1,5,synthetic_rule_based,pending_expert_review,train,20260817,"Theme-conditioned preferences; cake guest band 90-250; decor-conditioned venue/budget; layout derived from guests, venue and decor."
BSAR2303,birthday,outdoor,46,14.1,8,112.8,176000,3826,adult,day,pink,colourful,colourful_cartoon,two_tier_floral,balloon_setup,cake_and_dessert_table,46,bakesmart_rule_generator_v1,5,synthetic_rule_based,pending_expert_review,train,20260817,"Theme-conditioned preferences; cake guest band 45-120; decor-conditioned venue/budget; layout derived from guests, venue and decor."
BSAR2304,baby_shower,outdoor,15,6.9,3.8,26.2,64000,4267,adult,night,purple,colourful,colourful_cartoon,single_tier_round,balloon_setup,single_cake_table,15,bakesmart_rule_generator_v1,5,synthetic_rule_based,pending_expert_review,train,20260817,"Theme-conditioned preferences; cake guest band 8-25; decor-conditioned venue/budget; layout derived from guests, venue and decor."
BSAR2305,anniversary,home,20,6.9,3.7,25.5,66000,3300,mixed,night,green,rustic,rustic_natural,single_tier_round,minimal_backdrop,single_cake_table,20,bakesmart_rule_generator_v1,5,synthetic_rule_based,pending_expert_review,train,20260817,"Theme-conditioned preferences; cake guest band 8-25; decor-conditioned venue/budget; layout derived from guests, venue and decor."
BSAR2306,anniversary,hall,115,17.5,12.3,215.3,253000,2200,mixed,day,mixed,minimal,modern_minimal,two_tier_floral,balloon_setup,full_stage_setup,115,bakesmart_rule_generator_v1,5,synthetic_rule_based,pending_expert_review,train,20260817,"Theme-conditioned preferences; cake guest band 45-120; decor-conditioned venue/budget; layout derived from guests, venue and decor."
BSAR2307,wedding,hall,23,9.9,5.4,53.5,110000,4783,mixed,day,gold,elegant,elegant_gold,single_tier_square,flower_wall,single_cake_table,23,bakesmart_rule_generator_v1,5,synthetic_rule_based,pending_expert_review,train,20260817,"Theme-conditioned preferences; cake guest band 15-40; decor-conditioned venue/budget; layout derived from guests, venue and decor."
BSAR2308,graduation,hall,66,13.4,8,107.2,613000,9288,adult,day,blue,elegant,pastel_floral,two_tier_floral,luxury_stage,full_stage_setup,66,bakesmart_rule_generator_v1,5,synthetic_rule_based,pending_expert_review,train,20260817,"Theme-conditioned preferences; cake guest band 45-120; decor-conditioned venue/budget; layout derived from guests, venue and decor."
BSAR2309,wedding,outdoor,89,13.9,9.3,129.3,256000,2876,adult,day,pink,elegant,pastel_floral,two_tier_round,rustic_wood_setup,two_side_tables,89,bakesmart_rule_generator_v1,5,synthetic_rule_based,pending_expert_review,train,20260817,"Theme-conditioned preferences; cake guest band 35-90; decor-conditioned venue/budget; layout derived from guests, venue and decor."
BSAR2310,baby_shower,outdoor,76,14.7,10.4,152.9,147000,1934,adult,day,mixed,colourful,pastel_floral,two_tier_floral,balloon_setup,two_side_tables,76,bakesmart_rule_generator_v1,5,synthetic_rule_based,pending_expert_review,train,20260817,"Theme-conditioned preferences; cake guest band 45-120; decor-conditioned venue/budget; layout derived from guests, venue and decor."
BSAR2311,graduation,hall,23,7.3,6,43.8,371000,16130,adult,night,blue,minimal,modern_minimal,single_tier_round,luxury_stage,full_stage_setup,23,bakesmart_rule_generator_v1,5,synthetic_rule_based,pending_expert_review,train,20260817,"Theme-conditioned preferences; cake guest band 8-25; decor-conditioned venue/budget; layout derived from guests, venue and decor."
BSAR2312,graduation,hall,65,15.1,8.8,132.9,684000,10523,mixed,night,purple,traditional,elegant_gold,two_tier_floral,luxury_stage,full_stage_setup,65,bakesmart_rule_generator_v1,4,synthetic_rule_based,pending_expert_review,test,20260817,"Theme-conditioned preferences; cake guest band 45-120; decor-conditioned venue/budget; layout derived from guests, venue and decor."
BSAR2313,wedding,hall,9,5.3,4.8,25.4,69000,7667,adult,night,gold,traditional,traditional_luxury,single_tier_round,flower_wall,single_cake_table,9,bakesmart_rule_generator_v1,5,synthetic_rule_based,pending_expert_review,test,20260817,"Theme-conditioned preferences; cake guest band 8-25; decor-conditioned venue/budget; layout derived from guests, venue and decor."
BSAR2314,wedding,restaurant,111,17.1,9.8,167.6,1078000,9712,mixed,night,purple,colourful,traditional_luxury,three_tier_luxury,luxury_stage,full_stage_setup,111,bakesmart_rule_generator_v1,4,synthetic_rule_based,pending_expert_review,train,20260817,"Theme-conditioned preferences; cake guest band 90-250; decor-conditioned venue/budget; layout derived from guests, venue and decor."
BSAR2315,wedding,hall,12,6.1,4.1,25,295000,24583,mixed,day,purple,elegant,elegant_gold,single_tier_round,luxury_stage,full_stage_setup,12,bakesmart_rule_generator_v1,5,synthetic_rule_based,pending_expert_review,validation,20260817,"Theme-conditioned preferences; cake guest band 8-25; decor-conditioned venue/budget; layout derived from guests, venue and decor."
BSAR2316,baby_shower,home,31,7.6,4.1,31.2,88000,2839,mixed,day,pink,colourful,colourful_cartoon,single_tier_square,balloon_setup,cake_and_dessert_table,31,bakesmart_rule_generator_v1,5,synthetic_rule_based,pending_expert_review,test,20260817,"Theme-conditioned preferences; cake guest band 15-40; decor-conditioned venue/budget; layout derived from guests, venue and decor."
BSAR2317,wedding,hall,43,8.9,7.9,70.3,518000,12047,mixed,night,gold,traditional,traditional_luxury,two_tier_round,luxury_stage,full_stage_setup,43,bakesmart_rule_generator_v1,5,synthetic_rule_based,pending_expert_review,train,20260817,"Theme-conditioned preferences; cake guest band 35-90; decor-conditioned venue/budget; layout derived from guests, venue and decor."
BSAR2318,baby_shower,home,12,4.9,4.2,20.6,39000,3250,adult,night,green,rustic,rustic_natural,single_tier_round,minimal_backdrop,single_cake_table,12,bakesmart_rule_generator_v1,5,synthetic_rule_based,pending_expert_review,train,20260817,"Theme-conditioned preferences; cake guest band 8-25; decor-conditioned venue/budget; layout derived from guests, venue and decor."
BSAR2319,birthday,hall,186,21.6,13.6,293.8,744000,4000,teenager,night,white,elegant,pastel_floral,three_tier_luxury,flower_wall,full_stage_setup,186,bakesmart_rule_generator_v1,5,synthetic_rule_based,pending_expert_review,train,20260817,"Theme-conditioned preferences; cake guest band 90-250; decor-conditioned venue/budget; layout derived from guests, venue and decor."
BSAR2320,graduation,hall,33,8.6,6.2,53.3,76000,2303,teenager,day,purple,elegant,pastel_floral,single_tier_square,rustic_wood_setup,cake_and_dessert_table,33,bakesmart_rule_generator_v1,5,synthetic_rule_based,pending_expert_review,train,20260817,"Theme-conditioned preferences; cake guest band 15-40; decor-conditioned venue/budget; layout derived from guests, venue and decor."
BSAR2321,wedding,hall,46,9,7.7,69.3,231000,5022,mixed,night,white,colourful,traditional_luxury,two_tier_round,flower_wall,cake_and_dessert_table,46,bakesmart_rule_generator_v1,4,synthetic_rule_based,pending_expert_review,test,20260817,"Theme-conditioned preferences; cake guest band 35-90; decor-conditioned venue/budget; layout derived from guests, venue and decor."
BSAR2322,wedding,outdoor,54,12,8.2,98.4,167000,3093,adult,night,red,traditional,elegant_gold,two_tier_floral,minimal_backdrop,cake_and_dessert_table,54,bakesmart_rule_generator_v1,4,synthetic_rule_based,pending_expert_review,test,20260817,"Theme-conditioned preferences; cake guest band 45-120; decor-conditioned venue/budget; layout derived from guests, venue and decor."
BSAR2323,wedding,outdoor,23,7.7,6.3,48.5,59000,2565,adult,day,gold,minimal,elegant_gold,single_tier_round,balloon_setup,single_cake_table,23,bakesmart_rule_generator_v1,4,synthetic_rule_based,pending_expert_review,train,20260817,"Theme-conditioned preferences; cake guest band 8-25; decor-conditioned venue/budget; layout derived from guests, venue and decor."
BSAR2324,anniversary,restaurant,19,6.2,3.7,22.9,284000,14947,adult,day,white,rustic,rustic_natural,single_tier_round,luxury_stage,full_stage_setup,19,bakesmart_rule_generator_v1,4,synthetic_rule_based,pending_expert_review,train,20260817,"Theme-conditioned preferences; cake guest band 8-25; decor-conditioned venue/budget; layout derived from guests, venue and decor."
BSAR2325,wedding,hall,26,8.1,5.7,46.2,123000,4731,adult,night,gold,traditional,traditional_luxury,single_tier_square,flower_wall,single_cake_table,26,bakesmart_rule_generator_v1,5,synthetic_rule_based,pending_expert_review,validation,20260817,"Theme-conditioned preferences; cake guest band 15-40; decor-conditioned venue/budget; layout derived from guests, venue and decor."
BSAR2326,wedding,restaurant,58,11.9,7,83.3,129000,2224,adult,night,gold,elegant,modern_minimal,two_tier_round,balloon_setup,cake_and_dessert_table,58,bakesmart_rule_generator_v1,4,synthetic_rule_based,pending_expert_review,train,20260817,"Theme-conditioned preferences; cake guest band 35-90; decor-conditioned venue/budget; layout derived from guests, venue and decor."
BSAR2327,anniversary,restaurant,62,12.2,7.1,86.6,393000,6339,mixed,day,mixed,minimal,modern_minimal,two_tier_round,luxury_stage,full_stage_setup,62,bakesmart_rule_generator_v1,4,synthetic_rule_based,pending_expert_review,train,20260817,"Theme-conditioned preferences; cake guest band 35-90; decor-conditioned venue/budget; layout derived from guests, venue and decor."
BSAR2328,birthday,hall,84,15.6,8.3,129.5,709000,8440,mixed,day,mixed,rustic,rustic_natural,two_tier_floral,luxury_stage,full_stage_setup,84,bakesmart_rule_generator_v1,5,synthetic_rule_based,pending_expert_review,validation,20260817,"Theme-conditioned preferences; cake guest band 45-120; decor-conditioned venue/budget; layout derived from guests, venue and decor."
BSAR2329,baby_shower,home,84,9.8,8.8,86.2,402000,4786,mixed,day,gold,rustic,rustic_natural,two_tier_floral,flower_wall,two_side_tables,84,bakesmart_rule_generator_v1,5,synthetic_rule_based,pending_expert_review,validation,20260817,"Theme-conditioned preferences; cake guest band 45-120; decor-conditioned venue/budget; layout derived from guests, venue and decor."
BSAR2330,anniversary,outdoor,26,10.8,6.1,65.9,96000,3692,adult,night,pink,traditional,pastel_floral,single_tier_square,rustic_wood_setup,single_cake_table,26,bakesmart_rule_generator_v1,4,synthetic_rule_based,pending_expert_review,train,20260817,"Theme-conditioned preferences; cake guest band 15-40; decor-conditioned venue/budget; layout derived from guests, venue and decor."
BSAR2331,birthday,hall,28,9.1,6.2,56.4,261000,9321,child,night,mixed,colourful,colourful_cartoon,single_tier_square,luxury_stage,full_stage_setup,28,bakesmart_rule_generator_v1,5,synthetic_rule_based,pending_expert_review,train,20260817,"Theme-conditioned preferences; cake guest band 15-40; decor-conditioned venue/budget; layout derived from guests, venue and decor."
BSAR2332,anniversary,restaurant,26,7.7,4.5,34.7,102000,3923,adult,day,gold,rustic,rustic_natural,single_tier_square,rustic_wood_setup,single_cake_table,26,bakesmart_rule_generator_v1,5,synthetic_rule_based,pending_expert_review,train,20260817,"Theme-conditioned preferences; cake guest band 15-40; decor-conditioned venue/budget; layout derived from guests, venue and decor."
BSAR2333,wedding,hall,192,21,14.6,306.6,497000,2589,adult,night,purple,elegant,elegant_gold,three_tier_luxury,minimal_backdrop,full_stage_setup,192,bakesmart_rule_generator_v1,5,synthetic_rule_based,pending_expert_review,test,20260817,"Theme-conditioned preferences; cake guest band 90-250; decor-conditioned venue/budget; layout derived from guests, venue and decor."
BSAR2334,anniversary,hall,14,5.2,4.2,21.8,225000,16071,adult,night,pink,colourful,pastel_floral,single_tier_round,luxury_stage,full_stage_setup,14,bakesmart_rule_generator_v1,5,synthetic_rule_based,pending_expert_review,train,20260817,"Theme-conditioned preferences; cake guest band 8-25; decor-conditioned venue/budget; layout derived from guests, venue and decor."
BSAR2335,anniversary,outdoor,122,16.7,12.6,210.4,422000,3459,adult,night,gold,elegant,elegant_gold,three_tier_luxury,rustic_wood_setup,two_side_tables,122,bakesmart_rule_generator_v1,5,synthetic_rule_based,pending_expert_review,train,20260817,"Theme-conditioned preferences; cake guest band 90-250; decor-conditioned venue/budget; layout derived from guests, venue and decor."
BSAR2336,wedding,home,133,12.6,10.6,133.6,272000,2045,adult,night,green,traditional,traditional_luxury,three_tier_luxury,balloon_setup,two_side_tables,133,bakesmart_rule_generator_v1,5,synthetic_rule_based,pending_expert_review,test,20260817,"Theme-conditioned preferences; cake guest band 90-250; decor-conditioned venue/budget; layout derived from guests, venue and decor."
BSAR2337,birthday,outdoor,53,11.8,8.4,99.1,276000,5208,teenager,day,red,colourful,colourful_cartoon,two_tier_floral,flower_wall,cake_and_dessert_table,53,bakesmart_rule_generator_v1,5,synthetic_rule_based,pending_expert_review,validation,20260817,"Theme-conditioned preferences; cake guest band 45-120; decor-conditioned venue/budget; layout derived from guests, venue and decor."
BSAR2338,baby_shower,hall,49,10.5,8.1,85.1,433000,8837,adult,night,red,traditional,traditional_luxury,two_tier_round,luxury_stage,full_stage_setup,49,bakesmart_rule_generator_v1,5,synthetic_rule_based,pending_expert_review,train,20260817,"Theme-conditioned preferences; cake guest band 35-90; decor-conditioned venue/budget; layout derived from guests, venue and decor."
BSAR2339,wedding,home,155,15.4,10.5,161.7,403000,2600,adult,day,white,elegant,rustic_natural,three_tier_luxury,minimal_backdrop,two_side_tables,155,bakesmart_rule_generator_v1,4,synthetic_rule_based,pending_expert_review,train,20260817,"Theme-conditioned preferences; cake guest band 90-250; decor-conditioned venue/budget; layout derived from guests, venue and decor."
BSAR2340,birthday,hall,192,22.4,13.1,293.4,1326000,6906,child,day,red,colourful,colourful_cartoon,three_tier_luxury,luxury_stage,full_stage_setup,192,bakesmart_rule_generator_v1,5,synthetic_rule_based,pending_expert_review,train,20260817,"Theme-conditioned preferences; cake guest band 90-250; decor-conditioned venue/budget; layout derived from guests, venue and decor."
BSAR2341,birthday,restaurant,193,21,12.5,262.5,426000,2207,adult,night,mixed,rustic,rustic_natural,three_tier_luxury,minimal_backdrop,two_side_tables,193,bakesmart_rule_generator_v1,5,synthetic_rule_based,pending_expert_review,train,20260817,"Theme-conditioned preferences; cake guest band 90-250; decor-conditioned venue/budget; layout derived from guests, venue and decor."
BSAR2342,birthday,hall,38,8,6.9,55.2,409000,10763,child,night,white,minimal,modern_minimal,single_tier_square,luxury_stage,full_stage_setup,38,bakesmart_rule_generator_v1,5,synthetic_rule_based,pending_expert_review,test,20260817,"Theme-conditioned preferences; cake guest band 15-40; decor-conditioned venue/budget; layout derived from guests, venue and decor."
BSAR2343,baby_shower,hall,198,22.4,14.4,322.6,1250000,6313,adult,day,pink,colourful,colourful_cartoon,three_tier_luxury,luxury_stage,full_stage_setup,198,bakesmart_rule_generator_v1,5,synthetic_rule_based,pending_expert_review,test,20260817,"Theme-conditioned preferences; cake guest band 90-250; decor-conditioned venue/budget; layout derived from guests, venue and decor."
BSAR2344,birthday,home,194,17.2,13.2,227,546000,2814,child,night,green,rustic,rustic_natural,three_tier_luxury,balloon_setup,two_side_tables,194,bakesmart_rule_generator_v1,5,synthetic_rule_based,pending_expert_review,train,20260817,"Theme-conditioned preferences; cake guest band 90-250; decor-conditioned venue/budget; layout derived from guests, venue and decor."
BSAR2345,birthday,restaurant,20,7.4,5.4,40,215000,10750,child,day,purple,rustic,pastel_floral,single_tier_round,luxury_stage,full_stage_setup,20,bakesmart_rule_generator_v1,4,synthetic_rule_based,pending_expert_review,train,20260817,"Theme-conditioned preferences; cake guest band 8-25; decor-conditioned venue/budget; layout derived from guests, venue and decor."
BSAR2346,anniversary,outdoor,80,13,10.6,137.8,361000,4513,adult,day,red,traditional,traditional_luxury,two_tier_floral,flower_wall,two_side_tables,80,bakesmart_rule_generator_v1,5,synthetic_rule_based,pending_expert_review,test,20260817,"Theme-conditioned preferences; cake guest band 45-120; decor-conditioned venue/budget; layout derived from guests, venue and decor."
BSAR2347,birthday,outdoor,75,15.9,11,174.9,231000,3080,teenager,day,blue,minimal,modern_minimal,two_tier_floral,rustic_wood_setup,two_side_tables,75,bakesmart_rule_generator_v1,5,synthetic_rule_based,pending_expert_review,train,20260817,"Theme-conditioned preferences; cake guest band 45-120; decor-conditioned venue/budget; layout derived from guests, venue and decor."
BSAR2348,anniversary,home,159,14,9.9,138.6,576000,3623,adult,night,green,rustic,rustic_natural,three_tier_luxury,flower_wall,two_side_tables,159,bakesmart_rule_generator_v1,5,synthetic_rule_based,pending_expert_review,train,20260817,"Theme-conditioned preferences; cake guest band 90-250; decor-conditioned venue/budget; layout derived from guests, venue and decor."
BSAR2349,wedding,outdoor,132,23,12.7,292.1,585000,4432,mixed,day,gold,traditional,traditional_luxury,three_tier_luxury,rustic_wood_setup,two_side_tables,132,bakesmart_rule_generator_v1,5,synthetic_rule_based,pending_expert_review,train,20260817,"Theme-conditioned preferences; cake guest band 90-250; decor-conditioned venue/budget; layout derived from guests, venue and decor."
BSAR2350,birthday,hall,192,19.8,15.8,312.8,523000,2724,teenager,day,red,traditional,traditional_luxury,three_tier_luxury,balloon_setup,full_stage_setup,192,bakesmart_rule_generator_v1,5,synthetic_rule_based,pending_expert_review,train,20260817,"Theme-conditioned preferences; cake guest band 90-250; decor-conditioned venue/budget; layout derived from guests, venue and decor."
BSAR2351,birthday,home,30,7.4,5.7,42.2,102000,3400,adult,night,red,rustic,rustic_natural,single_tier_square,balloon_setup,cake_and_dessert_table,30,bakesmart_rule_generator_v1,5,synthetic_rule_based,pending_expert_review,train,20260817,"Theme-conditioned preferences; cake guest band 15-40; decor-conditioned venue/budget; layout derived from guests, venue and decor."
BSAR2352,graduation,hall,103,14.4,11.6,167,412000,4000,adult,day,white,minimal,elegant_gold,two_tier_floral,flower_wall,two_side_tables,103,bakesmart_rule_generator_v1,4,synthetic_rule_based,pending_expert_review,train,20260817,"Theme-conditioned preferences; cake guest band 45-120; decor-conditioned venue/budget; layout derived from guests, venue and decor."
BSAR2353,baby_shower,hall,18,6.7,4.3,28.8,47000,2611,adult,night,blue,colourful,colourful_cartoon,single_tier_square,minimal_backdrop,single_cake_table,18,bakesmart_rule_generator_v1,5,synthetic_rule_based,pending_expert_review,validation,20260817,"Theme-conditioned preferences; cake guest band 15-40; decor-conditioned venue/budget; layout derived from guests, venue and decor."
BSAR2354,anniversary,outdoor,160,21.6,13.3,287.3,669000,4181,adult,day,blue,minimal,modern_minimal,three_tier_luxury,rustic_wood_setup,two_side_tables,160,bakesmart_rule_generator_v1,5,synthetic_rule_based,pending_expert_review,train,20260817,"Theme-conditioned preferences; cake guest band 90-250; decor-conditioned venue/budget; layout derived from guests, venue and decor."
BSAR2355,wedding,hall,33,10.9,5.8,63.2,86000,2606,adult,day,gold,minimal,elegant_gold,single_tier_square,minimal_backdrop,cake_and_dessert_table,33,bakesmart_rule_generator_v1,4,synthetic_rule_based,pending_expert_review,train,20260817,"Theme-conditioned preferences; cake guest band 15-40; decor-conditioned venue/budget; layout derived from guests, venue and decor."
BSAR2356,wedding,restaurant,68,11.6,7.9,91.6,313000,4603,mixed,night,gold,traditional,traditional_luxury,two_tier_floral,flower_wall,cake_and_dessert_table,68,bakesmart_rule_generator_v1,5,synthetic_rule_based,pending_expert_review,train,20260817,"Theme-conditioned preferences; cake guest band 45-120; decor-conditioned venue/budget; layout derived from guests, venue and decor."
BSAR2357,birthday,restaurant,34,8.6,5.3,45.6,201000,5912,teenager,day,mixed,colourful,colourful_cartoon,single_tier_square,flower_wall,cake_and_dessert_table,34,bakesmart_rule_generator_v1,5,synthetic_rule_based,pending_expert_review,validation,20260817,"Theme-conditioned preferences; cake guest band 15-40; decor-conditioned venue/budget; layout derived from guests, venue and decor."
BSAR2358,baby_shower,home,213,18.2,11.6,211.1,655000,3075,adult,night,blue,colourful,colourful_cartoon,three_tier_luxury,balloon_setup,two_side_tables,213,bakesmart_rule_generator_v1,5,synthetic_rule_based,pending_expert_review,train,20260817,"Theme-conditioned preferences; cake guest band 90-250; decor-conditioned venue/budget; layout derived from guests, venue and decor."
BSAR2359,wedding,home,11,4.7,3.2,15,59000,5364,adult,day,gold,traditional,traditional_luxury,single_tier_round,rustic_wood_setup,single_cake_table,11,bakesmart_rule_generator_v1,5,synthetic_rule_based,pending_expert_review,test,20260817,"Theme-conditioned preferences; cake guest band 8-25; decor-conditioned venue/budget; layout derived from guests, venue and decor."
BSAR2360,anniversary,hall,45,9.7,8.1,78.6,411000,9133,adult,night,green,rustic,rustic_natural,two_tier_round,luxury_stage,full_stage_setup,45,bakesmart_rule_generator_v1,5,synthetic_rule_based,pending_expert_review,test,20260817,"Theme-conditioned preferences; cake guest band 35-90; decor-conditioned venue/budget; layout derived from guests, venue and decor."
BSAR2361,wedding,home,106,11.8,9.8,115.6,239000,2255,adult,night,purple,minimal,elegant_gold,two_tier_floral,balloon_setup,two_side_tables,106,bakesmart_rule_generator_v1,4,synthetic_rule_based,pending_expert_review,train,20260817,"Theme-conditioned preferences; cake guest band 45-120; decor-conditioned venue/budget; layout derived from guests, venue and decor."
BSAR2362,anniversary,hall,59,11.8,9.1,107.4,185000,3136,adult,day,white,traditional,traditional_luxury,two_tier_floral,flower_wall,cake_and_dessert_table,59,bakesmart_rule_generator_v1,5,synthetic_rule_based,pending_expert_review,train,20260817,"Theme-conditioned preferences; cake guest band 45-120; decor-conditioned venue/budget; layout derived from guests, venue and decor."
BSAR2363,birthday,restaurant,36,9.8,6.3,61.7,133000,3694,child,night,gold,elegant,elegant_gold,two_tier_round,balloon_setup,cake_and_dessert_table,36,bakesmart_rule_generator_v1,5,synthetic_rule_based,pending_expert_review,test,20260817,"Theme-conditioned preferences; cake guest band 35-90; decor-conditioned venue/budget; layout derived from guests, venue and decor."
BSAR2364,birthday,outdoor,73,14.4,11,158.4,325000,4452,teenager,day,red,colourful,colourful_cartoon,two_tier_floral,rustic_wood_setup,two_side_tables,73,bakesmart_rule_generator_v1,5,synthetic_rule_based,pending_expert_review,train,20260817,"Theme-conditioned preferences; cake guest band 45-120; decor-conditioned venue/budget; layout derived from guests, venue and decor."
BSAR2365,anniversary,home,17,5.1,4,20.4,48000,2824,mixed,day,green,minimal,modern_minimal,single_tier_round,balloon_setup,single_cake_table,17,bakesmart_rule_generator_v1,5,synthetic_rule_based,pending_expert_review,test,20260817,"Theme-conditioned preferences; cake guest band 8-25; decor-conditioned venue/budget; layout derived from guests, venue and decor."
BSAR2366,anniversary,hall,27,7.4,6.6,48.8,359000,13296,adult,night,red,traditional,traditional_luxury,single_tier_square,luxury_stage,full_stage_setup,27,bakesmart_rule_generator_v1,5,synthetic_rule_based,pending_expert_review,train,20260817,"Theme-conditioned preferences; cake guest band 15-40; decor-conditioned venue/budget; layout derived from guests, venue and decor."
BSAR2367,anniversary,restaurant,8,5.1,3.9,19.9,190000,23750,adult,night,green,traditional,traditional_luxury,single_tier_round,luxury_stage,full_stage_setup,8,bakesmart_rule_generator_v1,4,synthetic_rule_based,pending_expert_review,train,20260817,"Theme-conditioned preferences; cake guest band 8-25; decor-conditioned venue/budget; layout derived from guests, venue and decor."
BSAR2368,anniversary,outdoor,67,13.4,9.9,132.7,199000,2970,adult,day,green,rustic,rustic_natural,two_tier_round,rustic_wood_setup,cake_and_dessert_table,67,bakesmart_rule_generator_v1,5,synthetic_rule_based,pending_expert_review,validation,20260817,"Theme-conditioned preferences; cake guest band 35-90; decor-conditioned venue/budget; layout derived from guests, venue and decor."
BSAR2369,birthday,home,25,8.5,4.9,41.7,58000,2320,teenager,night,white,colourful,pastel_floral,single_tier_square,balloon_setup,single_cake_table,25,bakesmart_rule_generator_v1,5,synthetic_rule_based,pending_expert_review,train,20260817,"Theme-conditioned preferences; cake guest band 15-40; decor-conditioned venue/budget; layout derived from guests, venue and decor."
BSAR2370,birthday,outdoor,86,15.8,9.5,150.1,263000,3058,child,night,purple,traditional,traditional_luxury,two_tier_round,flower_wall,two_side_tables,86,bakesmart_rule_generator_v1,5,synthetic_rule_based,pending_expert_review,train,20260817,"Theme-conditioned preferences; cake guest band 35-90; decor-conditioned venue/budget; layout derived from guests, venue and decor."
BSAR2371,wedding,hall,135,19.2,10.5,201.6,721000,5341,adult,night,gold,elegant,elegant_gold,three_tier_luxury,flower_wall,full_stage_setup,135,bakesmart_rule_generator_v1,5,synthetic_rule_based,pending_expert_review,train,20260817,"Theme-conditioned preferences; cake guest band 90-250; decor-conditioned venue/budget; layout derived from guests, venue and decor."
BSAR2372,birthday,outdoor,82,16.5,10.8,178.2,223000,2720,child,day,blue,colourful,colourful_cartoon,two_tier_round,minimal_backdrop,two_side_tables,82,bakesmart_rule_generator_v1,5,synthetic_rule_based,pending_expert_review,train,20260817,"Theme-conditioned preferences; cake guest band 35-90; decor-conditioned venue/budget; layout derived from guests, venue and decor."
BSAR2373,wedding,restaurant,81,14,8.9,124.6,139000,1716,mixed,night,gold,elegant,traditional_luxury,two_tier_round,minimal_backdrop,two_side_tables,81,bakesmart_rule_generator_v1,5,synthetic_rule_based,pending_expert_review,train,20260817,"Theme-conditioned preferences; cake guest band 35-90; decor-conditioned venue/budget; layout derived from guests, venue and decor."
BSAR2374,anniversary,outdoor,17,6.9,4.6,31.7,57000,3353,mixed,day,white,elegant,pastel_floral,single_tier_round,minimal_backdrop,single_cake_table,17,bakesmart_rule_generator_v1,5,synthetic_rule_based,pending_expert_review,train,20260817,"Theme-conditioned preferences; cake guest band 8-25; decor-conditioned venue/budget; layout derived from guests, venue and decor."
BSAR2375,baby_shower,hall,139,15.5,11.4,176.7,386000,2777,adult,day,white,colourful,pastel_floral,three_tier_luxury,flower_wall,full_stage_setup,139,bakesmart_rule_generator_v1,5,synthetic_rule_based,pending_expert_review,train,20260817,"Theme-conditioned preferences; cake guest band 90-250; decor-conditioned venue/budget; layout derived from guests, venue and decor."
BSAR2376,wedding,hall,52,11.9,7.7,91.6,226000,4346,adult,day,gold,rustic,rustic_natural,two_tier_round,flower_wall,cake_and_dessert_table,52,bakesmart_rule_generator_v1,5,synthetic_rule_based,pending_expert_review,train,20260817,"Theme-conditioned preferences; cake guest band 35-90; decor-conditioned venue/budget; layout derived from guests, venue and decor."
BSAR2377,anniversary,outdoor,9,6.8,4.3,29.2,31000,3444,adult,day,gold,minimal,rustic_natural,single_tier_round,balloon_setup,single_cake_table,9,bakesmart_rule_generator_v1,4,synthetic_rule_based,pending_expert_review,test,20260817,"Theme-conditioned preferences; cake guest band 8-25; decor-conditioned venue/budget; layout derived from guests, venue and decor."
BSAR2378,graduation,hall,107,18.4,11.3,207.9,422000,3944,adult,day,blue,rustic,modern_minimal,two_tier_floral,flower_wall,two_side_tables,107,bakesmart_rule_generator_v1,4,synthetic_rule_based,pending_expert_review,train,20260817,"Theme-conditioned preferences; cake guest band 45-120; decor-conditioned venue/budget; layout derived from guests, venue and decor."
BSAR2379,anniversary,home,55,10.7,5.7,61,123000,2236,mixed,night,gold,elegant,elegant_gold,two_tier_round,balloon_setup,cake_and_dessert_table,55,bakesmart_rule_generator_v1,5,synthetic_rule_based,pending_expert_review,train,20260817,"Theme-conditioned preferences; cake guest band 35-90; decor-conditioned venue/budget; layout derived from guests, venue and decor."
BSAR2380,wedding,home,50,9.3,7.3,67.9,179000,3580,adult,night,purple,traditional,traditional_luxury,two_tier_floral,rustic_wood_setup,cake_and_dessert_table,50,bakesmart_rule_generator_v1,5,synthetic_rule_based,pending_expert_review,validation,20260817,"Theme-conditioned preferences; cake guest band 45-120; decor-conditioned venue/budget; layout derived from guests, venue and decor."
BSAR2381,wedding,hall,92,12.7,11,139.7,554000,6022,adult,day,red,colourful,colourful_cartoon,three_tier_luxury,flower_wall,two_side_tables,92,bakesmart_rule_generator_v1,3,synthetic_rule_based,pending_expert_review,train,20260817,"Theme-conditioned preferences; cake guest band 90-250; decor-conditioned venue/budget; layout derived from guests, venue and decor."
BSAR2382,graduation,home,150,16,11.2,179.2,439000,2927,adult,day,mixed,colourful,colourful_cartoon,three_tier_luxury,rustic_wood_setup,two_side_tables,150,bakesmart_rule_generator_v1,5,synthetic_rule_based,pending_expert_review,train,20260817,"Theme-conditioned preferences; cake guest band 90-250; decor-conditioned venue/budget; layout derived from guests, venue and decor."
BSAR2383,wedding,outdoor,20,7.8,6.4,49.9,108000,5400,adult,day,blue,minimal,modern_minimal,single_tier_round,flower_wall,single_cake_table,20,bakesmart_rule_generator_v1,5,synthetic_rule_based,pending_expert_review,test,20260817,"Theme-conditioned preferences; cake guest band 8-25; decor-conditioned venue/budget; layout derived from guests, venue and decor."
BSAR2384,wedding,hall,9,5.9,4.4,26,220000,24444,mixed,night,purple,traditional,traditional_luxury,single_tier_round,luxury_stage,full_stage_setup,9,bakesmart_rule_generator_v1,5,synthetic_rule_based,pending_expert_review,train,20260817,"Theme-conditioned preferences; cake guest band 8-25; decor-conditioned venue/budget; layout derived from guests, venue and decor."
BSAR2385,anniversary,home,77,9.8,7.4,72.5,134000,1740,adult,night,green,elegant,rustic_natural,two_tier_round,balloon_setup,two_side_tables,77,bakesmart_rule_generator_v1,4,synthetic_rule_based,pending_expert_review,train,20260817,"Theme-conditioned preferences; cake guest band 35-90; decor-conditioned venue/budget; layout derived from guests, venue and decor."
BSAR2386,baby_shower,hall,57,9.6,7.4,71,213000,3737,mixed,day,mixed,colourful,colourful_cartoon,two_tier_floral,rustic_wood_setup,cake_and_dessert_table,57,bakesmart_rule_generator_v1,5,synthetic_rule_based,pending_expert_review,train,20260817,"Theme-conditioned preferences; cake guest band 45-120; decor-conditioned venue/budget; layout derived from guests, venue and decor."
BSAR2387,wedding,outdoor,16,9,5.3,47.7,292000,18250,adult,day,mixed,rustic,rustic_natural,single_tier_round,luxury_stage,full_stage_setup,16,bakesmart_rule_generator_v1,4,synthetic_rule_based,pending_expert_review,train,20260817,"Theme-conditioned preferences; cake guest band 8-25; decor-conditioned venue/budget; layout derived from guests, venue and decor."
BSAR2388,baby_shower,home,77,10.9,8.6,93.7,220000,2857,adult,day,mixed,elegant,pastel_floral,two_tier_floral,balloon_setup,two_side_tables,77,bakesmart_rule_generator_v1,5,synthetic_rule_based,pending_expert_review,validation,20260817,"Theme-conditioned preferences; cake guest band 45-120; decor-conditioned venue/budget; layout derived from guests, venue and decor."
BSAR2389,anniversary,hall,17,6.6,5.2,34.3,306000,18000,adult,night,red,traditional,traditional_luxury,single_tier_round,luxury_stage,full_stage_setup,17,bakesmart_rule_generator_v1,5,synthetic_rule_based,pending_expert_review,validation,20260817,"Theme-conditioned preferences; cake guest band 8-25; decor-conditioned venue/budget; layout derived from guests, venue and decor."
BSAR2390,birthday,restaurant,12,4.8,4.2,20.2,28000,2333,child,night,white,elegant,modern_minimal,single_tier_round,minimal_backdrop,single_cake_table,12,bakesmart_rule_generator_v1,4,synthetic_rule_based,pending_expert_review,train,20260817,"Theme-conditioned preferences; cake guest band 8-25; decor-conditioned venue/budget; layout derived from guests, venue and decor."
BSAR2391,graduation,home,75,11.5,7.7,88.6,249000,3320,adult,night,green,traditional,traditional_luxury,two_tier_floral,balloon_setup,two_side_tables,75,bakesmart_rule_generator_v1,5,synthetic_rule_based,pending_expert_review,train,20260817,"Theme-conditioned preferences; cake guest band 45-120; decor-conditioned venue/budget; layout derived from guests, venue and decor."
BSAR2392,wedding,hall,16,6.7,4.4,29.5,313000,19563,adult,day,blue,rustic,pastel_floral,single_tier_square,luxury_stage,full_stage_setup,16,bakesmart_rule_generator_v1,4,synthetic_rule_based,pending_expert_review,validation,20260817,"Theme-conditioned preferences; cake guest band 15-40; decor-conditioned venue/budget; layout derived from guests, venue and decor."
BSAR2393,baby_shower,home,90,13.6,7.9,107.4,267000,2967,adult,day,green,elegant,rustic_natural,two_tier_round,flower_wall,two_side_tables,90,bakesmart_rule_generator_v1,4,synthetic_rule_based,pending_expert_review,train,20260817,"Theme-conditioned preferences; cake guest band 35-90; decor-conditioned venue/budget; layout derived from guests, venue and decor."
BSAR2394,birthday,hall,17,7.1,3.9,27.7,60000,3529,adult,night,gold,traditional,traditional_luxury,single_tier_round,balloon_setup,single_cake_table,17,bakesmart_rule_generator_v1,5,synthetic_rule_based,pending_expert_review,test,20260817,"Theme-conditioned preferences; cake guest band 8-25; decor-conditioned venue/budget; layout derived from guests, venue and decor."
BSAR2395,wedding,home,220,16.3,10.4,169.5,581000,2641,adult,night,white,minimal,elegant_gold,three_tier_luxury,minimal_backdrop,two_side_tables,220,bakesmart_rule_generator_v1,4,synthetic_rule_based,pending_expert_review,train,20260817,"Theme-conditioned preferences; cake guest band 90-250; decor-conditioned venue/budget; layout derived from guests, venue and decor."
BSAR2396,wedding,hall,108,16.1,9.6,154.6,1050000,9722,mixed,night,green,elegant,traditional_luxury,two_tier_floral,luxury_stage,full_stage_setup,108,bakesmart_rule_generator_v1,5,synthetic_rule_based,pending_expert_review,train,20260817,"Theme-conditioned preferences; cake guest band 45-120; decor-conditioned venue/budget; layout derived from guests, venue and decor."
BSAR2397,birthday,outdoor,91,15.4,12.9,198.7,393000,4319,teenager,day,mixed,elegant,rustic_natural,two_tier_floral,rustic_wood_setup,two_side_tables,91,bakesmart_rule_generator_v1,4,synthetic_rule_based,pending_expert_review,train,20260817,"Theme-conditioned preferences; cake guest band 45-120; decor-conditioned venue/budget; layout derived from guests, venue and decor."
BSAR2398,anniversary,outdoor,21,8.1,5.3,42.9,85000,4048,adult,day,mixed,minimal,modern_minimal,single_tier_square,rustic_wood_setup,single_cake_table,21,bakesmart_rule_generator_v1,5,synthetic_rule_based,pending_expert_review,train,20260817,"Theme-conditioned preferences; cake guest band 15-40; decor-conditioned venue/budget; layout derived from guests, venue and decor."
BSAR2399,birthday,restaurant,16,6.1,4.2,25.6,58000,3625,mixed,day,blue,minimal,modern_minimal,single_tier_square,minimal_backdrop,single_cake_table,16,bakesmart_rule_generator_v1,5,synthetic_rule_based,pending_expert_review,train,20260817,"Theme-conditioned preferences; cake guest band 15-40; decor-conditioned venue/budget; layout derived from guests, venue and decor."
BSAR2400,graduation,home,17,7.4,4.1,30.3,47000,2765,teenager,night,mixed,traditional,elegant_gold,single_tier_round,minimal_backdrop,single_cake_table,17,bakesmart_rule_generator_v1,4,synthetic_rule_based,pending_expert_review,train,20260817,"Theme-conditioned preferences; cake guest band 8-25; decor-conditioned venue/budget; layout derived from guests, venue and decor."
