scenario_id,num__guest_count,num__room_length_m,num__room_width_m,num__room_area_m2,num__budget_pkr,num__budget_per_guest_pkr,num__space_per_guest_m2,num__budget_per_area_pkr,cat__event_type__anniversary,cat__event_type__baby_shower,cat__event_type__birthday,cat__event_type__graduation,cat__event_type__wedding,cat__event_type__unknown,cat__venue_type__hall,cat__venue_type__home,cat__venue_type__outdoor,cat__venue_type__restaurant,cat__venue_type__unknown,cat__age_group__adult,cat__age_group__child,cat__age_group__mixed,cat__age_group__teenager,cat__age_group__unknown,cat__time_of_day__day,cat__time_of_day__night,cat__time_of_day__unknown,cat__preferred_color__blue,cat__preferred_color__gold,cat__preferred_color__green,cat__preferred_color__mixed,cat__preferred_color__pink,cat__preferred_color__purple,cat__preferred_color__red,cat__preferred_color__white,cat__preferred_color__unknown,cat__preferred_style__colourful,cat__preferred_style__elegant,cat__preferred_style__minimal,cat__preferred_style__rustic,cat__preferred_style__traditional,cat__preferred_style__unknown,target__theme,target__cake,target__decor,target__layout
BSAR0001,2.2857300203,2.16405707351,1.71858433086,2.19051102587,0.344722378403,-0.821102407874,-0.522847488411,-0.851961747418,0,0,1,0,0,0,1,0,0,0,0,0,1,0,0,0,0,1,0,1,0,0,0,0,0,0,0,0,0,0,1,0,0,0,0,2,4,1
BSAR0002,2.13732957413,2.44050389033,2.18439547309,2.79832951182,4.70215343771,1.07089269231,0.135857743906,1.08800798672,0,0,0,0,1,0,1,0,0,0,0,0,0,1,0,0,0,1,0,0,0,0,1,0,0,0,0,0,0,0,0,1,0,0,4,2,2,1
BSAR0003,0.1091901431,0.250194495484,-0.268876542654,-0.181491899228,-0.262380375926,-0.566801991183,-1.01875254186,-0.281622504735,0,0,0,1,0,0,0,1,0,0,0,0,0,1,0,0,1,0,0,0,0,0,0,0,1,0,0,0,0,1,0,0,0,0,1,4,0,3
BSAR0004,0.389502096982,0.547906452065,0.10377237113,0.133458023703,0.416530231066,-0.0971938883603,-0.860990131039,0.355628407796,0,0,0,1,0,0,0,0,0,1,0,1,0,0,0,0,0,1,0,0,1,0,0,0,0,0,0,0,0,0,1,0,0,0,2,2,4,3
BSAR0005,-0.995568733964,-0.89812305133,-1.23155290326,-0.897392831056,-0.709547458417,0.700461751994,1.72902161165,-0.0265116788119,0,0,0,1,0,0,1,0,0,0,0,0,0,0,1,0,1,0,0,0,0,0,1,0,0,0,0,0,0,1,0,0,0,0,2,0,1,2
BSAR0006,-0.863657226255,-0.940653330841,-0.796795837181,-0.788148208342,-0.641003599057,0.168408769073,0.642625919417,-0.115739156941,0,0,0,0,1,0,1,0,0,0,0,1,0,0,0,0,0,1,0,0,1,0,0,0,0,0,0,0,0,0,0,0,1,0,5,0,1,2
BSAR0008,-1.06152448782,-1.40848640547,-1.29366105556,-1.02058357582,-0.807467257502,0.677009602454,1.57528637218,0.00362948682038,0,1,0,0,0,0,0,0,0,1,0,0,0,1,0,0,1,0,0,0,0,0,0,0,1,0,0,0,1,0,0,0,0,0,3,0,1,2
BSAR0009,-0.764723595473,-0.876857911574,-0.610471380289,-0.716093244424,-0.735659404839,-0.502096662936,0.199553075414,-0.657038553195,0,0,1,0,0,0,1,0,0,0,0,0,0,0,1,0,0,1,0,0,0,0,1,0,0,0,0,0,1,0,0,0,0,0,0,1,0,2
BSAR0010,-0.0721881800001,0.250194495484,0.383259056468,0.133458023703,0.736401574745,0.834958416821,0.182625967599,0.797183137645,0,0,1,0,0,0,1,0,0,0,0,0,1,0,0,0,1,0,0,0,0,1,0,0,0,0,0,0,0,0,0,1,0,0,4,4,2,1
BSAR0011,-0.6163231493,-0.919388191085,-0.921012141775,-0.816040452439,-0.683435511994,-0.59647037313,-1.22855156667,-0.207676575473,1,0,0,0,0,0,0,1,0,0,0,1,0,0,0,0,1,0,0,0,1,0,0,0,0,0,0,0,0,0,1,0,0,0,2,1,0,0
BSAR0012,-0.583345272373,-0.451555116458,-0.734687684883,-0.620794743759,-0.301548295561,0.255153466766,-0.414961727945,0.522094976441,0,0,0,0,1,0,0,0,0,1,0,1,0,0,0,0,0,1,0,0,0,0,0,0,0,1,0,0,0,0,0,0,1,0,5,1,1,0
BSAR0013,-0.748234657009,-0.536615675481,-0.952066217924,-0.721904128611,-0.0893887308754,1.53767523494,0.0284441479157,1.70136230469,0,0,0,0,1,0,0,0,0,1,0,0,0,1,0,0,0,1,0,0,0,1,0,0,0,0,0,0,0,1,0,0,0,0,4,1,2,1
BSAR0014,-0.00623242614548,0.143868796705,0.0106101426841,-0.0931664595864,-0.187308529961,-0.39839860413,-0.571313082598,-0.258267836509,0,0,0,0,1,0,0,1,0,0,0,1,0,0,0,0,0,1,0,0,1,0,0,0,0,0,0,0,0,1,0,0,0,0,1,3,0,3
BSAR0015,0.323546343127,-0.111312880365,0.476421284914,-0.00948972729478,-0.432108027675,-0.840316217135,-1.02484441707,-0.725734348926,0,0,1,0,0,0,0,1,0,0,0,0,0,0,1,0,1,0,0,0,0,0,0,0,0,0,1,0,0,0,1,0,0,0,2,3,0,3
BSAR0017,-0.781212533937,-1.13203958864,-0.796795837181,-0.843932696536,-0.725867424931,-0.433435550429,-0.55855875162,-0.312368317964,0,0,0,1,0,0,0,1,0,0,0,0,0,0,1,0,0,1,0,0,1,0,0,0,0,0,0,0,0,0,0,1,0,0,4,1,0,2
BSAR0019,1.39532734326,1.86634511693,0.942232427143,1.37466288603,2.82535728857,0.73606381033,-0.451342294168,1.18195655471,0,0,0,0,1,0,1,0,0,0,0,1,0,0,0,0,1,0,0,0,1,0,0,0,0,0,0,0,0,1,0,0,0,0,1,2,2,1
BSAR0020,-0.896635103182,-1.17456986816,-1.23155290326,-0.9578260266,-0.784619304382,-0.351211749033,-0.571313082598,-0.193571638641,0,0,1,0,0,0,0,0,0,1,0,0,1,0,0,0,1,0,0,0,0,0,1,0,0,0,0,0,1,0,0,0,0,0,0,1,0,2
BSAR0021,0.0597233277091,-0.515350535725,0.10377237113,-0.348845363811,-0.337452221892,-0.620487634707,-1.31331786412,-0.195918132864,0,0,1,0,0,0,0,1,0,0,0,0,1,0,0,0,1,0,0,0,0,0,1,0,0,0,0,0,1,0,0,0,0,0,0,3,4,3
BSAR0023,0.241101650809,0.250194495484,0.0416642188328,-0.0315710872051,0.315346438678,-0.0658301703017,-0.933366443489,0.462078409996,0,0,0,0,1,0,0,1,0,0,0,1,0,0,0,0,1,0,0,0,0,0,0,0,0,1,0,0,0,1,0,0,0,0,5,4,1,3
BSAR0024,-0.352500133882,-0.685471653772,-0.268876542654,-0.544091072491,-0.281964335743,-0.158225988366,-0.967876314688,0.343849537029,0,0,0,0,1,0,0,1,0,0,0,0,0,1,0,0,0,1,0,0,0,0,0,0,0,0,1,0,0,1,0,0,0,0,2,3,4,0
BSAR0025,-0.583345272373,-0.366494557434,-0.330984694951,-0.444143864476,-0.738923398142,-0.768264432406,0.427119583731,-0.982990269442,0,1,0,0,0,0,1,0,0,0,0,1,0,0,0,0,0,1,0,0,0,0,1,0,0,0,0,0,1,0,0,0,0,0,0,1,0,0
BSAR0026,-0.368989072346,-0.068782600853,0.10377237113,-0.146626594106,0.47854610382,1.18278487565,0.482741270371,0.960063241319,0,0,1,0,0,0,1,0,0,0,0,0,1,0,0,0,1,0,0,0,0,0,0,0,0,1,0,0,0,0,1,0,0,0,4,4,2,1
BSAR0027,-0.748234657009,-0.2389037189,-0.299930618802,-0.383710668932,-0.693227491902,-0.39839860413,2.23767647804,-0.924993253895,0,0,1,0,0,0,0,0,1,0,0,1,0,0,0,0,0,1,0,0,0,1,0,0,0,0,0,0,0,0,0,1,0,0,4,1,0,2
BSAR0028,1.34586052787,2.03646623497,2.27755770153,2.54148843076,0.312082445375,-0.635745659708,0.942376360352,-0.937256980753,0,0,0,1,0,0,0,0,1,0,0,1,0,0,0,0,1,0,0,0,0,0,0,0,0,0,1,0,0,0,0,1,0,0,4,2,0,3
BSAR0029,-0.385478010809,-0.409024836946,-0.486255075694,-0.517361005232,-0.197100509869,0.041258560727,-0.772574938046,0.494491858625,0,0,0,0,1,0,0,1,0,0,0,1,0,0,0,0,0,1,0,0,0,1,0,0,0,0,0,0,0,0,0,1,0,0,4,4,1,0
BSAR0031,-0.220588626173,0.377785334019,-0.175714314208,-0.0850312217247,-0.197100509869,-0.198066386981,0.0752820865355,-0.283697306342,0,0,0,0,1,0,0,0,1,0,0,1,0,0,0,0,0,1,0,0,0,0,1,0,0,0,0,0,0,1,0,0,0,0,1,3,4,0
BSAR0032,-0.913124041646,-1.23836528742,-1.07628252252,-0.936906843527,-0.807467257502,-0.407440396723,-0.188147256998,-0.429169572232,0,0,0,0,1,0,0,0,0,1,0,0,0,1,0,0,0,1,0,0,1,0,0,0,0,0,0,0,0,0,0,0,1,0,5,0,0,2
BSAR0034,1.67563929715,0.951944107426,1.74963840701,1.31422969049,0.259858552529,-0.746225062959,-0.800247040732,-0.660658804822,0,1,0,0,0,0,0,0,0,1,0,1,0,0,0,0,1,0,0,0,0,0,0,0,0,0,1,0,0,0,1,0,0,0,2,2,0,3
BSAR0036,-0.336011195418,-0.664206514016,-0.393092847248,-0.576632023938,1.07585687824,2.07905256648,-1.12493514153,4.30071747717,1,0,0,0,0,0,0,0,0,1,0,1,0,0,0,0,1,0,0,0,0,0,0,0,0,0,1,0,0,0,1,0,0,0,2,4,2,1
BSAR0037,1.75808398946,1.95140567595,2.52599031072,2.66467917553,1.99956698295,0.0774257311009,0.457914603766,-0.136283940499,0,0,1,0,0,0,1,0,0,0,0,0,0,0,1,0,1,0,0,0,0,0,0,1,0,0,0,0,1,0,0,0,0,0,0,2,1,1
BSAR0038,-0.847168287791,-1.25963042718,-1.01417437022,-0.928771605665,-0.771563331171,-0.44304245506,-0.730742219824,-0.243574927103,1,0,0,0,0,0,0,0,0,1,0,1,0,0,0,0,1,0,0,0,0,0,0,1,0,0,0,0,0,0,1,0,0,0,3,1,1,2
BSAR0039,-0.781212533937,-0.791797352551,-0.610471380289,-0.688201000327,-0.794411284291,-0.670782606008,0.540135759772,-0.90451096855,1,0,0,0,0,0,1,0,0,0,0,1,0,0,0,0,0,1,0,0,1,0,0,0,0,0,0,0,0,0,1,0,0,0,2,1,3,2
BSAR0040,0.587369358546,0.186399076217,0.973286503292,0.379839513229,1.51323198082,0.640277320044,-0.74023204942,1.34447757144,0,0,1,0,0,0,0,0,0,1,0,0,1,0,0,0,0,1,0,0,0,0,1,0,0,0,0,0,0,1,0,0,0,0,3,3,2,1
BSAR0041,-0.632812087764,-0.64294137426,-0.268876542654,-0.527820596768,-0.657323565571,-0.50718267127,0.330332374146,-0.695298679068,0,0,1,0,0,0,1,0,0,0,0,0,0,0,1,0,1,0,0,1,0,0,0,0,0,0,0,0,1,0,0,0,0,0,0,1,4,0
BSAR0042,0.0267454507818,0.973209247182,0.290096828022,0.440272708773,-0.396204101343,-0.669087269896,0.623789890077,-0.917119766558,0,1,0,0,0,0,1,0,0,0,0,1,0,0,0,0,1,0,0,0,0,0,0,0,0,1,0,0,1,0,0,0,0,0,0,4,4,3
BSAR0043,-0.7977014724,-0.430289976702,-0.889958065626,-0.670768347766,-0.00778889830424,2.19574820214,0.83223271476,1.67843571907,0,0,0,1,0,0,1,0,0,0,0,1,0,0,0,0,0,1,0,0,0,0,1,0,0,0,0,0,0,1,0,0,0,0,0,1,2,1
BSAR0045,-0.913124041646,-1.23836528742,-0.921012141775,-0.903203715243,-0.706283465114,0.107659225085,0.161525052378,0.0182078926864,0,0,0,0,1,0,0,0,0,1,0,1,0,0,0,0,1,0,0,0,0,0,0,0,0,0,1,0,0,0,1,0,0,0,2,0,4,2
BSAR0048,-0.171121810782,-0.2389037189,-0.268876542654,-0.370926723721,-0.451691987492,-0.610315618039,-0.905967331475,-0.409196992227,0,0,0,0,1,0,0,1,0,0,0,0,0,1,0,0,0,1,0,0,0,0,0,0,0,1,0,0,0,1,0,0,0,0,5,4,0,0
BSAR0051,-0.4349448262,-0.196373439388,-0.0204439334645,-0.254709039983,0.563409929694,1.56451805671,0.405561724064,1.40168642673,0,0,1,0,0,0,1,0,0,0,0,0,1,0,0,0,1,0,0,0,0,0,0,0,0,0,1,0,0,0,1,0,0,0,2,4,2,1
BSAR0052,-0.0227213646091,0.27145963524,0.56958351336,0.234567408556,-0.242796416109,-0.452084247653,0.282611189622,-0.625590571659,0,0,1,0,0,0,0,0,1,0,0,0,1,0,0,0,1,0,0,0,1,0,0,0,0,0,0,0,0,1,0,0,0,0,1,4,4,3
BSAR0053,-0.599834210837,-0.64294137426,-0.858903989478,-0.720741951774,-0.611627659331,-0.445302903208,-0.821844583952,-0.199106121644,0,1,0,0,0,0,0,1,0,0,0,1,0,0,0,0,0,1,0,0,0,0,0,0,1,0,0,0,1,0,0,0,0,0,3,4,0,0
BSAR0054,-0.665789964691,-0.196373439388,-0.610471380289,-0.492955291646,-0.53002782676,-0.108778685121,0.755365095026,-0.415082900478,0,0,0,0,1,0,1,0,0,0,0,1,0,0,0,0,1,0,0,0,0,1,0,0,0,0,0,0,0,0,1,0,0,0,2,1,1,0
BSAR0056,-0.7977014724,-0.749267073039,-0.268876542654,-0.569658962914,-0.481067927217,0.488544738085,1.57528637218,-0.143400589435,1,0,0,0,0,0,1,0,0,0,0,1,0,0,0,0,0,1,0,0,0,0,1,0,0,0,0,0,0,0,0,0,1,0,3,1,1,2
BSAR0057,-0.583345272373,-0.13257802012,0.196934599576,-0.13616700257,-0.454955980794,-0.103975232805,1.89522187054,-0.665684521305,0,0,0,0,1,0,0,0,1,0,0,1,0,0,0,0,1,0,0,0,0,0,0,0,0,1,0,0,0,0,0,1,0,0,4,1,4,0
BSAR0058,-0.946101918573,-1.47228182474,-1.29366105556,-1.03452969787,-0.787883297685,-0.165855000867,-0.908391829875,0.285369811513,0,1,0,0,0,0,0,1,0,0,0,1,0,0,0,0,0,1,0,0,0,0,0,0,1,0,0,0,1,0,0,0,0,0,0,0,0,2
BSAR0059,1.64266142022,0.951944107426,1.90490878775,1.40836601431,2.02241493607,0.148064735737,-0.673538409789,0.570659280137,0,0,0,0,1,0,1,0,0,0,0,1,0,0,0,0,1,0,0,1,0,0,0,0,0,0,0,0,0,1,0,0,0,0,2,2,2,1
BSAR0060,-0.896635103182,-0.961918470597,-0.827849913329,-0.802094330391,-0.791147290988,-0.382575467091,0.954651516558,-0.713286470732,0,0,1,0,0,0,1,0,0,0,0,0,1,0,0,0,0,1,0,0,1,0,0,0,0,0,0,0,0,0,0,1,0,0,4,1,3,2
BSAR0061,2.56604197418,0.803088129135,1.15961096018,0.862142900743,1.96039906331,-0.248643914301,-1.76463418115,1.07583861788,0,0,0,1,0,0,0,1,0,0,0,0,0,0,1,0,1,0,0,0,0,0,1,0,0,0,0,0,1,0,0,0,0,0,3,2,1,3
BSAR0062,0.274079527736,0.824353268891,0.880124274846,0.712222088721,1.59156782009,1.14605259324,0.485320797984,0.921673066809,0,0,1,0,0,0,1,0,0,0,0,0,1,0,0,0,1,0,0,0,0,0,0,0,1,0,0,0,0,1,0,0,0,0,3,4,2,1
BSAR0063,2.31870789723,1.82381483741,3.1470718337,3.02379181828,2.74049346269,0.1474996237,0.140183549928,0.07144680935,0,1,0,0,0,0,1,0,0,0,0,0,0,1,0,0,1,0,0,0,0,0,0,0,0,0,1,0,1,0,0,0,0,0,3,2,1,1
BSAR0065,0.142168020027,0.122603656949,-0.268876542654,-0.231465503235,-0.321132255378,-0.649308348598,-1.18625404047,-0.327188184754,0,0,0,0,1,0,0,0,0,1,0,1,0,0,0,0,0,1,0,0,0,0,1,0,0,0,0,0,0,1,0,0,0,0,1,3,3,3
BSAR0067,-0.913124041646,-0.855592771818,-0.424146923397,-0.65566004888,-0.673643532085,0.274084720009,2.72980787642,-0.55305156223,0,1,0,0,0,0,0,0,1,0,0,1,0,0,0,0,0,1,0,0,0,0,1,0,0,0,0,0,0,0,1,0,0,0,3,1,1,2
BSAR0068,-0.847168287791,-0.813062492306,-0.952066217924,-0.796283446204,-0.288492322349,1.54812980763,0.382008084891,1.40354957334,1,0,0,0,0,0,1,0,0,0,0,0,0,1,0,0,0,1,0,0,0,0,0,1,0,0,0,0,1,0,0,0,0,0,3,0,2,1
BSAR0070,0.142168020027,-0.0900477406088,-0.299930618802,-0.326764003901,-0.412524067857,-0.747072731015,-1.39376498098,-0.385042939791,0,0,0,1,0,0,0,1,0,0,0,0,0,1,0,0,1,0,0,0,0,0,0,0,0,0,1,0,0,0,1,0,0,0,2,4,0,3
BSAR0071,0.208123773882,1.2071257845,0.7869620464,0.877251199629,0.171730733352,-0.181395581887,1.01038472755,-0.547340977505,0,0,1,0,0,0,0,0,1,0,0,0,1,0,0,0,0,1,0,0,0,1,0,0,0,0,0,0,0,1,0,0,0,0,2,4,1,3
BSAR0073,-0.187610749246,0.313989914752,0.56958351336,0.257810945303,-0.516971853549,-0.690561527306,0.952784664834,-0.987758298409,0,0,1,0,0,0,0,0,1,0,0,0,1,0,0,0,0,1,0,0,0,0,0,1,0,0,0,0,1,0,0,0,0,0,0,3,3,0
BSAR0074,-0.830679349328,-0.834327632062,-0.330984694951,-0.620794743759,-0.88580309677,-0.934972483348,1.61721416477,-1.25733105564,0,0,0,0,1,0,1,0,0,0,0,0,0,1,0,0,0,1,0,0,0,1,0,0,0,0,0,0,0,0,1,0,0,0,4,0,3,2
BSAR0075,-0.9790797955,-0.749267073039,-0.703633608735,-0.703309299213,-0.797675277594,-0.045768692985,3.96803740697,-0.896732955515,1,0,0,0,0,0,0,0,1,0,0,1,0,0,0,0,0,1,0,0,1,0,0,0,0,0,0,0,0,0,0,0,1,0,5,0,4,2
BSAR0076,2.33519683569,2.18532221326,1.37698949322,1.92437253011,1.20968060366,-0.478927069415,-0.782466225626,-0.270030781576,0,0,1,0,0,0,1,0,0,0,0,0,1,0,0,0,1,0,0,0,0,0,0,1,0,0,0,0,1,0,0,0,0,0,3,2,4,1
BSAR0078,-0.6163231493,-0.983183610353,-0.889958065626,-0.825337867138,-0.696491485205,-0.628681759244,-1.27540421108,-0.236106707958,0,0,0,0,1,0,0,1,0,0,0,1,0,0,0,0,0,1,0,0,1,0,0,0,0,0,0,0,0,1,0,0,0,0,1,1,0,0
BSAR0080,-0.0721881800001,-0.409024836946,-0.0825520857618,-0.368602370046,0.0183230481185,-0.0791103031733,-1.11960194318,0.607718621315,0,0,1,0,0,0,0,0,0,1,0,0,0,0,1,0,1,0,0,0,0,1,0,0,0,0,0,0,0,0,0,1,0,0,4,4,4,0
BSAR0082,-0.880146164719,-0.961918470597,-0.889958065626,-0.819526982951,-0.797675277594,-0.464234156451,0.563870323058,-0.706381555804,1,0,0,0,0,0,1,0,0,0,0,1,0,0,0,0,0,1,0,0,1,0,0,0,0,0,0,0,0,1,0,0,0,0,1,0,3,2
BSAR0083,-0.814190410864,-1.08950930913,-0.858903989478,-0.847419227049,-0.800939270896,-0.634332879615,-0.338605956835,-0.659774075175,0,0,1,0,0,0,0,0,0,1,0,0,1,0,0,0,1,0,0,0,0,0,1,0,0,0,0,0,0,0,0,1,0,0,4,0,3,2
BSAR0084,-0.7977014724,-0.855592771818,-1.01417437022,-0.825337867138,-0.637739605754,-0.0765672990064,-0.30369988797,0.0298268346614,0,0,0,0,1,0,0,1,0,0,0,1,0,0,0,0,0,1,0,0,1,0,0,0,0,0,0,0,0,1,0,0,0,0,1,0,4,2
BSAR0085,-0.550367395446,-0.621676234504,-0.206768390356,-0.499928352671,0.250066572621,1.39611466965,-0.0211949607442,1.58695103229,0,0,0,0,1,0,1,0,0,0,0,0,0,1,0,0,1,0,0,0,0,0,0,0,0,0,1,0,0,0,1,0,0,0,2,1,2,1
BSAR0086,0.702791927791,0.6754972906,0.662745741806,0.503030257991,2.30964634672,1.11751443537,-0.712917844233,2.00450855113,0,0,0,0,1,0,1,0,0,0,0,1,0,0,0,0,1,0,0,0,0,0,0,0,0,0,1,0,0,0,0,1,0,0,4,3,2,1
BSAR0087,-0.336011195418,-0.153843159876,-0.486255075694,-0.427873388753,-0.533291820063,-0.599861045353,-0.620368201745,-0.516562505271,0,0,0,0,1,0,0,0,0,1,0,1,0,0,0,0,0,1,0,0,0,0,0,0,1,0,0,0,0,1,0,0,0,0,1,3,3,0
BSAR0088,1.24692689709,1.9726708157,2.02912509235,2.29278258756,1.41857617504,0.041258560727,0.82184519858,-0.295591204081,0,0,0,0,1,0,0,0,1,0,0,1,0,0,0,0,1,0,0,0,1,0,0,0,0,0,0,0,0,0,0,0,1,0,5,2,1,3
BSAR0089,-0.781212533937,-0.323964277923,-0.3620387711,-0.439495157127,-0.549611786577,0.176885449629,2.29476729289,-0.539550249143,1,0,0,0,0,0,0,0,1,0,0,1,0,0,0,0,1,0,0,0,0,1,0,0,0,0,0,0,0,0,1,0,0,0,4,0,4,2
BSAR0091,-0.830679349328,-1.23836528742,-0.858903989478,-0.889257593194,-0.624683632543,0.0926837561023,-0.535079187775,0.390661018982,0,0,0,0,1,0,0,1,0,0,0,1,0,0,0,0,0,1,0,0,0,0,1,0,0,0,0,0,0,0,0,0,1,0,1,1,1,2
BSAR0092,0.438968912373,0.845618408647,0.227988675725,0.341487677595,1.46100808798,0.777599545057,-0.567172066047,1.3528537801,0,0,0,0,1,0,1,0,0,0,0,1,0,0,0,0,0,1,0,0,0,0,0,0,0,1,0,0,0,1,0,0,0,0,5,2,2,1
BSAR0093,-0.830679349328,-0.791797352551,-0.299930618802,-0.595226853336,-0.722603431628,-0.292722653194,1.82219448406,-0.793089738888,1,0,0,0,0,0,0,0,1,0,0,1,0,0,0,0,1,0,0,0,0,1,0,0,0,0,0,0,0,0,0,1,0,0,4,0,4,2
BSAR0094,0.224612712346,1.24965606401,0.476421284914,0.697113789835,-0.281964335743,-0.651851352765,0.589712395135,-0.894808258598,0,0,1,0,0,0,0,0,1,0,0,0,0,0,1,0,0,1,0,1,0,0,0,0,0,0,0,0,1,0,0,0,0,0,0,4,4,3
BSAR0095,-1.02854661089,-1.1533047284,-1.01417437022,-0.902041538406,-0.435372020977,3.48844198698,2.67193108038,1.51242629974,1,0,0,0,0,0,0,0,0,1,0,1,0,0,0,0,1,0,0,0,1,0,0,0,0,0,0,0,0,0,1,0,0,0,2,0,2,1
BSAR0096,0.274079527736,0.101338517193,0.227988675725,-0.0129762578069,-0.412524067857,-0.803301378706,-0.951844586698,-0.693031164314,0,0,0,0,1,0,0,0,0,1,0,0,0,1,0,0,0,1,0,0,0,0,0,0,0,1,0,0,0,0,0,0,1,0,5,4,3,3
BSAR0097,-0.583345272373,-0.153843159876,-0.144660238059,-0.28724999143,-0.738923398142,-0.768264432406,1.17502074871,-1.08319010412,1,0,0,0,0,0,0,0,1,0,0,1,0,0,0,0,1,0,0,0,0,0,0,0,0,0,1,0,0,0,1,0,0,0,4,1,3,0
BSAR0098,1.77457292793,0.93067896767,0.880124274846,0.774979637939,0.305554458769,-0.745094838885,-1.41514873034,-0.368215409885,0,0,1,0,0,0,0,1,0,0,0,0,0,0,1,0,1,0,0,0,0,0,0,0,1,0,0,0,0,0,0,0,1,0,3,2,0,3
BSAR0099,0.1091901431,0.165133936461,-0.393092847248,-0.272141692544,0.139090800324,-0.126862270308,-1.22113817357,0.625656190691,1,0,0,0,0,0,0,0,0,1,0,1,0,0,0,0,0,1,0,0,0,1,0,0,0,0,0,0,0,0,0,0,1,0,5,4,4,3
BSAR0100,-0.352500133882,-0.0475174610972,-0.175714314208,-0.257033393658,0.537297983271,1.23251473491,0.0248715061851,1.35845289659,0,0,0,0,1,0,0,0,0,1,0,1,0,0,0,0,0,1,0,0,1,0,0,0,0,0,0,0,0,1,0,0,0,0,5,3,2,1
BSAR0101,0.389502096982,0.6754972906,1.12855688404,0.762195692728,-0.308076282166,-0.750463403238,0.294159376624,-0.942270385269,0,0,0,0,1,0,1,0,0,0,0,0,0,1,0,0,1,0,0,0,0,0,1,0,0,0,0,0,1,0,0,0,0,0,3,3,4,3
BSAR0103,0.636836173937,1.0582698062,0.973286503292,0.908629974238,-0.272172355835,-0.80640949491,0.0282389624109,-0.954920961775,0,1,0,0,0,0,1,0,0,0,0,1,0,0,0,0,0,1,0,0,0,1,0,0,0,0,0,0,0,0,0,1,0,0,4,3,0,1
BSAR0104,2.84635392806,2.90833696496,2.89863922451,3.86055914119,5.97837481912,1.09293206175,0.280772906793,1.00575707387,1,0,0,0,0,0,1,0,0,0,0,1,0,0,0,0,1,0,0,0,0,0,0,0,0,0,1,0,0,0,1,0,0,0,2,2,2,1
BSAR0105,-0.7977014724,-0.302699138167,-0.796795837181,-0.599875560686,0.0117950615129,2.26638720677,1.35322435962,1.37697898731,1,0,0,0,0,0,1,0,0,0,0,1,0,0,0,0,1,0,0,0,0,0,1,0,0,0,0,0,0,1,0,0,0,0,1,1,2,1
BSAR0106,0.1091901431,-0.00498718158559,0.693799817954,0.140431084728,0.299026472164,0.0483224611907,-0.300024080557,0.184428415459,0,0,0,1,0,0,1,0,0,0,0,1,0,0,0,0,0,1,0,0,0,1,0,0,0,0,0,0,0,0,0,1,0,0,4,4,1,3
BSAR0107,0.241101650809,-0.217638579144,0.290096828022,-0.139653533082,-0.229740442898,-0.608337725909,-1.15248333652,-0.275121467887,0,0,0,1,0,0,0,1,0,0,0,0,0,0,1,0,1,0,0,0,0,0,0,0,0,1,0,0,0,0,0,1,0,0,4,4,0,3
BSAR0108,2.25275214337,1.07953494596,2.09123324464,1.62453090607,1.58830382679,-0.300916777732,-0.972991688075,0.119571928531,0,0,0,0,1,0,1,0,0,0,0,0,0,1,0,0,0,1,0,0,0,0,0,0,0,0,1,0,0,1,0,0,0,0,1,2,1,1
BSAR0109,1.36234946634,1.44104232181,0.693799817954,0.946981809872,2.53812587792,0.602697369577,-0.900016289947,1.47416400148,0,0,0,0,1,0,0,0,0,1,0,1,0,0,0,0,1,0,0,1,0,0,0,0,0,0,0,0,0,0,1,0,0,0,2,2,2,1
BSAR0110,0.999592820137,0.824353268891,1.22171911248,0.910954327913,0.184786706564,-0.60240404952,-0.535009132983,-0.552189356135,1,0,0,0,0,0,0,0,0,1,0,1,0,0,0,0,0,1,0,0,1,0,0,0,0,0,0,0,0,0,0,0,1,0,5,2,4,3
BSAR0113,-0.863657226255,-0.961918470597,-1.01417437022,-0.853230111235,-0.849899170439,-0.735770490273,0.0686810254059,-0.883281598164,0,0,1,0,0,0,0,1,0,0,0,0,0,0,1,0,0,1,0,0,0,0,1,0,0,0,0,0,0,1,0,0,0,0,3,0,3,2
BSAR0117,-0.929612980109,-1.23836528742,-0.983120294072,-0.917149837292,-0.804203264199,-0.329454935605,0.230103026846,-0.480322866649,0,0,1,0,0,0,0,1,0,0,0,0,1,0,0,0,0,1,0,0,0,0,0,0,0,1,0,0,1,0,0,0,0,0,0,1,0,2
BSAR0118,0.257590589273,0.292724774996,0.134826447279,0.032348638851,0.47854610382,0.0796861792492,-0.833232379469,0.60230922459,0,0,0,1,0,0,1,0,0,0,0,1,0,0,0,0,0,1,0,0,0,0,1,0,0,0,0,0,0,0,0,0,1,0,1,3,1,3
BSAR0119,-0.270055441564,-0.600411094748,0.0106101426841,-0.418575974054,-0.673643532085,-0.871962491212,-0.789308025335,-0.851679778755,0,0,0,0,1,0,0,1,0,0,0,1,0,0,0,0,0,1,0,0,0,0,1,0,0,0,0,0,0,0,0,1,0,0,4,4,0,0
BSAR0120,-0.913124041646,-1.17456986816,-1.10733659867,-0.928771605665,-0.797675277594,-0.357710537459,-0.103743596114,-0.400299294101,0,0,0,0,1,0,0,1,0,0,0,0,0,1,0,0,0,1,0,0,1,0,0,0,0,0,0,0,0,1,0,0,0,0,5,0,4,2
BSAR0122,-0.336011195418,-0.536615675481,-0.3620387711,-0.518523182069,-0.569195746394,-0.659762921284,-0.927838680679,-0.47612659866,0,1,0,0,0,0,0,1,0,0,0,1,0,0,0,0,1,0,0,0,0,0,0,0,1,0,0,0,0,0,0,1,0,0,3,4,0,0
BSAR0123,0.966614943209,0.165133936461,0.973286503292,0.367055568018,0.158674760141,-0.608055169891,-1.22363382728,-0.231295550366,0,0,1,0,0,0,0,1,0,0,0,0,1,0,0,0,1,0,0,0,0,0,0,0,0,0,1,0,0,0,1,0,0,0,4,2,3,3
BSAR0125,0.274079527736,0.377785334019,0.0416642188328,0.0253755778267,0.129298820415,-0.276334404118,-0.875840648085,0.0912729863432,1,0,0,0,0,0,1,0,0,0,0,0,0,1,0,0,0,1,0,0,1,0,0,0,0,0,0,0,0,0,0,0,1,0,5,4,1,3
BSAR0127,-0.929612980109,-1.11077444889,-1.01417437022,-0.890419770032,-0.699755478508,0.235657101486,0.524762235825,-0.00483915727766,0,1,0,0,0,0,1,0,0,0,0,1,0,0,0,0,1,0,0,0,0,0,0,0,0,0,1,0,0,1,0,0,0,0,2,0,4,2
BSAR0128,-0.171121810782,-0.153843159876,0.383259056468,-0.0699229228387,-0.118764670601,-0.145510967532,-0.049678578313,-0.173711013999,1,0,0,0,0,0,1,0,0,0,0,1,0,0,0,0,1,0,0,0,0,0,0,0,0,1,0,0,0,0,1,0,0,0,0,4,4,0
BSAR0129,-0.550367395446,-1.06824416938,-0.610471380289,-0.778850793643,-0.412524067857,-0.0745894068766,-1.28261231022,0.786098316145,0,0,1,0,0,0,0,1,0,0,0,0,1,0,0,0,1,0,0,0,0,0,0,0,1,0,0,0,1,0,0,0,0,0,0,1,4,0
BSAR0131,-0.418455887737,-0.472820256213,-0.610471380289,-0.583605084962,-0.637739605754,-0.710340448604,-0.909554838778,-0.563210149269,0,0,0,0,1,0,1,0,0,0,0,1,0,0,0,0,0,1,0,0,0,0,0,0,0,0,1,0,0,0,0,0,1,0,5,4,3,0
BSAR0132,0.191634835418,0.6754972906,0.134826447279,0.208999518133,1.39899221522,1.09745295805,-0.340303516415,1.54013488634,0,0,0,1,0,0,0,0,0,1,0,0,0,1,0,0,0,1,0,0,0,0,0,0,1,0,0,0,1,0,0,0,0,0,0,4,2,1
BSAR0133,-0.962590857037,-1.1533047284,-1.01417437022,-0.902041538406,-0.765035344565,0.0613200380438,0.938383237249,-0.312472759048,0,0,1,0,0,0,1,0,0,0,0,0,0,0,1,0,1,0,0,0,0,0,0,0,0,1,0,0,1,0,0,0,0,0,0,0,1,2
BSAR0135,0.373013158518,0.505376172554,1.47015172167,0.835412833483,1.29454442953,0.716284889032,0.468932069914,0.500964261088,0,1,0,0,0,0,0,0,1,0,0,1,0,0,0,0,1,0,0,0,0,0,0,0,0,0,1,0,1,0,0,0,0,0,3,2,2,1
BSAR0136,-0.814190410864,-0.89812305133,-1.01417437022,-0.835797458675,0.106450867295,2.78092171654,-0.249484078883,3.52563499972,0,0,0,0,1,0,0,0,0,1,0,1,0,0,0,0,0,1,0,0,0,0,0,0,0,0,1,0,0,0,0,0,1,0,1,1,2,1
BSAR0137,-0.484411641591,-0.430289976702,-0.517309151843,-0.53595583463,0.543825969877,1.73009588357,-0.482859043008,2.53619848647,0,0,1,0,0,0,1,0,0,0,0,1,0,0,0,0,1,0,0,0,0,1,0,0,0,0,0,0,1,0,0,0,0,0,0,4,2,1
BSAR0138,0.735769804718,0.505376172554,0.352204980319,0.245027000092,-0.0469568179384,-0.668804713878,-1.14771073257,-0.382281488853,0,0,0,0,1,0,0,1,0,0,0,0,0,1,0,0,1,0,0,0,1,0,0,0,0,0,0,0,0,1,0,0,0,0,1,3,3,3
BSAR0139,-0.9790797955,-0.961918470597,-1.26260697941,-0.919474190966,-0.503915880337,1.91036662341,1.03524206944,1.27863140253,0,0,1,0,0,0,1,0,0,0,0,0,0,1,0,0,0,1,0,0,0,0,0,0,0,0,1,0,0,0,1,0,0,0,2,0,2,1
BSAR0140,-0.665789964691,-0.813062492306,-1.04522844637,-0.824175690301,-0.650795578965,-0.435413442559,-1.07024087365,-0.0335837039674,1,0,0,0,0,0,0,1,0,0,0,1,0,0,0,0,0,1,0,0,0,0,0,0,0,0,1,0,0,1,0,0,0,0,1,1,0,0
BSAR0144,-0.946101918573,-1.02571388986,-0.889958065626,-0.836959635512,-0.833579203925,-0.429762322188,1.41471845541,-0.835632390213,0,0,1,0,0,0,1,0,0,0,0,1,0,0,0,0,0,1,0,0,0,0,0,0,0,1,0,0,0,1,0,0,0,0,1,0,3,2
BSAR0145,0.455457850837,0.484111032798,0.476421284914,0.299649311449,-0.399468094646,-0.854444018062,-0.669248124037,-0.859439824521,0,0,1,0,0,0,1,0,0,0,0,1,0,0,0,0,0,1,0,0,0,0,0,0,0,1,0,0,0,1,0,0,0,0,1,3,3,3
BSAR0147,-0.204099687709,-0.068782600853,0.0106101426841,-0.186140606577,-0.468011954006,-0.608620281928,-0.279785517387,-0.645310002704,0,0,0,1,0,0,1,0,0,0,0,1,0,0,0,0,0,1,0,0,0,0,1,0,0,0,0,0,0,0,0,0,1,0,1,3,4,0
BSAR0150,-0.4349448262,-0.600411094748,-0.393092847248,-0.55338848719,-0.569195746394,-0.566801991183,-0.739654407619,-0.419791229845,0,0,1,0,0,0,1,0,0,0,0,0,1,0,0,0,0,1,0,0,0,1,0,0,0,0,0,0,0,0,1,0,0,0,2,4,4,0
BSAR0151,-0.880146164719,-0.749267073039,-0.952066217924,-0.778850793643,0.00200308160431,3.17904314668,0.941465648065,2.47570979878,0,0,0,0,1,0,1,0,0,0,0,0,0,1,0,0,0,1,0,0,0,0,0,0,0,0,1,0,1,0,0,0,0,0,3,0,2,1
BSAR0152,0.966614943209,1.12206522547,1.40804356937,1.22357989717,1.2553765099,0.116701017679,-0.070423939364,0.141275584679,1,0,0,0,0,0,1,0,0,0,0,1,0,0,0,0,1,0,0,0,0,0,0,1,0,0,0,0,0,1,0,0,0,0,3,2,2,1
BSAR0153,-0.7977014724,-0.983183610353,-1.13839067482,-0.891581946869,-0.565931753091,0.18253657,-0.790528146283,0.719316460461,0,0,0,1,0,0,0,1,0,0,0,0,0,0,1,0,1,0,0,0,0,0,0,0,0,0,1,0,0,0,1,0,0,0,2,0,1,2
BSAR0154,-0.946101918573,-1.38722126571,-1.13839067482,-0.985718270697,-0.836843197228,-0.448411019412,-0.334446935864,-0.425399681002,1,0,0,0,0,0,0,1,0,0,0,1,0,0,0,0,0,1,0,0,0,0,0,0,0,0,1,0,0,0,1,0,0,0,2,0,0,2
BSAR0156,2.87933180499,1.93014053619,1.90490878775,2.16261878178,1.21947258357,-0.594775037019,-0.961448814004,-0.35719074208,0,0,1,0,0,0,1,0,0,0,0,1,0,0,0,0,0,1,0,0,0,0,1,0,0,0,0,0,0,0,0,1,0,0,4,2,3,1
BSAR0157,-0.814190410864,-0.770532212795,-0.455200999545,-0.63357868897,-0.601835679423,0.115005681567,1.30123659748,-0.367363385856,0,0,1,0,0,0,1,0,0,0,0,0,1,0,0,0,0,1,0,0,0,0,0,0,0,1,0,0,0,1,0,0,0,0,5,0,1,2
BSAR0158,-0.237077564636,-0.323964277923,-0.0204439334645,-0.30933135134,-0.301548295561,-0.333975831901,-0.54696676115,-0.181959500562,0,0,1,0,0,0,0,0,0,1,0,0,0,1,0,0,0,1,0,0,0,0,1,0,0,0,0,0,1,0,0,0,0,0,0,3,4,0
BSAR0161,1.04905963553,1.10080008572,1.19066503633,1.07133473147,3.5499638018,1.52269976596,-0.390113159828,2.14092068745,0,0,1,0,0,0,0,0,0,1,0,0,1,0,0,0,0,1,0,0,0,0,0,1,0,0,0,0,0,0,1,0,0,0,0,2,2,1
BSAR0162,0.504924666227,0.654232150845,1.50120579782,0.955117047734,-0.099180710784,-0.617096962484,0.373763384116,-0.818786039371,0,0,0,1,0,0,0,0,1,0,0,1,0,0,0,0,1,0,0,0,0,0,0,1,0,0,0,0,1,0,0,0,0,0,3,3,4,3
BSAR0163,-0.566856333909,-0.834327632062,-0.393092847248,-0.638227396319,-0.634475612451,-0.546175401829,-0.574309870892,-0.460232130428,1,0,0,0,0,0,1,0,0,0,0,1,0,0,0,0,0,1,0,0,0,0,0,0,0,1,0,0,0,0,0,0,1,0,5,1,0,0
BSAR0164,-0.121654995391,0.569171591821,-0.0514980096132,0.0590787061109,-0.337452221892,-0.493337426361,0.145942838061,-0.633309909637,0,0,0,0,1,0,1,0,0,0,0,1,0,0,0,0,0,1,0,0,1,0,0,0,0,0,0,0,0,1,0,0,0,0,1,3,4,0
BSAR0165,-0.880146164719,-0.430289976702,-0.827849913329,-0.648686987856,-0.840107190531,-0.657785029155,2.14977068809,-1.09587801436,0,0,0,1,0,0,0,0,1,0,0,0,0,0,1,0,0,1,0,0,0,0,1,0,0,0,0,0,1,0,0,0,0,0,0,0,0,2
BSAR0166,1.67563929715,1.95140567595,1.22171911248,1.6442879123,0.325138418586,-0.713731120827,-0.465681462122,-0.724382220669,0,1,0,0,0,0,0,0,0,1,0,1,0,0,0,0,1,0,0,0,0,0,1,0,0,0,0,0,1,0,0,0,0,0,0,2,3,3
BSAR0168,0.191634835418,0.27145963524,0.0106101426841,-0.037381971392,1.26843248311,0.962956293223,-0.857634798432,1.97358510226,0,1,0,0,0,0,0,0,0,1,0,0,0,1,0,0,1,0,0,0,0,0,0,1,0,0,0,0,0,1,0,0,0,0,3,4,2,1
BSAR0169,-0.814190410864,-0.961918470597,-0.765741761032,-0.785823854667,-0.582251719606,0.188752802408,0.133739996311,0.119889064162,0,1,0,0,0,0,0,0,1,0,0,1,0,0,0,0,0,1,0,0,0,0,0,0,0,0,1,0,0,1,0,0,0,0,1,0,4,2
BSAR0174,0.785236620109,1.2071257845,0.383259056468,0.61459923438,1.01710499879,0.0813815153605,-0.6607072774,0.465796169365,0,1,0,0,0,0,0,0,0,1,0,1,0,0,0,0,0,1,0,0,0,0,0,0,0,0,1,0,0,1,0,0,0,0,2,3,2,1
BSAR0175,-0.781212533937,-0.749267073039,-0.610471380289,-0.674254878278,-0.595307692817,0.0186540792434,0.638526313031,-0.258267836509,1,0,0,0,0,0,0,0,1,0,0,1,0,0,0,0,0,1,0,0,0,0,0,0,0,1,0,0,0,1,0,0,0,0,1,0,4,2
BSAR0176,-0.0886771184637,-0.00498718158559,0.259042751873,-0.0490037397658,-0.190572523264,-0.329737491623,-0.24429638748,-0.312788515878,0,0,0,1,0,0,0,0,1,0,0,0,0,0,1,0,0,1,0,0,0,0,0,0,0,1,0,0,0,0,1,0,0,0,4,4,1,0
BSAR0178,0.241101650809,0.951944107426,0.56958351336,0.599490935494,-0.441900007583,-0.819407071763,0.345993480353,-1.02278025364,0,0,1,0,0,0,1,0,0,0,0,0,1,0,0,0,0,1,0,0,0,0,0,1,0,0,0,0,1,0,0,0,0,0,3,4,0,3
BSAR0179,0.1091901431,0.037543097926,0.724853894103,0.178782920361,-0.226476449595,-0.527526704605,-0.214399390221,-0.565812242037,0,0,0,0,1,0,0,0,1,0,0,1,0,0,0,0,1,0,0,0,0,0,0,0,0,0,1,0,0,0,1,0,0,0,3,3,1,3
BSAR0180,0.274079527736,1.07953494596,0.445367208765,0.589031343958,-0.399468094646,-0.790586357871,0.241186934561,-0.975484668863,0,0,0,0,1,0,1,0,0,0,0,1,0,0,0,0,0,1,0,0,1,0,0,0,0,0,0,0,0,0,0,0,1,0,5,3,4,3
BSAR0181,-0.847168287791,-1.21710014767,-0.952066217924,-0.90436589208,-0.765035344565,-0.416199633298,-0.525761900534,-0.303745889433,0,0,0,0,1,0,0,1,0,0,0,1,0,0,0,0,0,1,0,0,1,0,0,0,0,0,0,0,0,0,0,0,1,0,5,0,3,2
BSAR0184,-0.319522256955,-0.068782600853,-0.268876542654,-0.305844820828,0.586257882814,1.21414859371,-0.266635836526,1.61096446136,0,1,0,0,0,0,1,0,0,0,0,1,0,0,0,0,1,0,0,0,0,0,1,0,0,0,0,0,1,0,0,0,0,0,0,3,2,1
BSAR0185,-0.814190410864,-0.64294137426,-0.703633608735,-0.669606170929,-0.712811451719,-0.302612113843,1.02495877583,-0.657227723364,0,0,0,1,0,0,0,0,1,0,0,0,0,0,1,0,0,1,0,0,0,0,1,0,0,0,0,0,0,0,0,1,0,0,4,1,4,2
BSAR0186,0.125679081564,0.760557849624,0.10377237113,0.229918701206,1.35982429559,1.17854653537,-0.141423801866,1.44516097855,0,0,0,0,1,0,0,0,1,0,0,1,0,0,0,0,1,0,0,0,0,0,0,0,0,1,0,0,0,0,0,0,1,0,5,3,2,1
BSAR0187,2.41764152801,2.82327640594,2.21544954924,3.14117167885,4.73152937743,0.892882400623,0.137850183376,0.891067973569,0,0,1,0,0,0,1,0,0,0,0,1,0,0,0,0,1,0,0,1,0,0,0,0,0,0,0,0,0,1,0,0,0,0,2,2,2,1
BSAR0188,-0.830679349328,-1.02571388986,-1.23155290326,-0.925285075153,-0.748715378051,-0.395290487926,-0.823915092228,-0.122624600399,0,0,0,0,1,0,0,1,0,0,0,0,0,1,0,0,1,0,0,0,0,0,1,0,0,0,0,0,0,1,0,0,0,0,2,0,0,2
BSAR0189,0.125679081564,0.0162779581702,-0.11360616191,-0.203573259138,0.00200308160431,-0.290744761064,-1.09714454055,0.229153462481,1,0,0,0,0,0,0,1,0,0,0,1,0,0,0,0,1,0,0,0,1,0,0,0,0,0,0,0,0,0,1,0,0,0,2,3,1,3
BSAR0190,0.142168020027,0.484111032798,-0.0514980096132,0.023051224152,-0.353772188406,-0.684345294898,-0.632047992018,-0.630488208128,1,0,0,0,0,0,1,0,0,0,0,1,0,0,0,0,0,1,0,0,0,0,0,0,0,0,1,0,0,1,0,0,0,0,4,3,3,3
BSAR0191,1.59319460483,1.95140567595,2.15334139694,2.37297278934,3.87309913878,1.12288299972,0.38148827005,0.967151005324,0,0,0,0,1,0,1,0,0,0,0,0,0,1,0,0,1,0,0,0,0,0,0,0,0,1,0,0,0,1,0,0,0,0,5,2,2,1
BSAR0192,-0.0227213646091,-0.13257802012,0.383259056468,-0.0594633313023,-0.572459739697,-0.854161462044,-0.447811638269,-0.914354450347,0,0,1,0,0,0,0,0,0,1,0,0,0,1,0,0,0,1,0,0,1,0,0,0,0,0,0,0,0,0,0,0,1,0,1,4,3,3
BSAR0193,0.570880420082,1.03700466645,0.414313132616,0.548355154649,0.367570331523,-0.267575167543,-0.437639520279,-0.147423918918,0,0,1,0,0,0,0,0,1,0,0,0,1,0,0,0,0,1,0,0,0,0,0,0,0,0,1,0,0,0,0,1,0,0,3,3,4,3
BSAR0194,0.158656958491,0.803088129135,0.196934599576,0.303135841961,-0.516971853549,-0.864898590748,-0.0633063021367,-1.00553399793,0,0,1,0,0,0,1,0,0,0,0,0,0,0,1,0,0,1,0,0,0,0,1,0,0,0,0,0,1,0,0,0,0,0,0,4,0,3
BSAR0197,0.818214497037,0.93067896767,1.50120579782,1.14920057958,1.21947258357,0.201185267224,0.0673368921646,0.166657377049,0,0,1,0,0,0,1,0,0,0,0,0,0,0,1,0,1,0,0,0,0,0,0,0,0,1,0,0,0,1,0,0,0,0,1,2,1,1
BSAR0198,-0.929612980109,-0.706736793527,-0.827849913329,-0.728877189635,-0.833579203925,-0.488533974046,2.30552875965,-0.994399106637,0,0,0,0,1,0,0,0,1,0,0,1,0,0,0,0,1,0,0,0,0,0,0,0,0,1,0,0,0,0,1,0,0,0,4,0,0,2
BSAR0200,1.69212823561,1.9726708157,2.43282808228,2.61005686417,1.91470315707,0.068666494526,0.490940483143,-0.157525314211,0,0,0,0,1,0,0,0,1,0,0,0,0,1,0,0,0,1,0,0,1,0,0,0,0,0,0,0,0,0,0,1,0,0,4,2,1,3
BSAR0201,0.125679081564,0.611701871333,0.414313132616,0.332190262896,-0.39294010804,-0.717969461105,0.0840545493526,-0.866736053869,0,0,0,1,0,0,1,0,0,0,0,1,0,0,0,0,0,1,0,0,0,0,0,1,0,0,0,0,0,0,0,0,1,0,3,3,3,3
BSAR0202,0.2905684662,-0.0262523213414,-0.206768390356,-0.261682101007,-0.419052054463,-0.815733843522,-1.46639381016,-0.477690045572,0,0,0,0,1,0,0,1,0,0,0,1,0,0,0,0,0,1,0,0,0,0,1,0,0,0,0,0,0,1,0,0,0,0,1,4,3,3
BSAR0204,-0.451433764664,-0.345229417679,-0.672579532586,-0.565010255564,-0.37009215492,-0.165855000867,-0.726187101617,0.156994903392,0,1,0,0,0,0,0,0,0,1,0,1,0,0,0,0,0,1,0,0,1,0,0,0,0,0,0,0,0,1,0,0,0,0,1,4,1,0
BSAR0207,-0.0886771184637,-0.153843159876,-0.330984694951,-0.363953662697,0.671121708688,0.783533221446,-1.07339588789,2.00538876611,0,0,1,0,0,0,0,0,0,1,0,0,0,1,0,0,1,0,0,1,0,0,0,0,0,0,0,0,1,0,0,0,0,0,0,3,2,1
BSAR0208,-0.6163231493,-0.536615675481,-0.57941730414,-0.594064676499,-0.471275947309,-0.0717638466912,-0.109944681404,-0.0604504661999,0,0,0,1,0,0,0,0,1,0,0,0,0,1,0,0,0,1,0,0,0,0,1,0,0,0,0,0,0,0,1,0,0,0,2,1,4,0
BSAR0209,-1.02854661089,-1.21710014767,-1.32471513171,-0.988042624372,-0.448427994189,3.37541957956,1.15507671764,2.45197829041,0,0,0,0,1,0,1,0,0,0,0,1,0,0,0,0,0,1,0,0,1,0,0,0,0,0,0,0,0,1,0,0,0,0,1,0,2,1
BSAR0211,-1.01205767243,-1.21710014767,-1.10733659867,-0.939231197202,-0.86295514365,-0.318435250881,1.52404129236,-0.764727971337,0,0,1,0,0,0,0,1,0,0,0,1,0,0,0,0,1,0,0,0,0,0,0,0,0,1,0,0,1,0,0,0,0,0,0,0,3,2
BSAR0212,0.125679081564,0.037543097926,0.880124274846,0.247351353767,-0.0371648380299,-0.333128163846,-0.102989991999,-0.371683376119,0,1,0,0,0,0,0,0,1,0,0,1,0,0,0,0,1,0,0,0,0,0,1,0,0,0,0,0,1,0,0,0,0,0,0,4,4,3
BSAR0213,-0.319522256955,-0.515350535725,-0.0825520857618,-0.413927266704,-0.389676114737,-0.380032462924,-0.626318283582,-0.205980779014,0,0,1,0,0,0,1,0,0,0,0,0,1,0,0,0,1,0,0,0,0,0,0,0,1,0,0,0,0,0,0,0,1,0,1,3,0,0
BSAR0214,2.1043516972,1.67495885912,2.89863922451,2.6948957733,2.99182094701,0.354895741313,0.0799549429668,0.331991959908,0,0,0,1,0,0,1,0,0,0,0,0,0,0,1,0,0,1,0,0,0,0,0,0,0,1,0,0,0,0,0,1,0,0,4,2,2,1
BSAR0215,-0.880146164719,-1.06824416938,-1.16944475096,-0.919474190966,-0.637739605754,0.264195259359,-0.363935332674,0.498286278065,0,0,1,0,0,0,0,1,0,0,0,0,0,1,0,0,0,1,0,0,0,0,1,0,0,0,0,0,1,0,0,0,0,0,0,0,4,2
BSAR0216,-0.748234657009,-0.770532212795,-0.237822466505,-0.568496786076,-0.647531585663,-0.251752030505,1.03057015333,-0.613745516049,1,0,0,0,0,0,0,0,1,0,0,1,0,0,0,0,1,0,0,0,0,0,0,1,0,0,0,0,0,0,1,0,0,0,3,1,4,2
BSAR0217,-0.187610749246,-0.472820256213,-0.0204439334645,-0.373251077396,-0.148140610327,-0.16726778096,-0.871876210154,0.25625789514,0,0,1,0,0,0,0,1,0,0,0,1,0,0,0,0,0,1,0,1,0,0,0,0,0,0,0,0,1,0,0,0,0,0,0,4,1,0
BSAR0218,-0.863657226255,-1.00444875011,-1.04522844637,-0.871824940634,-0.572459739697,0.465092588545,-0.0953032300258,0.563896268079,1,0,0,0,0,0,0,1,0,0,0,1,0,0,0,0,0,1,0,0,0,0,0,0,0,0,1,0,0,1,0,0,0,0,4,1,1,2
BSAR0220,-0.995568733964,-1.19583500791,-0.858903989478,-0.87763582482,-0.340716215195,3.36129177864,2.01941039731,1.7958194384,0,0,0,0,1,0,1,0,0,0,0,0,0,1,0,0,0,1,0,0,0,0,0,0,0,0,1,0,0,1,0,0,0,0,5,0,2,1
BSAR0221,-0.748234657009,-1.17456986816,-0.796795837181,-0.856716641748,-0.569195746394,-0.00055973001769,-0.852212038662,0.496070518338,0,0,0,0,1,0,0,1,0,0,0,1,0,0,0,0,0,1,0,0,0,0,0,0,1,0,0,0,0,1,0,0,0,0,5,1,1,2
BSAR0222,-0.9790797955,-1.23836528742,-1.04522844637,-0.93109595934,-0.823787224016,-0.21954064439,0.877564900756,-0.549360938357,1,0,0,0,0,0,1,0,0,0,0,1,0,0,0,0,1,0,0,0,0,0,0,0,0,0,1,0,0,1,0,0,0,0,1,0,4,2
BSAR0223,2.18679638952,1.50483774108,2.37071992998,2.16261878178,4.50631383953,0.952219164518,-0.462767948752,1.47903720096,0,0,1,0,0,0,0,0,0,1,0,0,0,0,1,0,0,1,0,0,0,1,0,0,0,0,0,0,0,0,1,0,0,0,2,2,2,1
BSAR0224,-0.913124041646,-0.451555116458,-0.765741761032,-0.632416512133,-0.647531585663,0.406886048725,2.97096119323,-0.511497903923,0,1,0,0,0,0,0,0,1,0,0,1,0,0,0,0,1,0,0,0,0,0,0,0,0,0,1,0,1,0,0,0,0,0,3,0,1,2
BSAR0225,0.274079527736,0.845618408647,0.165880523427,0.305460195636,-0.425580041069,-0.81601639954,-0.320781581244,-0.894245192334,0,0,0,0,1,0,1,0,0,0,0,1,0,0,0,0,1,0,0,0,0,1,0,0,0,0,0,0,0,0,0,1,0,0,4,4,3,3
BSAR0227,2.07137382027,1.5898983001,2.12228732079,2.05686068957,1.0268969787,-0.486838637935,-0.453294110886,-0.428575303663,1,0,0,0,0,0,1,0,0,0,0,1,0,0,0,0,0,1,0,0,0,0,0,0,1,0,0,0,0,0,0,0,1,0,5,2,1,1
BSAR0228,0.274079527736,0.228929355728,0.911178350995,0.375190805879,1.22273657687,0.787206449687,-0.182592601948,1.01169456609,1,0,0,0,0,0,1,0,0,0,0,1,0,0,0,0,1,0,0,0,0,1,0,0,0,0,0,0,0,0,1,0,0,0,2,4,2,1
BSAR0229,1.54372778944,0.951944107426,1.81174655931,1.35258152612,0.073810934267,-0.813190839355,-0.634426166182,-0.810789569288,0,0,1,0,0,0,0,0,0,1,0,0,1,0,0,0,0,1,0,0,0,0,1,0,0,0,0,0,1,0,0,0,0,0,0,2,3,3
BSAR0230,-0.550367395446,-0.409024836946,-0.734687684883,-0.608010798547,-0.725867424931,-0.770242324536,-0.509994183666,-0.786757603431,0,0,1,0,0,0,0,0,0,1,0,0,1,0,0,0,1,0,0,0,0,0,0,0,0,1,0,0,1,0,0,0,0,0,0,1,3,0
BSAR0232,-0.138143933855,0.866883548403,0.321150904171,0.406569580489,-0.53002782676,-0.74029138657,1.15892009863,-1.05749184674,0,0,1,0,0,0,0,0,1,0,0,0,1,0,0,0,1,0,0,0,0,1,0,0,0,0,0,0,0,1,0,0,0,0,5,3,3,0
BSAR0233,-0.220588626173,0.101338517193,0.134826447279,-0.0548146239527,-0.618155645937,-0.81601639954,0.165612396731,-0.990060732202,0,1,0,0,0,0,1,0,0,0,0,1,0,0,0,0,1,0,0,0,1,0,0,0,0,0,0,0,0,0,0,0,1,0,5,4,0,0
BSAR0234,-1.02854661089,-1.38722126571,-1.4489314363,-1.04615146624,-0.902123063285,-0.552109078219,0.130175121193,-0.693587989608,0,0,0,0,1,0,0,1,0,0,0,1,0,0,0,0,1,0,0,0,0,0,0,1,0,0,0,0,0,1,0,0,0,0,3,0,3,2
BSAR0235,-0.00623242614548,0.228929355728,0.56958351336,0.211323871808,-0.285228329046,-0.515941907845,0.174587523706,-0.665568408097,0,0,1,0,0,0,1,0,0,0,0,1,0,0,0,0,0,1,0,0,1,0,0,0,0,0,0,0,0,1,0,0,0,0,5,4,4,3
BSAR0236,-0.303033318491,-0.111312880365,0.10377237113,-0.165221423504,0.612369829237,1.20821491732,0.134730239399,1.23980856746,0,0,1,0,0,0,1,0,0,0,0,0,0,1,0,0,0,1,0,0,0,0,1,0,0,0,0,0,0,1,0,0,0,0,0,4,2,1
BSAR0238,1.77457292793,0.973209247182,1.81174655931,1.36768982501,1.39899221522,-0.219258088372,-0.83437115902,0.150161072933,1,0,0,0,0,0,0,0,0,1,0,1,0,0,0,0,1,0,0,1,0,0,0,0,0,0,0,0,1,0,0,0,0,0,3,2,4,3
BSAR0239,-0.220588626173,0.0800733774377,-0.3620387711,-0.289574345104,0.537297983271,0.879319711733,-0.536184628634,1.45894586584,0,0,0,0,1,0,1,0,0,0,0,0,0,1,0,0,1,0,0,0,0,0,1,0,0,0,0,0,0,0,0,1,0,0,4,3,2,1
BSAR0240,2.89582074346,2.71695070716,2.12228732079,2.96800733008,1.43163214825,-0.523853476364,-0.398475734524,-0.497949466781,0,0,0,0,1,0,1,0,0,0,0,1,0,0,0,0,0,1,0,0,1,0,0,0,0,0,0,0,0,0,0,0,1,0,5,2,1,1
BSAR0241,-0.863657226255,-1.17456986816,-0.765741761032,-0.849743580723,-0.64426759236,0.154280968145,0.0994280732993,0.0985414971889,0,1,0,0,0,0,1,0,0,0,0,1,0,0,0,0,0,1,0,0,0,0,0,0,1,0,0,0,0,1,0,0,0,0,3,0,4,2
BSAR0242,-0.830679349328,-0.728001933283,-0.983120294072,-0.783499500992,-0.794411284291,-0.575278671739,0.312793951105,-0.762182945534,1,0,0,0,0,0,0,0,0,1,0,1,0,0,0,0,0,1,0,0,1,0,0,0,0,0,0,0,0,0,1,0,0,0,1,1,0,2
BSAR0246,-0.105166056927,0.462845893042,-0.144660238059,-0.0338954408798,-0.432108027675,-0.630942207393,-0.15617617333,-0.708225860802,0,0,0,0,1,0,0,0,1,0,0,1,0,0,0,0,1,0,0,0,0,0,0,0,1,0,0,0,0,0,0,0,1,0,5,4,0,0
BSAR0247,2.45061940494,2.54682958911,2.12228732079,2.83087046327,0.553617949786,-0.764308648146,-0.14177161915,-0.871148123727,0,0,0,0,1,0,1,0,0,0,0,0,0,1,0,0,0,1,0,0,1,0,0,0,0,0,0,0,0,0,0,0,1,0,5,2,0,1
BSAR0248,-0.187610749246,-0.451555116458,-0.268876542654,-0.453441279175,-0.223212456292,-0.273791399951,-1.10373919427,0.263222728127,0,1,0,0,0,0,0,1,0,0,0,1,0,0,0,0,1,0,0,0,0,0,0,0,1,0,0,0,1,0,0,0,0,0,3,4,4,0
BSAR0249,1.75808398946,1.3985120423,1.19066503633,1.26309390964,0.759249527865,-0.522158140253,-0.923125983179,-0.262602891299,0,1,0,0,0,0,1,0,0,0,0,1,0,0,0,0,1,0,0,0,0,1,0,0,0,0,0,0,0,1,0,0,0,0,4,2,0,1
BSAR0250,-0.946101918573,-0.557880815237,-0.983120294072,-0.738174604334,-0.304812288863,2.6218426781,2.57627359805,0.999236750891,0,1,0,0,0,0,1,0,0,0,0,1,0,0,0,0,0,1,0,0,0,0,1,0,0,0,0,0,0,1,0,0,0,0,4,0,2,1
BSAR0251,0.521413604691,-0.00498718158559,-0.0825520857618,-0.198924551788,-0.301548295561,-0.792846806019,-1.61964725828,-0.3309822461,0,0,0,0,1,0,0,1,0,0,0,1,0,0,0,0,0,1,0,0,0,0,0,0,0,1,0,0,0,1,0,0,0,0,1,3,0,3
BSAR0252,1.87350655871,1.73875427839,1.96701694005,2.06150939692,0.899601239888,-0.488816530064,-0.259067076512,-0.50350416209,0,0,0,0,1,0,0,0,1,0,0,1,0,0,0,0,0,1,0,0,1,0,0,0,0,0,0,0,0,0,0,0,1,0,5,2,1,3
BSAR0253,-0.220588626173,-0.451555116458,-0.393092847248,-0.498766175833,-0.454955980794,-0.576408895813,-1.1615483146,-0.214600418352,0,0,0,0,1,0,0,1,0,0,0,1,0,0,0,0,0,1,0,0,0,0,0,0,0,1,0,0,0,0,0,0,1,0,5,3,0,0
BSAR0255,-0.913124041646,-0.919388191085,-0.610471380289,-0.730039366473,-0.48433192052,1.23788329927,1.95811726262,0.295826927216,1,0,0,0,0,0,1,0,0,0,0,1,0,0,0,0,0,1,0,0,1,0,0,0,0,0,0,0,0,0,0,1,0,0,4,1,2,1
BSAR0256,0.504924666227,0.739292709868,0.259042751873,0.308946726148,0.4556981507,-0.150879531884,-0.732732320011,0.183419907981,1,0,0,0,0,0,1,0,0,0,0,0,0,1,0,0,0,1,0,0,1,0,0,0,0,0,0,0,0,0,0,0,1,0,1,3,1,3
BSAR0257,-0.385478010809,0.462845893042,0.0106101426841,0.0462947608996,-0.118764670601,0.179711009814,1.25631189574,-0.301553781846,0,0,1,0,0,0,0,0,1,0,0,0,1,0,0,0,0,1,0,0,0,0,0,0,0,1,0,0,0,0,0,0,1,0,5,4,1,0
BSAR0258,-0.715256780082,-1.13203958864,-0.796795837181,-0.843932696536,-0.64426759236,-0.319282918937,-0.949859112857,0.0740636924253,0,0,0,0,1,0,0,1,0,0,0,1,0,0,0,0,1,0,0,0,0,0,0,0,1,0,0,0,0,1,0,0,0,0,3,1,0,2
BSAR0259,-0.880146164719,-0.791797352551,-0.796795837181,-0.743985488521,-0.536555813366,0.725326681626,1.26511878379,0.150276672252,1,0,0,0,0,0,1,0,0,0,0,1,0,0,0,0,1,0,0,0,0,0,0,0,0,0,1,0,0,1,0,0,0,0,1,0,1,2
BSAR0260,-0.484411641591,-1.00444875011,-0.517309151843,-0.733525896985,-0.526763833457,-0.425241425892,-1.29324635183,0.151034639801,1,0,0,0,0,0,0,1,0,0,0,1,0,0,0,0,0,1,0,0,0,1,0,0,0,0,0,0,0,0,0,0,1,0,5,4,4,0
BSAR0261,0.0597233277091,0.951944107426,0.600637589508,0.618085764892,-0.154668596932,-0.412243849039,0.930677210208,-0.735072899103,0,0,0,1,0,0,0,0,1,0,0,0,0,0,1,0,0,1,0,0,1,0,0,0,0,0,0,0,0,1,0,0,0,0,1,3,4,3
BSAR0263,-0.896635103182,-0.961918470597,-0.921012141775,-0.827662220813,-0.797675277594,-0.41393918515,0.704120015204,-0.689096591203,0,0,0,0,1,0,0,0,0,1,0,0,0,1,0,0,0,1,0,0,0,0,0,0,0,0,1,0,1,0,0,0,0,0,3,1,4,2
BSAR0264,-0.171121810782,-0.2389037189,0.196934599576,-0.186140606577,-0.308076282166,-0.40998340089,-0.380291996522,-0.357960515681,0,0,0,0,1,0,1,0,0,0,0,1,0,0,0,0,0,1,0,0,1,0,0,0,0,0,0,0,0,0,1,0,0,0,2,3,4,0
BSAR0265,0.752258743182,1.18586064474,0.507475361062,0.684329844623,0.38715429134,-0.356297757367,-0.510127808385,-0.230093895234,1,0,0,0,0,0,1,0,0,0,0,1,0,0,0,0,0,1,0,1,0,0,0,0,0,0,0,0,0,1,0,0,0,0,3,2,0,1
BSAR0266,-0.880146164719,-1.13203958864,-1.07628252252,-0.911338953105,-0.774827324474,-0.360253541626,-0.288416267672,-0.332548656284,0,1,0,0,0,0,0,1,0,0,0,1,0,0,0,0,0,1,0,0,0,0,0,0,1,0,0,0,1,0,0,0,0,0,3,0,4,2
BSAR0267,-0.6163231493,-0.494085395969,-0.827849913329,-0.667281817254,-0.751979371354,-0.766003984258,-0.478909256125,-0.789867920199,0,0,0,0,1,0,0,1,0,0,0,0,0,1,0,0,1,0,0,0,1,0,0,0,0,0,0,0,0,1,0,0,0,0,1,4,0,0
BSAR0268,-0.105166056927,0.122603656949,-0.0514980096132,-0.13151829522,-0.445164000886,-0.647895568505,-0.417060216062,-0.652831440193,0,0,0,0,1,0,1,0,0,0,0,1,0,0,0,0,0,1,0,0,1,0,0,0,0,0,0,0,0,0,1,0,0,0,1,4,4,0
BSAR0269,-0.7977014724,-1.13203958864,-0.827849913329,-0.852067934398,-0.732395411537,-0.417894969409,-0.500139360623,-0.317429551374,0,0,0,1,0,0,1,0,0,0,0,0,0,0,1,0,1,0,0,0,0,0,0,0,0,1,0,0,0,1,0,0,0,0,1,1,4,2
BSAR0270,2.40115258955,1.84507997717,1.68753025471,1.93134559114,0.703761641717,-0.696212647677,-0.824769889223,-0.576148447835,0,0,0,1,0,0,1,0,0,0,0,0,0,0,1,0,1,0,0,0,0,0,0,1,0,0,0,0,1,0,0,0,0,0,0,2,3,1
BSAR0272,-0.566856333909,-0.876857911574,-0.765741761032,-0.760255964245,-0.657323565571,-0.598165709241,-1.1407028584,-0.264665227686,0,0,0,0,1,0,0,1,0,0,0,1,0,0,0,0,0,1,0,0,0,0,0,0,0,0,1,0,0,0,0,0,1,0,1,4,0,0
BSAR0274,0.983103881673,1.99393595546,1.06644873174,1.54898941164,0.481810097123,-0.401789276352,0.33919293162,-0.587944955127,0,0,1,0,0,0,1,0,0,0,0,0,1,0,0,0,1,0,0,1,0,0,0,0,0,0,0,0,1,0,0,0,0,0,0,2,1,1
BSAR0275,0.241101650809,-0.260168858655,0.476421284914,-0.0861933985621,0.481810097123,0.099747656566,-1.04410293782,0.832275822148,0,0,0,1,0,0,0,1,0,0,0,0,0,1,0,0,0,1,0,0,0,0,0,0,0,0,1,0,0,1,0,0,0,0,1,4,1,3
BSAR0277,0.900659189355,1.03700466645,1.65647617856,1.32004057467,1.10196882466,0.0590595898954,0.168265952179,-0.0378475778297,0,0,1,0,0,0,1,0,0,0,0,0,0,0,1,0,0,1,0,0,1,0,0,0,0,0,0,0,0,0,0,1,0,0,4,2,1,1
BSAR0278,0.521413604691,0.505376172554,1.40804356937,0.802871882037,0.958353119339,0.256001134822,0.0793242342921,0.221797767866,0,0,1,0,0,0,0,0,1,0,0,0,0,1,0,0,1,0,0,0,0,0,1,0,0,0,0,0,1,0,0,0,0,0,0,3,2,1
BSAR0279,2.41764152801,1.90887539644,1.06644873174,1.49669145395,0.50139405694,-0.779284117129,-1.18656603487,-0.555139316219,0,0,0,0,1,0,0,1,0,0,0,1,0,0,0,0,0,1,0,0,0,0,0,0,0,0,1,0,0,1,0,0,0,0,1,2,3,3
BSAR0280,-0.896635103182,-1.30216070669,-1.41787736015,-1.02523228317,-0.778091317776,-0.319848030974,-1.23180522253,0.290628326458,0,0,1,0,0,0,0,1,0,0,0,0,0,1,0,0,1,0,0,0,0,1,0,0,0,0,0,0,0,0,0,1,0,0,4,1,0,2
BSAR0281,0.208123773882,0.165133936461,0.10377237113,-0.0397063250668,-0.350508195103,-0.713448564808,-0.892314942087,-0.575142085028,0,0,0,0,1,0,0,0,0,1,0,1,0,0,0,0,0,1,0,0,0,0,0,0,1,0,0,0,0,1,0,0,0,0,5,4,3,3
BSAR0282,0.125679081564,0.0588082376818,0.7869620464,0.218296932832,-0.360300175012,-0.682649958787,-0.167046341777,-0.76762202925,0,0,1,0,0,0,0,0,1,0,0,1,0,0,0,0,1,0,0,0,0,0,1,0,0,0,0,0,1,0,0,0,0,0,0,3,4,3
BSAR0283,0.191634835418,0.739292709868,0.911178350995,0.679681137274,-0.262380375926,-0.614553958317,0.647994451589,-0.869100938652,0,0,0,1,0,0,0,0,1,0,0,1,0,0,0,0,0,1,0,0,0,0,0,0,0,1,0,0,0,1,0,0,0,0,1,3,0,3
BSAR0284,-0.171121810782,0.228929355728,0.352204980319,0.107890133281,-0.135084637115,-0.168398005034,0.456159951547,-0.38336566346,0,0,0,0,1,0,1,0,0,0,0,1,0,0,0,0,1,0,0,0,0,1,0,0,0,0,0,0,0,0,1,0,0,0,2,4,4,0
BSAR0285,-0.814190410864,-0.728001933283,-0.952066217924,-0.773039909456,-0.781355311079,-0.560585758775,0.231774062058,-0.728043831842,1,0,0,0,0,0,1,0,0,0,0,1,0,0,0,0,0,1,0,0,0,0,0,0,0,1,0,0,0,1,0,0,0,0,1,1,3,2
BSAR0287,0.241101650809,0.122603656949,1.00434057944,0.355433799644,-0.428844034372,-0.80640949491,-0.148786600691,-0.920003209191,1,0,0,0,0,0,1,0,0,0,0,1,0,0,0,0,1,0,0,0,1,0,0,0,0,0,0,0,0,0,1,0,0,0,2,4,0,3
BSAR0288,0.4719467893,0.462845893042,0.973286503292,0.547192977812,-0.157932590235,-0.652416464802,-0.263955354115,-0.704530441378,0,0,1,0,0,0,0,0,1,0,0,1,0,0,0,0,1,0,0,1,0,0,0,0,0,0,0,0,1,0,0,0,0,0,0,3,4,3
BSAR0289,-0.814190410864,-0.791797352551,-0.57941730414,-0.678903585628,-0.846635177136,-0.80640949491,0.953661273469,-1.09118719267,0,0,1,0,0,0,0,0,0,1,0,0,1,0,0,0,1,0,0,0,1,0,0,0,0,0,0,0,0,0,0,0,1,0,5,1,3,2
BSAR0290,-0.533878456982,-0.0262523213414,-0.3620387711,-0.329088357575,-0.546347793274,-0.396703268019,0.647750427399,-0.659892649132,0,0,0,1,0,0,0,0,1,0,0,0,0,0,1,0,0,1,0,0,0,0,0,0,0,0,1,0,0,0,0,1,0,0,4,4,0,0
BSAR0291,0.158656958491,-0.0262523213414,0.631691665657,0.102079249094,0.818001407316,0.544208273738,-0.495764780638,0.968134112048,0,0,0,0,1,0,1,0,0,0,0,1,0,0,0,0,0,1,0,0,0,1,0,0,0,0,0,0,0,0,0,0,1,0,5,3,2,1
BSAR0292,-0.0227213646091,0.569171591821,-0.0514980096132,0.0590787061109,-0.259116382624,-0.47214572497,-0.153332869712,-0.519011373065,0,0,1,0,0,0,0,0,0,1,0,1,0,0,0,0,1,0,0,0,0,0,0,0,0,0,1,0,0,1,0,0,0,0,4,3,1,3
BSAR0294,0.175145896955,-0.111312880365,0.0727182949814,-0.179167545553,-0.441900007583,-0.792846806019,-1.1283546464,-0.604911662125,0,0,0,1,0,0,0,1,0,0,0,0,0,0,1,0,1,0,0,0,1,0,0,0,0,0,0,0,0,1,0,0,0,0,2,3,3,3
BSAR0296,0.6533251124,0.696762430356,0.414313132616,0.375190805879,-0.0632767844527,-0.649873460635,-0.84238328658,-0.49884184636,0,1,0,0,0,0,0,0,0,1,0,1,0,0,0,0,1,0,0,0,0,0,0,0,0,0,1,0,0,1,0,0,0,0,4,3,0,3
BSAR0297,-0.7977014724,-1.13203958864,-1.20049882711,-0.941555550877,-0.827051217319,-0.759222639812,-1.15778455168,-0.533844007582,1,0,0,0,0,0,0,1,0,0,0,1,0,0,0,0,1,0,0,0,0,0,0,0,0,1,0,0,0,0,0,1,0,0,4,0,0,2
BSAR0298,2.26924108184,1.56863316034,1.96701694005,1.92785906062,0.0901309007812,-0.923387686587,-0.729766123065,-0.943196288933,0,0,1,0,0,0,1,0,0,0,0,1,0,0,0,0,1,0,0,0,0,0,0,0,1,0,0,0,1,0,0,0,0,0,0,2,0,1
BSAR0301,-1.04503554935,-1.36595612596,-1.29366105556,-1.01244833796,-0.869483130256,-0.147206303643,1.18240742688,-0.557608453512,0,0,0,0,1,0,1,0,0,0,0,1,0,0,0,0,1,0,0,1,0,0,0,0,0,0,0,0,0,0,0,1,0,0,3,0,0,2
BSAR0304,-0.896635103182,-0.64294137426,-0.921012141775,-0.740498958009,0.0313790213299,3.57320879255,1.55820467891,2.27752566615,0,0,1,0,0,0,1,0,0,0,0,0,0,0,1,0,1,0,0,0,0,0,1,0,0,0,0,0,0,0,1,0,0,0,0,0,2,1
BSAR0305,-0.237077564636,-0.175108299632,-0.268876542654,-0.346521010136,-0.197100509869,-0.178004909664,-0.660059351103,0.0975891140397,0,0,0,0,1,0,1,0,0,0,0,1,0,0,0,0,0,1,0,0,0,1,0,0,0,0,0,0,0,0,1,0,0,0,2,4,1,0
BSAR0306,2.53306409726,3.16351864203,2.86758514836,4.07091314876,3.07994876619,0.190165582501,0.754004606181,-0.135229573722,0,0,1,0,0,0,0,0,1,0,0,0,1,0,0,0,0,1,0,0,0,0,0,0,0,0,1,0,0,0,0,0,1,0,5,2,2,1
BSAR0307,-0.566856333909,-0.451555116458,-0.0825520857618,-0.387197199445,-0.647531585663,-0.575843783776,0.590841417702,-0.820952584952,1,0,0,0,0,0,0,0,1,0,0,0,0,1,0,0,0,1,0,0,0,1,0,0,0,0,0,0,0,0,1,0,0,0,4,1,0,0
BSAR0308,-1.02854661089,-1.1533047284,-0.858903989478,-0.864851879609,-0.859691150348,-0.184786254109,3.32786810211,-0.910489668678,0,0,0,1,0,0,0,0,1,0,0,1,0,0,0,0,0,1,0,0,0,0,0,0,0,0,1,0,0,0,1,0,0,0,2,0,3,2
BSAR0309,2.79688711267,1.63242857961,2.68126069147,2.4961635341,3.84372319906,0.359981749646,-0.668062287479,0.867847846138,1,0,0,0,0,0,1,0,0,0,0,1,0,0,0,0,0,1,0,0,0,0,1,0,0,0,0,0,0,0,0,1,0,0,4,2,2,1
BSAR0311,-0.814190410864,-0.664206514016,-0.827849913329,-0.716093244424,-0.745451384748,-0.42552398191,0.668471264023,-0.692224204667,0,0,0,0,1,0,1,0,0,0,0,0,0,1,0,0,1,0,0,0,0,0,0,1,0,0,0,0,1,0,0,0,0,0,3,1,3,2
BSAR0312,-0.649301026228,-0.706736793527,-0.268876542654,-0.55338848719,-0.0371648380299,1.14577003722,0.306582426278,1.04289283203,0,0,1,0,0,0,1,0,0,0,0,1,0,0,0,0,1,0,0,0,0,0,0,0,1,0,0,0,0,0,1,0,0,0,3,1,2,1
BSAR0313,-0.863657226255,-0.621676234504,-1.01417437022,-0.764904671594,-0.794411284291,-0.495597874509,0.847606238706,-0.794381579231,0,0,0,0,1,0,1,0,0,0,0,1,0,0,0,0,0,1,0,0,1,0,0,0,0,0,0,0,0,0,1,0,0,0,2,0,0,2
BSAR0314,0.488435727764,1.03700466645,1.40804356937,1.1654710553,0.158674760141,-0.390769591629,0.774456399274,-0.682903539723,0,0,0,1,0,0,0,0,1,0,0,0,0,0,1,0,1,0,0,0,0,0,0,1,0,0,0,0,0,0,1,0,0,0,0,3,4,3
BSAR0315,-0.847168287791,-1.21710014767,-1.07628252252,-0.932258136178,-0.804203264199,-0.577539119888,-0.760025122579,-0.426637694665,0,0,0,1,0,0,0,1,0,0,0,0,0,0,1,0,1,0,0,0,0,0,1,0,0,0,0,0,0,1,0,0,0,0,2,1,3,2
BSAR0316,-0.946101918573,-1.23836528742,-0.858903989478,-0.889257593194,-0.797675277594,-0.222366204576,0.799777497539,-0.532647151247,1,0,0,0,0,0,1,0,0,0,0,1,0,0,0,0,0,1,0,0,0,0,0,0,0,0,1,0,0,1,0,0,0,0,1,1,4,2
BSAR0317,0.373013158518,0.250194495484,0.662745741806,0.26827053684,0.645009762265,0.124612586198,-0.584019464964,0.469262341515,1,0,0,0,0,0,0,0,0,1,0,1,0,0,0,0,1,0,0,0,0,0,0,0,0,0,1,0,0,1,0,0,0,0,3,3,1,3
BSAR0319,-0.929612980109,-0.64294137426,-0.796795837181,-0.699822768701,-0.807467257502,-0.347255964773,2.62581050854,-0.935329606541,1,0,0,0,0,0,0,0,1,0,0,1,0,0,0,0,1,0,0,0,1,0,0,0,0,0,0,0,0,0,1,0,0,0,2,0,0,2
BSAR0320,-0.995568733964,-1.11077444889,-1.04522844637,-0.898555007893,-0.738923398142,0.488544738085,1.71193991838,-0.182248000887,1,0,0,0,0,0,1,0,0,0,0,1,0,0,0,0,0,1,0,0,0,0,0,0,0,0,1,0,0,1,0,0,0,0,1,0,1,2
BSAR0323,2.26924108184,1.95140567595,3.36445036674,3.32014691181,1.61441577321,-0.294983101342,0.439597793644,-0.506349515584,0,0,0,0,1,0,0,0,1,0,0,1,0,0,0,0,0,1,0,0,0,0,1,0,0,0,0,0,0,1,0,0,0,0,1,2,4,3
BSAR0324,0.356524220055,1.14333036523,0.693799817954,0.780790522126,-0.213420476384,-0.650156016654,0.407552744742,-0.859329148815,0,0,1,0,0,0,1,0,0,0,0,1,0,0,0,0,1,0,0,0,0,0,0,0,0,0,1,0,0,1,0,0,0,0,4,3,0,3
BSAR0327,-0.550367395446,-0.0900477406088,-0.517309151843,-0.418575974054,-0.595307692817,-0.480339849508,0.346718432853,-0.671402733009,0,0,0,0,1,0,0,0,1,0,0,1,0,0,0,0,0,1,0,0,1,0,0,0,0,0,0,0,0,1,0,0,0,0,1,1,4,0
BSAR0328,-0.484411641591,-0.685471653772,-0.299930618802,-0.554550664028,0.341458385101,1.32265010483,-0.559130789721,2.09000480208,0,1,0,0,0,0,1,0,0,0,0,1,0,0,0,0,0,1,0,0,0,1,0,0,0,0,0,0,0,1,0,0,0,0,5,4,2,1
BSAR0329,1.67563929715,0.569171591821,1.22171911248,0.745925217005,0.909393219796,-0.423263533762,-1.3763124208,0.22694106559,0,0,0,1,0,0,0,1,0,0,0,1,0,0,0,0,0,1,0,0,0,0,0,0,1,0,0,0,0,0,1,0,0,0,1,2,0,3
BSAR0330,-0.533878456982,-0.451555116458,-0.11360616191,-0.397656790981,0.390418284643,1.63063616505,0.345404456447,1.51836656523,0,0,1,0,0,0,1,0,0,0,0,0,1,0,0,0,0,1,0,0,0,0,0,1,0,0,0,0,0,0,0,0,1,0,0,4,2,1
BSAR0332,-0.830679349328,-1.00444875011,-1.07628252252,-0.879960178495,-0.849899170439,-0.793694474075,-0.460540889851,-0.831291303343,1,0,0,0,0,0,0,0,0,1,0,1,0,0,0,0,1,0,0,0,1,0,0,0,0,0,0,0,0,0,0,0,1,0,5,0,3,2
BSAR0335,-0.929612980109,-1.25963042718,-1.16944475096,-0.96247473395,-0.843371183833,-0.541371949514,-0.269536501422,-0.565132862464,0,0,0,1,0,0,0,1,0,0,0,0,0,1,0,0,0,1,0,0,0,0,0,0,0,1,0,0,1,0,0,0,0,0,0,0,3,2
BSAR0336,-0.731745718546,-0.409024836946,-0.517309151843,-0.528982773605,-0.448427994189,0.323814579273,1.12140137947,-0.139081432008,0,0,1,0,0,0,0,0,1,0,0,1,0,0,0,0,1,0,0,0,0,0,0,0,0,0,1,0,0,0,1,0,0,0,2,1,1,2
BSAR0340,-0.830679349328,-0.834327632062,-1.01417437022,-0.819526982951,-0.0175808782128,2.48141233689,0.0239580466518,2.7765185714,0,0,0,0,1,0,0,0,0,1,0,1,0,0,0,0,0,1,0,0,0,1,0,0,0,0,0,0,0,0,0,1,0,0,4,0,2,1
BSAR0341,-0.566856333909,-0.451555116458,-0.703633608735,-0.610335152222,-0.663851552177,-0.613141178224,-0.444848616604,-0.598031293687,0,0,0,0,1,0,0,1,0,0,0,1,0,0,0,0,0,1,0,0,1,0,0,0,0,0,0,0,0,0,1,0,0,0,1,1,0,0
BSAR0342,-0.665789964691,-0.64294137426,-0.672579532586,-0.659146579392,0.00200308160431,1.33056167335,-0.160640706799,1.64538041998,0,0,1,0,0,0,1,0,0,0,0,0,1,0,0,0,0,1,0,0,0,0,1,0,0,0,0,0,0,0,1,0,0,0,0,1,2,1
BSAR0343,-0.814190410864,-0.664206514016,-0.827849913329,-0.716093244424,-0.686699505297,-0.204565175408,0.668471264023,-0.481110295834,0,1,0,0,0,0,1,0,0,0,0,1,0,0,0,0,0,1,0,0,0,0,0,1,0,0,0,0,1,0,0,0,0,0,0,0,4,2
BSAR0344,2.76390923575,1.82381483741,1.8738547116,2.05686068957,4.49978585293,0.611174050133,-0.968177756334,1.57371359194,1,0,0,0,0,0,1,0,0,0,0,1,0,0,0,0,1,0,0,0,1,0,0,0,0,0,0,0,0,1,0,0,0,0,1,2,2,1
BSAR0345,0.933637066282,1.69622399888,1.06644873174,1.36420329449,2.94286104747,1.27235513353,0.173395777663,1.27880935844,0,0,1,0,0,0,1,0,0,0,0,0,1,0,0,0,0,1,0,0,0,0,1,0,0,0,0,0,0,1,0,0,0,0,3,2,2,1
BSAR0347,2.12084063566,2.78074612643,1.65647617856,2.58681332742,0.765777514471,-0.612293510169,-0.0321774501053,-0.719628755935,0,0,0,0,1,0,1,0,0,0,0,1,0,0,0,0,1,0,0,0,0,0,0,0,0,0,1,0,0,1,0,0,0,0,1,2,3,1
BSAR0348,2.17030745106,1.90887539644,1.40804356937,1.76166777288,0.791889460894,-0.612576066187,-0.795049770973,-0.462855813076,0,1,0,0,0,0,0,0,0,1,0,1,0,0,0,0,0,1,0,0,0,0,0,1,0,0,0,0,0,1,0,0,0,0,3,2,3,3
BSAR0349,-0.698767841618,-0.940653330841,-0.455200999545,-0.695174061351,-0.804203264199,-0.815733843522,-0.156797325813,-0.929616005106,0,1,0,0,0,0,1,0,0,0,0,1,0,0,0,0,0,1,0,0,0,0,0,0,0,0,1,0,0,1,0,0,0,0,3,1,3,0
BSAR0350,0.0267454507818,0.377785334019,0.290096828022,0.150890676264,1.16724869072,1.15989783815,-0.0659411842898,1.35465179421,0,0,1,0,0,0,1,0,0,0,0,0,1,0,0,0,1,0,0,0,0,0,0,1,0,0,0,0,0,1,0,0,0,0,3,3,2,1
BSAR0351,0.307057404664,0.484111032798,0.724853894103,0.429813117236,-0.451691987492,-0.85303123797,-0.147336695692,-0.975938003709,0,0,1,0,0,0,1,0,0,0,0,0,0,1,0,0,0,1,0,0,0,0,1,0,0,0,0,0,1,0,0,0,0,0,0,3,0,3
BSAR0353,-0.0556992415364,0.207664215973,0.0106101426841,-0.0652742154892,1.18356865724,1.36390328354,-0.377225437281,1.92102613578,1,0,0,0,0,0,1,0,0,0,0,0,0,1,0,0,1,0,0,0,0,0,0,0,0,0,1,0,0,0,1,0,0,0,4,4,2,1
BSAR0354,0.422479973909,0.292724774996,0.911178350995,0.413542641513,-0.0110528916071,-0.500683882843,-0.408630289511,-0.464256664456,0,1,0,0,0,0,0,0,0,1,0,1,0,0,0,0,1,0,0,0,0,0,0,0,0,0,1,0,0,0,0,1,0,0,4,3,4,3
BSAR0356,-0.368989072346,-0.302699138167,-0.393092847248,-0.444143864476,-0.281964335743,-0.133926170771,-0.566757964392,0.102155619441,0,0,0,0,1,0,0,1,0,0,0,0,0,1,0,0,0,1,0,0,0,0,0,0,1,0,0,0,0,1,0,0,0,0,5,4,4,0
BSAR0357,-0.781212533937,-0.515350535725,-0.641525456437,-0.608010798547,-0.823787224016,-0.772502772684,1.10588144101,-1.0790100091,0,0,0,0,1,0,1,0,0,0,0,1,0,0,0,0,1,0,0,0,1,0,0,0,0,0,0,0,0,1,0,0,0,0,1,0,0,2
BSAR0359,-0.880146164719,-0.919388191085,-1.07628252252,-0.859040995422,-0.716075445022,-0.0926729920635,0.197063435908,-0.214100862589,0,0,0,1,0,0,0,0,1,0,0,1,0,0,0,0,1,0,0,0,0,0,0,0,0,0,1,0,0,0,1,0,0,0,2,0,4,2
BSAR0360,-0.336011195418,-0.579145954992,-0.517309151843,-0.587091615475,-0.611627659331,-0.730401925921,-1.16041250449,-0.482289356465,0,0,0,0,1,0,0,1,0,0,0,1,0,0,0,0,0,1,0,0,0,0,0,0,0,1,0,0,0,1,0,0,0,0,1,3,0,0
BSAR0361,-0.830679349328,-0.876857911574,-1.16944475096,-0.875311471146,-0.102444704087,2.14771367898,-0.423271740889,2.99844547186,0,0,0,0,1,0,0,0,0,1,0,1,0,0,0,0,0,1,0,0,0,0,0,0,0,0,1,0,0,0,0,1,0,0,4,0,2,1
BSAR0362,0.0102565123182,-0.0262523213414,0.10377237113,-0.126869587871,-0.0795967509669,-0.283963416619,-0.691430925713,-0.034731163916,0,0,0,0,1,0,0,0,0,1,0,0,0,1,0,0,0,1,0,0,0,0,1,0,0,0,0,0,1,0,0,0,0,0,3,4,1,3
BSAR0364,-0.6163231493,-0.536615675481,0.0416642188328,-0.38022413842,-0.755243364656,-0.774198108795,0.967666140005,-1.06409009882,0,0,0,0,1,0,1,0,0,0,0,1,0,0,0,0,0,1,0,0,0,1,0,0,0,0,0,0,0,0,1,0,0,0,2,1,3,0
BSAR0365,-0.731745718546,-0.706736793527,-0.517309151843,-0.631254335295,-0.670379538782,-0.362513989775,0.477177518847,-0.584317105918,0,0,0,1,0,0,1,0,0,0,0,0,0,0,1,0,0,1,0,1,0,0,0,0,0,0,0,0,0,0,0,0,1,0,3,1,1,2
BSAR0366,-0.682278903155,-0.451555116458,-0.796795837181,-0.644038280506,-0.748715378051,-0.678694174527,0.0296686420572,-0.810641809043,0,0,0,1,0,0,0,1,0,0,0,0,0,0,1,0,1,0,0,1,0,0,0,0,0,0,0,0,0,0,1,0,0,0,2,1,3,0
BSAR0367,-0.814190410864,-0.961918470597,-0.858903989478,-0.81139174509,-0.376620141526,0.962673737204,-0.0623281351836,1.12168707203,0,0,0,0,1,0,0,0,1,0,0,1,0,0,0,0,0,1,0,0,0,0,0,0,0,1,0,0,0,0,0,0,1,0,5,0,2,1
BSAR0368,-0.566856333909,-0.621676234504,-0.0514980096132,-0.448792571826,0.468754123912,1.96716038313,0.304947814482,1.9051881097,0,1,0,0,0,0,1,0,0,0,0,1,0,0,0,0,0,1,0,0,0,0,0,1,0,0,0,0,0,1,0,0,0,0,3,4,2,1
BSAR0369,-0.896635103182,-0.770532212795,-1.01417437022,-0.803256507228,-0.703019471811,0.041258560727,0.943263721042,-0.331963767939,0,0,0,1,0,0,0,0,1,0,0,0,0,1,0,0,0,1,0,0,0,0,0,0,0,0,1,0,0,1,0,0,0,0,1,0,4,2
BSAR0370,0.158656958491,1.31345148327,0.818016122549,0.958603578246,-0.278700342441,-0.613423734243,1.34655833298,-0.975075789486,0,0,1,0,0,0,0,0,1,0,0,1,0,0,0,0,1,0,0,0,0,0,1,0,0,0,0,0,0,1,0,0,0,0,3,4,1,3
BSAR0373,-1.06152448782,-1.36595612596,-1.54209366475,-1.06125976513,-0.784619304382,0.924246118682,0.678497475293,0.591056253746,0,1,0,0,0,0,0,0,0,1,0,1,0,0,0,0,1,0,0,1,0,0,0,0,0,0,0,0,1,0,0,0,0,0,0,0,4,2
BSAR0375,-0.929612980109,-1.32342584645,-1.01417437022,-0.945042081389,-0.716075445022,0.147217067682,-0.077367452088,0.180533917373,0,0,0,0,1,0,0,1,0,0,0,1,0,0,0,0,1,0,0,0,0,1,0,0,0,0,0,0,0,0,0,1,0,0,4,1,1,2
BSAR0376,-0.00623242614548,-0.260168858655,-0.299930618802,-0.391845906794,-0.572459739697,-0.861225362507,-1.30297894451,-0.64937909165,0,0,0,1,0,0,0,1,0,0,0,1,0,0,0,0,1,0,0,1,0,0,0,0,0,0,0,0,1,0,0,0,0,0,0,3,3,3
BSAR0377,-0.583345272373,-0.260168858655,-0.734687684883,-0.562685901889,0.0281150280271,1.02624884138,-0.137961296473,1.26069913113,1,0,0,0,0,0,0,0,0,1,0,1,0,0,0,0,0,1,0,0,0,0,0,0,0,1,0,0,0,1,0,0,0,0,1,4,2,1
BSAR0379,-0.913124041646,-1.28089556693,-1.29366105556,-0.993853508559,-0.778091317776,-0.257968262913,-0.778972883186,0.0559708388513,0,0,0,1,0,0,0,1,0,0,0,0,0,0,1,0,1,0,0,0,0,0,1,0,0,0,0,0,0,0,0,1,0,0,2,0,4,2
BSAR0380,2.12084063566,1.14333036523,1.81174655931,1.49669145395,4.73152937743,1.09547506592,-0.988752273457,2.38184875786,0,0,0,1,0,0,0,0,0,1,0,0,0,0,1,0,1,0,0,1,0,0,0,0,0,0,0,0,0,0,1,0,0,0,3,2,2,1
BSAR0381,0.686302989328,1.76001941815,0.880124274846,1.26425608648,1.22273657687,0.313925118623,0.488351258057,0.0883759891064,0,0,1,0,0,0,1,0,0,0,0,1,0,0,0,0,0,1,0,0,0,0,1,0,0,0,0,0,1,0,0,0,0,0,0,3,2,1
BSAR0382,0.669814050864,0.803088129135,1.59436802626,1.11317309762,0.106450867295,-0.526396480531,0.286903436119,-0.704830952042,0,0,0,0,1,0,0,0,1,0,0,1,0,0,0,0,1,0,0,0,0,0,0,0,0,0,1,0,0,0,0,1,0,0,4,3,0,3
BSAR0383,-0.6163231493,-0.409024836946,-0.765741761032,-0.619632566921,-0.549611786577,-0.265597275413,-0.238789453529,-0.235942246892,0,0,0,0,1,0,1,0,0,0,0,0,0,1,0,0,1,0,0,0,0,1,0,0,0,0,0,0,0,0,0,1,0,0,4,1,1,0
BSAR0384,2.26924108184,3.48249573837,2.40177400613,3.88147832427,1.43816013486,-0.367882554127,0.91105252801,-0.691022639658,0,0,1,0,0,0,0,0,1,0,0,0,0,0,1,0,1,0,0,0,0,0,0,0,0,0,1,0,1,0,0,0,0,0,3,2,4,3
BSAR0385,-0.319522256955,-0.472820256213,-0.144660238059,-0.417413797216,-0.494123900429,-0.550413742107,-0.637920943164,-0.440167291385,0,0,0,0,1,0,0,1,0,0,0,1,0,0,0,0,1,0,0,0,0,0,0,0,0,1,0,0,0,0,0,1,0,0,4,3,0,0
BSAR0386,-1.01205767243,-1.32342584645,-1.20049882711,-0.98455609386,-0.86295514365,-0.318435250881,0.797292887608,-0.62075823701,0,0,1,0,0,0,0,0,1,0,0,0,0,0,1,0,1,0,0,0,1,0,0,0,0,0,0,0,0,0,0,1,0,0,2,0,3,2
BSAR0387,-1.06152448782,-1.3446909862,-1.13839067482,-0.976420855998,-0.833579203925,0.394453583909,2.54894288881,-0.442689182157,0,1,0,0,0,0,1,0,0,0,0,1,0,0,0,0,1,0,0,0,0,0,0,1,0,0,0,0,1,0,0,0,0,0,0,0,1,2
BSAR0389,-0.682278903155,-0.536615675481,-0.610471380289,-0.604524268035,-0.676907525388,-0.478361957378,0.254485766439,-0.645819939682,0,0,0,0,1,0,1,0,0,0,0,1,0,0,0,0,1,0,0,0,0,0,0,0,0,0,1,0,0,1,0,0,0,0,4,1,4,0
BSAR0390,-1.02854661089,-1.36595612596,-1.23155290326,-0.999664392746,-0.317868262075,4.50564365375,0.950096398351,3.65198663843,0,0,1,0,0,0,1,0,0,0,0,0,1,0,0,0,1,0,0,0,0,0,1,0,0,0,0,0,0,1,0,0,0,0,0,0,2,1
BSAR0391,-0.896635103182,-1.32342584645,-1.20049882711,-0.98455609386,-0.650795578965,0.292450861214,-0.833232379469,0.924282814305,1,0,0,0,0,0,0,0,0,1,0,1,0,0,0,0,0,1,0,0,0,0,1,0,0,0,0,0,0,0,0,1,0,0,4,1,1,2
BSAR0393,-0.0227213646091,0.143868796705,-0.299930618802,-0.237276387422,-0.334188228589,-0.563693874979,-0.889529791104,-0.344529433667,1,0,0,0,0,0,0,1,0,0,0,1,0,0,0,0,1,0,0,0,0,0,0,0,0,0,1,0,0,0,0,1,0,0,4,3,4,3
BSAR0394,2.1043516972,1.37724690254,1.50120579782,1.46182614883,0.876753286768,-0.560585758775,-1.00746565086,-0.277778506768,0,0,1,0,0,0,0,1,0,0,0,1,0,0,0,0,0,1,0,0,0,0,0,0,1,0,0,0,1,0,0,0,0,0,0,2,0,3
BSAR0395,0.455457850837,1.73875427839,0.849070198697,1.22822860452,0.305554458769,-0.244123018004,0.968544627087,-0.593002540558,0,0,1,0,0,0,0,0,1,0,0,0,1,0,0,0,0,1,0,1,0,0,0,0,0,0,0,0,0,1,0,0,0,0,3,3,1,3
BSAR0396,-0.6163231493,-0.791797352551,-0.268876542654,-0.585929438637,-0.732395411537,-0.717686905086,-0.0689486175457,-0.832636428852,0,0,1,0,0,0,1,0,0,0,0,0,0,0,1,0,0,1,0,0,1,0,0,0,0,0,0,0,0,1,0,0,0,0,2,1,4,0
BSAR0398,0.768747681646,0.781822989379,1.78069248316,1.20614724461,1.17051268402,0.205141051483,0.239038618496,0.0877188444133,1,0,0,0,0,0,1,0,0,0,0,1,0,0,0,0,0,1,0,0,0,0,0,0,0,0,1,0,0,0,0,1,0,0,4,2,1,1
BSAR0400,-0.138143933855,-0.38775969719,-0.393092847248,-0.475522639086,0.0966588873869,0.107376669067,-1.27201837545,1.1070203532,0,0,1,0,0,0,0,1,0,0,0,0,1,0,0,0,1,0,0,0,0,0,0,1,0,0,0,0,0,0,0,0,1,0,0,3,1,0
BSAR0405,-0.220588626173,-0.472820256213,0.0416642188328,-0.351169717486,-0.0371648380299,0.0364551084118,-0.720319491724,0.446724671171,0,0,1,0,0,0,0,1,0,0,0,1,0,0,0,0,1,0,0,0,0,1,0,0,0,0,0,0,0,0,0,1,0,0,4,3,1,0
BSAR0406,-0.781212533937,-0.876857911574,-0.57941730414,-0.706795829725,-0.800939270896,-0.693387087491,0.408948355427,-0.903742546276,1,0,0,0,0,0,0,0,1,0,0,0,0,1,0,0,1,0,0,0,0,0,0,1,0,0,0,0,0,1,0,0,0,0,3,1,3,2
BSAR0407,-1.02854661089,-0.961918470597,-1.26260697941,-0.919474190966,-0.778091317776,0.521603792254,2.36446060145,-0.320124462229,0,0,0,0,1,0,0,0,1,0,0,0,0,1,0,0,0,1,0,0,0,0,0,0,0,1,0,0,1,0,0,0,0,0,5,0,4,2
BSAR0408,-0.748234657009,-0.685471653772,-0.206768390356,-0.524334066256,-0.673643532085,-0.335388611994,1.31906097307,-0.742707965475,0,0,0,0,1,0,0,0,1,0,0,1,0,0,0,0,1,0,0,0,0,0,1,0,0,0,0,0,0,0,0,1,0,0,3,1,4,2
BSAR0410,-0.814190410864,-0.685471653772,-0.610471380289,-0.653335695205,-0.637739605754,-0.0200560952973,1.14972940496,-0.441785155953,0,1,0,0,0,0,0,0,1,0,0,0,0,1,0,0,1,0,0,0,0,0,1,0,0,0,0,0,1,0,0,0,0,0,3,1,1,2
BSAR0411,-0.698767841618,-0.64294137426,-0.455200999545,-0.588253792312,-0.360300175012,0.465092588545,0.471808986675,0.247261700191,0,0,1,0,0,0,1,0,0,0,0,1,0,0,0,0,1,0,0,0,0,0,1,0,0,0,0,0,1,0,0,0,0,0,0,1,2,1
BSAR0412,-0.204099687709,0.037543097926,-0.0204439334645,-0.15359965513,-0.353772188406,-0.443890123116,-0.184128035051,-0.474472435343,0,0,0,1,0,0,0,0,1,0,0,0,0,1,0,0,0,1,0,0,0,0,0,0,0,0,1,0,0,1,0,0,0,0,1,4,0,0
BSAR0413,2.69795348189,2.22785249277,1.31488134093,1.90112899336,0.178258719958,-0.940623603719,-1.04342406281,-0.884333357388,0,0,1,0,0,0,1,0,0,0,0,0,0,0,1,0,0,1,0,0,0,0,0,0,1,0,0,0,0,1,0,0,0,0,1,2,3,1
BSAR0414,-0.665789964691,-0.536615675481,-0.175714314208,-0.454603456013,-0.190572523264,0.809528375152,0.966751049294,0.344486656994,0,0,0,0,1,0,1,0,0,0,0,1,0,0,0,0,0,1,0,0,0,0,0,0,0,0,1,0,0,0,1,0,0,0,2,1,2,1
BSAR0415,-0.863657226255,-0.38775969719,-0.827849913329,-0.635903042645,-0.800939270896,-0.523853476364,1.98524701076,-0.984097561166,1,0,0,0,0,0,0,0,1,0,0,1,0,0,0,0,1,0,0,0,0,0,1,0,0,0,0,0,0,1,0,0,0,0,3,1,3,2
BSAR0416,-0.913124041646,-1.23836528742,-0.983120294072,-0.917149837292,-0.827051217319,-0.50718267127,0.0168330622914,-0.61261096971,0,0,0,1,0,0,0,1,0,0,0,1,0,0,0,0,0,1,0,1,0,0,0,0,0,0,0,0,1,0,0,0,0,0,0,1,4,2
BSAR0419,-0.929612980109,-0.791797352551,-0.889958065626,-0.771877732619,-0.738923398142,0.0237400875772,1.8315117713,-0.559760575595,1,0,0,0,0,0,0,0,1,0,0,0,0,1,0,0,1,0,0,0,0,0,0,1,0,0,0,0,0,0,0,0,1,0,3,0,1,2
BSAR0421,-0.204099687709,0.547906452065,0.259042751873,0.215972579158,-0.327660241983,-0.406027616631,0.902267657184,-0.723792465368,0,0,1,0,0,0,0,0,1,0,0,0,1,0,0,0,1,0,0,0,0,0,0,1,0,0,0,0,0,0,1,0,0,0,0,3,0,0
BSAR0422,-0.533878456982,0.0162779581702,-0.175714314208,-0.231465503235,-0.64426759236,-0.608620281928,1.07820909791,-0.933687249307,0,0,1,0,0,0,0,0,1,0,0,0,1,0,0,0,1,0,0,0,0,0,0,0,0,0,1,0,0,0,0,1,0,0,2,1,4,0
BSAR0424,0.125679081564,0.0588082376818,-0.206768390356,-0.227978972723,-0.330924235286,-0.651003684709,-1.15095187437,-0.349846929382,0,0,0,0,1,0,0,1,0,0,0,0,0,1,0,0,0,1,0,0,1,0,0,0,0,0,0,0,0,0,0,0,1,0,5,4,3,3
BSAR0425,-0.599834210837,-0.068782600853,-0.424146923397,-0.372088900559,-0.699755478508,-0.657219917117,0.886324743461,-0.94813119463,1,0,0,0,0,0,1,0,0,0,0,0,0,1,0,0,0,1,0,1,0,0,0,0,0,0,0,0,0,1,0,0,0,0,3,4,0,0
BSAR0426,1.06554857399,1.5898983001,1.50120579782,1.61058478402,3.58586772813,1.52411254605,0.282189722943,1.45955922585,1,0,0,0,0,0,1,0,0,0,0,1,0,0,0,0,1,0,0,0,0,0,0,0,0,0,1,0,0,1,0,0,0,0,1,2,2,1
BSAR0428,-0.929612980109,-0.494085395969,-0.889958065626,-0.689363177164,-0.872747123559,-0.700450987955,2.74111193814,-1.17103799349,0,0,0,0,1,0,0,0,1,0,0,1,0,0,0,0,1,0,0,0,0,0,0,0,1,0,0,0,1,0,0,0,0,0,3,0,0,2
BSAR0429,2.63199772804,3.50376087812,2.27755770153,3.76874717104,5.22765635946,0.951088940444,0.416970861026,0.768305142969,1,0,0,0,0,0,0,0,1,0,0,0,0,1,0,0,0,1,0,0,0,0,1,0,0,0,0,0,0,1,0,0,0,0,3,2,2,1
BSAR0431,0.785236620109,0.632967011089,0.414313132616,0.342649854433,-0.154668596932,-0.764026092128,-1.06041890001,-0.585929389722,0,0,0,0,1,0,0,0,0,1,0,1,0,0,0,0,0,1,0,0,0,0,0,0,1,0,0,0,0,1,0,0,0,0,1,3,3,3
BSAR0432,-0.368989072346,0.250194495484,-0.175714314208,-0.13616700257,-0.601835679423,-0.68773596712,0.519637727843,-0.917694841798,0,1,0,0,0,0,0,0,1,0,0,1,0,0,0,0,1,0,0,0,0,0,0,1,0,0,0,0,1,0,0,0,0,0,3,4,3,0
BSAR0433,2.68146454343,1.99393595546,2.18439547309,2.43224380805,3.85025118566,0.413949949189,-0.634793985263,0.914031357093,1,0,0,0,0,0,0,0,0,1,0,1,0,0,0,0,1,0,0,0,0,0,0,0,0,0,1,0,0,1,0,0,0,0,1,2,2,1
BSAR0434,-0.0556992415364,0.377785334019,0.227988675725,0.119511901655,0.488338083729,0.491652854289,0.095120515865,0.475689880584,1,0,0,0,0,0,1,0,0,0,0,1,0,0,0,0,0,1,0,0,1,0,0,0,0,0,0,0,0,1,0,0,0,0,1,3,2,1
BSAR0435,-0.880146164719,-0.961918470597,-0.921012141775,-0.827662220813,-0.115500677298,2.64388204755,0.488351258057,2.41584167538,0,0,0,1,0,0,1,0,0,0,0,0,0,0,1,0,1,0,0,0,0,0,0,1,0,0,0,0,1,0,0,0,0,0,0,0,2,1
BSAR0436,0.241101650809,-0.153843159876,-0.393092847248,-0.389521553119,-0.363564168315,-0.741421610644,-1.65904389569,-0.187514599763,0,0,0,0,1,0,0,1,0,0,0,1,0,0,0,0,0,1,0,0,1,0,0,0,0,0,0,0,0,0,0,0,1,0,5,3,3,3
BSAR0437,-0.204099687709,-0.111312880365,-0.0204439334645,-0.217519381186,-0.0600127911498,-0.0200560952973,-0.372026661067,0.139071599439,1,0,0,0,0,0,0,0,0,1,0,0,0,1,0,0,0,1,0,0,1,0,0,0,0,0,0,0,0,1,0,0,0,0,1,4,1,0
BSAR0438,-1.06152448782,-1.3446909862,-1.5731477409,-1.0635841188,-0.898859069982,-0.311936462455,0.62725239547,-0.573369912751,0,0,1,0,0,0,0,1,0,0,0,0,0,0,1,0,1,0,0,0,0,1,0,0,0,0,0,0,0,0,0,1,0,0,4,0,3,2
BSAR0439,0.2905684662,0.654232150845,0.507475361062,0.405407403651,0.00200308160431,-0.410831068946,-0.159074884916,-0.44363010739,0,0,1,0,0,0,0,0,1,0,0,0,1,0,0,0,1,0,0,0,0,0,0,0,0,0,1,0,0,0,0,1,0,0,4,4,1,3
BSAR0440,-0.913124041646,-0.791797352551,-1.07628252252,-0.827662220813,-0.892331083376,-0.839751105098,0.945273332015,-1.1199253459,1,0,0,0,0,0,0,0,0,1,0,0,0,1,0,0,0,1,0,0,1,0,0,0,0,0,0,0,0,0,0,0,1,0,5,0,3,2
BSAR0441,-0.187610749246,0.122603656949,-0.455200999545,-0.316304412364,-0.125292657207,-0.134773838827,-0.707219888102,0.189645506733,0,0,0,0,1,0,0,1,0,0,0,1,0,0,0,0,0,1,0,0,0,0,0,0,0,0,1,0,0,1,0,0,0,0,1,4,1,0
BSAR0442,-0.764723595473,-0.940653330841,-0.889958065626,-0.813716098764,-0.725867424931,-0.469602720803,-0.46269103306,-0.402037165106,0,0,0,0,1,0,0,1,0,0,0,1,0,0,0,0,0,1,0,0,1,0,0,0,0,0,0,0,0,1,0,0,0,0,5,1,0,2
BSAR0443,-0.698767841618,-1.02571388986,-0.796795837181,-0.812553921927,-0.709547458417,-0.542784729607,-0.846897734088,-0.333544377729,0,0,1,0,0,0,0,1,0,0,0,0,1,0,0,0,1,0,0,1,0,0,0,0,0,0,0,0,0,0,1,0,0,0,2,1,0,0
BSAR0444,-0.913124041646,-0.940653330841,-0.983120294072,-0.839283989187,-0.778091317776,-0.257968262913,0.824696673609,-0.571520665045,0,0,1,0,0,0,1,0,0,0,0,1,0,0,0,0,0,1,0,0,1,0,0,0,0,0,0,0,0,0,0,1,0,0,4,0,0,2
BSAR0445,-0.0721881800001,0.122603656949,0.227988675725,-0.00251666627048,1.46100808798,1.75750381737,-0.170060758237,2.16842406634,0,1,0,0,0,0,1,0,0,0,0,1,0,0,0,0,1,0,0,0,0,0,0,0,0,1,0,0,0,1,0,0,0,0,5,4,2,1
BSAR0446,2.89582074346,2.75948098667,1.8738547116,2.7727616214,1.92449513698,-0.35177686107,-0.537333370171,-0.211095864206,0,1,0,0,0,0,1,0,0,0,0,1,0,0,0,0,1,0,0,0,0,0,0,0,0,1,0,0,0,0,0,1,0,0,4,2,4,1
BSAR0447,1.04905963553,2.01520109522,1.03539465559,1.5385298201,0.377362311432,-0.496728098584,0.215784548661,-0.655589617074,0,0,1,0,0,0,1,0,0,0,0,0,1,0,0,0,1,0,0,1,0,0,0,0,0,0,0,0,1,0,0,0,0,0,0,2,0,1
BSAR0449,0.0432343892454,0.420315613531,-0.0514980096132,-0.00367884310786,1.16398469742,1.1226004437,-0.473833552981,1.71667085352,0,0,0,0,1,0,1,0,0,0,0,1,0,0,0,0,1,0,0,0,0,0,0,0,0,0,1,0,0,1,0,0,0,0,2,3,2,1
BSAR0450,0.521413604691,0.654232150845,1.09750280789,0.731979094956,2.44020607883,1.48935815577,-0.0409046068297,1.71353441815,0,0,0,0,1,0,1,0,0,0,0,1,0,0,0,0,1,0,0,0,1,0,0,0,0,0,0,0,0,1,0,0,0,0,1,3,2,1
BSAR0451,-0.0886771184637,0.186399076217,-0.330984694951,-0.236114210585,-0.513707860246,-0.747355287034,-0.736861035325,-0.684463656299,1,0,0,0,0,0,0,1,0,0,0,1,0,0,0,0,0,1,0,0,0,0,0,0,0,0,1,0,0,0,0,0,1,0,5,4,3,0
BSAR0453,0.504924666227,0.824353268891,1.03539465559,0.802871882037,-0.451691987492,-0.913498225938,0.113060259582,-1.08871307631,0,0,0,0,1,0,1,0,0,0,0,0,0,1,0,0,0,1,0,0,1,0,0,0,0,0,0,0,0,0,0,0,1,0,5,3,3,3
BSAR0454,-0.0392103030728,0.0800733774377,-0.299930618802,-0.261682101007,-0.311340275469,-0.523853476364,-0.915224507184,-0.269317875815,0,0,0,0,1,0,0,0,0,1,0,1,0,0,0,0,0,1,0,0,1,0,0,0,0,0,0,0,0,1,0,0,0,0,1,3,1,3
BSAR0455,-0.352500133882,-0.2389037189,0.0106101426841,-0.26051992417,-0.719339438325,-0.900500649085,0.0128138403446,-1.05923931767,0,0,0,0,1,0,0,0,1,0,0,1,0,0,0,0,0,1,0,0,1,0,0,0,0,0,0,0,0,0,0,0,1,0,5,4,3,0
BSAR0459,-0.896635103182,-1.21710014767,-1.07628252252,-0.932258136178,-0.804203264199,-0.445302903208,-0.320781581244,-0.426637694665,0,0,0,1,0,0,0,1,0,0,0,0,0,0,1,0,1,0,0,0,1,0,0,0,0,0,0,0,0,1,0,0,0,0,1,0,0,2
BSAR0460,-0.913124041646,-0.919388191085,-1.07628252252,-0.859040995422,-0.797675277594,-0.357710537459,0.61971635432,-0.615618807318,0,0,1,0,0,0,0,0,1,0,0,0,1,0,0,0,0,1,0,0,0,1,0,0,0,0,0,0,0,1,0,0,0,0,5,1,0,2
BSAR0462,-0.220588626173,-0.0900477406088,-0.455200999545,-0.391845906794,0.602577849328,0.97510620202,-0.841917986218,1.97015675673,0,0,1,0,0,0,0,0,0,1,0,0,1,0,0,0,0,1,0,0,0,0,0,0,0,0,1,0,0,1,0,0,0,0,1,4,2,1
BSAR0463,-0.649301026228,0.143868796705,-0.424146923397,-0.295385229291,-0.709547458417,-0.61794463054,1.68554093786,-1.01996406667,1,0,0,0,0,0,0,0,1,0,0,1,0,0,0,0,0,1,0,0,0,1,0,0,0,0,0,0,0,0,0,1,0,0,4,1,3,0
BSAR0464,-0.863657226255,-1.06824416938,-1.23155290326,-0.934582489852,-0.0241088648185,2.83856314433,-0.648750092108,4.35157766533,1,0,0,0,0,0,0,0,0,1,0,1,0,0,0,0,1,0,0,0,0,0,1,0,0,0,0,0,0,0,1,0,0,0,2,1,2,1
BSAR0465,-0.418455887737,-0.302699138167,0.0416642188328,-0.276790399893,0.0150590548157,0.492217966326,0.241823975955,0.392624526697,0,1,0,0,0,0,1,0,0,0,0,1,0,0,0,0,0,1,0,1,0,0,0,0,0,0,0,0,0,0,1,0,0,0,3,4,2,1
BSAR0466,-0.781212533937,-1.11077444889,-0.858903989478,-0.853230111235,-0.768299337868,-0.580364680073,-0.624152453793,-0.487703268003,0,0,1,0,0,0,1,0,0,0,0,0,0,0,1,0,0,1,0,0,0,0,1,0,0,0,0,0,1,0,0,0,0,0,0,0,4,2
BSAR0467,-0.352500133882,-0.366494557434,-0.393092847248,-0.467387401224,-0.601835679423,-0.701016099992,-0.702607666196,-0.629450201593,0,0,0,0,1,0,0,1,0,0,0,0,0,1,0,0,1,0,0,0,0,1,0,0,0,0,0,0,0,0,0,1,0,0,4,3,0,0
BSAR0468,0.752258743182,0.590436731577,0.880124274846,0.573923045072,1.04648093852,0.127438146383,-0.675154336627,0.542598933016,1,0,0,0,0,0,0,0,0,1,0,0,0,1,0,0,0,1,0,0,0,0,0,0,0,1,0,0,0,0,0,0,1,0,5,3,1,3
BSAR0469,-0.583345272373,-0.13257802012,-0.299930618802,-0.343034479624,-0.582251719606,-0.401789276352,0.909100334493,-0.721160667075,1,0,0,0,0,0,1,0,0,0,0,0,0,1,0,0,0,1,0,0,0,0,0,0,0,0,1,0,0,0,0,1,0,0,4,4,0,0
BSAR0470,-0.7977014724,-1.11077444889,-0.796795837181,-0.838121812349,-0.86295514365,-0.888915852325,-0.397649200978,-0.970601851785,0,0,0,0,1,0,0,0,0,1,0,0,0,1,0,0,1,0,0,0,1,0,0,0,0,0,0,0,0,1,0,0,0,0,2,1,3,2
BSAR0471,-0.863657226255,-0.919388191085,-0.455200999545,-0.68703882349,-0.745451384748,-0.2836808606,1.53429030833,-0.739162790311,0,0,1,0,0,0,1,0,0,0,0,0,1,0,0,0,1,0,0,0,0,0,1,0,0,0,0,0,1,0,0,0,0,0,0,1,4,2
BSAR0472,-0.0392103030728,0.569171591821,0.0727182949814,0.126484962679,-0.383148128132,-0.612576066187,0.0628244448547,-0.743954957848,0,0,0,1,0,0,1,0,0,0,0,1,0,0,0,0,1,0,0,0,0,0,0,1,0,0,0,0,1,0,0,0,0,0,0,4,0,3
BSAR0473,-1.06152448782,-1.17456986816,-0.983120294072,-0.899717184731,-0.255852389321,6.64600549423,4.24003052295,2.47865632835,0,0,0,0,1,0,1,0,0,0,0,1,0,0,0,0,0,1,0,0,1,0,0,0,0,0,0,0,0,1,0,0,0,0,1,0,2,1
BSAR0475,0.257590589273,0.143868796705,0.196934599576,-0.00716537362001,-0.0534848045441,-0.443607567097,-0.912429321012,-0.145383288634,0,1,0,0,0,0,0,1,0,0,0,1,0,0,0,0,0,1,0,0,0,0,0,0,0,1,0,0,0,0,0,1,0,0,4,3,4,3
BSAR0476,2.4671083434,2.6956855674,1.81174655931,2.6670035292,1.79393540487,-0.283398304582,-0.286618194696,-0.237221236549,1,0,0,0,0,0,1,0,0,0,0,0,0,1,0,0,0,1,0,0,0,0,0,0,0,0,1,0,0,0,1,0,0,0,2,2,1,1
BSAR0477,-0.764723595473,-0.728001933283,-1.10733659867,-0.821851336626,-0.761771351262,-0.589123916648,-0.5178780421,-0.540331442558,0,0,1,0,0,0,0,1,0,0,0,0,0,1,0,0,1,0,0,0,0,0,0,0,1,0,0,0,0,0,1,0,0,0,3,1,3,2
BSAR0478,0.158656958491,1.16459550498,0.662745741806,0.772655284265,0.305554458769,0.00339605424195,0.946596734363,-0.366802505817,0,0,0,0,1,0,0,0,1,0,0,1,0,0,0,0,0,1,0,0,0,1,0,0,0,0,0,0,0,0,0,0,1,0,5,4,1,3
BSAR0480,-0.550367395446,-0.706736793527,-0.330984694951,-0.571983316589,-0.474539940612,-0.212194187908,-0.347061109358,-0.119951827273,0,0,0,0,1,0,0,1,0,0,0,0,0,1,0,0,1,0,0,0,0,0,1,0,0,0,0,0,0,0,1,0,0,0,4,4,1,0
BSAR0481,1.0160817586,1.22839092425,0.755907970251,0.869115961767,1.51975996743,0.25430579871,-0.611425317551,0.67032403795,0,0,0,1,0,0,0,0,1,0,0,0,0,1,0,0,1,0,0,0,1,0,0,0,0,0,0,0,0,0,1,0,0,0,2,2,1,3
BSAR0484,-0.187610749246,0.313989914752,0.196934599576,0.0730248281595,-0.601835679423,-0.810930391206,0.418491701439,-1.02516003573,1,0,0,0,0,0,1,0,0,0,0,1,0,0,0,0,1,0,0,0,0,0,0,1,0,0,0,0,0,1,0,0,0,0,3,3,3,0
BSAR0485,1.34586052787,1.93014053619,1.47015172167,1.8244253221,3.24641242464,1.01381637656,0.121124042159,1.03627647299,0,0,1,0,0,0,1,0,0,0,0,1,0,0,0,0,0,1,0,0,1,0,0,0,0,0,0,0,0,1,0,0,0,0,1,2,2,1
BSAR0486,-0.6163231493,-0.196373439388,-0.393092847248,-0.404629852005,-0.00778889830424,1.07456592055,0.844677948431,0.642951391255,0,0,0,0,1,0,1,0,0,0,0,1,0,0,0,0,0,1,0,0,0,0,0,0,0,1,0,0,0,1,0,0,0,0,5,1,2,1
BSAR0487,-0.121654995391,-0.557880815237,-0.144660238059,-0.452279102338,0.0313790213299,-0.00225506612896,-1.24161624636,0.871279153506,0,0,0,1,0,0,0,1,0,0,0,0,0,0,1,0,0,1,0,0,0,0,0,0,0,0,1,0,0,1,0,0,0,0,1,3,1,0
BSAR0488,-0.368989072346,-0.281433998411,-0.175714314208,-0.351169717486,-0.454955980794,-0.433435550429,-0.238789453529,-0.442329919795,0,1,0,0,0,0,0,0,0,1,0,0,0,1,0,0,0,1,0,0,0,0,0,0,1,0,0,0,0,1,0,0,0,0,3,3,1,0
BSAR0491,-0.632812087764,-0.749267073039,-0.610471380289,-0.674254878278,-0.471275947309,-0.0336187841875,-0.42930057381,0.154805990531,0,0,1,0,0,0,1,0,0,0,0,0,1,0,0,0,0,1,0,0,0,0,0,0,1,0,0,0,0,0,1,0,0,0,3,1,4,0
BSAR0493,0.307057404664,-0.281433998411,0.321150904171,-0.15824836248,-0.0502208112413,-0.471015500896,-1.28711737218,0.0617110794436,0,1,0,0,0,0,0,1,0,0,0,1,0,0,0,0,0,1,0,0,0,1,0,0,0,0,0,0,0,0,0,1,0,0,4,3,1,3
BSAR0494,-0.2535665031,-0.409024836946,-0.299930618802,-0.448792571826,0.990993052367,1.64730697014,-0.928530247208,3.15258613274,1,0,0,0,0,0,0,0,0,1,0,1,0,0,0,0,0,1,0,0,0,0,0,0,0,0,1,0,0,0,1,0,0,0,1,3,2,1
BSAR0495,2.17030745106,1.56863316034,1.40804356937,1.5292324054,0.272914525741,-0.832687204634,-0.996010868316,-0.724109359519,0,0,0,1,0,0,0,1,0,0,0,1,0,0,0,0,0,1,0,0,0,0,0,0,0,0,1,0,0,0,0,0,1,0,1,2,0,3
BSAR0497,-0.368989072346,-0.068782600853,0.352204980319,-0.0408685019041,-0.696491485205,-0.851618457877,0.855805451478,-1.12084221619,0,0,0,1,0,0,1,0,0,0,0,1,0,0,0,0,1,0,0,0,0,0,0,0,0,0,1,0,0,1,0,0,0,0,2,3,3,0
BSAR0502,-0.946101918573,-1.08950930913,-1.29366105556,-0.954339496088,-0.840107190531,-0.467342272655,0.0345176388576,-0.572555607827,0,0,1,0,0,0,1,0,0,0,0,0,0,1,0,0,1,0,0,0,0,0,0,0,0,0,1,0,0,0,0,1,0,0,4,1,3,2
BSAR0503,-0.550367395446,-0.0900477406088,-0.175714314208,-0.274466046218,0.0672829476613,0.990364227021,0.998450730081,0.490226931173,0,0,0,1,0,0,0,0,1,0,0,1,0,0,0,0,0,1,0,0,0,0,0,0,0,1,0,0,0,0,0,0,1,0,5,1,2,1
BSAR0504,-0.913124041646,-0.749267073039,-0.983120294072,-0.788148208342,-0.676907525388,0.257413914914,1.35523397059,-0.265054916489,0,0,1,0,0,0,1,0,0,0,0,0,0,0,1,0,0,1,0,1,0,0,0,0,0,0,0,0,1,0,0,0,0,0,0,0,1,2
BSAR0505,-0.962590857037,-0.940653330841,-1.07628252252,-0.863689702772,-0.840107190531,-0.402636944408,1.42155113272,-0.815035318468,0,1,0,0,0,0,0,0,1,0,0,0,0,1,0,0,0,1,0,0,0,1,0,0,0,0,0,0,0,0,0,1,0,0,4,0,4,2
BSAR0507,0.274079527736,0.399050473775,0.196934599576,0.113701017468,-0.422316047766,-0.812625727318,-0.700801274309,-0.790804175202,0,0,0,0,1,0,1,0,0,0,0,0,0,1,0,0,0,1,0,0,0,1,0,0,0,0,0,0,0,1,0,0,0,0,5,4,0,3
BSAR0509,-0.401966949273,0.228929355728,-0.206768390356,-0.160572716155,0.958353119339,2.15449502343,0.593089008922,1.83463800203,0,0,0,0,1,0,1,0,0,0,0,1,0,0,0,0,0,1,0,0,0,0,0,0,0,1,0,0,0,0,0,0,1,0,5,4,2,1
BSAR0510,-0.0227213646091,0.399050473775,0.321150904171,0.176458566687,0.785361474288,0.801334250615,0.138258852094,0.790402560311,0,0,0,0,1,0,0,0,1,0,0,0,0,1,0,0,0,1,0,0,1,0,0,0,0,0,0,0,0,0,1,0,0,0,1,4,2,1
BSAR0513,2.40115258955,3.01466266374,1.9980710162,3.08887372117,0.520978016757,-0.768829544443,0.111745697991,-0.928587513083,0,0,0,0,1,0,0,0,1,0,0,1,0,0,0,0,1,0,0,0,0,0,1,0,0,0,0,0,1,0,0,0,0,0,0,2,0,3
BSAR0514,1.3788384048,0.632967011089,0.7869620464,0.548355154649,0.390418284643,-0.601838937483,-1.36670680018,-0.123176811945,0,0,1,0,0,0,0,0,0,1,0,0,1,0,0,0,0,1,0,0,0,0,1,0,0,0,0,0,1,0,0,0,0,0,3,2,1,3
BSAR0515,0.768747681646,1.03700466645,0.445367208765,0.566949984048,1.73518352542,0.615977502449,-0.708349411834,1.27420261454,0,0,1,0,0,0,1,0,0,0,0,0,1,0,0,0,1,0,0,0,0,0,1,0,0,0,0,0,0,0,1,0,0,0,2,2,2,1
BSAR0517,0.257590589273,1.12206522547,0.414313132616,0.591355697633,-0.357036181709,-0.7422692787,0.287171411194,-0.932292277046,0,0,0,0,1,0,1,0,0,0,0,1,0,0,0,0,0,1,0,0,1,0,0,0,0,0,0,0,0,0,0,0,1,0,5,3,0,3
BSAR0518,-0.2535665031,-0.600411094748,-0.3620387711,-0.542928895654,-0.402732087949,-0.469320164785,-1.21981806936,0.0135631304021,0,0,0,1,0,0,0,1,0,0,0,1,0,0,0,0,1,0,0,0,1,0,0,0,0,0,0,0,0,0,0,0,1,0,5,3,0,0
BSAR0520,0.356524220055,0.696762430356,0.724853894103,0.549517331487,0.0117950615129,-0.442759899041,-0.0263949524774,-0.525678787698,0,0,0,0,1,0,0,0,1,0,0,1,0,0,0,0,0,1,0,0,0,0,0,0,0,0,1,0,0,1,0,0,0,0,5,3,0,3
BSAR0521,-0.632812087764,0.0588082376818,-0.299930618802,-0.269817338869,-0.751979371354,-0.748202955089,1.66873328245,-1.11780303676,0,0,1,0,0,0,0,0,1,0,0,1,0,0,0,0,1,0,0,0,0,0,1,0,0,0,0,0,1,0,0,0,0,0,0,1,0,0
BSAR0525,0.488435727764,1.27092120376,1.47015172167,1.36652764817,0.449170164095,-0.144380743457,1.12211909768,-0.541380854227,0,0,0,0,1,0,0,0,1,0,0,1,0,0,0,0,0,1,0,0,0,0,0,0,0,0,1,0,0,0,1,0,0,0,1,3,4,3
BSAR0526,-0.237077564636,-0.068782600853,-0.0204439334645,-0.198924551788,-0.468011954006,-0.582342572203,-0.211223134728,-0.633711624805,0,0,1,0,0,0,0,0,0,1,0,0,0,1,0,0,1,0,0,1,0,0,0,0,0,0,0,0,0,0,0,0,1,0,0,3,0,0
BSAR0527,0.570880420082,1.69622399888,0.942232427143,1.27239132434,0.899601239888,0.162757648702,0.755844021006,-0.161397694985,0,0,0,0,1,0,0,0,1,0,0,1,0,0,0,0,0,1,0,0,0,0,0,0,0,1,0,0,0,1,0,0,0,0,1,2,1,3
BSAR0528,-1.02854661089,-1.47228182474,-1.29366105556,-1.03452969787,-0.765035344565,0.634626199673,0.335155440482,0.491070543197,0,0,1,0,0,0,0,1,0,0,0,0,1,0,0,0,1,0,0,1,0,0,0,0,0,0,0,0,1,0,0,0,0,0,0,0,1,2
BSAR0530,-0.880146164719,-0.685471653772,-0.796795837181,-0.712606713912,-0.249324402715,2.03412615953,1.55640660593,1.07296097279,1,0,0,0,0,0,0,0,1,0,0,1,0,0,0,0,0,1,0,0,1,0,0,0,0,0,0,0,0,0,0,0,1,0,1,0,2,1
BSAR0531,-0.7977014724,-0.64294137426,-0.330984694951,-0.548739779841,-0.742187391445,-0.453214471728,1.72902161165,-0.900054119363,0,0,1,0,0,0,0,0,1,0,0,0,0,0,1,0,0,1,0,0,0,0,0,0,0,0,1,0,0,0,1,0,0,0,2,0,0,2
BSAR0532,-0.270055441564,0.27145963524,0.445367208765,0.174134213012,-0.340716215195,-0.357427981441,1.07747702534,-0.715623718658,0,0,0,0,1,0,0,0,1,0,0,1,0,0,0,0,0,1,0,0,0,0,0,0,0,0,1,0,0,0,0,0,1,0,5,4,4,0
BSAR0534,-0.566856333909,-0.430289976702,-0.703633608735,-0.603362091198,-0.745451384748,-0.799063038427,-0.412483303032,-0.850633867624,0,0,0,1,0,0,0,0,0,1,0,1,0,0,0,0,0,1,0,0,0,0,1,0,0,0,0,0,0,0,1,0,0,0,2,1,3,0
BSAR0535,-0.385478010809,-0.557880815237,-0.455200999545,-0.55803719454,-0.657323565571,-0.771937660647,-0.918989451824,-0.65577060179,1,0,0,0,0,0,0,1,0,0,0,1,0,0,0,0,0,1,0,0,0,0,0,0,0,1,0,0,0,1,0,0,0,0,1,4,3,0
BSAR0538,-0.748234657009,-0.813062492306,-1.07628252252,-0.832310928163,-0.797675277594,-0.733227486106,-0.692782901437,-0.678914276582,0,1,0,0,0,0,0,1,0,0,0,0,0,1,0,0,1,0,0,1,0,0,0,0,0,0,0,0,1,0,0,0,0,0,0,1,3,2
BSAR0539,2.45061940494,1.41977718205,2.55704438687,2.21840326997,0.791889460894,-0.670782606008,-0.630570842071,-0.61215451965,0,0,1,0,0,0,1,0,0,0,0,1,0,0,0,0,1,0,0,0,0,0,0,0,0,1,0,0,0,1,0,0,0,0,0,2,4,1
BSAR0540,-0.880146164719,-0.557880815237,-0.858903989478,-0.696336238189,-0.725867424931,-0.137316842994,1.70744473594,-0.656840184476,0,0,0,1,0,0,0,0,1,0,0,0,0,0,1,0,0,1,0,0,0,0,0,0,1,0,0,0,0,1,0,0,0,0,3,0,4,2
BSAR0541,-0.880146164719,-0.940653330841,-1.10733659867,-0.872987117471,-0.804203264199,-0.494185094417,0.0676021816201,-0.61231660366,0,0,1,0,0,0,1,0,0,0,0,0,1,0,0,0,0,1,0,0,0,0,0,1,0,0,0,0,1,0,0,0,0,0,3,1,0,2
BSAR0542,-0.2535665031,-0.260168858655,0.0727182949814,-0.245411625284,0.305554458769,0.606370597818,-0.29920470553,0.883120369786,0,0,1,0,0,0,1,0,0,0,0,0,0,1,0,0,1,0,0,0,0,0,0,0,0,0,1,0,0,0,1,0,0,0,2,4,2,1
BSAR0543,0.917148127818,1.93014053619,1.50120579782,1.84766885884,0.576465902906,-0.307415566158,0.867463707138,-0.626937329696,0,0,0,1,0,0,0,0,1,0,0,1,0,0,0,0,0,1,0,1,0,0,0,0,0,0,0,0,0,0,1,0,0,0,2,2,4,3
BSAR0544,-0.171121810782,-0.0262523213414,0.383259056468,-0.00600319678263,-0.262380375926,-0.346125740699,0.132158801702,-0.467535075725,0,0,0,0,1,0,1,0,0,0,0,0,0,1,0,0,0,1,0,0,1,0,0,0,0,0,0,0,0,1,0,0,0,0,5,4,4,0
BSAR0545,0.521413604691,0.377785334019,0.942232427143,0.479786721244,1.15419271751,0.419035957522,-0.468603926886,0.778062146045,0,0,1,0,0,0,0,0,0,1,0,1,0,0,0,0,1,0,0,0,0,1,0,0,0,0,0,0,1,0,0,0,0,0,0,3,2,1
BSAR0546,0.636836173937,0.335255054507,-0.237822466505,-0.132680472057,-0.242796416109,-0.783522457407,-1.62637694825,-0.305720719288,0,0,0,1,0,0,0,1,0,0,0,0,0,1,0,0,1,0,0,0,0,0,0,0,0,0,1,0,0,0,1,0,0,0,2,2,0,3
BSAR0547,0.224612712346,1.07953494596,0.414313132616,0.569274337722,0.285970498952,-0.0802405272475,0.327528265811,-0.249707946906,0,0,0,1,0,0,0,0,1,0,0,1,0,0,0,0,1,0,0,0,0,0,0,0,0,0,1,0,0,1,0,0,0,0,2,3,4,3
BSAR0548,2.73093135882,2.01520109522,1.00434057944,1.51296192968,4.25498635522,0.538839709386,-1.35085074877,2.02948128676,0,1,0,0,0,0,0,0,0,1,0,1,0,0,0,0,0,1,0,0,0,0,0,0,0,0,1,0,0,1,0,0,0,0,3,2,2,1
BSAR0550,-0.946101918573,-0.876857911574,-1.04522844637,-0.839283989187,-0.797675277594,-0.222366204576,1.38738774617,-0.663204419739,0,1,0,0,0,0,0,0,1,0,0,1,0,0,0,0,1,0,0,0,0,0,1,0,0,0,0,0,1,0,0,0,0,0,0,0,4,2
BSAR0551,0.686302989328,1.7812845579,0.942232427143,1.32352710518,0.0444349945413,-0.58092979211,0.580052979844,-0.823689001959,0,1,0,0,0,0,0,0,1,0,0,1,0,0,0,0,1,0,0,0,0,0,1,0,0,0,0,0,0,1,0,0,0,0,3,2,0,3
BSAR0552,-0.303033318491,0.143868796705,0.134826447279,-0.0350576177172,-0.295020308955,-0.246666022171,0.559874605333,-0.491803312116,0,1,0,0,0,0,1,0,0,0,0,1,0,0,0,0,0,1,0,0,1,0,0,0,0,0,0,0,0,0,1,0,0,0,4,3,1,0
BSAR0554,0.208123773882,0.356520194263,0.196934599576,0.092781834395,-0.10570869739,-0.463951600432,-0.617400160922,-0.327906105048,0,0,0,0,1,0,1,0,0,0,0,0,0,1,0,0,0,1,0,0,0,0,0,0,0,1,0,0,0,0,0,0,1,0,5,4,4,3
BSAR0555,0.208123773882,-0.153843159876,0.0106101426841,-0.223330265373,-0.0502208112413,-0.407440396723,-1.27333718265,0.167158676746,0,0,1,0,0,0,0,1,0,0,0,0,1,0,0,0,1,0,0,0,0,1,0,0,0,0,0,0,0,0,0,1,0,0,4,3,0,3
BSAR0556,-0.220588626173,0.27145963524,0.383259056468,0.14391761524,-0.399468094646,-0.495032762472,0.759707898401,-0.776991420756,0,0,0,1,0,0,0,0,1,0,0,1,0,0,0,0,0,1,0,0,0,0,0,0,0,1,0,0,0,1,0,0,0,0,1,3,0,0
BSAR0558,-0.286544380027,0.632967011089,0.0106101426841,0.120674078492,-0.353772188406,-0.359405873571,0.987365547313,-0.699404949865,1,0,0,0,0,0,0,0,1,0,0,1,0,0,0,0,1,0,0,1,0,0,0,0,0,0,0,0,0,0,1,0,0,0,2,4,4,0
BSAR0559,0.373013158518,0.462845893042,0.383259056468,0.240378292743,1.2521125166,0.67785727051,-0.635803966679,1.28577428588,0,0,1,0,0,0,1,0,0,0,0,0,1,0,0,0,0,1,0,1,0,0,0,0,0,0,0,0,1,0,0,0,0,0,0,3,2,1
BSAR0560,0.917148127818,0.441580753286,1.15961096018,0.630869710104,0.197842679775,-0.563693874979,-0.809211248302,-0.383280386446,0,0,0,0,1,0,1,0,0,0,0,1,0,0,0,0,1,0,0,0,1,0,0,0,0,0,0,0,0,0,0,1,0,0,4,2,3,1
BSAR0561,1.11501538938,1.48357260132,1.22171911248,1.33979758091,1.54913590715,0.202598047317,-0.137763439022,0.279558683298,0,0,1,0,0,0,1,0,0,0,0,0,1,0,0,0,0,1,0,0,0,0,0,0,0,0,1,0,0,1,0,0,0,0,3,2,2,1
BSAR0562,0.4719467893,0.590436731577,0.538529437211,0.38797475109,-0.275436349138,-0.753288963423,-0.541997965428,-0.754670811334,0,0,0,1,0,0,1,0,0,0,0,0,0,0,1,0,1,0,0,0,0,0,0,0,1,0,0,0,0,0,1,0,0,0,3,3,3,3
BSAR0563,-0.814190410864,-0.664206514016,-0.610471380289,-0.646362634181,-0.543083799971,0.33596448807,1.20320253174,-0.15462018101,1,0,0,0,0,0,1,0,0,0,0,1,0,0,0,0,0,1,0,1,0,0,0,0,0,0,0,0,1,0,0,0,0,0,0,0,1,2
BSAR0566,1.84052868178,1.33471662303,1.06644873174,1.13874098804,0.677649695294,-0.583755352296,-1.10951020112,-0.258267836509,0,0,0,0,1,0,0,1,0,0,0,1,0,0,0,0,0,1,0,0,0,0,0,1,0,0,0,0,0,0,1,0,0,0,3,2,1,3
BSAR0567,-0.0886771184637,-0.345229417679,0.227988675725,-0.224492442211,-0.601835679423,-0.861225362507,-0.706266957819,-0.859105866769,0,0,1,0,0,0,0,0,0,1,0,0,1,0,0,0,1,0,0,0,0,1,0,0,0,0,0,0,0,0,0,1,0,0,4,3,3,0
BSAR0571,-0.467922703127,-0.068782600853,-0.486255075694,-0.397656790981,-0.696491485205,-0.780696897222,0.00532347217089,-0.92130046891,0,0,1,0,0,0,0,0,1,0,0,1,0,0,0,0,1,0,0,0,0,0,1,0,0,0,0,0,0,0,1,0,0,0,0,4,3,0
BSAR0572,0.0432343892454,-0.472820256213,-0.0825520857618,-0.395332437306,1.38593624201,1.3785961965,-1.39487845432,3.73828381104,0,0,1,0,0,0,0,0,0,1,0,0,1,0,0,0,0,1,0,0,0,0,0,0,0,0,1,0,0,0,1,0,0,0,2,4,2,1
BSAR0574,-0.0392103030728,-0.536615675481,-0.11360616191,-0.43368427294,-0.41578806116,-0.652981576839,-1.34861146797,-0.233401295984,1,0,0,0,0,0,0,1,0,0,0,1,0,0,0,0,0,1,0,0,1,0,0,0,0,0,0,0,0,0,0,0,1,0,1,4,3,3
BSAR0576,0.0762122661727,1.01573952669,0.227988675725,0.421677879375,0.403474257855,0.202598047317,0.424601397991,0.00355264183279,1,0,0,0,0,0,1,0,0,0,0,0,0,1,0,0,1,0,0,0,0,0,0,0,1,0,0,0,0,1,0,0,0,0,1,4,2,1
BSAR0577,-0.533878456982,-0.770532212795,-0.393092847248,-0.614983859572,-0.536555813366,-0.375511566628,-0.612878536232,-0.206558536556,0,0,1,0,0,0,0,0,0,1,0,0,0,1,0,0,1,0,0,0,0,0,0,0,0,1,0,0,1,0,0,0,0,0,0,1,4,0
BSAR0580,0.587369358546,1.27092120376,0.724853894103,0.87260249228,2.15297466818,1.1531164937,0.0645055003833,1.23574233237,0,0,1,0,0,0,1,0,0,0,0,0,0,0,1,0,1,0,0,0,1,0,0,0,0,0,0,0,0,0,0,1,0,0,4,2,2,1
BSAR0582,-0.847168287791,-1.08950930913,-0.641525456437,-0.793959092529,0.0836029141755,3.08212643231,0.401530020062,2.95547560002,1,0,0,0,0,0,1,0,0,0,0,1,0,0,0,0,1,0,0,0,0,0,0,0,0,1,0,0,0,1,0,0,0,0,5,0,2,1
BSAR0584,-0.451433764664,-0.451555116458,-0.237822466505,-0.442981687639,0.214162646289,0.957870284889,-0.247899689941,1.27615245505,0,0,0,1,0,0,1,0,0,0,0,0,0,1,0,0,0,1,0,0,0,0,0,0,0,1,0,0,0,0,0,0,1,0,5,4,2,1
BSAR0589,-0.748234657009,-0.494085395969,-0.455200999545,-0.53595583463,-0.817259237411,-0.795954922223,1.2431423363,-1.11389534809,0,1,0,0,0,0,0,0,1,0,0,1,0,0,0,0,1,0,0,0,0,1,0,0,0,0,0,0,0,1,0,0,0,0,4,1,0,2
BSAR0591,-0.715256780082,-0.579145954992,-0.330984694951,-0.524334066256,-0.477803933914,0.177733117685,0.993919776958,-0.225971827911,0,0,1,0,0,0,0,0,1,0,0,1,0,0,0,0,1,0,0,0,0,0,0,1,0,0,0,0,1,0,0,0,0,0,0,1,1,2
BSAR0592,-0.929612980109,-0.961918470597,-1.16944475096,-0.895068477381,-0.451691987492,1.57779818958,0.473517156003,1.36213627169,0,0,0,1,0,0,1,0,0,0,0,0,0,0,1,0,0,1,0,0,0,0,0,0,0,0,1,0,0,1,0,0,0,0,2,1,2,1
BSAR0594,-0.352500133882,0.207664215973,0.476421284914,0.156701560451,-0.39294010804,-0.346690852736,1.45571451927,-0.775587282265,0,0,0,0,1,0,0,0,1,0,0,0,0,1,0,0,0,1,0,0,0,0,0,0,1,0,0,0,0,1,0,0,0,0,5,3,0,0
BSAR0597,-0.6163231493,-0.472820256213,-0.610471380289,-0.583605084962,-0.716075445022,-0.677281394434,-0.0572354564435,-0.788398318691,0,0,0,1,0,0,1,0,0,0,0,0,0,0,1,0,0,1,0,0,0,0,0,0,0,1,0,0,0,1,0,0,0,0,1,4,3,0
BSAR0598,2.05488488181,1.65369371937,1.96701694005,1.99526531719,1.0334249653,-0.479492181452,-0.49350611425,-0.402568116731,0,0,0,0,1,0,0,0,1,0,0,0,0,1,0,0,0,1,0,0,0,0,0,0,0,1,0,0,0,1,0,0,0,0,5,2,4,3
BSAR0599,-0.665789964691,-0.813062492306,-0.641525456437,-0.70447147605,0.436114190883,2.50486448643,-0.410460470934,3.44302108016,0,0,0,0,1,0,1,0,0,0,0,1,0,0,0,0,0,1,0,0,0,0,0,0,0,0,1,0,0,0,0,0,1,0,5,1,2,1
BSAR0600,-1.04503554935,-1.3446909862,-1.23155290326,-0.995015685396,-0.840107190531,0.135349714903,1.52404129236,-0.406829476059,0,0,1,0,0,0,0,1,0,0,0,0,0,1,0,0,0,1,0,0,0,0,0,0,0,0,1,0,0,0,0,1,0,0,4,0,1,2
BSAR0601,0.307057404664,-0.00498718158559,0.414313132616,0.0184025168024,-0.314604268772,-0.722490357401,-0.944732663038,-0.56795331307,1,0,0,0,0,0,1,0,0,0,0,0,0,1,0,0,1,0,0,0,0,0,0,0,0,0,1,0,0,0,1,0,0,0,3,3,0,3
BSAR0602,-0.830679349328,-0.834327632062,-0.517309151843,-0.675417055116,-0.813995244108,-0.652416464802,1.17930166447,-0.985342418663,0,1,0,0,0,0,1,0,0,0,0,0,0,1,0,0,1,0,0,0,0,0,0,0,1,0,0,0,1,0,0,0,0,0,0,1,3,2
BSAR0604,0.719280866255,1.56863316034,1.19066503633,1.37350070919,0.12277083381,-0.536003385161,0.587493281815,-0.781463175792,0,0,0,0,1,0,0,0,1,0,0,1,0,0,0,0,1,0,0,0,0,1,0,0,0,0,0,0,0,0,0,1,0,0,4,3,1,3
BSAR0605,-0.847168287791,-1.19583500791,-1.07628252252,-0.926447251991,-0.614891652634,0.202598047317,-0.711220284653,0.6801015013,0,0,0,1,0,0,0,0,0,1,0,0,0,0,1,0,0,1,0,0,1,0,0,0,0,0,0,0,0,1,0,0,0,0,2,0,1,2
BSAR0607,-0.401966949273,0.0162779581702,-0.3620387711,-0.313980058689,-0.477803933914,-0.435413442559,0.0293931308754,-0.535014830882,0,1,0,0,0,0,1,0,0,0,0,1,0,0,0,0,0,1,0,0,0,0,1,0,0,0,0,0,0,1,0,0,0,0,1,4,1,0
BSAR0608,0.142168020027,0.101338517193,0.259042751873,0.00213204107906,0.246802579318,-0.0423780207624,-0.677599174082,0.301950636652,0,0,0,0,1,0,0,1,0,0,0,1,0,0,0,0,0,1,0,0,0,0,0,1,0,0,0,0,1,0,0,0,0,0,0,3,1,3
BSAR0609,1.741595051,1.56863316034,0.7869620464,1.08528085352,1.72539154551,-0.0477465851148,-1.08542726668,0.628214130294,0,0,1,0,0,0,0,1,0,0,0,0,0,1,0,0,1,0,0,0,0,0,0,0,0,0,1,0,0,0,1,0,0,0,2,2,1,3
BSAR0610,-0.962590857037,-0.834327632062,-1.13839067482,-0.856716641748,-0.810731250805,-0.221235980502,1.50939984098,-0.685327116767,0,0,1,0,0,0,0,1,0,0,0,0,1,0,0,0,1,0,0,0,0,0,0,0,1,0,0,0,0,1,0,0,0,0,3,0,0,2
BSAR0611,-0.138143933855,0.250194495484,0.693799817954,0.283378835726,-0.595307692817,-0.828448864356,0.819421444804,-1.09545105756,0,1,0,0,0,0,1,0,0,0,0,1,0,0,0,0,0,1,0,0,0,0,1,0,0,0,0,0,0,1,0,0,0,0,1,3,0,0
BSAR0612,-1.04503554935,-1.02571388986,-1.16944475096,-0.90901459943,-0.804203264199,0.480915725584,3.20943502874,-0.507236653134,0,0,0,1,0,0,0,0,1,0,0,1,0,0,0,0,0,1,0,0,0,0,0,0,1,0,0,0,0,0,0,0,1,0,3,0,1,2
BSAR0614,2.78039817421,1.33471662303,2.24650362539,1.93366994481,0.876753286768,-0.698473095825,-1.06840689517,-0.473291262173,0,0,0,0,1,0,0,0,0,1,0,1,0,0,0,0,1,0,0,0,1,0,0,0,0,0,0,0,0,0,0,1,0,0,4,2,3,3
BSAR0616,1.87350655871,1.48357260132,1.00434057944,1.18755241521,0.0933948940841,-0.864050922693,-1.08780471149,-0.742263779683,0,0,0,1,0,0,0,1,0,0,0,0,0,0,1,0,0,1,0,0,1,0,0,0,0,0,0,0,0,1,0,0,0,0,1,2,0,3
BSAR0618,0.636836173937,0.888148688158,0.7869620464,0.69478943616,-0.203628496475,-0.753006407404,-0.311548233529,-0.817108686599,0,0,1,0,0,0,0,0,1,0,0,0,1,0,0,0,1,0,0,0,0,0,1,0,0,0,0,0,0,0,0,1,0,0,4,2,3,3
BSAR0619,0.438968912373,0.547906452065,-0.0204439334645,0.0672139439726,-0.510443866943,-0.94627472409,-1.0558120191,-0.890114951266,0,0,0,0,1,0,0,0,0,1,0,0,0,1,0,0,1,0,0,1,0,0,0,0,0,0,0,0,0,0,1,0,0,0,2,3,3,3
BSAR0620,1.72510611254,1.61116343986,0.693799817954,1.04228031054,-0.0502208112413,-0.908694773623,-1.1152250786,-0.807621466555,0,0,0,1,0,0,0,0,0,1,0,0,0,0,1,0,1,0,0,0,0,1,0,0,0,0,0,0,1,0,0,0,0,0,0,2,3,3
BSAR0621,-0.896635103182,-1.17456986816,-1.13839067482,-0.93574466669,-0.807467257502,-0.461126040247,-0.354944967793,-0.43353718654,1,0,0,0,0,0,1,0,0,0,0,0,0,1,0,0,0,1,0,0,0,0,0,0,0,0,1,0,0,0,1,0,0,0,2,1,0,2
BSAR0623,0.6533251124,0.866883548403,0.259042751873,0.369379921692,1.27496046972,0.384281567241,-0.851534193691,1.08263455902,0,0,1,0,0,0,1,0,0,0,0,0,1,0,0,0,0,1,0,0,0,0,0,0,1,0,0,0,1,0,0,0,0,0,0,3,2,1
BSAR0624,0.208123773882,1.0582698062,0.662745741806,0.714546442395,0.439378184186,0.0909884199911,0.672770084018,-0.200410695321,1,0,0,0,0,0,0,0,1,0,0,1,0,0,0,0,0,1,0,0,0,0,0,0,0,1,0,0,1,0,0,0,0,0,5,4,1,3
BSAR0625,-0.863657226255,-1.02571388986,-1.32471513171,-0.949690788738,-0.719339438325,-0.170658453182,-0.781987299646,0.187417082139,0,1,0,0,0,0,0,0,0,1,0,1,0,0,0,0,0,1,0,1,0,0,0,0,0,0,0,0,0,0,1,0,0,0,3,0,4,2
BSAR0628,0.274079527736,0.186399076217,0.755907970251,0.276405774702,-0.0175808782128,-0.419025193484,-0.378360322618,-0.370539609909,0,0,0,1,0,0,0,0,1,0,0,0,0,0,1,0,1,0,0,1,0,0,0,0,0,0,0,0,0,1,0,0,0,0,2,3,0,3
BSAR0629,-0.731745718546,-0.919388191085,-0.858903989478,-0.798607799878,0.116242847204,2.06972821787,-0.577006980356,3.14167140004,1,0,0,0,0,0,1,0,0,0,0,0,0,1,0,0,1,0,0,0,0,1,0,0,0,0,0,0,0,1,0,0,0,0,2,1,2,1
BSAR0631,-1.02854661089,-1.28089556693,-1.10733659867,-0.954339496088,-0.872747123559,-0.297808661528,1.74951964358,-0.785632062958,0,0,0,0,1,0,1,0,0,0,0,0,0,1,0,0,0,1,0,0,0,0,0,0,1,0,0,0,0,0,0,0,1,0,1,0,0,2
BSAR0632,0.224612712346,0.101338517193,0.755907970251,0.228756524369,0.481810097123,0.116701017679,-0.370834915024,0.313852520054,0,0,1,0,0,0,1,0,0,0,0,0,1,0,0,0,0,1,0,0,0,0,1,0,0,0,0,0,0,1,0,0,0,0,2,4,1,3
BSAR0633,-0.913124041646,-0.89812305133,-1.16944475096,-0.879960178495,-0.846635177136,-0.606924945816,0.40267836919,-0.814312830252,0,0,1,0,0,0,1,0,0,0,0,0,1,0,0,0,0,1,0,0,0,0,0,0,0,1,0,0,0,1,0,0,0,0,0,0,3,2
BSAR0634,-0.896635103182,-1.23836528742,-0.889958065626,-0.896230654219,-0.846635177136,-0.649308348598,0.0322400797544,-0.7779867948,1,0,0,0,0,0,0,1,0,0,0,1,0,0,0,0,0,1,0,0,0,0,0,0,0,0,1,0,0,1,0,0,0,0,4,1,0,2
BSAR0635,0.785236620109,1.7812845579,0.911178350995,1.30028356844,-0.428844034372,-0.96181530511,0.347112625774,-1.17058954356,0,0,0,1,0,0,1,0,0,0,0,1,0,0,0,0,0,1,0,0,1,0,0,0,0,0,0,0,0,0,0,0,1,0,5,3,3,1
BSAR0636,0.752258743182,0.866883548403,1.9359628639,1.36187894082,-0.412524067857,-0.942884051867,0.502613938614,-1.16870440829,0,0,0,0,1,0,0,0,1,0,0,1,0,0,0,0,0,1,0,1,0,0,0,0,0,0,0,0,0,0,1,0,0,0,2,3,3,3
BSAR0637,-0.352500133882,-0.175108299632,-0.11360616191,-0.283763460917,-0.337452221892,-0.252317142542,-0.0675705985925,-0.290563845107,0,0,1,0,0,0,0,0,1,0,0,1,0,0,0,0,0,1,0,0,0,0,1,0,0,0,0,0,1,0,0,0,0,0,0,4,1,0
BSAR0638,-0.550367395446,-0.494085395969,-0.858903989478,-0.67774140879,-0.223212456292,0.345571392701,-0.825348521034,0.996759020299,0,0,0,0,1,0,0,1,0,0,0,0,0,1,0,0,0,1,0,0,0,1,0,0,0,0,0,0,0,0,0,1,0,0,4,4,1,0
BSAR0640,0.191634835418,-0.281433998411,0.383259056468,-0.133842648895,-0.184044536658,-0.534025493032,-1.06017487582,-0.203779711659,1,0,0,0,0,0,0,1,0,0,0,1,0,0,0,0,0,1,0,0,0,0,0,0,0,0,1,0,0,1,0,0,0,0,1,3,0,3
BSAR0642,-0.220588626173,0.6754972906,0.290096828022,0.2950006041,-0.650795578965,-0.863768366674,1.21135944938,-1.16778773837,0,0,1,0,0,0,0,0,1,0,0,0,1,0,0,0,1,0,0,1,0,0,0,0,0,0,0,0,1,0,0,0,0,0,0,3,3,0
BSAR0643,-0.880146164719,-0.728001933283,-1.10733659867,-0.821851336626,-0.813995244108,-0.538828945347,0.542293447343,-0.774773920313,1,0,0,0,0,0,0,1,0,0,0,1,0,0,0,0,1,0,0,0,0,0,1,0,0,0,0,0,0,0,1,0,0,0,2,1,3,2
BSAR0644,-0.533878456982,-0.579145954992,-0.237822466505,-0.492955291646,-0.556139773183,-0.417894969409,-0.0748051980969,-0.481110295834,0,0,1,0,0,0,0,0,1,0,0,0,1,0,0,0,1,0,0,0,0,0,0,0,0,1,0,0,0,0,0,0,1,0,0,1,1,0
BSAR0645,-0.7977014724,-1.17456986816,-0.734687684883,-0.842770519699,-0.510443866943,0.38258623113,-0.431812587526,0.701174913435,0,0,1,0,0,0,0,0,0,1,0,0,0,1,0,0,1,0,0,1,0,0,0,0,0,0,0,0,1,0,0,0,0,0,0,1,1,2
BSAR0646,0.884170250891,0.93067896767,0.755907970251,0.699438143509,-0.138348630418,-0.781827121296,-0.672176414312,-0.755070738659,0,0,1,0,0,0,0,0,0,1,0,1,0,0,0,0,0,1,0,0,0,1,0,0,0,0,0,0,0,0,0,0,1,0,5,2,0,3
BSAR0648,0.702791927791,0.0800733774377,0.631691665657,0.160188090963,-0.0665407777555,-0.671347718045,-1.23873692415,-0.335618111647,0,0,0,0,1,0,0,1,0,0,0,1,0,0,0,0,0,1,0,0,0,1,0,0,0,0,0,0,0,1,0,0,0,0,4,3,4,3
BSAR0650,-0.781212533937,-0.728001933283,-1.10733659867,-0.821851336626,-0.683435511994,-0.286506420786,-0.40277370896,-0.188667725926,0,0,0,1,0,0,0,0,0,1,0,1,0,0,0,0,1,0,0,0,0,0,0,1,0,0,0,0,1,0,0,0,0,0,0,1,1,2
BSAR0651,1.82403974332,1.41977718205,2.37071992998,2.08940164102,1.08238486485,-0.387944031444,-0.180767701948,-0.408278857908,0,0,1,0,0,0,1,0,0,0,0,0,0,0,1,0,0,1,0,0,0,0,0,0,0,1,0,0,0,1,0,0,0,0,4,2,4,1
BSAR0652,0.208123773882,1.29218634352,1.00434057944,1.07133473147,-0.360300175012,-0.723338025457,1.41311076663,-1.07230217639,0,1,0,0,0,0,0,0,1,0,0,0,0,1,0,0,1,0,0,0,0,0,0,1,0,0,0,0,1,0,0,0,0,0,0,4,4,3
BSAR0653,0.636836173937,0.611701871333,1.56331395012,0.959765755083,2.53812587792,1.38537754095,0.109492422309,1.4563745639,0,0,1,0,0,0,1,0,0,0,0,0,1,0,0,0,1,0,0,0,0,0,1,0,0,0,0,0,0,0,0,1,0,0,4,3,2,1
BSAR0655,-0.286544380027,-0.345229417679,0.165880523427,-0.247735978958,-0.706283465114,-0.914345893994,-0.194066474774,-1.04119978324,0,1,0,0,0,0,0,0,1,0,0,1,0,0,0,0,0,1,0,0,0,0,0,0,0,1,0,0,0,0,0,1,0,0,4,4,0,0
BSAR0657,1.16448220477,1.9726708157,1.53225987397,1.9022911702,-0.0893887308754,-0.822232631948,0.487672265464,-1.04648357857,0,0,0,1,0,0,1,0,0,0,0,0,0,1,0,0,1,0,0,0,0,1,0,0,0,0,0,0,0,0,1,0,0,0,2,2,0,1
BSAR0658,-1.02854661089,-1.19583500791,-1.04522844637,-0.919474190966,-0.422316047766,3.6014643944,2.36446060145,1.75445160038,0,0,0,0,1,0,0,0,0,1,0,1,0,0,0,0,0,1,0,0,0,0,0,0,1,0,0,0,0,0,0,0,1,0,5,0,2,1
BSAR0661,-0.896635103182,-1.1533047284,-0.952066217924,-0.88693323952,-0.343980208498,1.76795839006,0.123342443883,1.86630784365,0,0,1,0,0,0,1,0,0,0,0,0,0,1,0,0,0,1,0,0,0,0,0,1,0,0,0,0,1,0,0,0,0,0,0,1,2,1
BSAR0662,-0.0392103030728,-0.2389037189,0.321150904171,-0.137329179407,-0.255852389321,-0.455192363857,-0.601897447699,-0.322737981974,0,0,1,0,0,0,1,0,0,0,0,0,0,0,1,0,1,0,0,0,0,0,0,0,0,0,1,0,0,0,1,0,0,0,3,3,0,3
BSAR0663,0.6533251124,0.760557849624,1.47015172167,1.01206371277,0.305554458769,-0.364774437923,0.160556132802,-0.497052190762,0,0,1,0,0,0,1,0,0,0,0,0,1,0,0,0,0,1,0,0,1,0,0,0,0,0,0,0,0,0,0,0,1,0,5,3,1,1
BSAR0664,-0.0886771184637,0.0162779581702,0.445367208765,0.0428082303875,0.073810934267,0.0118727347983,-0.00260317518292,-0.0135229172513,0,0,0,1,0,0,0,0,1,0,0,1,0,0,0,0,0,1,0,0,0,0,1,0,0,0,0,0,0,0,1,0,0,0,2,4,1,0
BSAR0665,-0.781212533937,-0.430289976702,-0.57941730414,-0.55803719454,-0.680171518691,-0.275204180044,1.45844759019,-0.719009678085,0,0,0,0,1,0,0,0,1,0,0,1,0,0,0,0,0,1,0,0,1,0,0,0,0,0,0,0,0,0,1,0,0,0,2,1,1,2
BSAR0667,0.801725558573,0.165133936461,0.942232427143,0.351947269132,0.197842679775,-0.5167895759,-1.06616456048,-0.17172392867,0,0,1,0,0,0,0,0,0,1,0,1,0,0,0,0,0,1,0,1,0,0,0,0,0,0,0,0,1,0,0,0,0,0,3,2,3,3
BSAR0669,0.0267454507818,-0.175108299632,0.383259056468,-0.0803825143752,1.50996798752,1.56084482846,-0.61717204292,2.4998241775,0,0,0,1,0,0,1,0,0,0,0,0,0,0,1,0,1,0,0,0,0,0,1,0,0,0,0,0,0,0,1,0,0,0,4,3,2,1
BSAR0670,2.35168577416,1.5898983001,2.71231476762,2.47989305838,0.97140909255,-0.57895189998,-0.338896121089,-0.589403668144,0,0,0,0,1,0,0,0,0,1,0,1,0,0,0,0,0,1,0,0,0,0,1,0,0,0,0,0,0,0,0,0,1,0,1,2,3,3
BSAR0672,-0.7977014724,-0.813062492306,-0.889958065626,-0.777688616805,-0.745451384748,-0.465081824507,0.0464748241495,-0.573454441509,0,0,0,0,1,0,0,0,1,0,0,0,0,1,0,0,1,0,0,0,0,0,1,0,0,0,0,0,0,0,1,0,0,0,2,0,0,2
BSAR0675,-0.880146164719,-1.21710014767,-0.952066217924,-0.90436589208,-0.582251719606,0.517082895958,-0.223685640528,0.71496249605,1,0,0,0,0,0,0,0,0,1,0,1,0,0,0,0,1,0,0,0,1,0,0,0,0,0,0,0,0,1,0,0,0,0,1,0,1,2
BSAR0676,1.03257069706,1.10080008572,1.43909764552,1.22822860452,0.237010599409,-0.580364680073,-0.162870816755,-0.6457562275,0,0,1,0,0,0,1,0,0,0,0,0,0,0,1,0,1,0,0,0,0,0,1,0,0,0,0,0,0,0,1,0,0,0,2,2,3,1
BSAR0679,-0.533878456982,-0.728001933283,-0.703633608735,-0.696336238189,-0.676907525388,-0.679259286564,-0.971594094989,-0.487234930022,0,0,0,0,1,0,0,1,0,0,0,1,0,0,0,0,0,1,0,0,0,0,0,0,1,0,0,0,0,0,0,0,1,0,5,1,3,0
BSAR0680,-0.929612980109,-0.834327632062,-1.04522844637,-0.82882439765,-0.849899170439,-0.576691451832,1.20375954347,-0.924933021229,1,0,0,0,0,0,0,0,1,0,0,1,0,0,0,0,1,0,0,0,0,1,0,0,0,0,0,0,0,0,0,1,0,0,4,0,0,2
BSAR0681,-0.649301026228,-0.706736793527,-1.07628252252,-0.80674303774,-0.6899634986,-0.566801991183,-1.047529986,-0.265342200297,0,0,1,0,0,0,0,0,0,1,0,1,0,0,0,0,0,1,0,0,0,0,1,0,0,0,0,0,0,0,0,1,0,0,4,1,4,0
BSAR0683,1.95595125103,2.6956855674,1.74963840701,2.61005686417,1.72212755221,-0.139294735124,0.16537592995,-0.25262625526,0,1,0,0,0,0,0,0,1,0,0,1,0,0,0,0,1,0,0,0,0,0,0,0,0,1,0,0,0,1,0,0,0,0,1,2,1,3
BSAR0684,-0.995568733964,-1.19583500791,-1.26260697941,-0.969447794974,-0.879275110165,-0.523853476364,0.669956628655,-0.786348286337,0,0,0,0,1,0,0,0,0,1,0,1,0,0,0,0,1,0,0,0,0,0,0,0,0,0,1,0,0,0,0,1,0,0,4,0,3,2
BSAR0685,0.669814050864,1.90887539644,1.15961096018,1.56874641787,2.01588694946,0.936396027479,0.99798560569,0.442830239482,0,0,1,0,0,0,0,0,1,0,0,0,1,0,0,0,0,1,0,0,1,0,0,0,0,0,0,0,0,1,0,0,0,0,1,3,2,1
BSAR0686,-0.781212533937,-0.217638579144,-0.548363227991,-0.475522639086,-0.722603431628,-0.422133309688,2.04059169697,-0.917720182202,0,0,0,0,1,0,0,0,1,0,0,0,0,1,0,0,1,0,0,0,1,0,0,0,0,0,0,0,0,0,0,0,1,0,5,0,4,2
BSAR0687,2.02190700488,1.41977718205,0.880124274846,1.06319949361,0.795153454196,-0.576126339795,-1.30678947608,-0.117631478184,1,0,0,0,0,0,0,1,0,0,0,1,0,0,0,0,1,0,0,0,1,0,0,0,0,0,0,0,0,0,1,0,0,0,2,2,4,3
BSAR0688,-0.863657226255,-0.983183610353,-0.796795837181,-0.800932153553,-0.595307692817,0.366197982054,0.529886743808,0.122251663225,1,0,0,0,0,0,1,0,0,0,0,1,0,0,0,0,0,1,0,0,0,0,0,0,0,0,1,0,1,0,0,0,0,0,3,0,1,2
BSAR0689,1.98892912796,2.90833696496,2.58809846302,3.5653662245,0.827793387225,-0.553239302293,1.0015007893,-0.87318384021,1,0,0,0,0,0,0,0,1,0,0,1,0,0,0,0,1,0,0,0,0,0,0,1,0,0,0,0,0,1,0,0,0,0,3,2,4,3
BSAR0691,-0.665789964691,-0.557880815237,-0.952066217924,-0.727715012798,-0.608363666028,-0.32069569903,-0.53857317049,-0.168331417948,1,0,0,0,0,0,0,1,0,0,0,0,0,1,0,0,1,0,0,0,0,1,0,0,0,0,0,0,0,0,1,0,0,0,2,1,0,0
BSAR0694,-0.913124041646,-0.770532212795,-0.889958065626,-0.766066848432,-0.781355311079,-0.274639068007,1.58432962157,-0.740643523279,0,0,1,0,0,0,1,0,0,0,0,1,0,0,0,0,1,0,0,0,0,0,0,1,0,0,0,0,0,1,0,0,0,0,3,1,0,2
BSAR0695,-1.02854661089,-1.25963042718,-1.16944475096,-0.96247473395,-0.804203264199,0.295558977418,1.60603342008,-0.30210569736,0,0,1,0,0,0,1,0,0,0,0,1,0,0,0,0,1,0,0,0,0,0,1,0,0,0,0,0,0,0,1,0,0,0,2,0,4,2
BSAR0696,-0.368989072346,-0.0900477406088,-0.57941730414,-0.445306041314,-0.458219974097,-0.4390866708,-0.570857570778,-0.314544451781,0,1,0,0,0,0,0,1,0,0,0,1,0,0,0,0,0,1,0,0,0,1,0,0,0,0,0,0,0,0,0,1,0,0,4,3,3,0
BSAR0697,-0.270055441564,0.037543097926,-0.424146923397,-0.333737064925,-0.458219974097,-0.539111501365,-0.52210153769,-0.471174644781,0,0,1,0,0,0,0,1,0,0,0,0,1,0,0,0,1,0,0,0,0,0,1,0,0,0,0,0,0,0,1,0,0,0,2,4,0,0
BSAR0700,0.521413604691,1.12206522547,1.34593541708,1.1840658847,0.66132972878,0.00876461859431,0.725800625898,-0.295994393468,0,0,0,1,0,0,0,0,1,0,0,1,0,0,0,0,0,1,0,0,0,0,1,0,0,0,0,0,0,0,1,0,0,0,2,3,1,3
BSAR0702,-0.863657226255,-1.06824416938,-0.889958065626,-0.848581403886,-0.800939270896,-0.523853476364,0.109677089264,-0.657038553195,0,0,1,0,0,0,1,0,0,0,0,0,0,0,1,0,0,1,0,0,0,0,0,0,1,0,0,0,0,0,1,0,0,0,3,1,3,2
BSAR0704,-0.814190410864,-0.770532212795,-0.424146923397,-0.624281274271,-0.654059572268,-0.0816533073403,1.37253409984,-0.545672129843,0,1,0,0,0,0,0,0,1,0,0,0,0,1,0,0,1,0,0,0,0,0,0,0,0,0,1,0,0,0,1,0,0,0,2,0,1,2
BSAR0705,-0.550367395446,0.165133936461,-0.0825520857618,-0.126869587871,-0.680171518691,-0.668804713878,1.66595074418,-1.05661309577,0,0,0,0,1,0,0,0,1,0,0,1,0,0,0,0,0,1,0,0,0,1,0,0,0,0,0,0,0,0,1,0,0,0,2,1,0,0
BSAR0706,0.175145896955,0.0588082376818,0.507475361062,0.092781834395,-0.216684469687,-0.557760198589,-0.550458324545,-0.485752847069,0,0,0,1,0,0,0,0,0,1,0,1,0,0,0,0,0,1,0,1,0,0,0,0,0,0,0,0,0,0,1,0,0,0,2,3,3,3
BSAR0707,-0.0227213646091,0.292724774996,0.476421284914,0.200864280272,-0.556139773183,-0.834382540746,0.198886833856,-1.01539522843,1,0,0,0,0,0,0,0,1,0,0,1,0,0,0,0,0,1,0,0,0,0,1,0,0,0,0,0,0,0,0,1,0,0,4,4,0,3
BSAR0711,2.31870789723,0.866883548403,1.65647617856,1.19568765307,1.1444007376,-0.50124899488,-1.37359129628,0.0745639756563,0,0,0,0,1,0,0,1,0,0,0,1,0,0,0,0,1,0,0,0,1,0,0,0,0,0,0,0,0,0,0,0,1,0,1,2,0,3
BSAR0712,-0.105166056927,0.250194495484,0.259042751873,0.0730248281595,-0.66711554548,-0.939210823626,0.12955396871,-1.11940178065,1,0,0,0,0,0,0,0,1,0,0,1,0,0,0,0,1,0,0,0,0,0,0,1,0,0,0,0,0,0,1,0,0,0,3,4,3,0
BSAR0714,0.0432343892454,0.696762430356,0.134826447279,0.218296932832,0.997521038973,0.93046235109,0.0481829934769,0.998139172253,0,0,1,0,0,0,1,0,0,0,0,1,0,0,0,0,0,1,0,0,0,0,0,0,0,0,1,0,0,0,1,0,0,0,2,3,2,1
BSAR0715,0.702791927791,0.781822989379,1.68753025471,1.15268711009,-0.295020308955,-0.84314177732,0.28346475127,-1.03821644414,1,0,0,0,0,0,1,0,0,0,0,1,0,0,0,0,0,1,0,0,0,0,0,0,0,0,1,0,0,1,0,0,0,0,1,3,3,1
BSAR0716,0.950126004746,0.186399076217,0.880124274846,0.335676793408,-0.177516550052,-0.825905860189,-1.2495001048,-0.608986828333,0,0,1,0,0,0,0,1,0,0,0,0,0,0,1,0,1,0,0,0,0,0,1,0,0,0,0,0,1,0,0,0,0,0,0,2,0,3
BSAR0718,-0.847168287791,-0.621676234504,-0.858903989478,-0.713768890749,-0.849899170439,-0.766003984258,1.07503678344,-1.06984255737,0,0,0,0,1,0,1,0,0,0,0,1,0,0,0,0,0,1,0,0,1,0,0,0,0,0,0,0,0,0,0,0,1,0,1,1,0,2
BSAR0720,-0.962590857037,-1.00444875011,-1.04522844637,-0.871824940634,-0.448427994189,2.01915069055,1.31906097307,1.19505255039,1,0,0,0,0,0,1,0,0,0,0,0,0,1,0,0,0,1,0,0,0,0,0,0,0,0,1,0,0,0,1,0,0,0,2,0,2,1
BSAR0721,1.39532734326,1.2071257845,1.43909764552,1.30144574527,0.383890298038,-0.610315618039,-0.533595543309,-0.563252954198,0,0,1,0,0,0,1,0,0,0,0,0,0,1,0,0,1,0,0,0,0,0,1,0,0,0,0,0,0,1,0,0,0,0,1,2,3,1
BSAR0722,-0.500900580055,-0.2389037189,-0.486255075694,-0.458089986525,-0.585515712908,-0.523853476364,-0.0865183591991,-0.601405782725,0,0,0,0,1,0,0,0,1,0,0,1,0,0,0,0,0,1,0,0,0,0,0,0,0,0,1,0,0,0,0,0,1,0,5,4,0,0
BSAR0723,0.241101650809,0.101338517193,0.600637589508,0.157863737288,-0.278700342441,-0.656937361099,-0.549322856774,-0.621309194084,0,0,0,1,0,0,1,0,0,0,0,0,0,0,1,0,0,1,0,0,0,0,1,0,0,0,0,0,0,0,1,0,0,0,2,4,3,3
BSAR0725,-0.665789964691,-0.409024836946,-0.734687684883,-0.608010798547,-0.605099672725,-0.311936462455,0.121207232224,-0.42631296977,1,0,0,0,0,0,1,0,0,0,0,0,0,1,0,0,1,0,0,0,0,0,1,0,0,0,0,0,0,0,0,1,0,0,4,1,4,0
BSAR0726,-0.913124041646,-0.940653330841,-1.23155290326,-0.906690245755,-0.706283465114,0.107659225085,0.125352054857,0.0347852606844,0,1,0,0,0,0,1,0,0,0,0,0,0,1,0,0,0,1,0,0,0,0,0,1,0,0,0,0,1,0,0,0,0,0,0,0,1,2
BSAR0727,2.53306409726,1.12206522547,1.40804356937,1.22357989717,1.01710499879,-0.600143601371,-1.46812717373,-0.0424514688436,0,0,0,0,1,0,0,1,0,0,0,0,0,1,0,0,1,0,0,0,0,0,1,0,0,0,0,0,0,0,0,1,0,0,4,2,1,3
BSAR0728,-0.913124041646,-0.876857911574,-1.13839067482,-0.866014056447,-0.0893887308754,3.24911703927,0.547370359276,2.95148134825,0,0,0,0,1,0,1,0,0,0,0,1,0,0,0,0,0,1,0,0,1,0,0,0,0,0,0,0,0,1,0,0,0,0,5,0,2,1
BSAR0729,-0.715256780082,-0.366494557434,-0.672579532586,-0.571983316589,-0.0404288313327,1.48314192336,0.704120015204,1.10645012128,0,0,1,0,0,0,1,0,0,0,0,0,1,0,0,0,0,1,0,0,0,0,0,1,0,0,0,0,0,0,1,0,0,0,0,1,2,1
BSAR0730,2.2857300203,2.33417819155,1.81174655931,2.39505414925,2.37166221947,0.0104599547056,-0.351868643886,0.166363341967,0,0,0,0,1,0,1,0,0,0,0,1,0,0,0,0,0,1,0,0,0,0,0,0,1,0,0,0,0,1,0,0,0,0,5,2,1,1
BSAR0731,0.917148127818,0.186399076217,0.259042751873,0.0428082303875,-0.0926527241783,-0.760070307868,-1.61952407299,-0.259473476506,0,0,0,1,0,0,0,1,0,0,0,0,0,1,0,0,1,0,0,0,0,0,0,0,0,0,1,0,0,0,1,0,0,0,2,2,0,3
BSAR0733,0.603858297009,0.52664131231,0.0727182949814,0.106727956444,2.37819020608,1.30880485992,-1.20652222698,3.15558674654,0,0,1,0,0,0,0,0,0,1,0,0,0,1,0,0,1,0,0,0,0,0,1,0,0,0,0,0,0,0,0,1,0,0,4,2,2,1
BSAR0735,-0.00623242614548,0.0588082376818,0.755907970251,0.204350810784,0.909393219796,0.920290334422,0.157505830431,0.907369643033,0,1,0,0,0,0,1,0,0,0,0,1,0,0,0,0,0,1,0,0,0,0,0,0,0,1,0,0,0,0,0,0,1,0,5,4,2,1
BSAR0736,-0.0392103030728,0.6754972906,0.196934599576,0.242702646418,0.922449193008,1.00194902378,0.355653472411,0.859597615183,0,0,1,0,0,0,1,0,0,0,0,0,0,0,1,0,0,1,0,0,0,0,0,1,0,0,0,0,0,0,0,1,0,0,3,4,2,1
BSAR0737,-0.748234657009,-0.813062492306,-0.983120294072,-0.805580860903,-0.693227491902,-0.39839860413,-0.518170036857,-0.282962779231,1,0,0,0,0,0,0,0,0,1,0,1,0,0,0,0,1,0,0,0,1,0,0,0,0,0,0,0,0,0,1,0,0,0,1,1,1,2
BSAR0739,-0.830679349328,-1.30216070669,-0.952066217924,-0.927609428828,-0.729131418234,-0.318435250881,-0.842549666709,0.00523930517354,0,0,0,0,1,0,0,1,0,0,0,1,0,0,0,0,0,1,0,0,0,1,0,0,0,0,0,0,0,1,0,0,0,0,5,0,1,2
BSAR0740,-0.929612980109,-1.3446909862,-1.16944475096,-0.982231740185,-0.830315210622,-0.470732944877,-0.487328090667,-0.393740344821,0,1,0,0,0,0,0,1,0,0,0,1,0,0,0,0,1,0,0,1,0,0,0,0,0,0,0,0,0,0,0,1,0,0,2,1,0,2
BSAR0742,-0.863657226255,-1.04697902962,-0.641525456437,-0.78001297048,-0.758507357959,-0.340192064309,0.714369031168,-0.621706660445,0,0,1,0,0,0,0,0,0,1,0,1,0,0,0,0,1,0,0,0,0,0,0,1,0,0,0,0,1,0,0,0,0,0,0,0,0,2
BSAR0743,-0.830679349328,-1.06824416938,-0.952066217924,-0.864851879609,-0.836843197228,-0.7422692787,-0.339416155725,-0.796350848048,0,1,0,0,0,0,0,1,0,0,0,1,0,0,0,0,1,0,0,0,0,0,1,0,0,0,0,0,1,0,0,0,0,0,0,0,3,2
BSAR0744,0.2905684662,0.420315613531,0.352204980319,0.203188633946,-0.513707860246,-0.906999437512,-0.555370168876,-0.960570053947,0,0,0,1,0,0,1,0,0,0,0,1,0,0,0,0,0,1,0,0,0,0,1,0,0,0,0,0,0,0,1,0,0,0,2,4,3,3
BSAR0746,-0.9790797955,-0.834327632062,-1.20049882711,-0.874149294308,-0.797675277594,-0.045768692985,1.65018302731,-0.575818341046,0,0,1,0,0,0,0,0,1,0,0,0,0,0,1,0,0,1,0,0,0,0,0,0,0,0,1,0,0,1,0,0,0,0,2,0,4,2
BSAR0747,0.0762122661727,0.760557849624,0.0416642188328,0.193891219247,0.184786706564,-0.0432256888181,-0.0971666874739,-0.0327275265878,0,0,0,0,1,0,0,0,1,0,0,1,0,0,0,0,0,1,0,0,0,0,0,0,0,0,1,0,0,0,0,1,0,0,4,3,1,3
BSAR0748,1.80755080486,2.05773137473,1.12855688404,1.63847702812,1.40878419513,-0.22745221291,-0.600095422914,-0.00723338192793,0,0,0,0,1,0,0,0,0,1,0,1,0,0,0,0,0,1,0,0,0,1,0,0,0,0,0,0,0,1,0,0,0,0,2,2,4,3
BSAR0749,-0.929612980109,-1.42975154522,-1.386823284,-1.04266493573,-0.869483130256,-0.682649958787,-1.15351412836,-0.40343378144,0,0,0,0,1,0,0,1,0,0,0,1,0,0,0,0,0,1,0,0,1,0,0,0,0,0,0,0,0,1,0,0,0,0,1,0,3,2
BSAR0750,-0.748234657009,-0.961918470597,-0.889958065626,-0.819526982951,-0.771563331171,-0.649308348598,-0.609272400985,-0.589799124768,0,0,0,0,1,0,0,1,0,0,0,0,0,1,0,0,0,1,0,0,0,0,0,0,0,0,1,0,0,1,0,0,0,0,5,1,0,2
BSAR0751,-0.665789964691,-0.89812305133,-1.07628252252,-0.853230111235,-0.592043699514,-0.276616960137,-1.23038174809,0.366745925146,0,0,1,0,0,0,0,1,0,0,0,0,1,0,0,0,1,0,0,0,0,0,0,0,0,0,1,0,0,0,1,0,0,0,3,1,1,0
BSAR0752,-0.484411641591,-0.621676234504,-0.765741761032,-0.683552292977,-0.751979371354,-0.878743835657,-1.08826603254,-0.766569644555,0,0,0,1,0,0,0,0,0,1,0,1,0,0,0,0,0,1,0,0,0,0,0,0,0,0,1,0,0,1,0,0,0,0,4,4,3,0
BSAR0754,-0.303033318491,-0.430289976702,-0.268876542654,-0.445306041314,-0.164460576841,-0.0372920124286,-0.780089333727,0.384061806768,0,0,1,0,0,0,1,0,0,0,0,0,0,1,0,0,0,1,0,1,0,0,0,0,0,0,0,0,1,0,0,0,0,0,0,4,1,0
BSAR0757,0.719280866255,0.611701871333,0.849070198697,0.569274337722,-0.239532422806,-0.80640949491,-0.635320347051,-0.800964837322,0,0,0,1,0,0,1,0,0,0,0,0,0,0,1,0,1,0,0,0,0,0,0,0,0,0,1,0,0,0,1,0,0,0,2,3,0,1
BSAR0758,1.09852645092,1.03700466645,0.600637589508,0.66341066155,0.0542269744499,-0.716839237031,-0.972589503014,-0.547162808123,0,0,0,0,1,0,1,0,0,0,0,1,0,0,0,0,1,0,0,0,0,0,0,1,0,0,0,0,0,1,0,0,0,0,3,2,3,1
BSAR0759,-0.863657226255,-0.876857911574,-0.921012141775,-0.804418684065,-0.631211619148,0.210792171854,0.499139695914,-0.0190054064979,0,0,1,0,0,0,0,0,1,0,0,0,0,0,1,0,1,0,0,0,1,0,0,0,0,0,0,0,0,0,1,0,0,0,2,1,1,2
BSAR0760,-0.154632872318,-0.196373439388,0.445367208765,-0.0664363923266,-0.0241088648185,-0.0350315642802,-0.0930256709226,-0.0251065637975,0,0,0,0,1,0,1,0,0,0,0,1,0,0,0,0,0,1,0,0,0,0,1,0,0,0,0,0,0,0,1,0,0,0,2,4,1,0
BSAR0761,-0.781212533937,-1.19583500791,-0.827849913329,-0.870662763796,-0.830315210622,-0.795107254168,-0.747140645367,-0.750866957121,0,1,0,0,0,0,0,1,0,0,0,1,0,0,0,0,0,1,0,0,0,0,0,1,0,0,0,0,0,0,1,0,0,0,3,1,0,2
BSAR0762,-0.665789964691,-0.791797352551,-0.703633608735,-0.716093244424,-0.699755478508,-0.567932215257,-0.474516820712,-0.528024497797,1,0,0,0,0,0,0,1,0,0,0,0,0,1,0,0,1,0,0,0,0,0,0,1,0,0,0,0,0,1,0,0,0,0,3,1,3,0
BSAR0763,-0.599834210837,-0.749267073039,-0.734687684883,-0.712606713912,-0.712811451719,-0.688583635176,-0.781987299646,-0.581607875529,0,0,1,0,0,0,0,1,0,0,0,0,1,0,0,0,1,0,0,0,0,0,0,1,0,0,0,0,1,0,0,0,0,0,0,1,3,0
BSAR0764,-0.270055441564,-0.430289976702,-0.424146923397,-0.502252706346,-0.683435511994,-0.887220516214,-1.05285415014,-0.793089738888,0,0,1,0,0,0,0,1,0,0,0,0,1,0,0,0,0,1,0,0,0,0,0,0,0,1,0,0,1,0,0,0,0,0,0,4,3,0
BSAR0765,-0.401966949273,-0.855592771818,-0.734687684883,-0.745147665359,-0.608363666028,-0.671065162026,-1.5549339203,-0.118668152014,1,0,0,0,0,0,0,1,0,0,0,1,0,0,0,0,1,0,0,0,0,0,0,0,0,0,1,0,0,0,0,0,1,0,5,4,0,0
BSAR0768,-0.781212533937,-0.706736793527,-0.983120294072,-0.777688616805,-0.735659404839,-0.467342272655,-0.09120362364,-0.533641396667,0,0,0,1,0,0,0,0,1,0,0,1,0,0,0,0,1,0,0,0,0,0,0,0,0,1,0,0,0,1,0,0,0,0,5,1,4,2
BSAR0769,0.504924666227,0.6754972906,0.662745741806,0.503030257991,-0.167724570144,-0.674738390267,-0.400385588736,-0.692699581132,0,0,1,0,0,0,0,0,0,1,0,0,1,0,0,0,1,0,0,0,0,0,0,0,1,0,0,0,0,0,1,0,0,0,3,3,3,3
BSAR0770,-0.319522256955,-0.175108299632,-0.548363227991,-0.4604143402,-0.477803933914,-0.523853476364,-0.781020411348,-0.337383502542,0,0,1,0,0,0,0,0,0,1,0,0,1,0,0,0,0,1,0,0,0,0,1,0,0,0,0,0,0,0,1,0,0,0,2,4,1,0
BSAR0771,0.422479973909,0.250194495484,1.06644873174,0.46351624552,2.12359872846,1.38481242891,-0.318689945333,1.88047440737,1,0,0,0,0,0,1,0,0,0,0,1,0,0,0,0,0,1,0,0,0,0,0,0,0,0,1,0,0,1,0,0,0,0,1,3,2,1
BSAR0772,-1.01205767243,-1.30216070669,-1.26260697941,-0.992691331721,-0.448427994189,2.94395653925,0.666850866242,2.52624069193,1,0,0,0,0,0,0,0,0,1,0,1,0,0,0,0,1,0,0,0,0,0,0,0,1,0,0,0,0,0,0,0,1,0,5,0,2,1
BSAR0773,-0.121654995391,-0.0262523213414,-0.0514980096132,-0.194275844439,1.23905654338,1.60605379143,-0.541529617403,2.45277688964,0,0,0,1,0,0,0,0,0,1,0,1,0,0,0,0,1,0,0,0,0,0,0,0,0,0,1,0,0,1,0,0,0,0,2,4,2,1
BSAR0775,1.85701762025,1.44104232181,1.53225987397,1.52807022856,0.0574909677527,-0.87817872362,-0.75068625089,-0.871621400716,0,0,1,0,0,0,1,0,0,0,0,0,1,0,0,0,0,1,0,0,0,0,0,0,1,0,0,0,1,0,0,0,0,0,3,2,3,1
BSAR0776,-0.9790797955,-1.19583500791,-1.386823284,-0.998502215908,-0.683435511994,0.715154664958,-0.0369626776126,0.815142319673,0,0,0,1,0,0,0,0,0,1,0,0,0,0,1,0,1,0,0,0,0,0,0,0,0,1,0,0,0,1,0,0,0,0,5,0,1,2
BSAR0777,0.983103881673,0.951944107426,1.84280063545,1.37117635552,0.0117950615129,-0.710057892585,0.101602106989,-0.861486145586,1,0,0,0,0,0,1,0,0,0,0,0,0,1,0,0,1,0,0,0,0,1,0,0,0,0,0,0,0,0,0,1,0,0,4,2,4,1
BSAR0781,0.2905684662,0.186399076217,0.196934599576,0.0137538094529,-0.275436349138,-0.677563950453,-0.9266123027,-0.504956905872,0,0,1,0,0,0,0,0,0,1,0,0,1,0,0,0,0,1,0,0,0,0,0,1,0,0,0,0,1,0,0,0,0,0,0,4,3,3
BSAR0782,-0.913124041646,-1.25963042718,-1.16944475096,-0.96247473395,-0.840107190531,-0.573583335628,-0.453415905491,-0.543213932039,0,0,0,1,0,0,1,0,0,0,0,1,0,0,0,0,1,0,0,1,0,0,0,0,0,0,0,0,0,0,1,0,0,0,0,0,0,2
BSAR0783,0.521413604691,0.0162779581702,0.7869620464,0.193891219247,0.596049862723,-0.045768692985,-0.95346122059,0.511159153797,1,0,0,0,0,0,1,0,0,0,0,1,0,0,0,0,0,1,0,1,0,0,0,0,0,0,0,0,0,1,0,0,0,0,2,2,1,3
BSAR0784,0.191634835418,0.143868796705,1.00434057944,0.368217744855,-0.122028663904,-0.47016783284,-0.00599037662107,-0.563412802409,0,1,0,0,0,0,0,0,1,0,0,1,0,0,0,0,0,1,0,1,0,0,0,0,0,0,0,0,0,1,0,0,0,0,3,4,0,3
BSAR0785,2.13732957413,2.05773137473,2.58809846302,2.80762692652,1.19336063714,-0.432870438392,0.143975776353,-0.566465091033,0,1,0,0,0,0,0,0,1,0,0,1,0,0,0,0,0,1,0,0,1,0,0,0,0,0,0,0,0,0,1,0,0,0,2,2,4,3
BSAR0788,-0.352500133882,0.207664215973,-0.393092847248,-0.257033393658,0.383890298038,0.971998085816,0.0248715061851,1.06307534769,0,0,1,0,0,0,0,0,1,0,0,0,1,0,0,0,0,1,0,0,0,1,0,0,0,0,0,0,0,0,0,1,0,0,4,4,2,1
BSAR0789,-0.204099687709,-0.430289976702,-0.0204439334645,-0.355818424835,-0.157932590235,-0.16133410457,-0.778570960991,0.199053764088,0,0,1,0,0,0,0,1,0,0,0,0,0,0,1,0,0,1,0,0,0,0,0,0,1,0,0,0,0,1,0,0,0,0,1,3,1,0
BSAR0791,-0.995568733964,-0.961918470597,-0.858903989478,-0.81139174509,-0.281964335743,3.78512580646,2.99306691394,1.53638854714,0,0,1,0,0,0,1,0,0,0,0,0,1,0,0,0,1,0,0,0,0,0,0,1,0,0,0,0,1,0,0,0,0,0,0,0,2,1
BSAR0792,-0.368989072346,0.0588082376818,-0.393092847248,-0.311655705015,0.263122545832,0.809810931171,-0.0994028364116,0.972354700058,0,0,1,0,0,0,1,0,0,0,0,0,1,0,0,0,1,0,0,0,0,0,0,1,0,0,0,0,1,0,0,0,0,0,0,4,2,1
BSAR0793,-0.830679349328,-0.600411094748,-0.765741761032,-0.676579231953,-0.210156483081,1.72387965117,1.16998437723,1.03512798863,1,0,0,0,0,0,0,0,1,0,0,1,0,0,0,0,0,1,0,0,0,0,0,0,0,0,1,0,0,0,1,0,0,0,3,1,2,1
BSAR0795,2.69795348189,2.6956855674,1.8738547116,2.72395019423,5.13300055368,0.877059263585,-0.428483104939,1.34494536032,0,0,1,0,0,0,1,0,0,0,0,0,0,0,1,0,0,1,0,1,0,0,0,0,0,0,0,0,0,0,1,0,0,0,2,2,2,1
BSAR0796,-0.781212533937,-0.621676234504,-0.57941730414,-0.621956920596,-0.784619304382,-0.636875883782,1.00749088775,-0.947959023468,1,0,0,0,0,0,1,0,0,0,0,1,0,0,0,0,1,0,0,0,0,0,1,0,0,0,0,0,0,0,0,1,0,0,4,1,3,2
BSAR0797,-1.02854661089,-1.19583500791,-0.889958065626,-0.884608885845,-0.765035344565,0.634626199673,2.97940155932,-0.374346545225,0,0,0,1,0,0,1,0,0,0,0,0,0,0,1,0,1,0,0,1,0,0,0,0,0,0,0,0,0,0,1,0,0,0,2,0,1,2
BSAR0799,0.521413604691,1.0582698062,1.62542210241,1.31539186732,0.563409929694,-0.0728940707653,0.948519626664,-0.435409392197,0,0,0,0,1,0,0,0,1,0,0,0,0,1,0,0,1,0,0,0,1,0,0,0,0,0,0,0,0,1,0,0,0,0,1,3,1,3
BSAR0800,-0.880146164719,-0.89812305133,-0.734687684883,-0.75793161057,-0.778091317776,-0.375229010609,1.1356575295,-0.742154319613,0,0,1,0,0,0,1,0,0,0,0,1,0,0,0,0,0,1,0,0,0,0,0,0,0,1,0,0,0,0,0,1,0,0,4,0,0,2
BSAR0801,0.620347235473,1.0582698062,0.290096828022,0.480948898081,-0.281964335743,-0.808952499076,-0.626388602731,-0.807126114522,0,0,0,0,1,0,1,0,0,0,0,1,0,0,0,0,0,1,0,0,0,0,0,0,0,0,1,0,0,0,0,0,1,0,5,3,3,1
BSAR0804,-0.105166056927,0.547906452065,-0.0514980096132,0.0497812914118,-0.572459739697,-0.814886175466,0.0674387204405,-0.971763423763,0,0,0,0,1,0,0,0,1,0,0,0,0,1,0,0,1,0,0,0,0,0,0,0,0,0,1,0,0,0,1,0,0,0,3,4,0,0
BSAR0805,2.38466365108,1.52610288083,0.724853894103,1.01671242012,1.50017600761,-0.375511566628,-1.55633115558,0.506057763577,0,0,0,1,0,0,0,1,0,0,0,0,0,0,1,0,1,0,0,0,0,1,0,0,0,0,0,0,0,0,0,0,1,0,5,2,4,3
BSAR0806,1.70861717407,1.27092120376,1.00434057944,1.05738860942,0.680913688597,-0.546457957848,-1.08712845677,-0.20834752776,0,0,1,0,0,0,0,1,0,0,0,1,0,0,0,0,0,1,0,0,0,1,0,0,0,0,0,0,0,0,0,1,0,0,4,2,0,3
BSAR0807,-0.0721881800001,0.250194495484,0.0727182949814,-0.0164627883191,-0.608363666028,-0.877048499546,-0.206233755759,-0.993774327965,0,0,1,0,0,0,0,0,1,0,0,1,0,0,0,0,1,0,0,0,0,0,0,0,0,0,1,0,0,1,0,0,0,0,2,4,3,0
BSAR0808,0.257590589273,0.951944107426,0.196934599576,0.372866452204,0.527506003363,0.128003258421,-0.150741089106,0.19765535737,0,0,1,0,0,0,0,0,1,0,0,0,0,1,0,0,1,0,0,1,0,0,0,0,0,0,0,0,0,1,0,0,0,0,3,3,1,3
BSAR0809,2.18679638952,1.48357260132,1.53225987397,1.5571246495,4.1276906164,0.79257501404,-0.983717930947,1.88589791639,0,0,1,0,0,0,1,0,0,0,0,1,0,0,0,0,1,0,0,1,0,0,0,0,0,0,0,0,0,0,0,0,1,0,3,2,2,1
BSAR0810,-0.237077564636,0.0162779581702,-0.237822466505,-0.258195570495,-0.497387893731,-0.626138755077,-0.391464449965,-0.632643168174,0,1,0,0,0,0,0,0,0,1,0,1,0,0,0,0,1,0,0,0,0,0,0,0,0,0,1,0,0,0,0,1,0,0,4,4,3,0
BSAR0811,-0.0227213646091,0.0162779581702,-0.0204439334645,-0.162897069829,-0.631211619148,-0.925930690754,-0.704758799069,-0.952618160412,0,0,1,0,0,0,0,1,0,0,0,0,0,0,1,0,0,1,0,0,0,0,0,0,0,0,1,0,0,0,1,0,0,0,3,4,0,3
BSAR0812,-0.781212533937,-0.64294137426,-0.393092847248,-0.568496786076,-0.755243364656,-0.535155717106,1.38465467525,-0.916474894754,0,0,0,1,0,0,1,0,0,0,0,0,0,0,1,0,1,0,0,0,0,0,0,1,0,0,0,0,1,0,0,0,0,0,0,0,3,2
BSAR0813,-1.02854661089,-1.70619836205,-1.4489314363,-1.10426030811,-0.859691150348,-0.184786254109,-0.894726475255,0.245867563274,1,0,0,0,0,0,0,1,0,0,0,1,0,0,0,0,0,1,0,0,0,0,0,0,0,0,1,0,0,1,0,0,0,0,2,0,0,2
BSAR0814,0.2905684662,0.186399076217,0.724853894103,0.262459652653,0.318610431981,-0.106235680954,-0.439214654612,0.0651799241741,0,0,0,0,1,0,0,0,0,1,0,0,0,1,0,0,0,1,0,0,0,0,0,0,0,1,0,0,0,1,0,0,0,0,1,3,1,3
BSAR0815,2.26924108184,2.67442042765,1.71858433086,2.56705632119,1.030160972,-0.536003385161,-0.192912905878,-0.583056815628,1,0,0,0,0,0,0,0,1,0,0,1,0,0,0,0,1,0,0,0,0,1,0,0,0,0,0,0,0,0,1,0,0,0,2,2,0,3
BSAR0816,0.669814050864,0.654232150845,1.47015172167,0.93884657201,0.354514358312,-0.33623628005,0.0148056671501,-0.417576488281,0,0,0,0,1,0,0,0,1,0,0,1,0,0,0,0,0,1,0,0,0,1,0,0,0,0,0,0,0,1,0,0,0,0,5,3,4,3
BSAR0819,-0.632812087764,-0.876857911574,-0.641525456437,-0.725390659123,-0.490859907126,-0.0833486434515,-0.694569222302,0.255065685863,1,0,0,0,0,0,0,1,0,0,0,1,0,0,0,0,0,1,0,0,0,1,0,0,0,0,0,0,0,0,1,0,0,0,2,1,4,0
BSAR0820,1.80755080486,1.84507997717,1.62542210241,1.8836963408,1.33044835586,-0.264467051339,-0.362453404397,-0.179325502237,0,0,1,0,0,0,1,0,0,0,0,0,1,0,0,0,0,1,0,0,0,1,0,0,0,0,0,0,0,0,0,0,1,0,5,2,4,1
BSAR0822,0.686302989328,0.228929355728,0.631691665657,0.24154046958,-0.246060409412,-0.801323486576,-1.09395296102,-0.634314486619,0,0,0,1,0,0,0,1,0,0,0,1,0,0,0,0,0,1,0,0,0,0,0,0,0,0,1,0,0,0,1,0,0,0,2,2,3,3
BSAR0825,-0.286544380027,0.250194495484,-0.330984694951,-0.211708497,0.59278586942,1.13051201222,-0.0785321129931,1.33117478348,0,0,0,0,1,0,1,0,0,0,0,1,0,0,0,0,0,1,0,0,0,1,0,0,0,0,0,0,0,1,0,0,0,0,2,4,2,1
BSAR0826,-0.830679349328,-0.940653330841,-1.13839067482,-0.881122355333,-0.494123900429,0.606370597818,-0.469858177091,1.02768928545,0,0,0,0,1,0,0,1,0,0,0,1,0,0,0,0,1,0,0,0,1,0,0,0,0,0,0,0,0,0,0,0,1,0,5,1,1,2
BSAR0828,-0.4349448262,-0.494085395969,-0.455200999545,-0.53595583463,-0.683435511994,-0.781827121296,-0.672812999155,-0.755013220469,0,0,1,0,0,0,0,1,0,0,0,0,1,0,0,0,1,0,0,0,0,0,0,0,0,0,1,0,0,0,1,0,0,0,2,4,0,0
BSAR0829,0.142168020027,1.24965606401,0.849070198697,0.942333102523,-0.281964335743,-0.607490057853,1.36967339759,-0.973304554107,1,0,0,0,0,0,0,0,1,0,0,1,0,0,0,0,0,1,0,0,0,0,0,0,0,1,0,0,0,0,1,0,0,0,1,3,0,3
BSAR0830,2.63199772804,2.71695070716,1.9980710162,2.85411400002,0.530769996666,-0.801606042594,-0.278371860012,-0.885864966851,0,1,0,0,0,0,0,0,1,0,0,1,0,0,0,0,1,0,0,0,0,0,0,0,0,1,0,0,0,0,0,1,0,0,4,2,0,3
BSAR0832,-0.319522256955,-0.557880815237,-0.57941730414,-0.601037737523,-0.53002782676,-0.609185393965,-1.24899434784,-0.217313006147,1,0,0,0,0,0,0,1,0,0,0,0,0,1,0,0,1,0,0,0,0,0,0,0,0,0,1,0,0,0,0,1,0,0,4,3,3,0
BSAR0836,-0.0392103030728,0.228929355728,0.538529437211,0.19737774976,1.12155278448,1.24805531593,0.241450151664,1.19935868487,0,0,0,1,0,0,1,0,0,0,0,0,0,1,0,0,0,1,0,0,0,0,0,1,0,0,0,0,0,1,0,0,0,0,3,3,2,1
BSAR0837,-0.863657226255,-1.11077444889,-1.35576920786,-0.974096502323,-0.813995244108,-0.580364680073,-0.9972166349,-0.315406928644,0,0,0,1,0,0,0,0,0,1,0,0,0,1,0,0,0,1,0,0,0,0,0,0,0,0,1,0,0,1,0,0,0,0,1,0,3,2
BSAR0838,0.224612712346,0.803088129135,0.755907970251,0.627383179592,-0.125292657207,-0.494185094417,0.446702870049,-0.709482344719,0,1,0,0,0,0,1,0,0,0,0,1,0,0,0,0,0,1,0,0,0,0,1,0,0,0,0,0,1,0,0,0,0,0,0,4,1,3
BSAR0839,-0.566856333909,-0.00498718158559,-0.206768390356,-0.253546863145,-0.650795578965,-0.583472796277,1.2111765945,-0.931492128145,1,0,0,0,0,0,0,0,1,0,0,1,0,0,0,0,1,0,0,0,0,0,0,0,0,1,0,0,0,0,0,0,1,0,5,1,3,0
BSAR0840,-0.220588626173,0.52664131231,0.538529437211,0.354271622806,-0.464747960703,-0.590819252759,1.38854582707,-0.96223638993,0,0,0,0,1,0,0,0,1,0,0,1,0,0,0,0,1,0,0,0,0,0,0,0,1,0,0,0,0,1,0,0,0,0,3,3,3,0
BSAR0844,0.554391481618,0.803088129135,0.196934599576,0.303135841961,0.279442512346,-0.329172379586,-0.817762166692,-0.0265651743761,0,0,0,1,0,0,0,1,0,0,0,1,0,0,0,0,1,0,0,0,1,0,0,0,0,0,0,0,0,0,0,1,0,0,4,3,4,3
BSAR0845,-1.06152448782,-1.04697902962,-1.26260697941,-0.938069020364,-0.889067090073,-0.2059779555,3.39448670588,-0.929317959305,0,1,0,0,0,0,0,0,1,0,0,1,0,0,0,0,0,1,0,0,0,0,0,0,0,1,0,0,0,0,0,0,1,0,5,0,3,2
BSAR0846,-0.187610749246,0.037543097926,-0.455200999545,-0.346521010136,-0.562667759788,-0.755549411571,-0.794588548783,-0.676313380358,0,0,1,0,0,0,0,1,0,0,0,0,0,0,1,0,1,0,0,0,0,0,0,0,0,0,1,0,0,0,0,1,0,0,4,3,0,0
BSAR0847,2.53306409726,1.9726708157,1.81174655931,2.12194259247,0.148882780232,-0.932712035199,-0.767021922353,-0.947556934295,0,0,0,1,0,0,0,0,0,1,0,0,0,0,1,0,1,0,0,0,0,0,1,0,0,0,0,0,0,0,0,1,0,0,4,2,3,3
BSAR0850,-0.0886771184637,0.101338517193,-0.3620387711,-0.281439107243,0.0542269744499,-0.0135573068708,-0.856177937598,0.479528643278,0,0,0,0,1,0,0,0,0,1,0,1,0,0,0,0,1,0,0,0,1,0,0,0,0,0,0,0,0,0,0,0,1,0,5,4,1,0
BSAR0851,0.950126004746,1.44104232181,2.27755770153,2.04407674436,0.266386539135,-0.530352264791,1.06835427486,-0.86421670683,0,0,0,0,1,0,0,0,1,0,0,1,0,0,0,0,0,1,0,0,1,0,0,0,0,0,0,0,0,1,0,0,0,0,1,2,0,3
BSAR0854,0.504924666227,0.760557849624,0.7869620464,0.621572295405,1.60788778661,0.81772249969,-0.197395369633,1.06048249838,1,0,0,0,0,0,1,0,0,0,0,1,0,0,0,0,0,1,0,0,0,1,0,0,0,0,0,0,0,0,0,1,0,0,4,3,2,1
BSAR0855,-0.847168287791,-1.13203958864,-1.16944475096,-0.933420313015,-0.823787224016,-0.658350141192,-0.769786090165,-0.541584271784,0,0,1,0,0,0,0,0,0,1,0,0,0,1,0,0,1,0,0,0,0,0,0,0,0,0,1,0,0,0,1,0,0,0,2,0,3,2
BSAR0857,-0.929612980109,-1.17456986816,-0.827849913329,-0.863689702772,-0.827051217319,-0.453214471728,0.819421444804,-0.75001137897,1,0,0,0,0,0,0,1,0,0,0,1,0,0,0,0,0,1,0,0,0,0,1,0,0,0,0,0,0,0,1,0,0,0,2,1,0,2
BSAR0859,0.504924666227,0.718027570112,1.47015172167,0.983009291831,2.39451017259,1.47862102707,0.42152578861,1.30186174837,1,0,0,0,0,0,1,0,0,0,0,0,0,1,0,0,0,1,0,0,0,0,0,0,0,0,1,0,0,0,1,0,0,0,2,2,2,1
BSAR0860,0.208123773882,-0.00498718158559,0.196934599576,-0.076895983863,0.132562813718,-0.221235980502,-0.969484003467,0.244124507176,0,0,1,0,0,0,1,0,0,0,0,0,1,0,0,0,1,0,0,0,1,0,0,0,0,0,0,0,0,0,0,0,1,0,5,4,4,3
BSAR0861,-0.896635103182,-0.706736793527,-0.858903989478,-0.738174604334,-0.497387893731,1.03020462564,1.58098026994,0.277165990243,0,0,0,1,0,0,1,0,0,0,0,1,0,0,0,0,1,0,0,0,0,1,0,0,0,0,0,0,0,1,0,0,0,0,4,0,2,1
BSAR0863,-0.9790797955,-1.00444875011,-1.29366105556,-0.936906843527,-0.846635177136,-0.371838338387,0.798726316414,-0.670442610899,0,1,0,0,0,0,0,1,0,0,0,1,0,0,0,0,0,1,0,0,0,0,0,0,0,0,1,0,1,0,0,0,0,0,3,0,3,2
BSAR0866,-0.7977014724,-0.600411094748,-0.703633608735,-0.656822225718,-0.637739605754,-0.0765672990064,0.934722874405,-0.434959490648,0,0,1,0,0,0,0,0,1,0,0,0,0,0,1,0,1,0,0,0,0,0,0,1,0,0,0,0,0,0,1,0,0,0,0,1,4,2
BSAR0867,-0.929612980109,-0.961918470597,-1.13839067482,-0.885771062682,-0.810731250805,-0.364774437923,0.576007315648,-0.611940384856,0,0,0,0,1,0,1,0,0,0,0,1,0,0,0,0,0,1,0,0,1,0,0,0,0,0,0,0,0,1,0,0,0,0,5,1,0,2
BSAR0869,-0.847168287791,-0.64294137426,-0.393092847248,-0.568496786076,-0.745451384748,-0.335388611994,2.29515773159,-0.888954042144,0,0,1,0,0,0,0,0,1,0,0,0,1,0,0,0,1,0,0,0,0,0,0,0,0,1,0,0,0,0,0,1,0,0,4,0,1,2
BSAR0871,-0.599834210837,-0.728001933283,-0.796795837181,-0.725390659123,-0.477803933914,-0.123471598085,-0.844620174985,0.302817641432,1,0,0,0,0,0,0,1,0,0,0,1,0,0,0,0,0,1,0,0,0,0,0,0,0,0,1,0,0,0,1,0,0,0,2,1,4,0
BSAR0872,-0.0227213646091,0.165133936461,0.10377237113,-0.0397063250668,0.811473420711,0.83326308071,-0.39873184351,1.25912185762,0,1,0,0,0,0,1,0,0,0,0,1,0,0,0,0,0,1,0,0,0,0,1,0,0,0,0,0,1,0,0,0,0,0,0,4,2,1
BSAR0873,0.0762122661727,-0.323964277923,0.0416642188328,-0.286087814592,-0.00452490500139,-0.255990370783,-1.19660658185,0.373029203223,0,0,1,0,0,0,0,1,0,0,0,0,0,0,1,0,1,0,0,0,0,0,1,0,0,0,0,0,0,1,0,0,0,0,4,4,1,3
BSAR0875,2.4671083434,3.65261685641,2.74336884376,4.39632266323,1.32392036926,-0.466494604599,1.08730394541,-0.812092164873,1,0,0,0,0,0,0,0,1,0,0,1,0,0,0,0,0,1,0,1,0,0,0,0,0,0,0,0,0,0,1,0,0,0,2,2,4,3
BSAR0876,-0.9790797955,-0.940653330841,-1.04522844637,-0.85555446491,-0.866219136953,-0.502096662936,1.9024664972,-0.958629851528,0,0,1,0,0,0,1,0,0,0,0,1,0,0,0,0,0,1,0,0,1,0,0,0,0,0,0,0,0,0,0,0,1,0,5,0,0,2
BSAR0877,-0.781212533937,-0.430289976702,-0.641525456437,-0.581280731288,-0.0371648380299,1.95133724609,1.29446333476,1.1535871855,1,0,0,0,0,0,0,0,1,0,0,1,0,0,0,0,0,1,0,1,0,0,0,0,0,0,0,0,0,1,0,0,0,0,2,0,2,1
BSAR0878,-0.237077564636,-0.0475174610972,0.414313132616,-0.00251666627048,-0.324396248681,-0.367882554127,0.386047105961,-0.565665471988,0,0,0,0,1,0,1,0,0,0,0,1,0,0,0,0,1,0,0,0,0,0,1,0,0,0,0,0,0,1,0,0,0,0,2,3,4,0
BSAR0879,0.1091901431,0.0162779581702,0.0416642188328,-0.135004825732,-0.575723733,-0.910107553716,-0.914965038426,-0.873648686526,0,0,1,0,0,0,0,0,0,1,0,1,0,0,0,0,0,1,0,0,0,1,0,0,0,0,0,0,0,0,0,1,0,0,4,4,3,3
BSAR0880,1.69212823561,2.33417819155,1.78069248316,2.36832408199,1.79719939817,0.0104599547056,0.247306732215,-0.123272597484,0,1,0,0,0,0,1,0,0,0,0,1,0,0,0,0,0,1,0,0,0,0,1,0,0,0,0,0,1,0,0,0,0,0,0,2,2,1
BSAR0881,-0.9790797955,-1.36595612596,-1.07628252252,-0.969447794974,-0.771563331171,0.128285814439,0.357230244098,-0.044788505728,0,0,0,0,1,0,0,1,0,0,0,0,0,1,0,0,0,1,0,0,0,0,0,0,0,0,1,0,0,1,0,0,0,0,2,0,1,2
BSAR0882,-0.913124041646,-1.13203958864,-1.20049882711,-0.941555550877,-0.872747123559,-0.740008830551,-0.23637792036,-0.819626703509,0,0,0,1,0,0,0,1,0,0,0,0,0,0,1,0,1,0,0,0,0,0,0,0,0,0,1,0,0,1,0,0,0,0,4,0,3,2
BSAR0883,-0.9790797955,-0.876857911574,-0.983120294072,-0.821851336626,-0.62141963924,1.12796900805,2.35973028639,0.0897327164082,0,0,0,0,1,0,0,0,1,0,0,1,0,0,0,0,0,1,0,0,0,1,0,0,0,0,0,0,0,1,0,0,0,0,5,0,1,2
BSAR0886,-0.929612980109,-0.983183610353,-0.827849913329,-0.809067391415,-0.703019471811,0.217856072318,1.42155113272,-0.315163783571,1,0,0,0,0,0,1,0,0,0,0,1,0,0,0,0,0,1,0,0,0,0,0,0,0,0,1,0,0,1,0,0,0,0,1,1,1,2
BSAR0887,2.13732957413,1.90887539644,2.71231476762,2.77159944456,2.61646171719,0.176885449629,0.11251840062,0.117283267923,0,1,0,0,0,0,1,0,0,0,0,1,0,0,0,0,0,1,0,1,0,0,0,0,0,0,0,0,0,1,0,0,0,0,3,2,2,1
BSAR0888,-0.7977014724,-0.685471653772,-0.765741761032,-0.702147122376,0.119506840507,2.65490173227,0.601629855559,2.31299130954,0,1,0,0,0,0,1,0,0,0,0,1,0,0,0,0,0,1,0,0,0,0,0,0,0,1,0,0,0,0,0,0,1,0,5,0,2,1
BSAR0889,1.98892912796,1.48357260132,2.18439547309,2.01386014659,1.5980958067,-0.207673291612,-0.416368258633,-0.0795172006876,0,1,0,0,0,0,1,0,0,0,0,0,0,1,0,0,0,1,0,0,0,0,1,0,0,0,0,0,0,1,0,0,0,0,3,2,1,1
BSAR0890,-0.6163231493,0.0588082376818,-0.393092847248,-0.311655705015,-0.712811451719,-0.669087269896,1.31320439252,-1.01659739958,0,1,0,0,0,0,0,0,1,0,0,1,0,0,0,0,1,0,0,0,0,0,0,0,0,0,1,0,0,1,0,0,0,0,3,1,0,0
BSAR0893,0.537902543155,1.0582698062,1.22171911248,1.06319949361,-0.148140610327,-0.671912830082,0.483522147778,-0.895505307008,0,0,0,0,1,0,0,0,1,0,0,1,0,0,0,0,0,1,0,0,0,0,0,0,0,0,1,0,0,0,0,1,0,0,4,2,0,3
BSAR0895,-0.913124041646,-1.32342584645,-1.16944475096,-0.977583032835,-0.719339438325,0.041258560727,-0.610165561418,0.372636788591,0,0,0,0,1,0,0,1,0,0,0,1,0,0,0,0,0,1,0,0,0,0,1,0,0,0,0,0,0,1,0,0,0,0,1,1,4,2
BSAR0896,-0.7977014724,-1.08950930913,-1.10733659867,-0.90901459943,-0.781355311079,-0.594492481,-0.918640845839,-0.37814171118,0,0,1,0,0,0,0,1,0,0,0,0,1,0,0,0,0,1,0,0,0,0,0,0,1,0,0,0,1,0,0,0,0,0,0,0,3,2
BSAR0897,-0.830679349328,-0.813062492306,-0.827849913329,-0.759093787407,-0.709547458417,-0.241297457818,0.508456983155,-0.472068955002,0,1,0,0,0,0,0,1,0,0,0,0,0,1,0,0,0,1,0,0,0,0,0,1,0,0,0,0,0,0,1,0,0,0,3,1,1,2
BSAR0899,-0.599834210837,-0.728001933283,-0.299930618802,-0.570821139751,-0.474539940612,-0.115842585584,-0.0873317731646,-0.122491191757,0,0,1,0,0,0,1,0,0,0,0,0,0,0,1,0,1,0,0,0,0,1,0,0,0,0,0,0,0,0,1,0,0,0,2,1,4,0
BSAR0901,0.274079527736,1.07953494596,0.662745741806,0.726168210769,-0.48433192052,-0.873092715286,0.512958593844,-1.1005256645,0,1,0,0,0,0,1,0,0,0,0,0,0,1,0,0,1,0,0,0,0,0,0,1,0,0,0,0,0,0,1,0,0,0,3,3,3,3
BSAR0902,-0.138143933855,0.101338517193,-0.11360616191,-0.168707954016,0.243538586015,0.306296106123,-0.426474558378,0.597043350412,0,0,0,0,1,0,0,0,0,1,0,1,0,0,0,0,0,1,0,0,0,1,0,0,0,0,0,0,0,0,0,0,1,0,5,3,2,1
BSAR0904,-0.7977014724,-0.728001933283,-0.672579532586,-0.68703882349,-0.804203264199,-0.676998838416,0.712660861841,-0.93930404276,0,0,0,1,0,0,0,0,1,0,0,0,0,1,0,0,0,1,0,0,0,0,1,0,0,0,0,0,0,1,0,0,0,0,1,0,4,2
BSAR0907,2.58253091265,1.73875427839,2.40177400613,2.38459455772,0.778833487682,-0.700168431936,-0.59916096683,-0.664006603678,0,0,0,1,0,0,1,0,0,0,0,0,0,0,1,0,0,1,0,0,0,0,0,0,0,0,1,0,0,0,0,0,1,0,5,2,4,1
BSAR0909,-0.105166056927,-0.38775969719,-0.144660238059,-0.382548492095,-0.409260074555,-0.600991269427,-1.08790489737,-0.299657149277,0,0,0,1,0,0,0,1,0,0,0,1,0,0,0,0,0,1,0,1,0,0,0,0,0,0,0,0,0,0,1,0,0,0,2,4,3,0
BSAR0910,0.191634835418,0.632967011089,0.196934599576,0.222945640182,-0.383148128132,-0.739161162496,-0.311020613659,-0.799859636386,0,0,1,0,0,0,1,0,0,0,0,0,1,0,0,0,1,0,0,1,0,0,0,0,0,0,0,0,0,1,0,0,0,0,2,4,3,3
BSAR0913,0.125679081564,0.52664131231,0.352204980319,0.255486591629,-0.0828607442697,-0.382575467091,-0.0850542140614,-0.436265838075,1,0,0,0,0,0,1,0,0,0,0,1,0,0,0,0,0,1,0,0,0,0,0,0,0,0,1,0,0,0,0,0,1,0,5,3,1,3
BSAR0918,-0.946101918573,-1.13203958864,-1.20049882711,-0.941555550877,-0.804203264199,-0.260228711061,0.18483653967,-0.390952659618,1,0,0,0,0,0,0,1,0,0,0,1,0,0,0,0,0,1,0,0,0,0,0,0,0,0,1,0,1,0,0,0,0,0,3,1,0,2
BSAR0919,0.2905684662,0.888148688158,0.538529437211,0.546030800975,1.97019104322,1.48229425531,0.116509766573,1.55742130678,0,1,0,0,0,0,1,0,0,0,0,1,0,0,0,0,0,1,0,0,0,0,0,1,0,0,0,0,0,1,0,0,0,0,3,4,2,1
BSAR0920,-0.401966949273,-0.451555116458,-0.268876542654,-0.453441279175,-0.592043699514,-0.641679336097,-0.483057667349,-0.622919133585,1,0,0,0,0,0,0,1,0,0,0,0,0,1,0,0,0,1,0,0,1,0,0,0,0,0,0,0,0,1,0,0,0,0,1,4,4,0
BSAR0921,0.373013158518,0.228929355728,0.227988675725,0.0486191145744,0.602577849328,0.0859024116572,-0.991822415972,0.757125631651,0,0,0,0,1,0,1,0,0,0,0,0,0,1,0,0,0,1,0,0,1,0,0,0,0,0,0,0,0,0,1,0,0,0,1,2,1,3
BSAR0922,-0.913124041646,-0.961918470597,-0.610471380289,-0.743985488521,-0.706283465114,0.107659225085,1.81342527254,-0.493490432463,0,0,1,0,0,0,1,0,0,0,0,0,1,0,0,0,1,0,0,0,0,0,1,0,0,0,0,0,0,0,0,0,1,0,0,1,4,2
BSAR0924,2.48359728186,1.44104232181,2.15334139694,1.9580756584,1.70907157899,-0.321260811067,-0.861267804304,0.0128288659114,0,0,0,1,0,0,0,0,0,1,0,0,0,0,1,0,0,1,0,0,0,0,0,0,0,0,1,0,0,1,0,0,0,0,3,2,1,3
BSAR0925,-0.9790797955,-0.919388191085,-1.01417437022,-0.841608342862,-0.376620141526,2.75803467904,2.09167909963,1.32468204697,0,0,0,0,1,0,0,0,1,0,0,1,0,0,0,0,1,0,0,0,0,1,0,0,0,0,0,0,0,0,0,1,0,0,4,0,2,1
BSAR0926,0.735769804718,0.760557849624,1.12855688404,0.816818004085,0.220690632895,-0.470732944877,-0.285742210426,-0.471443327176,1,0,0,0,0,0,0,0,1,0,0,1,0,0,0,0,0,1,0,0,0,0,0,0,0,0,1,0,0,0,0,1,0,0,4,2,1,3
BSAR0927,1.87350655871,2.41923875058,1.71858433086,2.37878367353,1.54587191385,-0.188176926332,0.0417911340582,-0.259553878275,0,0,0,1,0,0,0,0,1,0,0,0,0,0,1,0,1,0,0,1,0,0,0,0,0,0,0,0,1,0,0,0,0,0,0,2,4,3
BSAR0929,0.554391481618,0.845618408647,0.165880523427,0.305460195636,0.194578686472,-0.398681160148,-0.813894613498,-0.13307544363,0,0,1,0,0,0,0,0,0,1,0,0,1,0,0,0,1,0,0,1,0,0,0,0,0,0,0,0,0,0,1,0,0,0,2,2,1,3
BSAR0930,-0.896635103182,-1.42975154522,-1.13839067482,-0.996177862234,-0.637739605754,0.355178297331,-0.947110334629,1.14097551274,0,0,0,0,1,0,0,1,0,0,0,1,0,0,0,0,1,0,0,0,0,0,0,0,0,0,1,0,0,1,0,0,0,0,3,0,4,2
BSAR0932,2.63199772804,1.3985120423,1.90490878775,1.75237035818,0.0183230481185,-0.992613911131,-1.11596385435,-0.950634175247,0,0,1,0,0,0,0,1,0,0,0,0,1,0,0,0,0,1,0,0,0,0,0,1,0,0,0,0,0,0,0,0,1,0,3,2,3,3
BSAR0934,-0.995568733964,-1.30216070669,-1.20049882711,-0.978745209673,-0.856427157045,-0.359123317552,0.533303082462,-0.595438166269,0,1,0,0,0,0,1,0,0,0,0,1,0,0,0,0,1,0,0,0,1,0,0,0,0,0,0,0,0,0,1,0,0,0,2,0,0,2
BSAR0935,-0.566856333909,-0.430289976702,-0.175714314208,-0.41160291303,-0.618155645937,-0.508878007381,0.477562820199,-0.731264922874,1,0,0,0,0,0,1,0,0,0,0,1,0,0,0,0,0,1,0,0,0,0,0,0,0,0,1,0,0,0,1,0,0,0,2,1,3,0
BSAR0936,2.86284286653,2.27038277229,2.86758514836,3.23182147217,1.40225620853,-0.527244148587,-0.184961288382,-0.575093944004,0,0,1,0,0,0,1,0,0,0,0,1,0,0,0,0,1,0,0,0,0,0,1,0,0,0,0,0,0,0,0,1,0,0,4,2,4,1
BSAR0938,-0.847168287791,-0.664206514016,-0.983120294072,-0.766066848432,-0.0795967509669,2.40936055216,0.635793242107,2.04353829298,0,0,0,1,0,0,1,0,0,0,0,0,0,0,1,0,1,0,0,1,0,0,0,0,0,0,0,0,1,0,0,0,0,0,3,1,2,1
BSAR0939,-0.880146164719,-1.00444875011,-0.641525456437,-0.766066848432,-0.683435511994,0.05623402971,1.0601384645,-0.35215303729,1,0,0,0,0,0,1,0,0,0,0,0,0,1,0,0,0,1,0,0,0,1,0,0,0,0,0,0,0,0,0,0,1,0,5,1,4,2
BSAR0940,-0.880146164719,-1.08950930913,-0.921012141775,-0.862527525934,-0.823787224016,-0.583472796277,0.164698122336,-0.736366203787,0,0,1,0,0,0,0,1,0,0,0,0,0,0,1,0,0,1,0,1,0,0,0,0,0,0,0,0,0,1,0,0,0,0,0,1,0,2
BSAR0941,-0.880146164719,-0.791797352551,-1.10733659867,-0.836959635512,-0.859691150348,-0.746790174996,0.402043755198,-0.957182822572,0,0,0,0,1,0,1,0,0,0,0,1,0,0,0,0,1,0,0,0,0,0,0,0,0,1,0,0,0,0,0,1,0,0,4,0,3,2
BSAR0942,-1.06152448782,-1.23836528742,-1.23155290326,-0.971772148649,-0.794411284291,0.818287611727,2.65143304846,-0.190282001461,0,0,0,0,1,0,0,1,0,0,0,1,0,0,0,0,0,1,0,0,0,0,0,0,1,0,0,0,1,0,0,0,0,0,3,0,1,2
BSAR0943,0.669814050864,-0.068782600853,0.755907970251,0.132295846866,-0.10570869739,-0.688866191195,-1.24410001061,-0.364240135884,0,0,0,0,1,0,0,1,0,0,0,1,0,0,0,0,0,1,0,0,0,0,0,0,0,0,1,0,0,0,0,0,1,0,5,3,3,3
BSAR0944,-0.863657226255,-0.876857911574,-0.672579532586,-0.733525896985,-0.827051217319,-0.636875883782,1.12432966975,-0.964693591918,0,0,0,0,1,0,0,0,1,0,0,1,0,0,0,0,0,1,0,0,0,0,0,0,0,0,1,0,0,0,1,0,0,0,3,0,4,2
BSAR0945,-0.632812087764,-0.323964277923,-0.765741761032,-0.594064676499,-0.425580041069,0.0827942954532,-0.01331110231,0.0730166752135,0,0,1,0,0,0,1,0,0,0,0,0,1,0,0,0,1,0,0,0,0,0,0,0,0,0,1,0,0,0,0,1,0,0,4,1,1,0
BSAR0946,1.16448220477,1.33471662303,0.600637589508,0.824953241947,1.08891285145,-0.108778685121,-0.841116237903,0.322473118094,0,0,0,0,1,0,0,1,0,0,0,1,0,0,0,0,0,1,0,0,0,1,0,0,0,0,0,0,0,1,0,0,0,0,5,2,4,3
BSAR0947,-0.880146164719,-1.00444875011,-1.04522844637,-0.871824940634,-0.696491485205,-0.00338529020315,0.0783906194775,-0.0672600142312,0,0,1,0,0,0,1,0,0,0,0,0,1,0,0,0,1,0,0,0,0,1,0,0,0,0,0,0,0,0,0,1,0,0,4,0,4,2
BSAR0948,-0.748234657009,-0.64294137426,-0.703633608735,-0.669606170929,-0.441900007583,0.407451160762,0.370078013398,0.237736347148,0,0,0,1,0,0,1,0,0,0,0,1,0,0,0,0,1,0,0,0,0,1,0,0,0,0,0,0,0,1,0,0,0,0,4,1,1,2
BSAR0950,-0.154632872318,0.718027570112,0.383259056468,0.368217744855,-0.454955980794,-0.626986423133,1.12384162137,-0.956154588173,0,0,1,0,0,0,0,0,1,0,0,0,1,0,0,0,1,0,0,0,0,0,0,0,1,0,0,0,1,0,0,0,0,0,0,4,3,0
BSAR0951,-1.06152448782,-1.32342584645,-0.983120294072,-0.939231197202,-0.807467257502,0.677009602454,3.36886416597,-0.420335079654,1,0,0,0,0,0,0,0,1,0,0,1,0,0,0,0,0,1,0,0,0,0,0,0,0,0,1,0,0,0,0,0,1,0,5,0,1,2
BSAR0952,-0.830679349328,-0.813062492306,-0.548363227991,-0.676579231953,-0.722603431628,-0.292722653194,1.16998437723,-0.678485045521,0,1,0,0,0,0,0,0,0,1,0,1,0,0,0,0,0,1,0,0,0,0,0,1,0,0,0,0,0,1,0,0,0,0,0,0,0,2
BSAR0953,0.719280866255,0.313989914752,0.662745741806,0.303135841961,-0.00778889830424,-0.63348521156,-1.03997977048,-0.379635897627,0,0,0,1,0,0,0,1,0,0,0,1,0,0,0,0,1,0,0,0,0,0,0,0,0,0,1,0,0,0,1,0,0,0,2,3,0,3
BSAR0954,0.966614943209,0.6754972906,0.818016122549,0.589031343958,0.945297146127,-0.0881520957668,-0.924769392281,0.41999743234,0,1,0,0,0,0,0,0,0,1,0,1,0,0,0,0,1,0,0,0,1,0,0,0,0,0,0,0,0,0,0,1,0,0,4,2,1,3
BSAR0955,-0.946101918573,-1.08950930913,-1.07628252252,-0.900879361568,-0.856427157045,-0.561433426831,0.663123951346,-0.821001319651,0,0,0,1,0,0,1,0,0,0,0,0,0,0,1,0,0,1,0,0,0,0,0,0,0,0,1,0,0,1,0,0,0,0,1,0,0,2
BSAR0956,-0.368989072346,0.037543097926,0.165880523427,-0.0699229228387,-0.735659404839,-0.919431902328,0.753315291833,-1.1725384799,0,0,0,0,1,0,0,0,1,0,0,0,0,1,0,0,0,1,0,0,1,0,0,0,0,0,0,0,0,0,0,0,1,0,1,4,3,0
BSAR0958,-0.946101918573,-0.919388191085,-0.703633608735,-0.755607256895,-0.827051217319,-0.391899815703,2.37129327876,-0.936300343079,0,0,1,0,0,0,1,0,0,0,0,0,1,0,0,0,0,1,0,0,0,1,0,0,0,0,0,0,1,0,0,0,0,0,0,1,0,2
BSAR0959,2.23626320491,1.5898983001,2.24650362539,2.14518612921,2.54791785783,0.103703440826,-0.519849006708,0.395138634354,0,0,1,0,0,0,1,0,0,0,0,0,0,0,1,0,0,1,0,0,0,1,0,0,0,0,0,0,0,1,0,0,0,0,5,2,1,1
BSAR0960,-0.731745718546,-0.621676234504,-1.04522844637,-0.775364263131,0.36430633822,2.8365852522,-0.430592466578,3.91136218018,0,0,1,0,0,0,0,0,0,1,0,1,0,0,0,0,0,1,0,0,0,0,0,0,0,0,1,0,0,0,0,0,1,0,5,1,2,1
BSAR0962,-0.764723595473,-0.855592771818,-0.734687684883,-0.745147665359,-0.732395411537,-0.491359534231,0.00245661455845,-0.590204864087,1,0,0,0,0,0,0,1,0,0,0,0,0,1,0,0,0,1,0,0,0,1,0,0,0,0,0,0,0,0,0,0,1,0,5,1,0,2
BSAR0963,-0.863657226255,-0.706736793527,-0.703633608735,-0.689363177164,-0.272172355835,1.76485027385,1.5137922764,0.883392696229,0,0,0,0,1,0,1,0,0,0,0,1,0,0,0,0,1,0,0,0,1,0,0,0,0,0,0,0,0,1,0,0,0,0,4,1,2,1
BSAR0964,1.57670566636,0.718027570112,0.538529437211,0.456543184496,0.491602077032,-0.604664497668,-1.60800918155,0.0693790285997,0,0,0,0,1,0,0,1,0,0,0,0,0,1,0,0,0,1,0,0,1,0,0,0,0,0,0,0,0,0,0,0,1,0,5,2,3,3
BSAR0965,-1.06152448782,-1.25963042718,-1.01417437022,-0.928771605665,-0.90865104989,-0.417894969409,3.59946702517,-1.06637785384,0,0,1,0,0,0,1,0,0,0,0,0,1,0,0,0,1,0,0,0,0,0,0,0,0,0,1,0,0,1,0,0,0,0,1,0,3,2
BSAR0967,-0.550367395446,-0.621676234504,-0.641525456437,-0.642876103669,-0.725867424931,-0.770242324536,-0.66767135235,-0.740019742794,0,1,0,0,0,0,0,1,0,0,0,0,0,1,0,0,0,1,0,0,0,1,0,0,0,0,0,0,0,0,0,1,0,0,4,1,3,0
BSAR0968,-0.7977014724,-0.813062492306,-0.796795837181,-0.749796372708,-0.193836516567,1.52467765809,0.251455143439,1.48585277019,1,0,0,0,0,0,1,0,0,0,0,1,0,0,0,0,0,1,0,0,1,0,0,0,0,0,0,0,0,0,1,0,0,0,2,1,2,1
BSAR0969,-0.814190410864,-0.940653330841,-0.765741761032,-0.778850793643,0.0607549610556,2.60884510125,0.187213123082,2.71518229239,0,0,0,0,1,0,0,0,1,0,0,0,0,1,0,0,0,1,0,0,0,0,0,0,0,1,0,0,0,1,0,0,0,0,1,0,2,1
BSAR0971,-0.698767841618,-0.536615675481,-0.144660238059,-0.444143864476,-0.549611786577,-0.0810881953032,1.31906097307,-0.533429829762,0,0,1,0,0,0,0,0,1,0,0,0,1,0,0,0,0,1,0,0,0,0,0,1,0,0,0,0,1,0,0,0,0,0,0,1,1,0
BSAR0972,1.31288265095,0.356520194263,0.818016122549,0.404245226814,-0.033900844727,-0.823080300004,-1.48053865091,-0.484248922021,0,0,0,0,1,0,0,1,0,0,0,1,0,0,0,0,0,1,0,0,1,0,0,0,0,0,0,0,0,0,0,0,1,0,5,2,0,3
BSAR0973,-0.550367395446,-0.196373439388,-0.672579532586,-0.518523182069,-0.481067927217,-0.226887100873,-0.105289450709,-0.245452615206,0,0,0,1,0,0,0,0,1,0,0,1,0,0,0,0,0,1,0,0,0,0,0,0,0,1,0,0,0,1,0,0,0,0,5,1,4,0
BSAR0974,0.801725558573,1.03700466645,0.476421284914,0.586706990283,0.188050699867,-0.523853476364,-0.723966010922,-0.364248714438,0,0,1,0,0,0,1,0,0,0,0,0,1,0,0,0,1,0,0,0,0,0,1,0,0,0,0,0,1,0,0,0,0,0,0,2,3,1
BSAR0975,-0.847168287791,-0.791797352551,-0.424146923397,-0.632416512133,-0.787883297685,-0.510290787474,1.75830451441,-0.947053619875,0,0,1,0,0,0,0,0,1,0,0,1,0,0,0,0,0,1,0,0,1,0,0,0,0,0,0,0,0,1,0,0,0,0,5,1,4,2
BSAR0976,2.25275214337,2.67442042765,1.53225987397,2.39737850293,0.893073253282,-0.588841360629,-0.320781581244,-0.607565394761,0,0,0,1,0,0,1,0,0,0,0,1,0,0,0,0,0,1,0,0,1,0,0,0,0,0,0,0,0,0,1,0,0,0,1,2,0,1
BSAR0977,0.735769804718,0.803088129135,0.321150904171,0.375190805879,-0.0241088648185,-0.651851352765,-0.951490255982,-0.45283566121,0,0,1,0,0,0,0,1,0,0,0,0,1,0,0,0,1,0,0,0,0,0,0,0,1,0,0,0,1,0,0,0,0,0,3,2,3,3
BSAR0978,-0.847168287791,-1.11077444889,-0.641525456437,-0.799769976716,0.0836029141755,3.08212643231,0.352725182136,3.01473078482,0,0,1,0,0,0,1,0,0,0,0,1,0,0,0,0,0,1,0,0,0,0,0,0,0,0,1,0,0,0,0,0,1,0,5,0,2,1
BSAR0979,-0.715256780082,-0.813062492306,-0.827849913329,-0.759093787407,-0.755243364656,-0.650438572672,-0.433874171197,-0.650768397324,0,0,0,0,1,0,0,0,0,1,0,1,0,0,0,0,0,1,0,0,0,0,1,0,0,0,0,0,0,0,0,1,0,0,4,1,3,2
BSAR0980,0.274079527736,0.0588082376818,0.631691665657,0.148566322589,1.04648093852,0.615977502449,-0.631706784661,1.19466499829,0,0,1,0,0,0,1,0,0,0,0,0,0,1,0,0,0,1,0,0,0,1,0,0,0,0,0,0,0,0,0,1,0,0,4,3,2,1
BSAR0981,-0.286544380027,-0.64294137426,-0.144660238059,-0.48714440746,-0.451691987492,-0.513681459696,-0.961810943387,-0.227554480706,0,0,0,0,1,0,0,1,0,0,0,1,0,0,0,0,0,1,0,0,0,0,0,0,1,0,0,0,0,0,0,0,1,0,1,3,4,0
BSAR0983,-0.731745718546,-0.579145954992,-0.796795837181,-0.681227939303,0.14561878693,2.16042869982,0.162386314224,2.25627546994,0,1,0,0,0,0,1,0,0,0,0,0,0,1,0,0,1,0,0,0,0,0,0,1,0,0,0,0,1,0,0,0,0,0,0,1,2,1
BSAR0984,0.719280866255,0.994474386938,0.507475361062,0.583220459771,2.31617433332,1.10084363027,-0.614115486435,1.85349717193,0,0,0,0,1,0,1,0,0,0,0,1,0,0,0,0,0,1,0,0,0,0,0,0,0,0,1,0,0,1,0,0,0,0,2,2,2,1
BSAR0986,-0.368989072346,-0.366494557434,-0.672579532586,-0.571983316589,-0.660587558874,-0.789456133797,-1.01771466683,-0.645552662369,1,0,0,0,0,0,0,1,0,0,0,1,0,0,0,0,0,1,0,0,0,1,0,0,0,0,0,0,0,0,0,1,0,0,4,3,3,0
BSAR0987,-0.7977014724,-0.430289976702,-0.548363227991,-0.547577603003,-0.608363666028,0.0293912079481,1.73756245829,-0.536357428012,0,0,0,0,1,0,0,0,1,0,0,0,0,1,0,0,0,1,0,0,0,0,1,0,0,0,0,0,0,1,0,0,0,0,1,1,4,2
BSAR0988,-0.00623242614548,0.186399076217,0.0106101426841,-0.0745716301883,-0.360300175012,-0.606359833779,-0.525761900534,-0.560696888449,0,0,1,0,0,0,0,0,0,1,0,0,1,0,0,0,0,1,0,0,0,0,1,0,0,0,0,0,1,0,0,0,0,0,0,3,3,3
BSAR0989,-0.566856333909,-0.706736793527,-0.3620387711,-0.582442908125,0.308818452072,1.60266311921,-0.315387362316,2.15124064662,1,0,0,0,0,0,0,0,0,1,0,1,0,0,0,0,0,1,0,0,1,0,0,0,0,0,0,0,0,0,0,1,0,0,4,1,2,1
BSAR0990,-0.962590857037,-1.13203958864,-0.921012141775,-0.874149294308,-0.853163163742,-0.483447965712,1.28977807032,-0.859942476685,0,0,1,0,0,0,0,0,0,1,0,0,0,0,1,0,1,0,0,0,0,0,1,0,0,0,0,0,1,0,0,0,0,0,0,0,3,2
BSAR0992,-0.0721881800001,0.696762430356,0.849070198697,0.61924794173,0.266386539135,0.236504769542,1.44265204794,-0.305752024104,0,0,1,0,0,0,0,0,1,0,0,0,0,1,0,0,0,1,0,0,0,0,0,0,0,0,1,0,0,1,0,0,0,0,5,4,1,0
BSAR0994,1.31288265095,1.12206522547,1.00434057944,0.966738816108,0.54708996318,-0.492207202287,-0.82783816054,-0.266694652198,0,1,0,0,0,0,1,0,0,0,0,1,0,0,0,0,0,1,0,0,0,0,1,0,0,0,0,0,1,0,0,0,0,0,0,2,0,1
BSAR0995,0.686302989328,1.0582698062,0.259042751873,0.462354068683,0.0933948940841,-0.543632397662,-0.752319095538,-0.380149018344,1,0,0,0,0,0,1,0,0,0,0,1,0,0,0,0,0,1,0,0,1,0,0,0,0,0,0,0,0,0,1,0,0,0,2,3,0,1
BSAR0996,-0.847168287791,-0.791797352551,-0.610471380289,-0.688201000327,-0.778091317776,-0.47016783284,1.28977807032,-0.848800353719,0,1,0,0,0,0,0,0,1,0,0,1,0,0,0,0,1,0,0,0,0,1,0,0,0,0,0,0,0,0,1,0,0,0,2,1,4,2
BSAR0997,-0.913124041646,-1.04697902962,-1.20049882711,-0.921798544641,-0.807467257502,-0.407440396723,-0.0313976010708,-0.48350645131,0,1,0,0,0,0,1,0,0,0,0,1,0,0,0,0,1,0,0,0,0,0,1,0,0,0,0,0,0,0,1,0,0,0,0,0,0,2
BSAR0999,-0.880146164719,-1.00444875011,-1.26260697941,-0.928771605665,-0.800939270896,-0.479209625434,-0.450242835533,-0.419889839975,0,0,0,1,0,0,0,1,0,0,0,0,0,0,1,0,1,0,0,0,0,0,0,0,0,1,0,0,0,1,0,0,0,0,1,1,3,2
BSAR1000,-0.2535665031,-0.430289976702,-0.237822466505,-0.434846449777,-0.575723733,-0.732097262032,-0.885376495779,-0.606898159693,0,0,0,0,1,0,0,1,0,0,0,1,0,0,0,0,0,1,0,0,0,1,0,0,0,0,0,0,0,0,0,1,0,0,4,4,4,0
BSAR1001,-0.649301026228,-0.451555116458,-0.827849913329,-0.654497872043,-0.546347793274,-0.189872262443,-0.233820233667,-0.145314291311,1,0,0,0,0,0,1,0,0,0,0,1,0,0,0,0,1,0,0,0,0,0,1,0,0,0,0,0,0,0,0,0,1,0,1,1,1,0
BSAR1002,0.719280866255,0.037543097926,0.724853894103,0.178782920361,-0.249324402715,-0.813755951392,-1.2290564443,-0.59634856599,0,0,0,0,1,0,0,1,0,0,0,0,0,1,0,0,0,1,0,0,0,0,0,0,0,0,1,0,0,0,0,0,1,0,3,2,3,3
BSAR1003,-0.863657226255,-0.89812305133,-1.13839067482,-0.870662763796,-0.716075445022,-0.156530652255,-0.0850542140614,-0.171338579931,0,0,0,1,0,0,0,1,0,0,0,0,0,1,0,0,1,0,0,0,0,0,0,1,0,0,0,0,0,0,0,0,1,0,3,0,4,2
BSAR1005,-0.451433764664,-0.281433998411,0.259042751873,-0.182654076065,0.413266237763,1.34101624604,0.7724467883,0.929738192544,1,0,0,0,0,0,1,0,0,0,0,1,0,0,0,0,0,1,0,0,0,0,0,0,0,1,0,0,0,0,0,0,1,0,5,3,2,1
BSAR1006,-0.0556992415364,-0.281433998411,-0.11360616191,-0.327926180738,-0.164460576841,-0.327194487456,-1.04861025119,0.131001269652,0,0,0,1,0,0,0,1,0,0,0,1,0,0,0,0,0,1,0,0,0,0,0,0,0,1,0,0,0,0,0,0,1,0,5,3,1,0
BSAR1007,-0.682278903155,-0.791797352551,-0.641525456437,-0.697498415026,-0.448427994189,0.159649532498,-0.274495702695,0.308280788892,0,0,1,0,0,0,0,0,1,0,0,1,0,0,0,0,0,1,0,0,0,0,1,0,0,0,0,0,1,0,0,0,0,0,0,1,4,0
BSAR1008,-0.764723595473,-1.02571388986,-0.827849913329,-0.820689159789,-0.774827324474,-0.632637543504,-0.509994183666,-0.601664413173,0,0,1,0,0,0,0,1,0,0,0,0,0,0,1,0,0,1,0,0,0,0,0,0,1,0,0,0,1,0,0,0,0,0,0,1,3,2
BSAR1009,0.0762122661727,0.27145963524,-0.206768390356,-0.143140063594,-0.357036181709,-0.652416464802,-0.869170487396,-0.490737841495,0,0,1,0,0,0,0,0,0,1,0,1,0,0,0,0,0,1,0,0,0,0,0,0,0,0,1,0,1,0,0,0,0,0,3,4,1,3
BSAR1010,0.323546343127,0.781822989379,0.321150904171,0.364731214343,1.42510416165,0.907292757569,-0.307413299552,1.26786536977,0,0,1,0,0,0,0,0,0,1,0,1,0,0,0,0,1,0,0,0,0,0,0,1,0,0,0,0,0,1,0,0,0,0,0,2,2,1
BSAR1011,0.570880420082,0.845618408647,0.538529437211,0.523949441064,0.0411710012385,-0.531765044883,-0.477869302569,-0.478622888211,0,0,1,0,0,0,0,0,0,1,0,0,1,0,0,0,1,0,0,0,0,0,1,0,0,0,0,0,0,0,0,1,0,0,4,3,0,3
BSAR1013,-0.204099687709,-0.345229417679,-0.0204439334645,-0.318628766039,0.915921206402,1.38820310113,-0.669248124037,2.33206631473,0,0,0,0,1,0,1,0,0,0,0,1,0,0,0,0,1,0,0,0,0,0,0,0,0,1,0,0,0,0,0,0,1,0,5,4,2,1
BSAR1014,-0.665789964691,-0.621676234504,-0.144660238059,-0.479009169598,-0.00452490500139,1.31276064418,0.83223271476,0.868099503348,0,0,0,0,1,0,0,0,1,0,0,1,0,0,0,0,0,1,0,0,0,0,0,0,0,1,0,0,0,1,0,0,0,0,5,1,2,1
BSAR1015,-0.270055441564,-0.196373439388,0.0106101426841,-0.241925094772,-0.500651887034,-0.604664497668,-0.232932872977,-0.654432208641,1,0,0,0,0,0,0,0,1,0,0,1,0,0,0,0,1,0,0,0,0,0,1,0,0,0,0,0,0,0,0,1,0,0,4,4,4,0
BSAR1018,-0.237077564636,-0.0475174610972,0.10377237113,-0.13616700257,-0.193836516567,-0.173201457349,-0.020379389182,-0.217666173763,0,0,1,0,0,0,0,0,1,0,0,0,1,0,0,0,0,1,0,1,0,0,0,0,0,0,0,0,0,1,0,0,0,0,0,4,4,0
BSAR1020,-0.781212533937,-1.04697902962,-0.672579532586,-0.788148208342,0.279442512346,3.04765459805,-0.164996538584,3.71217395145,0,0,1,0,0,0,0,0,0,1,0,1,0,0,0,0,0,1,0,0,0,0,0,0,1,0,0,0,0,1,0,0,0,0,3,1,2,1
BSAR1021,-0.467922703127,0.037543097926,-0.268876542654,-0.264006454682,-0.135084637115,0.323814579273,0.541067488496,0.0756002741471,0,0,1,0,0,0,1,0,0,0,0,0,0,0,1,0,1,0,0,0,0,0,0,1,0,0,0,0,0,0,1,0,0,0,3,4,1,0
BSAR1023,0.554391481618,-0.196373439388,0.321150904171,-0.116409996334,-0.0828607442697,-0.625008531003,-1.51585551823,-0.0546833674969,0,0,0,0,1,0,0,1,0,0,0,1,0,0,0,0,0,1,0,0,1,0,0,0,0,0,0,0,0,1,0,0,0,0,5,3,3,3
BSAR1024,1.18097114324,1.03700466645,0.818016122549,0.799385351524,0.0803389208727,-0.723903137494,-0.890171357049,-0.592531525496,0,1,0,0,0,0,0,1,0,0,0,0,0,1,0,0,0,1,0,0,0,1,0,0,0,0,0,0,0,0,1,0,0,0,4,2,0,3
BSAR1025,-0.105166056927,-0.196373439388,-0.206768390356,-0.330250534413,-0.513707860246,-0.738030938422,-0.948145588767,-0.590834755501,0,0,0,1,0,0,1,0,0,0,0,0,0,0,1,0,1,0,0,0,0,0,0,0,0,0,1,0,0,1,0,0,0,0,3,4,4,0
BSAR1026,-1.02854661089,-0.876857911574,-1.13839067482,-0.866014056447,-0.39294010804,3.85576481109,3.30737007018,1.4304282314,0,0,0,1,0,0,1,0,0,0,0,1,0,0,0,0,0,1,0,0,0,1,0,0,0,0,0,0,0,0,1,0,0,0,2,0,2,1
BSAR1027,-0.352500133882,-0.515350535725,-0.921012141775,-0.705633652888,-0.317868262075,-0.219258088372,-1.5265481653,0.796999035388,1,0,0,0,0,0,0,1,0,0,0,1,0,0,0,0,1,0,0,0,0,1,0,0,0,0,0,0,1,0,0,0,0,0,0,4,1,0
BSAR1028,-0.748234657009,-0.579145954992,-0.486255075694,-0.576632023938,-0.585515712908,-0.0528325934486,0.97742710759,-0.425399681002,1,0,0,0,0,0,0,0,1,0,0,1,0,0,0,0,0,1,0,0,0,0,0,0,0,0,1,0,0,1,0,0,0,0,1,1,4,2
BSAR1029,0.0102565123182,-0.0475174610972,0.56958351336,0.0637274134604,-0.441900007583,-0.713448564808,-0.230927194707,-0.788581479728,0,0,1,0,0,0,1,0,0,0,0,0,0,1,0,0,1,0,0,1,0,0,0,0,0,0,0,0,1,0,0,0,0,0,0,3,0,3
BSAR1030,0.933637066282,0.909413827914,0.165880523427,0.334514616571,0.981201072459,-0.0440733568737,-1.23445354707,0.787780884319,1,0,0,0,0,0,0,1,0,0,0,0,0,1,0,0,0,1,0,0,0,0,0,0,0,0,1,0,0,1,0,0,0,0,1,2,1,3
BSAR1033,-0.220588626173,-0.111312880365,0.165880523427,-0.139653533082,1.30760040274,2.00954378592,-0.0880073203562,2.37089865838,0,0,1,0,0,0,1,0,0,0,0,0,1,0,0,0,1,0,0,0,0,0,1,0,0,0,0,0,1,0,0,0,0,0,0,4,2,1
BSAR1034,-0.7977014724,-0.664206514016,-0.858903989478,-0.726552835961,-0.641003599057,-0.0881520957668,0.42227207618,-0.291170749966,1,0,0,0,0,0,0,0,0,1,0,1,0,0,0,0,0,1,0,0,0,0,0,0,0,0,1,0,0,0,0,1,0,0,4,0,1,2
BSAR1035,-0.9790797955,-1.3446909862,-1.04522844637,-0.9578260266,-0.846635177136,-0.371838338387,0.514907412783,-0.60331422514,0,0,0,0,1,0,0,1,0,0,0,1,0,0,0,0,1,0,0,0,0,1,0,0,0,0,0,0,0,0,0,0,1,0,5,0,3,2
BSAR1036,0.966614943209,0.462845893042,0.849070198697,0.482111074919,1.01384100549,-0.0429431327995,-1.06872503636,0.620214003813,0,0,0,0,1,0,0,0,0,1,0,1,0,0,0,0,1,0,0,0,1,0,0,0,0,0,0,0,0,1,0,0,0,0,1,2,1,3
BSAR1038,-0.781212533937,-0.876857911574,-0.672579532586,-0.733525896985,0.237010599409,2.90072546841,0.22036646168,2.98886514222,0,0,1,0,0,0,0,0,0,1,0,1,0,0,0,0,1,0,0,0,0,0,1,0,0,0,0,0,1,0,0,0,0,0,0,0,2,1
BSAR1039,-0.748234657009,-0.685471653772,-0.765741761032,-0.702147122376,-0.611627659331,-0.136751730957,0.157505830431,-0.246840018082,0,0,0,0,1,0,0,0,0,1,0,0,0,1,0,0,0,1,0,0,0,0,1,0,0,0,0,0,0,0,0,0,1,0,1,1,1,2
BSAR1040,-0.121654995391,-0.175108299632,-0.393092847248,-0.397656790981,0.618897815843,0.780142549224,-1.0933997078,2.03120948532,1,0,0,0,0,0,0,0,0,1,0,1,0,0,0,0,1,0,0,0,0,0,0,1,0,0,0,0,0,1,0,0,0,0,3,3,2,1
BSAR1041,0.2905684662,0.973209247182,0.259042751873,0.420515702537,0.00526707490716,-0.407722952742,-0.129466616574,-0.450341253333,1,0,0,0,0,0,0,0,1,0,0,0,0,1,0,0,0,1,0,0,0,0,0,0,0,0,1,0,0,0,1,0,0,0,3,4,1,3
BSAR1044,-0.9790797955,-1.28089556693,-1.32471513171,-1.00082656958,-0.892331083376,-0.675868614341,-0.0684981113495,-0.784218285531,0,0,0,0,1,0,0,1,0,0,0,1,0,0,0,0,0,1,0,0,0,0,0,0,0,0,1,0,0,0,0,0,1,0,5,0,0,2
BSAR1045,-0.814190410864,-0.940653330841,-0.889958065626,-0.813716098764,-0.298284302258,1.25737966455,-0.080152510774,1.48134103951,0,0,1,0,0,0,1,0,0,0,0,0,0,1,0,0,0,1,0,0,0,0,0,0,0,0,1,0,0,1,0,0,0,0,1,1,2,1
BSAR1046,-0.814190410864,-0.770532212795,-0.827849913329,-0.747472019033,-0.650795578965,-0.0692208425243,0.427842193552,-0.273851225273,0,0,0,0,1,0,0,0,1,0,0,1,0,0,0,0,1,0,0,0,0,0,1,0,0,0,0,0,0,1,0,0,0,0,1,0,4,2
BSAR1047,0.4719467893,1.31345148327,0.631691665657,0.834250656646,0.253330565924,-0.300069109676,0.237333149495,-0.450982991277,0,0,0,0,1,0,1,0,0,0,0,1,0,0,0,0,0,1,0,0,1,0,0,0,0,0,0,0,0,0,0,0,1,0,5,2,1,3
BSAR1048,-0.550367395446,-0.876857911574,-0.57941730414,-0.706795829725,-0.6899634986,-0.690561527306,-0.956746161605,-0.511847186775,0,1,0,0,0,0,0,1,0,0,0,1,0,0,0,0,1,0,0,1,0,0,0,0,0,0,0,0,1,0,0,0,0,0,0,4,0,0
BSAR1049,-0.550367395446,-0.451555116458,-0.0514980096132,-0.375575431071,-0.0730687643612,0.678704938566,0.541186940897,0.425433060056,0,1,0,0,0,0,1,0,0,0,0,1,0,0,0,0,0,1,0,0,0,0,0,0,1,0,0,0,0,0,0,0,1,0,5,1,2,1
BSAR1050,-0.913124041646,-0.876857911574,-0.796795837181,-0.769553378944,-0.778091317776,-0.257968262913,1.54815662404,-0.721345337349,1,0,0,0,0,0,0,0,1,0,0,0,0,1,0,0,1,0,0,1,0,0,0,0,0,0,0,0,0,0,1,0,0,0,2,1,1,2
BSAR1051,0.257590589273,0.037543097926,-0.424146923397,-0.333737064925,-0.37009215492,-0.754984299534,-1.56696874965,-0.287223162434,1,0,0,0,0,0,0,1,0,0,0,1,0,0,0,0,0,1,0,0,0,0,0,0,1,0,0,0,0,1,0,0,0,0,1,4,4,3
BSAR1054,1.47777203558,1.56863316034,1.78069248316,1.79537090116,1.80046339147,0.123199806105,-0.0841684966323,0.156081191795,0,0,0,0,1,0,1,0,0,0,0,1,0,0,0,0,0,1,0,0,1,0,0,0,0,0,0,0,0,1,0,0,0,0,5,2,1,1
BSAR1058,-0.946101918573,-1.08950930913,-1.07628252252,-0.900879361568,-0.389676114737,2.13217309796,0.663123951346,1.75406709921,1,0,0,0,0,0,1,0,0,0,0,1,0,0,0,0,0,1,0,0,1,0,0,0,0,0,0,0,0,0,0,0,1,0,5,1,2,1
BSAR1059,-0.764723595473,-0.855592771818,-0.57941730414,-0.699822768701,-0.755243364656,-0.56736710322,0.309927093493,-0.753262575944,0,0,1,0,0,0,1,0,0,0,0,0,1,0,0,0,0,1,0,0,1,0,0,0,0,0,0,0,0,0,0,0,1,0,1,1,4,2
BSAR1060,-0.484411641591,-0.579145954992,-0.765741761032,-0.670768347766,-0.647531585663,-0.668522157859,-1.03582920667,-0.439242924688,0,0,1,0,0,0,0,0,0,1,0,0,1,0,0,0,0,1,0,0,0,1,0,0,0,0,0,0,0,0,0,1,0,0,4,4,0,0
BSAR1061,-0.715256780082,-0.196373439388,-0.57941730414,-0.480171346435,0.0183230481185,1.65860921088,1.2625146781,0.928647235157,0,0,0,1,0,0,1,0,0,0,0,1,0,0,0,0,1,0,0,0,0,0,0,0,1,0,0,0,0,0,0,0,1,0,3,1,2,1
BSAR1062,-0.583345272373,-0.13257802012,-0.144660238059,-0.27795257673,0.227218619501,1.49218371596,1.21934081774,0.812339032898,0,0,0,0,1,0,1,0,0,0,0,0,0,1,0,0,1,0,0,0,1,0,0,0,0,0,0,0,0,0,0,1,0,0,4,1,2,1
BSAR1063,-0.6163231493,-0.64294137426,-0.983120294072,-0.760255964245,-0.295020308955,0.364220089925,-0.947435700216,1.15555561356,0,0,0,1,0,0,0,1,0,0,0,0,0,0,1,0,0,1,0,0,1,0,0,0,0,0,0,0,0,1,0,0,0,0,1,1,1,0
BSAR1064,-0.946101918573,-1.13203958864,-0.983120294072,-0.889257593194,-0.876011116862,-0.674455834249,0.799777497539,-0.950748964181,0,0,1,0,0,0,1,0,0,0,0,0,1,0,0,0,1,0,0,0,0,0,0,0,0,0,1,0,0,0,1,0,0,0,3,0,3,2
BSAR1066,0.867681312428,0.462845893042,1.09750280789,0.612274880706,0.720081608231,-0.182525805961,-0.773378126236,0.164003990728,0,1,0,0,0,0,0,0,0,1,0,1,0,0,0,0,0,1,0,0,0,0,0,0,0,1,0,0,1,0,0,0,0,0,0,2,4,3
BSAR1068,2.73093135882,2.56809472887,1.78069248316,2.54381278444,2.31943832663,-0.16528988883,-0.586911491583,0.0709731843508,0,0,1,0,0,0,0,0,0,1,0,0,0,0,1,0,0,1,0,0,0,0,0,1,0,0,0,0,0,0,0,0,1,0,0,2,1,3
BSAR1069,0.373013158518,0.951944107426,0.7869620464,0.730816918119,-0.422316047766,-0.847945229636,0.274740188481,-1.04195013614,0,0,0,0,1,0,0,0,1,0,0,1,0,0,0,0,0,1,0,0,1,0,0,0,0,0,0,0,0,0,0,0,1,0,5,3,3,3
BSAR1070,0.0927012046364,-0.111312880365,-0.330984694951,-0.347683186973,0.240274592712,0.00141816211213,-1.36407884737,1.02689604922,0,1,0,0,0,0,0,1,0,0,0,0,0,1,0,0,1,0,0,0,0,0,1,0,0,0,0,0,0,0,1,0,0,0,2,4,1,3
BSAR1073,-1.02854661089,-1.1533047284,-0.796795837181,-0.850905757561,-0.357036181709,4.16657643149,3.57384448526,1.4877683742,0,0,1,0,0,0,1,0,0,0,0,0,1,0,0,0,0,1,0,0,0,0,0,0,0,1,0,0,0,0,0,0,1,0,5,0,2,1
BSAR1074,-0.0886771184637,-0.64294137426,-0.11360616191,-0.47784699276,-0.288492322349,-0.456322587932,-1.37321784745,0.160446739105,0,0,0,0,1,0,0,1,0,0,0,1,0,0,0,0,1,0,0,0,1,0,0,0,0,0,0,0,0,1,0,0,0,0,1,4,1,0
BSAR1076,-0.814190410864,-1.13203958864,-0.983120294072,-0.889257593194,-0.758507357959,-0.474688729137,-0.659444717462,-0.32359624478,0,0,0,1,0,0,0,1,0,0,0,1,0,0,0,0,1,0,0,0,0,0,1,0,0,0,0,0,1,0,0,0,0,0,0,1,0,2
BSAR1077,2.79688711267,1.84507997717,1.47015172167,1.76515430339,0.436114190883,-0.858964914359,-1.20084171241,-0.689159662528,1,0,0,0,0,0,0,0,0,1,0,1,0,0,0,0,0,1,0,0,0,1,0,0,0,0,0,0,0,1,0,0,0,0,5,2,3,3
BSAR1078,-0.7977014724,-0.515350535725,-0.858903989478,-0.683552292977,-0.745451384748,-0.465081824507,0.738283401752,-0.744469565944,0,0,0,1,0,0,1,0,0,0,0,0,0,0,1,0,1,0,0,0,0,0,0,0,0,0,1,0,1,0,0,0,0,0,3,0,3,2
BSAR1079,0.933637066282,1.14333036523,1.09750280789,1.03995595686,-0.0306368514242,-0.723055469439,-0.269933750103,-0.790506714956,1,0,0,0,0,0,1,0,0,0,0,0,0,1,0,0,0,1,0,0,0,0,1,0,0,0,0,0,0,0,0,1,0,0,4,2,3,1
BSAR1080,-0.6163231493,-0.536615675481,0.0416642188328,-0.38022413842,-0.334188228589,0.267303375563,0.967666140005,-0.138022643693,0,0,0,1,0,0,0,0,1,0,0,0,0,0,1,0,1,0,0,0,0,0,0,0,1,0,0,0,0,0,0,0,1,0,5,4,1,0
BSAR1081,0.340035281591,0.186399076217,-0.330984694951,-0.236114210585,-0.184044536658,-0.615119070354,-1.48013263443,-0.0628639768946,0,0,0,0,1,0,0,1,0,0,0,1,0,0,0,0,0,1,0,0,0,0,0,0,0,0,1,0,0,0,0,1,0,0,4,3,4,3
BSAR1082,1.24692689709,0.101338517193,0.849070198697,0.270594890515,-0.138348630418,-0.869419487045,-1.58805855523,-0.517482283447,1,0,0,0,0,0,0,1,0,0,0,0,0,1,0,0,0,1,0,0,1,0,0,0,0,0,0,0,0,0,1,0,0,0,1,2,0,3
BSAR1084,-0.0556992415364,0.420315613531,-0.11360616191,-0.0362197945546,-0.262380375926,-0.450106355524,-0.302957205654,-0.439367472041,1,0,0,0,0,0,1,0,0,0,0,1,0,0,0,0,1,0,0,1,0,0,0,0,0,0,0,0,1,0,0,0,0,0,3,3,4,0
BSAR1085,-1.01205767243,-0.834327632062,-1.16944475096,-0.864851879609,-0.758507357959,0.503520207068,2.71665405914,-0.405017748747,0,0,1,0,0,0,1,0,0,0,0,0,0,0,1,0,1,0,0,0,0,0,0,0,0,1,0,0,0,0,1,0,0,0,0,0,1,2
BSAR1086,-0.814190410864,-0.961918470597,-0.983120294072,-0.843932696536,-0.813995244108,-0.683497626842,-0.311869393449,-0.729714889184,0,1,0,0,0,0,0,1,0,0,0,1,0,0,0,0,1,0,0,0,0,1,0,0,0,0,0,0,0,0,0,1,0,0,4,0,0,2
BSAR1087,1.69212823561,0.739292709868,0.818016122549,0.626221002754,1.32065637596,-0.225191764761,-1.50849611701,0.761744761292,0,0,1,0,0,0,0,1,0,0,0,0,1,0,0,0,0,1,0,0,0,0,0,1,0,0,0,0,1,0,0,0,0,0,0,2,4,3
BSAR1088,1.13150432785,0.760557849624,0.165880523427,0.265946183165,0.237010599409,-0.61398884628,-1.50414314083,-0.0414203703258,0,0,1,0,0,0,0,1,0,0,0,1,0,0,0,0,1,0,0,1,0,0,0,0,0,0,0,0,1,0,0,0,0,0,0,2,0,3
BSAR1089,1.65915035868,1.27092120376,1.28382726478,1.2433369034,0.527506003363,-0.608902837946,-0.857521954876,-0.429300984562,1,0,0,0,0,0,0,0,0,1,0,0,0,1,0,0,0,1,0,0,1,0,0,0,0,0,0,0,0,1,0,0,0,0,1,2,0,3
BSAR1090,0.455457850837,0.994474386938,0.290096828022,0.450732300309,1.81351936469,1.06128578768,-0.40277370896,1.55866136609,0,1,0,0,0,0,0,0,0,1,0,0,0,1,0,0,0,1,0,1,0,0,0,0,0,0,0,0,1,0,0,0,0,0,0,2,2,1
BSAR1091,0.2905684662,0.441580753286,0.818016122549,0.454218830821,1.93102312359,1.44471430484,-0.0634174025808,1.68379734215,0,0,0,1,0,0,1,0,0,0,0,0,0,0,1,0,1,0,0,0,0,0,0,1,0,0,0,0,0,0,0,0,1,0,3,3,2,1
BSAR1092,-0.368989072346,-0.2389037189,-0.206768390356,-0.346521010136,0.468754123912,1.16583151454,-0.222391027985,1.50719722884,0,0,0,0,1,0,1,0,0,0,0,1,0,0,0,0,0,1,0,0,0,0,0,0,0,1,0,0,0,0,0,0,1,0,5,3,2,1
BSAR1093,-0.830679349328,-1.13203958864,-0.858903989478,-0.859040995422,-0.817259237411,-0.665131485637,-0.292829719523,-0.711983114052,0,1,0,0,0,0,0,1,0,0,0,1,0,0,0,0,1,0,0,0,0,0,0,0,0,0,1,0,0,1,0,0,0,0,3,0,0,2
BSAR1094,-0.0886771184637,0.143868796705,0.476421284914,0.122998432167,1.29128043623,1.58486209004,0.208495959608,1.58727633426,1,0,0,0,0,0,1,0,0,0,0,1,0,0,0,0,0,1,0,0,0,0,0,0,0,0,1,0,0,1,0,0,0,0,1,4,2,1
BSAR1096,-0.336011195418,-0.728001933283,-0.3620387711,-0.590578145987,-0.0730687643612,0.166148320924,-1.17223829214,1.08826957728,0,0,1,0,0,0,0,1,0,0,0,0,1,0,0,0,1,0,0,0,0,0,0,0,1,0,0,0,1,0,0,0,0,0,0,4,1,0
BSAR1102,0.620347235473,0.739292709868,0.507475361062,0.449570123472,-0.10570869739,-0.670217493971,-0.676701953829,-0.594593467374,0,0,0,1,0,0,1,0,0,0,0,0,0,0,1,0,0,1,0,0,1,0,0,0,0,0,0,0,0,1,0,0,0,0,1,2,0,1
BSAR1103,-0.946101918573,-1.04697902962,-1.07628252252,-0.890419770032,-0.0959167174811,3.82750920924,0.78611214292,3.22856123292,1,0,0,0,0,0,1,0,0,0,0,1,0,0,0,0,1,0,0,0,0,0,0,0,0,0,1,0,0,1,0,0,0,0,1,0,2,1
BSAR1104,0.224612712346,0.462845893042,-0.11360616191,-0.0187871419939,-0.516971853549,-0.888633296306,-0.878518729079,-0.850826194258,1,0,0,0,0,0,0,1,0,0,0,1,0,0,0,0,0,1,0,0,0,0,0,0,0,0,1,0,0,1,0,0,0,0,1,3,3,3
BSAR1105,-0.731745718546,-0.345229417679,-0.672579532586,-0.565010255564,-0.595307692817,-0.13025294253,0.894458883116,-0.472744196678,0,0,1,0,0,0,1,0,0,0,0,0,0,0,1,0,0,1,0,0,0,1,0,0,0,0,0,0,0,0,1,0,0,0,2,1,4,2
BSAR1106,0.554391481618,1.14333036523,0.724853894103,0.800547528362,0.599313856026,-0.0680906184501,0.00989421685488,-0.110212369496,0,0,0,1,0,0,0,0,1,0,0,1,0,0,0,0,0,1,0,0,0,0,0,0,0,0,1,0,0,0,1,0,0,0,2,2,4,3
BSAR1107,1.98892912796,1.07953494596,1.43909764552,1.21428248247,3.83719521245,0.796813354318,-1.14707530356,2.14615703637,0,0,1,0,0,0,0,0,0,1,0,1,0,0,0,0,1,0,0,0,0,0,0,1,0,0,0,0,1,0,0,0,0,0,0,2,2,1
BSAR1108,1.03257069706,1.46230746157,0.973286503292,1.15384928693,-0.12855665051,-0.814886175466,-0.260046671825,-0.906399463968,0,0,0,1,0,0,1,0,0,0,0,0,0,0,1,0,0,1,0,1,0,0,0,0,0,0,0,0,0,0,1,0,0,0,2,2,0,1
BSAR1109,0.603858297009,0.207664215973,0.724853894103,0.274081421027,0.475282110517,-0.202304727259,-0.935722539113,0.248749869109,0,1,0,0,0,0,0,1,0,0,0,1,0,0,0,0,1,0,0,0,0,0,0,0,0,0,1,0,1,0,0,0,0,0,3,3,1,3
BSAR1112,-0.00623242614548,0.0162779581702,-0.268876542654,-0.272141692544,-0.115500677298,-0.311936462455,-1.00974320997,0.127850601365,0,1,0,0,0,0,0,1,0,0,0,1,0,0,0,0,0,1,0,0,0,0,0,1,0,0,0,0,0,1,0,0,0,0,3,4,4,3
BSAR1114,0.8347034355,0.399050473775,0.383259056468,0.207837341296,-0.138348630418,-0.76741676435,-1.31068653781,-0.470956802483,0,0,0,1,0,0,0,1,0,0,0,1,0,0,0,0,0,1,0,0,0,1,0,0,0,0,0,0,0,0,1,0,0,0,2,2,3,3
BSAR1115,-1.04503554935,-1.40848640547,-1.32471513171,-1.02639446001,-0.800939270896,0.512279443642,0.909100334493,0.102524716683,1,0,0,0,0,0,0,1,0,0,0,0,0,1,0,0,1,0,0,0,0,0,0,0,0,0,1,0,0,0,0,1,0,0,4,0,4,2
BSAR1117,-0.863657226255,-1.04697902962,-1.20049882711,-0.921798544641,-0.787883297685,-0.467342272655,-0.536010916499,-0.368490988433,1,0,0,0,0,0,0,1,0,0,0,1,0,0,0,0,0,1,0,0,1,0,0,0,0,0,0,0,0,1,0,0,0,0,1,0,3,2
BSAR1118,0.620347235473,0.335255054507,0.259042751873,0.113701017468,0.174994726655,-0.449258687468,-1.21524115633,0.045712133646,0,0,0,0,1,0,0,1,0,0,0,0,0,1,0,0,0,1,0,0,1,0,0,0,0,0,0,0,0,0,0,0,1,0,5,3,0,3
BSAR1120,-1.02854661089,-1.36595612596,-1.4489314363,-1.04266493573,-0.765035344565,0.634626199673,0.19166921698,0.574526268623,0,1,0,0,0,0,0,0,1,0,0,1,0,0,0,0,1,0,0,0,1,0,0,0,0,0,0,0,0,0,0,1,0,0,4,0,4,2
BSAR1122,-1.04503554935,-1.36595612596,-1.29366105556,-1.01244833796,-0.259116382624,5.7237426497,1.18240742688,4.41809780245,0,0,1,0,0,0,0,0,1,0,0,0,1,0,0,0,0,1,0,0,0,0,0,1,0,0,0,0,0,1,0,0,0,0,3,0,2,1
BSAR1123,-0.962590857037,-1.13203958864,-0.734687684883,-0.829986574488,-0.86295514365,-0.543914953681,1.84615322267,-0.982817061798,0,0,0,0,1,0,1,0,0,0,0,0,0,1,0,0,1,0,0,0,0,1,0,0,0,0,0,0,0,0,0,0,1,0,5,0,0,2
BSAR1124,-1.01205767243,-1.06824416938,-1.07628252252,-0.895068477381,-0.725867424931,0.760363627925,2.23215512264,-0.12544782764,0,0,0,0,1,0,0,0,1,0,0,1,0,0,0,0,0,1,0,0,0,1,0,0,0,0,0,0,0,0,0,1,0,0,4,0,1,2
BSAR1126,0.2905684662,0.547906452065,0.538529437211,0.36589339118,0.586257882814,0.151172851941,-0.236511894425,0.274818883057,0,0,0,1,0,0,1,0,0,0,0,0,0,0,1,0,1,0,0,0,0,0,0,0,0,1,0,0,1,0,0,0,0,0,0,4,2,1
BSAR1127,-0.731745718546,-0.600411094748,-0.3620387711,-0.542928895654,-0.281964335743,0.838349089044,1.0335526712,0.34064429384,0,0,0,0,1,0,1,0,0,0,0,0,0,1,0,0,0,1,0,0,0,1,0,0,0,0,0,0,0,0,0,1,0,0,4,1,2,1
BSAR1128,-0.814190410864,-0.536615675481,-0.889958065626,-0.700984945538,-0.343980208498,1.08558560527,0.784329705361,0.685367822804,0,0,0,1,0,0,1,0,0,0,0,1,0,0,0,0,0,1,0,0,0,0,0,0,1,0,0,0,0,1,0,0,0,0,1,1,2,1
BSAR1129,0.158656958491,-0.0475174610972,-0.268876542654,-0.297709582966,-0.0665407777555,-0.389356811536,-1.35568221766,0.272621551881,0,0,0,0,1,0,0,1,0,0,0,1,0,0,0,0,0,1,0,0,0,1,0,0,0,0,0,0,0,0,1,0,0,0,2,3,4,3
BSAR1131,-0.649301026228,-0.749267073039,-1.04522844637,-0.807905214577,-0.53002782676,-0.147206303643,-1.05374151083,0.43331220967,0,1,0,0,0,0,0,1,0,0,0,1,0,0,0,0,1,0,0,0,0,0,0,0,0,1,0,0,0,0,0,1,0,0,4,1,4,0
BSAR1133,0.438968912373,0.250194495484,0.600637589508,0.238053939068,-0.487595913823,-0.926213246773,-0.75144730258,-0.941977120481,0,0,1,0,0,0,0,0,0,1,0,0,0,0,1,0,0,1,0,0,0,0,0,0,1,0,0,0,0,0,1,0,0,0,0,3,3,3
BSAR1138,-0.7977014724,-1.08950930913,-0.983120294072,-0.87763582482,-0.748715378051,-0.476666621267,-0.688037986638,-0.313099735018,0,0,0,1,0,0,0,1,0,0,0,1,0,0,0,0,0,1,0,0,1,0,0,0,0,0,0,0,0,1,0,0,0,0,1,1,0,2
BSAR1139,-0.451433764664,-0.770532212795,-0.3620387711,-0.605686444873,-0.565931753091,-0.542784729607,-0.885616238843,-0.314079559534,0,0,0,0,1,0,0,1,0,0,0,1,0,0,0,0,1,0,0,0,0,0,0,0,0,0,1,0,0,0,1,0,0,0,3,3,3,0
BSAR1140,0.554391481618,0.909413827914,1.09750280789,0.892359498515,0.341458385101,-0.278594852266,0.162662568024,-0.403599875199,0,1,0,0,0,0,1,0,0,0,0,1,0,0,0,0,0,1,0,0,0,0,0,1,0,0,0,0,0,0,1,0,0,0,3,3,1,3
BSAR1141,2.21977426645,1.50483774108,0.818016122549,1.07017255463,1.47406406119,-0.33821417218,-1.4219318955,0.436088245981,0,0,1,0,0,0,0,1,0,0,0,0,1,0,0,0,0,1,0,0,0,0,0,0,0,0,1,0,0,1,0,0,0,0,4,2,4,3
BSAR1142,-0.880146164719,-1.21710014767,-0.796795837181,-0.869500586959,-0.0795967509669,2.80719942627,0.0999674951922,3.04310193126,0,0,0,1,0,0,1,0,0,0,0,0,0,1,0,0,1,0,0,0,0,0,0,0,0,0,1,0,0,1,0,0,0,0,1,1,2,1
BSAR1144,-0.517389518518,0.292724774996,-0.268876542654,-0.165221423504,-0.343980208498,0.00678672646449,1.2540672133,-0.445167963684,0,0,1,0,0,0,0,0,1,0,0,0,0,0,1,0,0,1,0,0,0,0,0,0,1,0,0,0,1,0,0,0,0,0,3,4,4,0
BSAR1145,1.42830522019,1.80254969766,0.942232427143,1.3363110504,0.772305501077,-0.408288064779,-0.530918638126,-0.290761516447,0,1,0,0,0,0,0,0,0,1,0,1,0,0,0,0,1,0,0,0,0,0,0,0,0,0,1,0,0,0,0,1,0,0,4,2,1,3
BSAR1146,-0.599834210837,-0.409024836946,-0.858903989478,-0.653335695205,-0.813995244108,-0.931864367144,-0.491598513986,-1.00806717024,1,0,0,0,0,0,0,1,0,0,0,1,0,0,0,0,0,1,0,0,1,0,0,0,0,0,0,0,0,1,0,0,0,0,1,1,3,0
BSAR1147,2.40115258955,2.5042993096,2.58809846302,3.20625358175,0.968145099247,-0.591384364796,0.206713644083,-0.754908117822,0,0,1,0,0,0,1,0,0,0,0,0,1,0,0,0,0,1,0,0,0,0,0,0,1,0,0,0,1,0,0,0,0,0,0,2,1,1
BSAR1149,0.735769804718,0.803088129135,0.880124274846,0.699438143509,2.83188527517,1.46138510994,-0.46269103306,2.15226457296,0,0,1,0,0,0,1,0,0,0,0,0,0,0,1,0,0,1,0,0,0,1,0,0,0,0,0,0,0,0,1,0,0,0,2,3,2,1
BSAR1150,-0.319522256955,-0.0475174610972,-0.0204439334645,-0.189627137089,-0.543083799971,-0.630377095356,0.120119482888,-0.777498121271,0,0,0,0,1,0,1,0,0,0,0,1,0,0,0,0,1,0,0,1,0,0,0,0,0,0,0,0,1,0,0,0,0,0,3,3,0,0
BSAR1151,-0.764723595473,-0.706736793527,-0.921012141775,-0.75793161057,-0.118764670601,1.55180303587,-0.0842658282179,1.83008435373,0,0,0,0,1,0,1,0,0,0,0,0,0,1,0,0,1,0,0,0,0,0,0,0,0,1,0,0,0,1,0,0,0,0,5,1,2,1
BSAR1153,2.31870789723,2.03646623497,3.1470718337,3.23414582584,-0.0306368514242,-0.978768666222,0.314368703878,-1.18466816158,0,0,0,0,1,0,1,0,0,0,0,0,0,1,0,0,1,0,0,0,1,0,0,0,0,0,0,0,0,1,0,0,0,0,1,2,3,1
BSAR1154,-0.913124041646,-1.06824416938,-1.35576920786,-0.965961264462,-0.804203264199,-0.390769591629,-0.489588903012,-0.286007561736,0,0,0,0,1,0,0,0,0,1,0,1,0,0,0,0,0,1,0,0,0,1,0,0,0,0,0,0,0,0,0,0,1,0,5,1,3,2
BSAR1155,-1.06152448782,-1.38722126571,-1.04522844637,-0.968285618136,-0.889067090073,-0.2059779555,2.72830066819,-0.856865572435,0,0,1,0,0,0,1,0,0,0,0,1,0,0,0,0,0,1,0,0,0,0,0,0,0,0,1,0,0,0,1,0,0,0,3,0,0,2
BSAR1158,0.405991035446,0.0162779581702,-0.206768390356,-0.245411625284,-0.0436928246356,-0.521027916179,-1.576021887,0.218475264624,0,0,0,0,1,0,0,1,0,0,0,1,0,0,0,0,0,1,0,0,0,0,1,0,0,0,0,0,0,0,1,0,0,0,2,3,1,3
BSAR1161,-0.599834210837,-0.196373439388,-0.3620387711,-0.393008083631,-0.696491485205,-0.649308348598,0.783834583816,-0.924973613997,0,0,0,0,1,0,0,0,1,0,0,1,0,0,0,0,0,1,0,0,0,0,0,0,1,0,0,0,0,1,0,0,0,0,5,4,0,0
BSAR1162,-0.566856333909,-0.600411094748,-0.144660238059,-0.469711754899,0.445906170792,1.91517007572,0.207851873766,1.94346903705,0,0,1,0,0,0,1,0,0,0,0,1,0,0,0,0,1,0,0,0,0,0,1,0,0,0,0,0,1,0,0,0,0,0,0,1,2,1
BSAR1163,-0.830679349328,-1.00444875011,-0.672579532586,-0.774202086293,-0.683435511994,-0.138447067068,0.387332249029,-0.330719079442,0,0,0,0,1,0,1,0,0,0,0,0,0,1,0,0,1,0,0,0,0,0,0,0,0,1,0,0,0,1,0,0,0,0,4,1,1,2
BSAR1164,0.504924666227,1.07953494596,0.849070198697,0.843548071345,0.844113353739,0.175755225555,0.182713766137,0.0823167453724,0,0,1,0,0,0,1,0,0,0,0,1,0,0,0,0,1,0,0,0,0,0,0,0,1,0,0,0,1,0,0,0,0,0,0,2,1,3
BSAR1165,2.17030745106,1.93014053619,1.71858433086,2.0173466771,0.16846674005,-0.877048499546,-0.573992563896,-0.915367396055,0,0,1,0,0,0,0,0,1,0,0,0,0,0,1,0,1,0,0,0,0,0,1,0,0,0,0,0,1,0,0,0,0,0,0,2,3,3
BSAR1166,-0.847168287791,-1.17456986816,-0.827849913329,-0.863689702772,-0.719339438325,-0.227734768928,-0.184128035051,-0.213563878104,0,0,0,1,0,0,0,0,0,1,0,0,0,1,0,0,1,0,0,0,1,0,0,0,0,0,0,0,0,1,0,0,0,0,5,0,4,2
BSAR1167,-0.847168287791,-0.621676234504,-0.548363227991,-0.61149732906,-0.6899634986,-0.106800792991,1.93400193094,-0.674566936346,1,0,0,0,0,0,0,0,1,0,0,1,0,0,0,0,0,1,0,0,0,0,0,0,0,1,0,0,0,1,0,0,0,0,1,1,1,2
BSAR1169,-0.368989072346,-0.0262523213414,-0.237822466505,-0.275628223056,-0.549611786577,-0.597318041186,0.0276849615479,-0.717830369391,0,0,0,0,1,0,1,0,0,0,0,1,0,0,0,0,0,1,0,1,0,0,0,0,0,0,0,0,0,0,1,0,0,0,3,4,4,0
BSAR1170,0.208123773882,0.250194495484,1.15961096018,0.507678965341,1.46100808798,1.13164223629,0.243517180094,1.07347059834,0,0,0,0,1,0,1,0,0,0,0,1,0,0,0,0,0,1,0,0,0,0,0,0,0,1,0,0,0,0,0,0,1,0,5,3,2,1
BSAR1172,-0.863657226255,-0.706736793527,-0.672579532586,-0.680065762465,-0.699755478508,-0.0858916476184,1.59578440411,-0.595963390886,0,0,1,0,0,0,1,0,0,0,0,0,1,0,0,0,0,1,0,0,0,0,1,0,0,0,0,0,0,1,0,0,0,0,3,1,4,2
BSAR1173,-0.863657226255,-0.409024836946,-0.827849913329,-0.642876103669,-0.585515712908,0.408581384836,1.92375291498,-0.296911037548,0,0,1,0,0,0,0,0,1,0,0,0,0,0,1,0,1,0,0,0,0,0,0,1,0,0,0,0,1,0,0,0,0,0,0,0,1,2
BSAR1174,2.58253091265,2.14279193375,2.58809846302,2.88316842095,2.9820289671,0.132524154717,-0.215158534624,0.239599723895,0,0,0,1,0,0,1,0,0,0,0,1,0,0,0,0,0,1,0,0,1,0,0,0,0,0,0,0,0,1,0,0,0,0,1,2,1,1
BSAR1175,-0.682278903155,-0.791797352551,-1.04522844637,-0.818364806114,-0.817259237411,-0.870267155101,-0.96217161257,-0.795996379661,0,0,0,0,1,0,0,1,0,0,0,1,0,0,0,0,0,1,0,0,0,1,0,0,0,0,0,0,0,0,0,0,1,0,5,1,3,0
BSAR1176,0.158656958491,0.292724774996,0.134826447279,0.032348638851,0.194578686472,-0.113864693454,-0.645750380118,0.179313719982,0,0,1,0,0,0,1,0,0,0,0,0,0,0,1,0,0,1,0,0,0,0,0,1,0,0,0,0,1,0,0,0,0,0,0,3,4,3
BSAR1177,-0.946101918573,-1.00444875011,-1.23155290326,-0.920636367804,-0.304812288863,2.6218426781,0.430812922818,2.45404323984,0,0,0,0,1,0,1,0,0,0,0,0,0,1,0,0,1,0,0,0,0,0,0,0,1,0,0,0,0,0,0,0,1,0,1,1,2,1
BSAR1178,0.455457850837,1.07953494596,1.12855688404,1.01903677379,0.462226137306,-0.108496129102,0.599580052366,-0.368717203214,0,0,1,0,0,0,0,0,1,0,0,0,0,1,0,0,0,1,0,0,0,0,0,0,1,0,0,0,0,1,0,0,0,0,0,3,1,3
BSAR1179,-0.880146164719,-1.04697902962,-1.04522844637,-0.88228453217,-0.673643532085,0.10087788064,-0.0187053212387,0.0962866195403,0,0,0,0,1,0,0,0,0,1,0,1,0,0,0,0,1,0,0,0,0,0,0,0,0,1,0,0,0,0,1,0,0,0,4,0,4,2
BSAR1180,0.521413604691,0.951944107426,1.22171911248,0.994631060205,0.073810934267,-0.480339849508,0.404533394703,-0.685459605006,1,0,0,0,0,0,1,0,0,0,0,1,0,0,0,0,0,1,0,0,1,0,0,0,0,0,0,0,0,0,0,0,1,0,5,3,0,3
BSAR1181,-0.583345272373,-0.451555116458,-0.548363227991,-0.554550664028,-0.696491485205,-0.669087269896,-0.0991812360665,-0.768371079534,0,1,0,0,0,0,0,0,0,1,0,1,0,0,0,0,1,0,0,1,0,0,0,0,0,0,0,0,0,1,0,0,0,0,3,1,3,0
BSAR1185,-0.946101918573,-0.813062492306,-1.16944475096,-0.86020317226,-0.0534848045441,4.07248527732,1.14141136302,3.06020541319,0,0,0,1,0,0,1,0,0,0,0,0,0,0,1,0,1,0,0,1,0,0,0,0,0,0,0,0,0,0,1,0,0,0,2,0,2,1
BSAR1186,-0.880146164719,-0.855592771818,-0.796795837181,-0.762580317919,-0.774827324474,-0.360253541626,1.09250377807,-0.721094482798,0,0,0,1,0,0,0,0,1,0,0,0,0,0,1,0,1,0,0,1,0,0,0,0,0,0,0,0,0,0,1,0,0,0,2,0,4,2
BSAR1187,-0.385478010809,0.165133936461,-0.393092847248,-0.272141692544,0.935505166219,2.04232028407,0.110095416446,2.18289418807,1,0,0,0,0,0,1,0,0,0,0,1,0,0,0,0,0,1,0,0,0,0,0,0,0,1,0,0,0,0,0,1,0,0,4,4,2,1
BSAR1188,2.13732957413,1.69622399888,2.61915253917,2.50894747932,3.70663548034,0.644233104303,-0.116816016011,0.789940054797,1,0,0,0,0,0,1,0,0,0,0,0,0,1,0,0,0,1,0,0,1,0,0,0,0,0,0,0,0,1,0,0,0,0,5,2,2,1
BSAR1189,-0.6163231493,-0.472820256213,-0.548363227991,-0.561523725052,-0.536555813366,-0.233103333281,0.054039574028,-0.315018887271,0,0,0,0,1,0,0,0,0,1,0,1,0,0,0,0,0,1,0,0,0,0,0,0,0,1,0,0,0,1,0,0,0,0,1,1,4,0
BSAR1190,0.438968912373,0.654232150845,0.259042751873,0.267108360003,0.14561878693,-0.372686006442,-0.699684595689,-0.157629306492,1,0,0,0,0,0,1,0,0,0,0,1,0,0,0,0,0,1,0,0,0,0,0,0,0,0,1,0,0,1,0,0,0,0,1,3,1,3
BSAR1193,-0.352500133882,-0.13257802012,-0.548363227991,-0.446468218151,0.560145936391,1.27122490946,-0.630261671152,2.11267228305,0,0,1,0,0,0,1,0,0,0,0,0,1,0,0,0,0,1,0,0,0,0,0,0,1,0,0,0,1,0,0,0,0,0,0,4,2,1
BSAR1194,-0.929612980109,-1.13203958864,-1.35576920786,-0.978745209673,-0.373356148223,2.0016322174,-0.4488942808,2.8460245099,0,0,1,0,0,0,1,0,0,0,0,0,0,1,0,0,1,0,0,0,0,0,0,0,0,0,1,0,0,0,0,1,0,0,4,0,2,1
BSAR1195,-0.781212533937,-0.664206514016,-0.889958065626,-0.73585025066,-0.676907525388,-0.263901939302,0.203968036137,-0.401414928831,0,0,0,0,1,0,1,0,0,0,0,1,0,0,0,0,0,1,0,0,1,0,0,0,0,0,0,0,0,1,0,0,0,0,1,0,1,2
BSAR1200,-0.896635103182,-1.02571388986,-1.13839067482,-0.900879361568,-0.108972690693,2.89818246424,-0.01331110231,3.30270964481,0,0,0,1,0,0,1,0,0,0,0,0,0,0,1,0,0,1,0,0,1,0,0,0,0,0,0,0,0,0,0,0,1,0,5,1,2,1
BSAR1201,1.16448220477,1.14333036523,1.90490878775,1.55596247266,1.73191953211,0.280300952417,0.0605104812104,0.259140743871,0,0,1,0,0,0,1,0,0,0,0,0,1,0,0,0,0,1,0,0,1,0,0,0,0,0,0,0,0,1,0,0,0,0,5,2,2,1
BSAR1202,0.142168020027,-0.153843159876,-0.175714314208,-0.300033936641,-0.187308529961,-0.506335003214,-1.33556069279,0.0341102305158,0,0,0,0,1,0,0,1,0,0,0,1,0,0,0,0,0,1,0,0,0,0,0,0,0,1,0,0,0,1,0,0,0,0,1,3,0,3
BSAR1203,2.73093135882,3.20604892154,2.58809846302,3.83034254342,2.82209329527,0.0175238551692,0.366505371668,-0.16276392537,0,0,0,0,1,0,0,0,1,0,0,1,0,0,0,0,0,1,0,0,0,0,0,0,0,0,1,0,0,1,0,0,0,0,1,2,1,3
BSAR1205,0.1091901431,-0.13257802012,0.0727182949814,-0.188464960252,1.56219188037,1.43256439605,-1.03432066738,3.01237379727,0,1,0,0,0,0,0,0,0,1,0,1,0,0,0,0,1,0,0,0,0,0,0,0,1,0,0,0,0,1,0,0,0,0,3,4,2,1
BSAR1207,-0.880146164719,-0.961918470597,-0.889958065626,-0.819526982951,-0.281964335743,1.88521913776,0.563870323058,1.59612145716,0,1,0,0,0,0,0,0,0,1,0,1,0,0,0,0,0,1,0,0,0,0,0,1,0,0,0,0,0,0,1,0,0,0,3,1,2,1
BSAR1208,-0.138143933855,-0.302699138167,0.290096828022,-0.18032972239,0.964881105945,1.28196203816,-0.458502733267,1.90988965759,1,0,0,0,0,0,0,0,0,1,0,1,0,0,0,0,1,0,0,0,1,0,0,0,0,0,0,0,0,1,0,0,0,0,1,3,2,1
BSAR1210,-0.847168287791,-0.813062492306,-0.921012141775,-0.786986031505,-0.683435511994,-0.079957971229,0.460095825573,-0.295502272751,0,0,0,1,0,0,1,0,0,0,0,0,0,0,1,0,1,0,0,0,1,0,0,0,0,0,0,0,0,0,1,0,0,0,2,0,4,2
BSAR1212,-0.220588626173,-0.068782600853,-0.144660238059,-0.252384686308,0.951825132733,1.48766281966,-0.425008862239,2.1390478838,0,1,0,0,0,0,0,0,0,1,0,1,0,0,0,0,1,0,0,0,0,0,0,1,0,0,0,0,0,1,0,0,0,0,3,4,2,1
BSAR1213,-0.00623242614548,0.207664215973,0.414313132616,0.126484962679,-0.435372020977,-0.696495203695,-0.0332397444631,-0.816411777814,1,0,0,0,0,0,1,0,0,0,0,1,0,0,0,0,1,0,0,0,0,0,0,1,0,0,0,0,1,0,0,0,0,0,3,3,3,3
BSAR1214,0.257590589273,0.143868796705,0.600637589508,0.181107274036,-0.614891652634,-0.995722027335,-0.535079187775,-1.08576100794,0,1,0,0,0,0,1,0,0,0,0,1,0,0,0,0,1,0,0,0,0,1,0,0,0,0,0,0,0,0,0,0,1,0,5,4,3,3
BSAR1215,-0.352500133882,-0.111312880365,-0.0825520857618,-0.244249448446,0.201106673078,0.661751577453,0.0690829476006,0.681703372427,0,0,0,0,1,0,1,0,0,0,0,1,0,0,0,0,1,0,0,0,0,0,1,0,0,0,0,0,0,0,0,1,0,0,4,4,2,1
BSAR1216,-0.698767841618,-0.664206514016,-1.01417437022,-0.776526439968,-0.787883297685,-0.768829544443,-0.635084737489,-0.748079974826,1,0,0,0,0,0,0,0,0,1,0,1,0,0,0,0,1,0,0,1,0,0,0,0,0,0,0,0,0,0,0,1,0,0,2,1,3,0
BSAR1219,-0.814190410864,-0.770532212795,-0.703633608735,-0.7091201834,-0.791147290988,-0.597600597204,0.721944390794,-0.866019998303,1,0,0,0,0,0,0,0,1,0,0,1,0,0,0,0,1,0,0,0,0,0,0,0,1,0,0,0,0,1,0,0,0,0,5,0,3,2
BSAR1220,-0.566856333909,-0.728001933283,-1.01417437022,-0.792796915691,-0.285228329046,0.249502346395,-1.29174098841,1.39419470802,0,0,1,0,0,0,0,1,0,0,0,1,0,0,0,0,0,1,0,0,0,0,0,0,0,1,0,0,0,1,0,0,0,0,4,1,1,0
BSAR1221,0.208123773882,0.27145963524,-0.206768390356,-0.143140063594,-0.148140610327,-0.50718267127,-1.10694139405,-0.130057106487,0,0,0,0,1,0,0,1,0,0,0,1,0,0,0,0,0,1,0,0,0,0,0,0,1,0,0,0,0,0,0,0,1,0,5,3,0,3
BSAR1222,-0.270055441564,-0.0262523213414,-0.11360616191,-0.221005911699,-0.562667759788,-0.700450987955,-0.167046341777,-0.788845120615,0,0,0,0,1,0,1,0,0,0,0,1,0,0,0,0,0,1,0,0,0,1,0,0,0,0,0,0,0,1,0,0,0,0,5,4,3,0
BSAR1223,0.191634835418,0.292724774996,0.56958351336,0.24618917693,0.240274592712,-0.0966287763232,-0.262215775733,-0.016681618924,0,0,0,1,0,0,1,0,0,0,0,1,0,0,0,0,0,1,0,0,0,0,0,1,0,0,0,0,0,0,0,1,0,0,3,3,1,3
BSAR1225,0.158656958491,0.356520194263,0.227988675725,0.109052310118,-0.265644369229,-0.599578489334,-0.48076622069,-0.567877428366,0,0,0,0,1,0,1,0,0,0,0,1,0,0,0,0,0,1,0,1,0,0,0,0,0,0,0,0,0,0,1,0,0,0,2,4,1,3
BSAR1226,0.801725558573,0.845618408647,0.693799817954,0.61459923438,1.0268969787,0.0762955070267,-0.683308757509,0.475817816505,1,0,0,0,0,0,1,0,0,0,0,0,0,1,0,0,0,1,0,0,1,0,0,0,0,0,0,0,0,1,0,0,0,0,1,2,1,1
BSAR1227,0.521413604691,0.292724774996,1.06644873174,0.489084135943,2.76007742251,1.75552592524,-0.452836210018,2.52778530867,0,0,0,1,0,0,1,0,0,0,0,0,0,0,1,0,0,1,0,0,0,1,0,0,0,0,0,0,1,0,0,0,0,0,0,2,2,1
BSAR1231,1.11501538938,1.31345148327,1.81174655931,1.62453090607,0.94856113943,-0.168680561052,0.220952119735,-0.304821159996,1,0,0,0,0,0,1,0,0,0,0,1,0,0,0,0,1,0,0,0,0,1,0,0,0,0,0,0,0,1,0,0,0,0,2,2,1,1
BSAR1232,-0.814190410864,-1.08950930913,-0.952066217924,-0.870662763796,-0.056748797847,2.16664493223,-0.516849712739,3.17336805414,1,0,0,0,0,0,0,0,0,1,0,0,0,1,0,0,0,1,0,1,0,0,0,0,0,0,0,0,0,0,1,0,0,0,2,0,2,1
BSAR1233,-0.946101918573,-1.11077444889,-0.827849913329,-0.846257050211,-0.657323565571,0.587439344576,1.30539561845,0.0215808333399,0,0,0,0,1,0,0,0,0,1,0,1,0,0,0,0,1,0,0,0,0,0,0,0,0,1,0,0,0,1,0,0,0,0,5,1,1,2
BSAR1235,-0.682278903155,-0.89812305133,-1.20049882711,-0.889257593194,-0.725867424931,-0.615119070354,-1.36551998279,-0.149387156058,1,0,0,0,0,0,0,1,0,0,0,1,0,0,0,0,0,1,0,0,1,0,0,0,0,0,0,0,0,1,0,0,0,0,1,1,3,0
BSAR1237,-0.9790797955,-1.02571388986,-1.16944475096,-0.90901459943,-0.889067090073,-0.654394356932,1.17715152126,-0.986732151818,0,0,0,0,1,0,0,0,0,1,0,0,0,1,0,0,0,1,0,0,0,0,0,0,1,0,0,0,0,1,0,0,0,0,1,0,3,2
BSAR1238,0.983103881673,1.2071257845,0.880124274846,0.937684395173,0.214162646289,-0.577256563869,-0.477622583125,-0.539341082171,0,0,0,1,0,0,0,0,1,0,0,1,0,0,0,0,0,1,0,0,0,0,0,0,1,0,0,0,0,0,0,0,1,0,3,2,4,3
BSAR1239,0.125679081564,-0.0475174610972,0.662745741806,0.104403602769,1.26843248311,1.07965192888,-0.418147232907,1.59888050781,0,0,1,0,0,0,1,0,0,0,0,0,1,0,0,0,1,0,0,0,0,0,0,1,0,0,0,0,1,0,0,0,0,0,0,3,2,1
BSAR1240,0.191634835418,-0.111312880365,0.165880523427,-0.139653533082,-0.350508195103,-0.705536996289,-1.07237608531,-0.482982921542,0,0,1,0,0,0,0,0,0,1,0,0,1,0,0,0,0,1,0,0,0,0,0,0,0,1,0,0,0,1,0,0,0,0,0,4,0,3
BSAR1241,0.488435727764,0.250194495484,-0.144660238059,-0.121058703684,0.00526707490716,-0.521027916179,-1.45018294831,0.100858440914,0,1,0,0,0,0,0,1,0,0,0,1,0,0,0,0,0,1,0,0,1,0,0,0,0,0,0,0,0,1,0,0,0,0,5,2,0,3
BSAR1242,-0.0227213646091,0.484111032798,0.196934599576,0.153215029939,-0.324396248681,-0.5518265222,0.0805179170832,-0.680261862472,0,0,0,1,0,0,0,0,1,0,0,1,0,0,0,0,0,1,0,0,1,0,0,0,0,0,0,0,0,0,1,0,0,0,2,4,0,3
BSAR1243,-0.368989072346,-0.557880815237,-0.734687684883,-0.653335695205,-0.48433192052,-0.484295633768,-1.30468711383,0.0510899305528,0,0,0,0,1,0,0,1,0,0,0,0,0,1,0,0,0,1,0,0,0,0,0,0,0,0,1,0,0,0,0,0,1,0,1,4,1,0
BSAR1244,-0.484411641591,-0.472820256213,-0.765741761032,-0.638227396319,-0.660587558874,-0.694799867584,-0.902353649927,-0.542040452016,0,1,0,0,0,0,1,0,0,0,0,1,0,0,0,0,0,1,0,0,0,0,0,1,0,0,0,0,0,0,1,0,0,0,3,4,0,0
BSAR1245,0.884170250891,0.632967011089,1.59436802626,0.99230670653,2.34881426635,0.927071678867,-0.262215775733,1.25095181013,0,1,0,0,0,0,1,0,0,0,0,1,0,0,0,0,1,0,0,0,0,0,0,0,0,0,1,0,0,1,0,0,0,0,2,2,2,1
BSAR1250,-0.715256780082,-0.813062492306,-0.734687684883,-0.732363720148,-0.562667759788,-0.0757196309508,-0.27130357314,0.013983131896,0,1,0,0,0,0,0,1,0,0,0,1,0,0,0,0,1,0,0,0,0,0,0,0,0,1,0,0,0,0,0,0,1,0,0,1,1,2
BSAR1251,-0.847168287791,-0.64294137426,-0.672579532586,-0.659146579392,-0.546347793274,0.485154065862,1.53380225995,-0.133829077045,1,0,0,0,0,0,0,0,1,0,0,1,0,0,0,0,0,1,0,0,1,0,0,0,0,0,0,0,0,1,0,0,0,0,5,0,1,2
BSAR1256,-0.220588626173,-0.0900477406088,-0.299930618802,-0.326764003901,-0.419052054463,-0.523853476364,-0.647360395028,-0.398565617474,0,0,0,0,1,0,0,1,0,0,0,1,0,0,0,0,0,1,0,0,0,0,0,0,0,0,1,0,0,1,0,0,0,0,1,4,0,0
BSAR1257,-1.04503554935,-1.3446909862,-1.04522844637,-0.9578260266,-0.853163163742,0.00989484266849,2.25286020539,-0.646445023719,0,1,0,0,0,0,0,1,0,0,0,1,0,0,0,0,0,1,0,0,0,0,0,1,0,0,0,0,1,0,0,0,0,0,3,0,0,2
BSAR1258,-0.748234657009,-1.28089556693,-0.889958065626,-0.907852422592,-0.771563331171,-0.649308348598,-1.18625404047,-0.327188184754,0,1,0,0,0,0,0,1,0,0,0,1,0,0,0,0,0,1,0,0,0,0,0,1,0,0,0,0,0,0,1,0,0,0,3,1,3,2
BSAR1259,-0.204099687709,-0.00498718158559,0.0106101426841,-0.15824836248,0.951825132733,1.43991085253,-0.197793389671,1.81588120797,0,1,0,0,0,0,1,0,0,0,0,1,0,0,0,0,0,1,0,0,0,0,0,1,0,0,0,0,1,0,0,0,0,0,0,4,2,1
BSAR1260,0.900659189355,0.037543097926,0.693799817954,0.164836798313,0.795153454196,-0.150031863828,-1.43606820037,0.823270689305,1,0,0,0,0,0,0,0,0,1,0,1,0,0,0,0,0,1,0,0,0,0,1,0,0,0,0,0,0,1,0,0,0,0,1,2,4,3
BSAR1261,-1.04503554935,-0.834327632062,-1.13839067482,-0.856716641748,-0.879275110165,-0.241297457818,4.23433662519,-1.02058860781,0,0,0,0,1,0,0,0,1,0,0,1,0,0,0,0,0,1,0,0,0,0,0,0,1,0,0,0,0,0,1,0,0,0,3,0,0,2
BSAR1263,-0.863657226255,-0.728001933283,-1.10733659867,-0.821851336626,-0.735659404839,-0.241297457818,0.345404456447,-0.423110203681,0,0,0,0,1,0,0,0,1,0,0,1,0,0,0,0,1,0,0,0,1,0,0,0,0,0,0,0,0,0,0,0,1,0,1,1,0,2
BSAR1264,-0.451433764664,-0.557880815237,-0.548363227991,-0.590578145987,-0.464747960703,-0.348103632829,-0.826399702159,-0.0496493639503,0,0,1,0,0,0,0,1,0,0,0,0,1,0,0,0,1,0,0,0,0,0,0,1,0,0,0,0,0,1,0,0,0,0,3,3,0,0
BSAR1265,1.31288265095,1.01573952669,0.476421284914,0.576247398747,1.17704067063,-0.133361058734,-1.28095255055,0.676306151065,1,0,0,0,0,0,0,1,0,0,0,1,0,0,0,0,0,1,0,0,1,0,0,0,0,0,0,0,0,0,0,0,1,0,5,2,4,3
BSAR1267,2.68146454343,2.29164791204,1.56331395012,2.15332136708,3.79802729282,0.394736139927,-0.844135587941,1.0906718506,0,1,0,0,0,0,1,0,0,0,0,1,0,0,0,0,0,1,0,0,0,1,0,0,0,0,0,0,0,0,0,1,0,0,4,2,2,1
BSAR1269,-1.01205767243,-1.23836528742,-1.26260697941,-0.978745209673,-0.898859069982,-0.600991269427,0.890465760012,-0.897728806744,0,0,0,0,1,0,0,1,0,0,0,1,0,0,0,0,0,1,0,0,0,0,0,1,0,0,0,0,0,0,1,0,0,0,0,0,3,2
BSAR1270,-0.138143933855,0.143868796705,0.0416642188328,-0.0792203375378,1.09870483136,1.46279789003,-0.179857611733,1.82455451239,0,0,0,0,1,0,1,0,0,0,0,1,0,0,0,0,1,0,0,0,1,0,0,0,0,0,0,0,0,0,0,0,1,0,5,4,2,1
BSAR1272,-0.715256780082,-0.430289976702,-0.424146923397,-0.502252706346,-0.546347793274,-0.0268374397424,1.12821722753,-0.442112865452,0,0,1,0,0,0,0,0,1,0,0,0,1,0,0,0,1,0,0,0,0,0,0,0,0,1,0,0,0,0,0,0,1,0,5,1,4,2
BSAR1273,2.91230968192,1.73875427839,2.86758514836,2.73208543209,0.915921206402,-0.706667220363,-0.577624390957,-0.67973499446,0,0,0,1,0,0,0,0,1,0,0,0,0,1,0,0,1,0,0,1,0,0,0,0,0,0,0,0,0,0,1,0,0,0,2,2,0,3
BSAR1274,2.40115258955,2.33417819155,2.33966585383,2.84249223165,2.38145419938,-0.0299455559464,-0.0875929611351,-0.0218698665836,0,0,0,1,0,0,1,0,0,0,0,0,0,1,0,0,1,0,0,1,0,0,0,0,0,0,0,0,0,0,1,0,0,0,0,2,1,1
BSAR1275,-0.665789964691,-0.89812305133,-1.04522844637,-0.845094873374,-0.729131418234,-0.647330456468,-1.18554230325,-0.324151694049,0,0,1,0,0,0,0,1,0,0,0,0,0,1,0,0,1,0,0,1,0,0,0,0,0,0,0,0,1,0,0,0,0,0,0,1,0,0
BSAR1277,-1.06152448782,-1.38722126571,-1.16944475096,-0.992691331721,-0.895595076679,-0.276616960137,2.19022733005,-0.834796034027,0,0,0,1,0,0,1,0,0,0,0,0,0,0,1,0,0,1,0,0,0,0,0,0,0,0,1,0,0,1,0,0,0,0,1,0,0,2
BSAR1278,0.0432343892454,0.101338517193,-0.144660238059,-0.182654076065,-0.330924235286,-0.602969161557,-0.894726475255,-0.402932777316,0,0,1,0,0,0,0,0,0,1,0,0,1,0,0,0,1,0,0,0,0,0,0,0,0,0,1,0,0,1,0,0,0,0,2,4,3,3
BSAR1279,-0.121654995391,0.377785334019,0.880124274846,0.448407946634,-0.432108027675,-0.619357410632,1.20237986825,-0.960725959317,0,1,0,0,0,0,0,0,1,0,0,0,0,1,0,0,1,0,0,0,0,0,0,0,0,0,1,0,1,0,0,0,0,0,3,4,4,0
BSAR1281,1.11501538938,0.718027570112,0.7869620464,0.596004404982,-0.223212456292,-0.893154192603,-1.0748163272,-0.795620441896,1,0,0,0,0,0,0,0,0,1,0,0,0,1,0,0,0,1,0,0,0,0,0,0,0,0,1,0,0,0,1,0,0,0,2,2,3,3
BSAR1283,-0.6163231493,-0.494085395969,-0.672579532586,-0.612659505897,-0.357036181709,0.210792171854,-0.203649970222,0.328073606924,0,0,1,0,0,0,0,0,0,1,0,0,1,0,0,0,1,0,0,0,0,0,0,0,1,0,0,0,1,0,0,0,0,0,0,1,1,0
BSAR1284,-0.0556992415364,0.420315613531,0.383259056468,0.218296932832,-0.445164000886,-0.679541842583,0.347632503396,-0.877982104344,0,0,1,0,0,0,1,0,0,0,0,0,1,0,0,0,1,0,0,0,0,0,1,0,0,0,0,0,1,0,0,0,0,0,0,4,0,0
BSAR1285,-0.9790797955,-1.13203958864,-0.827849913329,-0.852067934398,-0.219948462989,3.80151405553,1.94976964781,2.1594742443,0,0,0,0,1,0,1,0,0,0,0,1,0,0,0,0,1,0,0,0,0,0,0,0,0,0,1,0,0,0,1,0,0,0,2,0,2,1
BSAR1286,0.0432343892454,0.165133936461,0.724853894103,0.250837884279,-0.474539940612,-0.768829544443,0.124708979345,-0.930947558445,0,0,0,0,1,0,1,0,0,0,0,1,0,0,0,0,0,1,0,0,1,0,0,0,0,0,0,0,0,1,0,0,0,0,1,4,0,3
BSAR1287,-0.105166056927,0.718027570112,0.321150904171,0.333352439733,-0.252588396018,-0.395290487926,0.825244749329,-0.698049643653,0,0,0,0,1,0,0,0,1,0,0,1,0,0,0,0,0,1,0,0,0,0,0,0,0,1,0,0,0,0,0,0,1,0,5,3,4,0
BSAR1289,-0.121654995391,-0.515350535725,0.134826447279,-0.338385772274,-0.474539940612,-0.675868614341,-0.93256899574,-0.499656723306,0,0,0,0,1,0,0,1,0,0,0,0,0,1,0,0,1,0,0,0,0,0,0,0,1,0,0,0,1,0,0,0,0,0,3,4,0,0
BSAR1290,2.59901985111,2.65315528789,1.8738547116,2.69140924279,6.11546253784,1.3054141877,-0.376037145575,1.84439678559,0,0,1,0,0,0,1,0,0,0,0,0,0,0,1,0,0,1,0,1,0,0,0,0,0,0,0,0,1,0,0,0,0,0,0,2,2,1
BSAR1291,-0.830679349328,-1.02571388986,-0.672579532586,-0.781175147318,-0.830315210622,-0.716556681012,0.331428525586,-0.913424666923,0,0,0,0,1,0,0,0,0,1,0,1,0,0,0,0,1,0,0,0,0,0,0,0,0,0,1,0,0,1,0,0,0,0,1,0,3,2
BSAR1292,-0.451433764664,-0.302699138167,-0.57941730414,-0.516198828394,-0.526763833457,-0.467342272655,-0.534872136947,-0.36897937681,1,0,0,0,0,0,0,1,0,0,0,1,0,0,0,0,0,1,0,0,0,0,0,0,1,0,0,0,0,1,0,0,0,0,1,4,4,0
BSAR1293,0.0927012046364,-0.13257802012,0.662745741806,0.0567543524361,0.635217782357,0.439662546876,-0.449551269003,0.790145303969,0,0,1,0,0,0,1,0,0,0,0,0,0,1,0,0,0,1,0,0,0,0,0,1,0,0,0,0,1,0,0,0,0,0,0,3,2,1
BSAR1294,0.785236620109,0.590436731577,0.445367208765,0.338001147083,-0.419052054463,-0.954751404646,-1.06725157732,-0.900799652463,1,0,0,0,0,0,0,0,0,1,0,1,0,0,0,0,1,0,0,0,1,0,0,0,0,0,0,0,0,0,0,0,1,0,1,3,3,3
BSAR1295,-0.171121810782,-0.00498718158559,-0.0825520857618,-0.198924551788,-0.50717987364,-0.688018523139,-0.416659472525,-0.704942066853,0,0,1,0,0,0,0,0,0,1,0,0,0,0,1,0,1,0,0,0,0,0,0,0,0,1,0,0,0,1,0,0,0,0,0,3,3,0
BSAR1297,2.02190700488,1.18586064474,1.31488134093,1.20730942145,0.804945434105,-0.571605443498,-1.17644301664,-0.196830455492,0,0,0,0,1,0,0,0,0,1,0,1,0,0,0,0,0,1,0,0,1,0,0,0,0,0,0,0,0,1,0,0,0,0,5,2,0,3
BSAR1299,-0.814190410864,-0.961918470597,-1.16944475096,-0.895068477381,-0.804203264199,-0.646765344431,-0.704005656438,-0.550471856021,0,0,0,1,0,0,0,1,0,0,0,0,0,0,1,0,0,1,0,0,0,0,0,0,0,0,1,0,0,0,1,0,0,0,2,0,3,2
BSAR1302,2.68146454343,1.54736802059,1.56331395012,1.62453090607,0.315346438678,-0.888068184269,-1.24101237635,-0.724883706803,0,0,0,0,1,0,0,0,0,1,0,1,0,0,0,0,1,0,0,0,1,0,0,0,0,0,0,0,0,1,0,0,0,0,5,2,0,3
BSAR1303,-0.946101918573,-1.23836528742,-1.10733659867,-0.943879904551,-0.86295514365,-0.599295933316,0.157505830431,-0.751949592551,0,0,1,0,0,0,0,1,0,0,0,0,0,0,1,0,1,0,0,0,0,0,0,0,0,0,1,0,0,0,0,1,0,0,2,0,3,2
BSAR1305,-0.583345272373,-0.664206514016,-0.455200999545,-0.596389030174,-0.699755478508,-0.676716282397,-0.298621546727,-0.724682286258,0,0,0,0,1,0,0,1,0,0,0,1,0,0,0,0,1,0,0,0,0,1,0,0,0,0,0,0,0,0,0,0,1,0,5,4,4,0
BSAR1307,-0.814190410864,-0.961918470597,-0.952066217924,-0.835797458675,-0.758507357959,-0.474688729137,-0.249484078883,-0.489316958641,0,0,0,1,0,0,0,1,0,0,0,0,0,0,1,0,0,1,0,0,0,0,1,0,0,0,0,0,0,0,1,0,0,0,2,0,3,2
BSAR1309,0.587369358546,1.0582698062,0.538529437211,0.636680594291,0.318610431981,-0.317305026807,-0.320781581244,-0.264870576045,0,0,1,0,0,0,0,0,1,0,0,0,1,0,0,0,1,0,0,0,1,0,0,0,0,0,0,0,0,1,0,0,0,0,1,2,4,3
BSAR1310,-0.665789964691,-0.2389037189,-0.486255075694,-0.458089986525,0.0868669074784,1.55999716041,0.94753414436,1.0235693189,1,0,0,0,0,0,1,0,0,0,0,0,0,1,0,0,0,1,0,0,1,0,0,0,0,0,0,0,0,1,0,0,0,0,5,1,2,1
BSAR1311,-0.0556992415364,0.250194495484,1.06644873174,0.46351624552,-0.187308529961,-0.356015201348,0.974456378325,-0.693651404217,0,0,0,0,1,0,0,0,1,0,0,1,0,0,0,0,0,1,0,0,0,0,0,0,0,0,1,0,0,0,0,0,1,0,5,4,1,0
BSAR1312,2.53306409726,2.07899651448,2.89863922451,3.0772519528,5.74010330801,1.20906258538,-0.021474035379,1.37207634977,0,0,1,0,0,0,1,0,0,0,0,0,1,0,0,0,0,1,0,0,0,0,0,0,0,0,1,0,0,0,1,0,0,0,2,2,2,1
BSAR1313,-0.995568733964,-1.42975154522,-1.13839067482,-0.996177862234,-0.817259237411,-0.0765672990064,0.27707768335,-0.227173539859,0,0,1,0,0,0,1,0,0,0,0,1,0,0,0,0,1,0,0,0,0,1,0,0,0,0,0,0,1,0,0,0,0,0,0,0,4,2
BSAR1315,-0.995568733964,-1.40848640547,-1.32471513171,-1.02639446001,-0.823787224016,-0.123471598085,-0.167046341777,-0.0955574693835,0,1,0,0,0,0,0,0,0,1,0,1,0,0,0,0,1,0,0,0,0,0,1,0,0,0,0,0,0,0,1,0,0,0,3,0,4,2
BSAR1316,-0.896635103182,-0.919388191085,-1.13839067482,-0.876473647983,-0.830315210622,-0.571040331461,0.225832603528,-0.737589352792,0,0,0,0,1,0,0,0,1,0,0,1,0,0,0,0,1,0,0,1,0,0,0,0,0,0,0,0,0,0,1,0,0,0,2,0,0,2
BSAR1318,0.455457850837,0.994474386938,0.911178350995,0.831926302971,0.824529393922,0.205141051483,0.26956173831,0.0737524720142,0,0,0,0,1,0,1,0,0,0,0,0,0,1,0,0,1,0,0,0,1,0,0,0,0,0,0,0,0,0,0,0,1,0,5,2,1,3
BSAR1321,-0.00623242614548,-0.0262523213414,0.0727182949814,-0.140815709919,-0.546347793274,-0.829861644449,-0.688037986638,-0.819240336638,0,1,0,0,0,0,0,0,0,1,0,0,0,1,0,0,0,1,0,0,0,0,0,1,0,0,0,0,0,0,1,0,0,0,3,3,3,3
BSAR1322,0.884170250891,1.61116343986,0.724853894103,1.06436167045,-0.0306368514242,-0.707797444437,-0.161352444019,-0.799008291127,1,0,0,0,0,0,1,0,0,0,0,1,0,0,0,0,0,1,0,0,1,0,0,0,0,0,0,0,0,0,1,0,0,0,2,2,0,1
BSAR1323,0.504924666227,0.803088129135,0.165880523427,0.285703189401,0.396946271249,-0.200044279111,-0.772534323757,0.137370520713,0,0,0,1,0,0,1,0,0,0,0,0,0,0,1,0,0,1,0,0,0,0,1,0,0,0,0,0,0,0,1,0,0,0,2,2,4,3
BSAR1326,0.340035281591,-0.38775969719,0.259042751873,-0.23378985691,0.403474257855,-0.0680906184501,-1.47572445552,1.03887483717,0,0,1,0,0,0,0,1,0,0,0,0,1,0,0,0,1,0,0,0,0,0,0,0,0,0,1,0,0,1,0,0,0,0,3,3,1,3
BSAR1327,-0.649301026228,-0.749267073039,-0.424146923397,-0.617308213247,-0.59857168612,-0.326911931438,-0.0350514392043,-0.389254716482,0,0,1,0,0,0,0,0,0,1,0,0,0,1,0,0,0,1,0,0,0,0,0,0,1,0,0,0,1,0,0,0,0,0,0,1,4,0
BSAR1328,-0.533878456982,-0.472820256213,-0.765741761032,-0.638227396319,-0.588779706211,-0.488533974046,-0.715368695877,-0.31706756765,0,0,1,0,0,0,0,1,0,0,0,0,1,0,0,0,0,1,0,0,1,0,0,0,0,0,0,0,0,1,0,0,0,0,1,4,3,0
BSAR1329,-1.02854661089,-1.13203958864,-1.23155290326,-0.948528611901,-0.856427157045,-0.156530652255,1.85200980323,-0.696988928304,1,0,0,0,0,0,0,0,1,0,0,1,0,0,0,0,0,1,0,0,0,0,1,0,0,0,0,0,0,1,0,0,0,0,2,0,1,2
BSAR1330,-0.847168287791,-0.940653330841,-1.13839067482,-0.881122355333,-0.536555813366,0.525559576514,-0.33054254883,0.806266204849,0,1,0,0,0,0,0,1,0,0,0,1,0,0,0,0,1,0,0,0,0,1,0,0,0,0,0,0,0,0,0,1,0,0,4,0,1,2
BSAR1331,1.34586052787,0.569171591821,0.507475361062,0.360082506993,0.0672829476613,-0.77335044074,-1.55598766112,-0.333731129537,0,0,0,0,1,0,0,1,0,0,0,0,0,1,0,0,1,0,0,0,0,0,0,1,0,0,0,0,0,0,1,0,0,0,3,2,0,3
BSAR1332,-0.847168287791,-1.30216070669,-1.20049882711,-0.978745209673,-0.719339438325,-0.227734768928,-1.15046382599,0.381193133726,0,0,0,0,1,0,0,1,0,0,0,0,0,1,0,0,1,0,0,0,0,0,0,0,0,0,1,0,0,1,0,0,0,0,1,1,1,2
BSAR1334,0.142168020027,0.803088129135,0.165880523427,0.285703189401,-0.441900007583,-0.778436449074,-0.0601275949872,-0.905491610632,0,0,1,0,0,0,0,0,0,1,0,0,1,0,0,0,0,1,0,0,0,0,0,0,0,1,0,0,0,1,0,0,0,0,5,3,3,3
BSAR1335,-0.451433764664,0.0588082376818,-0.486255075694,-0.35349407116,-0.513707860246,-0.442194787004,0.102844411954,-0.56467621808,0,1,0,0,0,0,1,0,0,0,0,1,0,0,0,0,1,0,0,0,0,0,0,1,0,0,0,0,0,0,0,0,1,0,0,4,4,0
BSAR1336,-0.599834210837,-0.409024836946,-0.11360616191,-0.38022413842,-0.64426759236,-0.523853476364,0.846467459155,-0.820010304443,0,0,0,0,1,0,0,0,1,0,0,1,0,0,0,0,1,0,0,0,0,0,0,0,0,1,0,0,0,0,0,1,0,0,4,4,3,0
BSAR1337,-1.02854661089,-1.23836528742,-1.20049882711,-0.964799087624,-0.281964335743,4.81645527415,1.56503735622,3.24459462328,1,0,0,0,0,0,1,0,0,0,0,0,0,1,0,0,0,1,0,0,0,1,0,0,0,0,0,0,0,0,0,1,0,0,4,0,2,1
BSAR1338,-0.0227213646091,0.590436731577,0.0416642188328,0.119511901655,-0.627947625845,-0.921692350476,-0.00320643868303,-1.08098323102,1,0,0,0,0,0,1,0,0,0,0,0,0,1,0,0,0,1,0,0,0,0,0,0,0,0,1,0,0,0,1,0,0,0,3,3,3,3
BSAR1342,-0.781212533937,-0.983183610353,-1.04522844637,-0.866014056447,-0.611627659331,-0.0378571244657,-0.714343794281,0.334615770867,1,0,0,0,0,0,0,1,0,0,0,1,0,0,0,0,0,1,0,0,0,0,0,0,1,0,0,0,0,0,1,0,0,0,1,1,4,2
BSAR1344,0.323546343127,-0.111312880365,0.10377237113,-0.165221423504,-0.219948462989,-0.640549112023,-1.3234027082,-0.226638584218,0,0,0,0,1,0,0,1,0,0,0,1,0,0,0,0,0,1,0,0,0,0,1,0,0,0,0,0,0,1,0,0,0,0,1,2,4,3
BSAR1345,-0.946101918573,-1.23836528742,-0.827849913329,-0.88228453217,-0.680171518691,0.455768239933,0.881769625255,0.0621126960657,0,0,1,0,0,0,1,0,0,0,0,1,0,0,0,0,1,0,0,0,0,0,0,0,0,0,1,0,0,1,0,0,0,0,5,0,4,2
BSAR1347,-0.7977014724,-1.11077444889,-0.796795837181,-0.838121812349,-0.650795578965,-0.123471598085,-0.397649200978,0.019809078545,1,0,0,0,0,0,1,0,0,0,0,0,0,1,0,0,1,0,0,0,0,1,0,0,0,0,0,0,0,0,1,0,0,0,4,0,4,2
BSAR1348,0.620347235473,0.909413827914,0.600637589508,0.594842228145,0.292498485558,-0.356862869404,-0.443769772818,-0.261644237408,0,1,0,0,0,0,0,0,1,0,0,1,0,0,0,0,1,0,0,0,0,0,0,0,1,0,0,0,0,1,0,0,0,0,3,2,0,3
BSAR1351,-0.550367395446,-0.345229417679,-0.734687684883,-0.588253792312,-0.650795578965,-0.603534273594,-0.420643788078,-0.593712669273,0,0,1,0,0,0,1,0,0,0,0,0,0,0,1,0,0,1,0,0,0,0,0,0,0,1,0,0,0,0,0,0,1,0,0,4,0,0
BSAR1352,-0.00623242614548,0.356520194263,0.445367208765,0.218296932832,-0.219948462989,-0.437391334689,0.19166921698,-0.585103443518,0,0,0,0,1,0,1,0,0,0,0,1,0,0,0,0,1,0,0,0,0,0,0,1,0,0,0,0,0,1,0,0,0,0,3,4,4,3
BSAR1353,-0.682278903155,-0.664206514016,-0.672579532586,-0.666119640417,-0.605099672725,-0.277747184211,-0.0959644568623,-0.309177737036,0,0,1,0,0,0,0,1,0,0,0,0,1,0,0,0,1,0,0,0,0,0,0,1,0,0,0,0,0,0,1,0,0,0,0,1,1,0
BSAR1354,-0.962590857037,-1.13203958864,-1.01417437022,-0.896230654219,-0.683435511994,0.565965087166,1.01159049414,0.110421680911,0,0,0,0,1,0,1,0,0,0,0,1,0,0,0,0,0,1,0,0,1,0,0,0,0,0,0,0,0,1,0,0,0,0,1,0,1,2
BSAR1355,0.900659189355,0.654232150845,0.476421284914,0.38797475109,-0.131820643812,-0.781827121296,-1.12617669404,-0.587301225952,0,0,1,0,0,0,0,1,0,0,0,0,0,0,1,0,1,0,0,1,0,0,0,0,0,0,0,0,0,0,1,0,0,0,2,2,3,3
BSAR1356,-0.880146164719,-0.89812305133,-1.10733659867,-0.862527525934,-0.853163163742,-0.717121793049,0.164698122336,-0.882226722617,0,0,0,0,1,0,1,0,0,0,0,0,0,1,0,0,0,1,0,0,0,1,0,0,0,0,0,0,0,0,0,0,1,0,5,1,0,2
BSAR1357,0.274079527736,0.292724774996,-0.206768390356,-0.135004825732,-0.148140610327,-0.546175401829,-1.19367530047,-0.14078603787,1,0,0,0,0,0,0,1,0,0,0,1,0,0,0,0,1,0,0,0,0,1,0,0,0,0,0,0,0,1,0,0,0,0,2,4,0,3
BSAR1359,-0.847168287791,-1.00444875011,-1.13839067482,-0.896230654219,-0.761771351262,-0.402636944408,-0.457435127438,-0.31601438743,0,0,1,0,0,0,0,1,0,0,0,0,1,0,0,0,1,0,0,0,0,0,1,0,0,0,0,0,1,0,0,0,0,0,0,0,0,2
BSAR1360,-0.946101918573,-1.38722126571,-1.29366105556,-1.01593486847,-0.751979371354,0.041258560727,-0.689746155966,0.430517946857,0,0,1,0,0,0,0,0,0,1,0,1,0,0,0,0,0,1,0,0,0,0,1,0,0,0,0,0,0,0,0,1,0,0,4,0,1,2
BSAR1361,-0.781212533937,-0.813062492306,-0.858903989478,-0.768391202106,-0.647531585663,-0.162181772626,-0.0256099214674,-0.202963868502,0,0,0,0,1,0,0,1,0,0,0,1,0,0,0,0,0,1,0,0,1,0,0,0,0,0,0,0,0,1,0,0,0,0,1,0,1,2
BSAR1363,-0.352500133882,0.165133936461,-0.299930618802,-0.22914114956,-0.210156483081,-0.036444344373,0.12133283291,-0.122270267047,0,0,1,0,0,0,1,0,0,0,0,0,1,0,0,0,0,1,0,1,0,0,0,0,0,0,0,0,0,0,1,0,0,0,2,4,1,0
BSAR1364,0.142168020027,0.0162779581702,-0.486255075694,-0.368602370046,0.400210264552,0.121504469994,-1.48486734511,1.43651547666,0,0,0,0,1,0,0,1,0,0,0,1,0,0,0,0,0,1,0,0,0,0,0,0,0,0,1,0,0,0,0,0,1,0,5,3,1,3
BSAR1365,-0.7977014724,-0.813062492306,-0.858903989478,-0.768391202106,-0.477803933914,0.500412090864,0.114801597246,0.473696445943,0,0,1,0,0,0,0,0,0,1,0,0,1,0,0,0,1,0,0,0,1,0,0,0,0,0,0,0,0,0,1,0,0,0,2,1,1,2
BSAR1366,-0.336011195418,-0.2389037189,-0.672579532586,-0.53130712728,-0.605099672725,-0.719382241197,-0.971199902067,-0.551767660985,1,0,0,0,0,0,0,1,0,0,0,1,0,0,0,0,0,1,0,0,0,0,0,0,0,0,1,0,0,1,0,0,0,0,1,4,4,0
BSAR1368,-0.319522256955,0.356520194263,-0.268876542654,-0.140815709919,0.279442512346,0.71289421681,0.282556717042,0.60357713236,0,0,0,0,1,0,1,0,0,0,0,0,0,1,0,0,0,1,0,0,0,0,0,0,0,0,1,0,0,1,0,0,0,0,5,4,2,1
BSAR1369,0.702791927791,0.547906452065,0.0416642188328,0.0997548954193,-0.311340275469,-0.855574242136,-1.33142367722,-0.625438313531,0,0,0,1,0,0,0,1,0,0,0,0,0,0,1,0,0,1,0,0,0,1,0,0,0,0,0,0,0,0,0,0,1,0,5,3,3,3
BSAR1370,-0.781212533937,-0.366494557434,-0.299930618802,-0.432522096102,-0.578987726303,0.0751652829525,2.34396256952,-0.617362542392,0,0,1,0,0,0,0,0,1,0,0,0,0,0,1,0,0,1,0,1,0,0,0,0,0,0,0,0,0,1,0,0,0,0,3,0,1,2
BSAR1373,0.208123773882,0.0588082376818,-0.237822466505,-0.241925094772,-0.337452221892,-0.700168431936,-1.31192171334,-0.344928792913,0,0,1,0,0,0,0,1,0,0,0,0,1,0,0,0,1,0,0,0,0,0,0,0,0,1,0,0,1,0,0,0,0,0,0,3,0,3
BSAR1375,0.356524220055,0.462845893042,-0.144660238059,-0.0338954408798,0.396946271249,-0.0878695397483,-1.12107708315,0.594216739429,0,0,1,0,0,0,0,0,0,1,0,0,1,0,0,0,0,1,0,0,0,0,0,1,0,0,0,0,1,0,0,0,0,0,0,2,4,3
BSAR1377,-1.06152448782,-1.42975154522,-1.13839067482,-0.996177862234,-0.725867424931,1.55999716041,2.11335971032,0.469338705099,0,1,0,0,0,0,0,1,0,0,0,1,0,0,0,0,0,1,0,1,0,0,0,0,0,0,0,0,1,0,0,0,0,0,0,0,1,2
BSAR1381,1.54372778944,1.52610288083,2.83653107221,2.51010965615,1.44795211477,-0.0966287763232,0.595455749556,-0.355899310025,1,0,0,0,0,0,0,0,1,0,0,0,0,1,0,0,1,0,0,0,1,0,0,0,0,0,0,0,0,1,0,0,0,0,1,2,4,3
BSAR1382,-0.451433764664,-0.366494557434,-0.11360616191,-0.362791485859,-0.683435511994,-0.768829544443,0.0664034663026,-0.919758084188,1,0,0,0,0,0,1,0,0,0,0,0,0,1,0,0,0,1,0,0,1,0,0,0,0,0,0,0,0,1,0,0,0,0,1,4,0,0
BSAR1384,-0.401966949273,-0.345229417679,-0.703633608735,-0.576632023938,-0.033900844727,0.36506775798,-0.935722539113,1.14378263674,0,0,1,0,0,0,0,1,0,0,0,0,0,1,0,0,0,1,0,0,0,0,0,0,0,0,1,0,0,1,0,0,0,0,2,3,1,0
BSAR1385,-0.731745718546,-0.685471653772,-1.04522844637,-0.791634738854,-0.804203264199,-0.776176000925,-0.533082626223,-0.788302330554,1,0,0,0,0,0,0,0,0,1,0,1,0,0,0,0,0,1,0,0,1,0,0,0,0,0,0,0,0,0,0,0,1,0,5,1,3,2
BSAR1386,0.554391481618,1.10080008572,0.383259056468,0.561139099861,0.543825969877,-0.113299581417,-0.388463762142,0.0280596449891,0,1,0,0,0,0,0,0,0,1,0,1,0,0,0,0,0,1,0,0,0,0,0,0,0,0,1,0,0,0,0,0,1,0,3,3,4,3
BSAR1388,0.125679081564,0.27145963524,1.19066503633,0.536733386276,-0.337452221892,-0.658067585173,0.53501125179,-0.891059070418,0,1,0,0,0,0,1,0,0,0,0,1,0,0,0,0,0,1,0,0,0,0,0,0,1,0,0,0,0,0,1,0,0,0,3,4,1,3
BSAR1389,-0.0392103030728,0.632967011089,0.0727182949814,0.154377206776,1.1411367443,1.27235513353,0.133103411468,1.31180061134,0,0,1,0,0,0,0,0,1,0,0,0,1,0,0,0,1,0,0,0,0,0,1,0,0,0,0,0,0,1,0,0,0,0,3,4,2,1
BSAR1390,-0.929612980109,-0.728001933283,-0.734687684883,-0.705633652888,-0.791147290988,-0.258815930968,2.56175415877,-0.87072517633,0,0,0,0,1,0,0,0,1,0,0,0,0,1,0,0,1,0,0,0,0,0,0,0,1,0,0,0,0,1,0,0,0,0,5,0,4,2
BSAR1391,-0.138143933855,-0.345229417679,-0.0514980096132,-0.330250534413,-0.539819806669,-0.753288963423,-0.871666189335,-0.645131395336,0,0,0,0,1,0,0,1,0,0,0,1,0,0,0,0,1,0,0,0,0,0,0,0,0,0,1,0,0,1,0,0,0,0,4,4,3,0
BSAR1393,0.175145896955,0.228929355728,-0.268876542654,-0.189627137089,-0.184044536658,-0.523853476364,-1.15058142801,-0.130298899471,0,0,0,0,1,0,0,0,0,1,0,0,0,1,0,0,0,1,0,0,1,0,0,0,0,0,0,0,0,0,1,0,0,0,4,4,0,3
BSAR1395,2.31870789723,1.27092120376,1.71858433086,1.53155675908,1.98324701643,-0.160486436514,-1.09547245931,0.447741829601,0,0,0,0,1,0,0,1,0,0,0,1,0,0,0,0,0,1,0,0,0,0,0,0,0,1,0,0,0,1,0,0,0,0,5,2,1,3
BSAR1396,-0.814190410864,-0.664206514016,-0.641525456437,-0.656822225718,-0.246060409412,1.45403865345,1.12299284158,0.830891165869,0,0,1,0,0,0,1,0,0,0,0,0,1,0,0,0,1,0,0,0,0,0,1,0,0,0,0,0,1,0,0,0,0,0,0,1,2,1
BSAR1398,-0.583345272373,-0.89812305133,-0.765741761032,-0.766066848432,-0.647531585663,-0.554369526367,-1.10746280663,-0.209706525761,0,0,0,1,0,0,0,1,0,0,0,1,0,0,0,0,0,1,0,0,0,0,0,0,0,0,1,0,0,0,1,0,0,0,2,4,0,0
BSAR1399,-0.781212533937,-0.706736793527,-0.672579532586,-0.680065762465,0.0281150280271,2.17738206093,0.597530249173,1.85301575142,0,0,1,0,0,0,0,0,0,1,0,0,1,0,0,0,1,0,0,0,0,0,0,0,1,0,0,0,0,0,1,0,0,0,0,0,2,1
BSAR1400,2.91230968192,3.12098836252,4.14080227045,5.28887447434,2.96244500729,0.00480883433467,1.23344670317,-0.44159865935,0,0,1,0,0,0,0,0,1,0,0,0,1,0,0,0,1,0,0,0,0,0,1,0,0,0,0,0,0,1,0,0,0,0,3,2,1,3
BSAR1401,-0.665789964691,-0.770532212795,-0.3620387711,-0.605686444873,0.442642177489,2.52238295958,0.134018502179,2.68519390389,0,0,1,0,0,0,1,0,0,0,0,0,0,0,1,0,0,1,0,0,0,0,0,1,0,0,0,0,1,0,0,0,0,0,0,1,2,1
BSAR1402,-0.319522256955,0.228929355728,-0.237822466505,-0.174518838203,-0.246060409412,-0.145228411513,0.170397674412,-0.261168172205,1,0,0,0,0,0,0,0,1,0,0,1,0,0,0,0,0,1,0,0,0,1,0,0,0,0,0,0,0,0,0,1,0,0,4,3,1,0
BSAR1403,-0.946101918573,-1.13203958864,-1.10733659867,-0.918312014129,-0.729131418234,0.173212221388,0.458143632056,-0.0401667061067,1,0,0,0,0,0,0,0,1,0,0,0,0,1,0,0,0,1,0,0,0,0,0,0,0,1,0,0,0,0,0,0,1,0,5,0,4,2
BSAR1406,0.801725558573,1.10080008572,1.28382726478,1.13060575018,1.39572822192,0.340202828348,0.0688504306284,0.321667404823,0,0,0,0,1,0,0,0,1,0,0,0,0,1,0,0,1,0,0,0,1,0,0,0,0,0,0,0,0,1,0,0,0,0,4,2,2,1
BSAR1407,0.158656958491,-0.153843159876,0.383259056468,-0.0699229228387,-0.144876617024,-0.47214572497,-0.865729259356,-0.215989425254,0,0,0,0,1,0,0,1,0,0,0,1,0,0,0,0,1,0,0,0,0,0,0,0,0,0,1,0,0,1,0,0,0,0,1,4,0,3
BSAR1408,1.52723885097,0.6754972906,1.40804356937,0.919089565775,1.26843248311,-0.183090917998,-1.08107222006,0.396982293485,0,0,1,0,0,0,0,1,0,0,0,0,1,0,0,0,1,0,0,0,0,0,0,0,0,0,1,0,0,1,0,0,0,0,5,2,4,3
BSAR1410,-0.154632872318,-0.345229417679,0.0727182949814,-0.283763460917,0.158674760141,0.216160736207,-0.701459317068,0.691234816264,0,0,0,1,0,0,1,0,0,0,0,1,0,0,0,0,0,1,0,0,1,0,0,0,0,0,0,0,0,1,0,0,0,0,2,3,1,0
BSAR1411,1.69212823561,1.14333036523,0.818016122549,0.860980723906,4.36922612082,1.28280970622,-1.27189026275,3.25435864036,0,0,1,0,0,0,0,0,0,1,0,1,0,0,0,0,1,0,0,0,0,1,0,0,0,0,0,0,0,0,0,1,0,0,4,2,2,1
BSAR1412,1.32937158941,1.69622399888,1.03539465559,1.34095975775,0.968145099247,-0.259663599024,-0.413223686022,-0.148948894199,0,0,1,0,0,0,1,0,0,0,0,0,1,0,0,0,1,0,0,1,0,0,0,0,0,0,0,0,1,0,0,0,0,0,0,2,1,1
BSAR1413,-0.121654995391,0.313989914752,-0.0514980096132,-0.0490037397658,-0.118764670601,-0.202304727259,-0.147336695692,-0.198554711486,0,0,0,0,1,0,1,0,0,0,0,0,0,1,0,0,0,1,0,0,1,0,0,0,0,0,0,0,0,0,0,0,1,0,1,4,1,0
BSAR1414,-0.748234657009,-0.600411094748,-0.889958065626,-0.718417598099,0.312082445375,2.82500045544,0.0512197389479,3.12854487128,0,1,0,0,0,0,0,0,1,0,0,1,0,0,0,0,1,0,0,0,0,0,0,0,0,1,0,0,0,0,0,1,0,0,4,1,2,1
BSAR1415,-0.781212533937,-0.983183610353,-0.57941730414,-0.742823311684,-0.55287577988,0.165583208887,0.154772759508,0.0844875397263,0,0,0,0,1,0,0,1,0,0,0,1,0,0,0,0,1,0,0,0,0,0,0,0,0,1,0,0,0,1,0,0,0,0,1,0,1,2
BSAR1416,-0.896635103182,-0.706736793527,-0.983120294072,-0.777688616805,-0.650795578965,0.292450861214,1.1937952224,-0.188595008036,0,1,0,0,0,0,1,0,0,0,0,1,0,0,0,0,0,1,0,0,0,0,0,0,1,0,0,0,0,0,0,0,1,0,3,0,4,2
BSAR1419,0.587369358546,1.41977718205,1.03539465559,1.17011976265,0.344722378403,-0.296113325416,0.550384775737,-0.538026768128,1,0,0,0,0,0,1,0,0,0,0,1,0,0,0,0,0,1,0,0,0,0,0,0,0,0,1,0,0,0,1,0,0,0,2,3,4,3
BSAR1420,-0.814190410864,-0.64294137426,-0.57941730414,-0.62892998162,-0.742187391445,-0.413374073113,1.33688534866,-0.809708498566,0,0,1,0,0,0,0,0,1,0,0,0,1,0,0,0,0,1,0,0,0,0,1,0,0,0,0,0,0,1,0,0,0,0,0,0,0,2
BSAR1422,-0.830679349328,-0.515350535725,-0.889958065626,-0.695174061351,-0.807467257502,-0.626703867115,1.02090778138,-0.940899167604,0,0,1,0,0,0,1,0,0,0,0,0,0,0,1,0,0,1,0,0,1,0,0,0,0,0,0,0,0,0,0,0,1,0,5,0,3,2
BSAR1423,-0.946101918573,-1.11077444889,-0.921012141775,-0.868338410121,-0.409260074555,2.01915069055,1.04575388069,1.36676794379,0,0,1,0,0,0,1,0,0,0,0,0,1,0,0,0,0,1,0,0,0,0,0,1,0,0,0,0,0,0,0,1,0,0,3,1,2,1
BSAR1424,-1.04503554935,-0.919388191085,-1.16944475096,-0.884608885845,-0.321132255378,5.12726689455,3.68772244042,1.96442447482,0,0,1,0,0,0,1,0,0,0,0,0,0,1,0,0,1,0,0,0,0,1,0,0,0,0,0,0,0,0,0,1,0,0,4,0,2,1
BSAR1425,-0.814190410864,-1.25963042718,-0.827849913329,-0.889257593194,-0.605099672725,0.102573216751,-0.659444717462,0.495186472216,0,0,0,0,1,0,0,1,0,0,0,0,0,1,0,0,0,1,0,0,1,0,0,0,0,0,0,0,0,0,0,0,1,0,5,1,1,2
BSAR1428,-0.138143933855,0.696762430356,0.414313132616,0.375190805879,-0.275436349138,-0.395855599963,1.07244402643,-0.748042015927,0,0,0,0,1,0,0,0,1,0,0,1,0,0,0,0,0,1,0,0,0,0,0,0,0,0,1,0,0,0,1,0,0,0,2,3,0,0
BSAR1431,-0.286544380027,-0.00498718158559,0.134826447279,-0.103626051123,0.958353119339,1.70579606598,0.268070972351,1.66366336405,0,0,0,0,1,0,1,0,0,0,0,0,0,1,0,0,1,0,0,0,0,0,0,0,0,1,0,0,0,1,0,0,0,0,1,4,2,1
BSAR1432,-1.06152448782,-1.57860752352,-1.35576920786,-1.06590847248,-0.905387056588,-0.382575467091,0.576007315648,-0.629192704288,0,1,0,0,0,0,1,0,0,0,0,1,0,0,0,0,1,0,0,1,0,0,0,0,0,0,0,0,0,0,1,0,0,0,3,0,3,2
BSAR1433,0.2905684662,0.228929355728,0.631691665657,0.24154046958,-0.490859907126,-0.884960068065,-0.48021071847,-0.947686695044,0,0,0,0,1,0,0,0,0,1,0,0,0,1,0,0,1,0,0,0,0,0,0,0,1,0,0,0,0,1,0,0,0,0,1,3,3,3
BSAR1434,0.785236620109,1.76001941815,1.78069248316,1.93831865216,0.511186036849,-0.2836808606,1.28489758652,-0.693542596474,1,0,0,0,0,0,0,0,1,0,0,1,0,0,0,0,1,0,0,0,0,1,0,0,0,0,0,0,0,0,1,0,0,0,2,3,4,3
BSAR1435,-0.863657226255,-0.89812305133,-1.10733659867,-0.862527525934,-0.784619304382,-0.453214471728,-0.01331110231,-0.541885512013,0,0,0,1,0,0,0,0,0,1,0,0,0,0,1,0,0,1,0,0,0,0,0,0,0,0,1,0,0,1,0,0,0,0,1,0,3,2
BSAR1436,-0.0721881800001,-0.00498718158559,-0.299930618802,-0.294223052454,-0.559403766486,-0.814603619447,-0.926679289733,-0.720278210053,1,0,0,0,0,0,0,1,0,0,0,1,0,0,0,0,1,0,0,0,0,0,0,0,0,0,1,0,0,0,1,0,0,0,2,3,3,0
BSAR1437,-0.583345272373,-0.706736793527,-0.517309151843,-0.631254335295,-0.676907525388,-0.623030638873,-0.46482180561,-0.604537215648,1,0,0,0,0,0,1,0,0,0,0,1,0,0,0,0,1,0,0,0,0,1,0,0,0,0,0,0,0,0,0,1,0,0,4,1,4,0
BSAR1440,-0.138143933855,0.462845893042,0.0416642188328,0.062565236623,-0.624683632543,-0.868289262971,0.210886121913,-1.05385103943,1,0,0,0,0,0,1,0,0,0,0,1,0,0,0,0,1,0,0,0,0,0,0,0,1,0,0,0,0,0,0,0,1,0,3,4,0,0
BSAR1441,0.158656958491,0.888148688158,0.227988675725,0.361244683831,0.0672829476613,-0.248078802264,0.0616816974301,-0.334643343176,1,0,0,0,0,0,1,0,0,0,0,1,0,0,0,0,1,0,0,0,0,1,0,0,0,0,0,0,0,0,0,1,0,0,4,3,4,3
BSAR1443,-0.121654995391,0.037543097926,-0.268876542654,-0.264006454682,-0.627947625845,-0.880439171768,-0.730742219824,-0.880116971523,1,0,0,0,0,0,0,1,0,0,0,1,0,0,0,0,0,1,0,0,0,0,1,0,0,0,0,0,0,0,1,0,0,0,2,4,0,0
BSAR1444,-0.814190410864,-0.175108299632,-0.517309151843,-0.447630394988,0.217426639592,3.19853951195,2.72718664471,1.30065626758,1,0,0,0,0,0,0,0,1,0,0,1,0,0,0,0,1,0,0,0,0,0,0,0,1,0,0,0,0,0,0,0,1,0,3,0,2,1
BSAR1445,-0.946101918573,-0.706736793527,-0.952066217924,-0.767229025269,-0.343980208498,2.39579786327,2.23463973257,1.00090023462,0,0,0,1,0,0,1,0,0,0,0,0,0,0,1,0,0,1,0,0,0,0,0,0,0,0,1,0,0,0,1,0,0,0,2,0,2,1
BSAR1446,-0.929612980109,-0.89812305133,-0.672579532586,-0.740498958009,-0.686699505297,0.306296106123,2.1774160601,-0.427320736686,1,0,0,0,0,0,0,0,1,0,0,1,0,0,0,0,0,1,0,0,1,0,0,0,0,0,0,0,0,0,1,0,0,0,2,1,4,2
BSAR1448,-0.171121810782,-0.111312880365,-0.237822466505,-0.30933135134,-0.497387893731,-0.67417327823,-0.730742219824,-0.580089948983,1,0,0,0,0,0,0,1,0,0,0,0,0,1,0,0,1,0,0,0,0,0,0,0,0,0,1,0,0,1,0,0,0,0,5,3,0,0
BSAR1449,-0.368989072346,-0.430289976702,-0.0204439334645,-0.355818424835,-0.680171518691,-0.823362856022,-0.255187879072,-0.91806770302,0,0,1,0,0,0,0,0,0,1,0,1,0,0,0,0,1,0,0,0,0,0,0,1,0,0,0,0,1,0,0,0,0,0,0,4,3,0
BSAR1452,1.31288265095,1.27092120376,0.445367208765,0.687816375136,2.30638235342,0.509736439476,-1.15149129626,1.6573202273,1,0,0,0,0,0,0,0,0,1,0,1,0,0,0,0,0,1,0,0,0,0,0,0,1,0,0,0,1,0,0,0,0,0,3,2,2,1
BSAR1453,-0.7977014724,-0.621676234504,-0.921012141775,-0.734688073822,-0.585515712908,0.111897565363,0.362486149721,-0.0637871447353,0,0,1,0,0,0,1,0,0,0,0,0,0,0,1,0,0,1,0,0,1,0,0,0,0,0,0,0,0,1,0,0,0,0,1,0,1,2
BSAR1454,-0.583345272373,-0.409024836946,-0.858903989478,-0.653335695205,-0.745451384748,-0.783522457407,-0.57008196957,-0.787846386903,1,0,0,0,0,0,1,0,0,0,0,0,0,1,0,0,0,1,0,0,0,0,0,0,1,0,0,0,0,0,0,1,0,0,3,1,3,0
BSAR1455,0.125679081564,0.569171591821,0.227988675725,0.210161694971,0.886545266676,0.666555029768,-0.184982119715,0.867504523844,0,0,1,0,0,0,1,0,0,0,0,1,0,0,0,0,1,0,0,1,0,0,0,0,0,0,0,0,0,0,1,0,0,0,0,4,2,1
BSAR1456,-0.171121810782,0.0588082376818,-0.3620387711,-0.297709582966,-0.285228329046,-0.378054570795,-0.697680878003,-0.166509176787,0,0,1,0,0,0,0,0,0,1,0,0,1,0,0,0,1,0,0,0,0,1,0,0,0,0,0,0,0,0,0,1,0,0,4,4,1,0
BSAR1457,-0.533878456982,-0.366494557434,-0.548363227991,-0.525496243093,-0.53002782676,-0.3613837657,-0.2182914216,-0.361781753099,0,0,1,0,0,0,0,0,0,1,0,0,1,0,0,0,1,0,0,0,0,0,0,0,0,0,1,0,0,0,1,0,0,0,2,1,1,0
BSAR1458,-0.946101918573,-1.06824416938,-0.610471380289,-0.778850793643,-0.800939270896,-0.241297457818,2.09798618637,-0.797080947114,0,0,1,0,0,0,1,0,0,0,0,0,0,1,0,0,1,0,0,0,0,1,0,0,0,0,0,0,0,0,0,1,0,0,4,1,4,2
BSAR1459,-0.484411641591,-0.664206514016,-0.57941730414,-0.635903042645,-0.490859907126,-0.352907085144,-0.892819681588,-0.0163245949571,0,0,1,0,0,0,0,1,0,0,0,0,1,0,0,0,1,0,0,1,0,0,0,0,0,0,0,0,1,0,0,0,0,0,0,4,4,0
BSAR1460,-0.533878456982,-0.494085395969,-0.268876542654,-0.470873931736,-0.735659404839,-0.80640949491,0.0225604535657,-0.953857042376,0,0,1,0,0,0,0,0,0,1,0,0,1,0,0,0,0,1,0,1,0,0,0,0,0,0,0,0,0,1,0,0,0,0,0,1,3,0
BSAR1461,0.0102565123182,0.611701871333,0.476421284914,0.36589339118,0.109714860598,-0.0593313818752,0.499139695914,-0.288151540499,1,0,0,0,0,0,1,0,0,0,0,1,0,0,0,0,0,1,0,0,0,0,0,0,0,0,1,0,0,0,0,0,1,0,5,4,1,3
BSAR1463,1.88999549717,0.909413827914,1.56331395012,1.17128193949,-0.144876617024,-0.977073330111,-1.11549137528,-0.924223955336,0,0,0,0,1,0,0,1,0,0,0,0,0,1,0,0,0,1,0,0,0,0,0,0,0,1,0,0,0,0,0,0,1,0,5,2,3,3
BSAR1464,2.00541806642,1.29218634352,1.50120579782,1.40139295329,1.72865553881,-0.155400428181,-0.988552518312,0.36506497772,0,0,0,1,0,0,0,1,0,0,0,0,0,0,1,0,0,1,0,1,0,0,0,0,0,0,0,0,1,0,0,0,0,0,0,2,1,3
BSAR1465,-0.204099687709,0.335255054507,0.290096828022,0.129971493191,-0.099180710784,-0.0765672990064,0.649458596726,-0.353126450951,0,0,1,0,0,0,0,0,1,0,0,0,1,0,0,0,0,1,0,0,0,1,0,0,0,0,0,0,0,0,0,1,0,0,4,4,4,0
BSAR1469,-0.682278903155,-0.685471653772,-0.610471380289,-0.653335695205,-0.601835679423,-0.268705391617,-0.0232295048563,-0.326431412303,0,0,0,0,1,0,1,0,0,0,0,0,0,1,0,0,0,1,0,0,0,0,0,0,0,1,0,0,0,0,0,0,1,0,5,1,4,0
BSAR1470,0.175145896955,0.228929355728,0.196934599576,0.0335108156884,-0.125292657207,-0.46253882034,-0.676410087,-0.298343047178,0,1,0,0,0,0,0,1,0,0,0,0,0,1,0,0,0,1,0,0,0,0,0,0,0,0,1,0,0,0,0,1,0,0,3,4,1,3
BSAR1471,-0.121654995391,-0.536615675481,-0.0514980096132,-0.41160291303,-0.448427994189,-0.64111422406,-1.13124222828,-0.343928726166,0,0,0,1,0,0,0,0,0,1,0,1,0,0,0,0,0,1,0,0,1,0,0,0,0,0,0,0,0,0,0,0,1,0,5,4,3,0
BSAR1472,0.142168020027,0.292724774996,-0.206768390356,-0.135004825732,0.0640189543584,-0.237906785596,-0.976212478726,0.222848100777,0,0,0,0,1,0,0,1,0,0,0,1,0,0,0,0,1,0,0,0,0,0,0,1,0,0,0,0,0,1,0,0,0,0,3,4,4,3
BSAR1473,1.26341583555,1.37724690254,0.631691665657,0.869115961767,0.38715429134,-0.56736710322,-0.891699920205,-0.349363874826,1,0,0,0,0,0,0,0,0,1,0,1,0,0,0,0,1,0,0,0,0,0,0,0,0,1,0,0,0,0,0,0,1,0,5,2,3,3
BSAR1474,0.2905684662,0.313989914752,0.196934599576,0.0730248281595,-0.233004436201,-0.636875883782,-0.810456788436,-0.492694176979,1,0,0,0,0,0,0,1,0,0,0,1,0,0,0,0,1,0,0,0,0,0,0,0,1,0,0,0,0,0,1,0,0,0,3,3,0,3
BSAR1475,-0.0392103030728,0.165133936461,0.165880523427,-0.0106519041322,-0.324396248681,-0.539959169421,-0.282713807662,-0.558885039398,0,0,1,0,0,0,0,0,1,0,0,0,0,0,1,0,1,0,0,0,1,0,0,0,0,0,0,0,0,1,0,0,0,0,1,3,1,3
BSAR1476,-0.220588626173,0.845618408647,0.165880523427,0.305460195636,-0.334188228589,-0.399246272185,1.24262763368,-0.782072808314,0,0,0,0,1,0,0,0,1,0,0,1,0,0,0,0,1,0,0,0,0,0,0,0,0,0,1,0,0,0,0,1,0,0,4,3,1,0
BSAR1478,-0.863657226255,-0.706736793527,-0.703633608735,-0.689363177164,-0.784619304382,-0.453214471728,1.5137922764,-0.869572620543,0,1,0,0,0,0,0,0,1,0,0,1,0,0,0,0,1,0,0,0,0,0,0,0,0,1,0,0,0,0,1,0,0,0,4,0,0,2
BSAR1480,-0.2535665031,-0.323964277923,0.0106101426841,-0.297709582966,-0.402732087949,-0.469320164785,-0.46103127339,-0.402460016072,0,0,0,1,0,0,1,0,0,0,0,0,0,0,1,0,0,1,0,0,0,0,0,0,0,0,1,0,0,0,0,1,0,0,2,3,1,0
BSAR1484,-0.105166056927,0.547906452065,0.227988675725,0.199702103434,1.23579255008,1.55688904421,0.468082071779,1.34533802834,0,0,0,0,1,0,1,0,0,0,0,1,0,0,0,0,0,1,0,0,0,1,0,0,0,0,0,0,0,0,0,0,1,0,5,4,2,1
BSAR1486,-0.682278903155,-0.876857911574,-0.827849913329,-0.777688616805,-0.797675277594,-0.815451287503,-0.730742219824,-0.785790680666,1,0,0,0,0,0,0,0,0,1,0,1,0,0,0,0,0,1,0,0,0,0,0,0,0,0,1,0,0,1,0,0,0,0,2,1,3,0
BSAR1487,-0.566856333909,-0.855592771818,-0.517309151843,-0.68239011614,-0.4614839674,-0.152009755958,-0.779290190182,0.213147345484,0,1,0,0,0,0,0,1,0,0,0,1,0,0,0,0,1,0,0,1,0,0,0,0,0,0,0,0,1,0,0,0,0,0,0,1,1,0
BSAR1488,-0.105166056927,-0.38775969719,-0.330984694951,-0.452279102338,-0.402732087949,-0.592232032852,-1.27425064218,-0.170174917011,0,0,1,0,0,0,0,1,0,0,0,0,1,0,0,0,0,1,0,0,1,0,0,0,0,0,0,0,0,0,0,0,1,0,1,3,0,0
BSAR1489,0.191634835418,-0.111312880365,-0.299930618802,-0.334899241762,-0.500651887034,-0.860095138433,-1.48233672389,-0.558422985803,0,0,0,0,1,0,0,1,0,0,0,1,0,0,0,0,0,1,0,0,0,0,0,0,0,0,1,0,0,0,1,0,0,0,2,4,3,3
BSAR1491,-0.0556992415364,-0.557880815237,-0.144660238059,-0.452279102338,-0.50717987364,-0.757244747683,-1.36647828255,-0.420750332473,0,0,1,0,0,0,0,1,0,0,0,0,1,0,0,0,0,1,0,0,0,1,0,0,0,0,0,0,0,0,0,1,0,0,4,4,0,0
BSAR1492,-0.467922703127,-0.13257802012,-0.0514980096132,-0.239600741097,-0.206892489778,0.18253657,0.638899004521,-0.100785636617,0,0,0,0,1,0,0,0,1,0,0,1,0,0,0,0,1,0,0,0,0,1,0,0,0,0,0,0,0,0,0,0,1,0,5,4,1,0
BSAR1493,0.125679081564,0.0800733774377,0.600637589508,0.146241968915,0.14561878693,-0.135338950864,-0.325906089227,-0.0328212082112,0,0,1,0,0,0,0,0,0,1,0,1,0,0,0,0,1,0,0,0,0,0,1,0,0,0,0,0,0,0,1,0,0,0,2,3,1,3
BSAR1494,-0.946101918573,-0.961918470597,-0.765741761032,-0.785823854667,-0.255852389321,2.90439869665,2.01599405866,1.4704494237,0,0,0,0,1,0,1,0,0,0,0,1,0,0,0,0,0,1,0,0,1,0,0,0,0,0,0,0,0,1,0,0,0,0,1,1,2,1
BSAR1495,-0.649301026228,-0.579145954992,-0.299930618802,-0.513874474719,-0.451691987492,0.0584944778583,0.517774270395,-0.177620089325,0,0,1,0,0,0,1,0,0,0,0,0,1,0,0,0,1,0,0,1,0,0,0,0,0,0,0,0,1,0,0,0,0,0,0,1,1,0
BSAR1496,-0.9790797955,-1.30216070669,-0.952066217924,-0.927609428828,-0.843371183833,-0.350081524959,0.924868051362,-0.677927358448,0,0,0,0,1,0,1,0,0,0,0,1,0,0,0,0,1,0,0,0,0,1,0,0,0,0,0,0,0,0,1,0,0,0,2,0,3,2
BSAR1497,-0.962590857037,-1.11077444889,-0.858903989478,-0.853230111235,-0.719339438325,0.343876056589,1.55332419512,-0.250356269906,0,0,0,0,1,0,1,0,0,0,0,1,0,0,0,0,0,1,0,0,1,0,0,0,0,0,0,0,0,0,0,0,1,0,5,0,1,2
BSAR1498,-0.764723595473,-0.749267073039,-0.393092847248,-0.608010798547,-0.797675277594,-0.708645112493,0.932751909796,-1.00107603426,0,0,0,0,1,0,1,0,0,0,0,1,0,0,0,0,0,1,0,0,0,1,0,0,0,0,0,0,0,0,1,0,0,0,4,1,0,2
BSAR1500,-0.6163231493,-0.89812305133,-0.734687684883,-0.75793161057,-0.647531585663,-0.507747783307,-0.935722539113,-0.232800126872,0,1,0,0,0,0,0,0,0,1,0,1,0,0,0,0,1,0,0,0,0,1,0,0,0,0,0,0,0,0,1,0,0,0,4,4,3,0
BSAR1501,-0.682278903155,-0.13257802012,-0.610471380289,-0.472036108574,-0.4614839674,0.123199806105,1.00828435996,-0.278343733746,1,0,0,0,0,0,0,0,1,0,0,0,0,1,0,0,1,0,0,0,0,0,0,0,1,0,0,0,0,0,0,0,1,0,3,1,1,0
BSAR1505,-0.533878456982,-0.430289976702,-0.796795837181,-0.637065219482,-0.605099672725,-0.523853476364,-0.710244187895,-0.370539609909,0,0,0,0,1,0,0,1,0,0,0,1,0,0,0,0,0,1,0,0,1,0,0,0,0,0,0,0,0,0,0,0,1,0,5,1,1,0
BSAR1506,-0.467922703127,-0.217638579144,-0.424146923397,-0.425549035078,-0.699755478508,-0.787195685648,-0.106483974714,-0.905962916585,0,0,0,1,0,0,1,0,0,0,0,1,0,0,0,0,1,0,0,0,0,0,0,1,0,0,0,0,1,0,0,0,0,0,0,4,3,0
BSAR1508,0.570880420082,0.165133936461,0.290096828022,0.047456937737,-0.278700342441,-0.790586357871,-1.26330790919,-0.538172381105,0,0,1,0,0,0,0,1,0,0,0,1,0,0,0,0,0,1,0,0,0,0,1,0,0,0,0,0,1,0,0,0,0,0,0,3,3,3
BSAR1509,-0.847168287791,-0.706736793527,-0.889958065626,-0.748634195871,0.0281150280271,2.85325605729,0.782207755885,2.3283708035,0,0,1,0,0,0,1,0,0,0,0,1,0,0,0,0,1,0,0,1,0,0,0,0,0,0,0,0,1,0,0,0,0,0,0,1,2,1
BSAR1510,-0.550367395446,-0.0900477406088,-0.299930618802,-0.326764003901,-0.618155645937,-0.531199932846,0.761934977055,-0.811007286818,0,0,1,0,0,0,1,0,0,0,0,0,1,0,0,0,0,1,0,0,0,0,0,0,0,0,1,0,0,1,0,0,0,0,5,1,0,0
BSAR1512,0.900659189355,1.9726708157,1.06644873174,1.53620546643,0.103186873993,-0.621617858781,0.468473348934,-0.84246135143,0,1,0,0,0,0,1,0,0,0,0,1,0,0,0,0,0,1,0,1,0,0,0,0,0,0,0,0,1,0,0,0,0,0,0,2,1,1
BSAR1514,-0.220588626173,-0.2389037189,-0.0204439334645,-0.273303869381,-0.0861247375726,-0.0353141202988,-0.487545230836,0.187417082139,0,0,0,0,1,0,0,0,0,1,0,0,0,1,0,0,0,1,0,0,0,1,0,0,0,0,0,0,1,0,0,0,0,0,5,4,1,0
BSAR1515,-0.550367395446,-0.217638579144,-0.57941730414,-0.48714440746,-0.719339438325,-0.75583196759,0.0366200011067,-0.89915319426,0,0,0,0,1,0,0,0,1,0,0,0,0,1,0,0,1,0,0,0,0,0,0,0,1,0,0,0,0,0,0,0,1,0,5,1,0,0
BSAR1516,0.2905684662,0.399050473775,0.693799817954,0.36589339118,1.53607993394,1.0646764599,-0.236511894425,1.39690376836,1,0,0,0,0,0,1,0,0,0,0,1,0,0,0,0,0,1,0,0,1,0,0,0,0,0,0,0,0,0,0,0,1,0,1,2,2,1
BSAR1517,-0.913124041646,-1.49354696449,-1.16944475096,-1.01709704531,-0.738923398142,-0.0584837138195,-1.0201262,0.549394681042,0,0,0,1,0,0,0,1,0,0,0,1,0,0,0,0,0,1,0,0,0,0,0,0,0,0,1,0,0,0,1,0,0,0,2,0,1,2
BSAR1518,2.00541806642,1.27092120376,1.34593541708,1.28401309271,2.41409413241,0.150607739904,-1.09526907629,0.971920806651,0,0,1,0,0,0,0,1,0,0,0,0,0,0,1,0,1,0,0,0,0,0,0,1,0,0,0,0,0,1,0,0,0,0,3,2,1,3
BSAR1519,0.620347235473,1.14333036523,0.507475361062,0.662248484713,1.12808077109,0.300644985752,-0.335689240829,0.525073622212,0,0,1,0,0,0,1,0,0,0,0,1,0,0,0,0,0,1,0,0,0,1,0,0,0,0,0,0,0,0,0,1,0,0,4,3,2,1
BSAR1525,0.191634835418,0.888148688158,0.383259056468,0.454218830821,-0.304812288863,-0.658350141192,0.174587523706,-0.82032434704,0,1,0,0,0,0,1,0,0,0,0,1,0,0,0,0,1,0,0,0,0,0,0,0,1,0,0,0,0,0,1,0,0,0,3,4,0,3
BSAR1529,-0.913124041646,-0.89812305133,-0.796795837181,-0.775364263131,-0.876011116862,-0.756679635646,1.48786829484,-1.10671986683,0,0,0,1,0,0,0,0,0,1,0,1,0,0,0,0,0,1,0,0,0,0,0,0,0,0,1,0,0,0,0,0,1,0,5,1,3,2
BSAR1530,-1.04503554935,-1.17456986816,-1.23155290326,-0.9578260266,-0.800939270896,0.512279443642,2.25286020539,-0.301398635088,0,0,1,0,0,0,0,0,1,0,0,0,1,0,0,0,1,0,0,0,0,0,1,0,0,0,0,0,0,1,0,0,0,0,3,0,1,2
BSAR1531,-1.06152448782,-1.32342584645,-1.5110395886,-1.04731364308,-0.804203264199,0.712329104773,0.985967954227,0.249969351423,0,0,0,0,1,0,0,0,0,1,0,0,0,1,0,0,0,1,0,1,0,0,0,0,0,0,0,0,0,0,1,0,0,0,2,0,1,2
BSAR1535,-0.9790797955,-1.51481210425,-1.26260697941,-1.03801622838,-0.810731250805,-0.132513390678,-0.573065051139,0.107741565956,0,1,0,0,0,0,0,1,0,0,0,1,0,0,0,0,1,0,0,0,0,1,0,0,0,0,0,0,0,0,0,1,0,0,4,0,0,2
BSAR1536,-0.401966949273,-0.791797352551,-0.299930618802,-0.595226853336,-0.180780543355,0.100030212585,-1.00404931221,0.79227518602,0,0,1,0,0,0,0,1,0,0,0,0,1,0,0,0,1,0,0,1,0,0,0,0,0,0,0,0,1,0,0,0,0,0,0,4,1,0
BSAR1537,-0.6163231493,-0.345229417679,-0.393092847248,-0.459252163362,-0.676907525388,-0.580364680073,0.569418662528,-0.821134314271,0,0,1,0,0,0,1,0,0,0,0,0,1,0,0,0,1,0,0,0,0,0,0,0,1,0,0,0,1,0,0,0,0,0,3,1,3,0
BSAR1538,0.6533251124,0.377785334019,0.196934599576,0.103241425931,-0.409260074555,-0.917454010198,-1.27064573938,-0.766141348458,0,0,1,0,0,0,0,1,0,0,0,0,1,0,0,0,1,0,0,0,0,0,1,0,0,0,0,0,1,0,0,0,0,0,0,3,0,3
BSAR1540,-1.01205767243,-1.21710014767,-1.386823284,-1.00198874642,-0.226476449595,4.69071784589,0.517774270395,4.41505688189,0,0,1,0,0,0,0,0,0,1,0,0,1,0,0,0,0,1,0,0,0,0,0,1,0,0,0,0,0,0,1,0,0,0,3,0,2,1
BSAR1541,-1.04503554935,-1.36595612596,-1.32471513171,-1.01825922214,-0.879275110165,-0.241297457818,1.06852947172,-0.612996649311,0,0,0,0,1,0,0,1,0,0,0,1,0,0,0,0,1,0,0,0,1,0,0,0,0,0,0,0,1,0,0,0,0,0,5,0,3,2
BSAR1542,2.43413046647,1.44104232181,2.61915253917,2.27999864235,1.91143916377,-0.227169656891,-0.56862142184,-0.0247019101245,1,0,0,0,0,0,1,0,0,0,0,1,0,0,0,0,0,1,0,0,1,0,0,0,0,0,0,0,0,1,0,0,0,0,1,2,1,1
BSAR1544,-1.06152448782,-1.57860752352,-1.75947219779,-1.13099037537,-0.856427157045,0.147217067682,-0.85885491938,0.727641225956,0,0,0,0,1,0,0,1,0,0,0,1,0,0,0,0,0,1,0,0,1,0,0,0,0,0,0,0,0,1,0,0,0,0,1,0,0,2
BSAR1545,-0.0721881800001,-0.196373439388,-0.268876542654,-0.354656247998,-0.0959167174811,-0.224626652724,-1.08342894566,0.329199507368,0,0,1,0,0,0,0,1,0,0,0,1,0,0,0,0,1,0,0,0,0,1,0,0,0,0,0,0,0,0,1,0,0,0,2,4,4,0
BSAR1547,-0.896635103182,-1.36595612596,-1.20049882711,-0.993853508559,-0.849899170439,-0.665131485637,-0.924334743597,-0.486244914712,1,0,0,0,0,0,0,1,0,0,0,1,0,0,0,0,1,0,0,0,1,0,0,0,0,0,0,0,0,1,0,0,0,0,5,0,0,2
BSAR1549,0.274079527736,1.16459550498,0.911178350995,0.933035687823,-0.383148128132,-0.774763220832,0.922919232423,-1.05907449834,0,0,0,1,0,0,0,0,1,0,0,0,0,0,1,0,0,1,0,0,0,0,0,0,0,0,1,0,0,0,1,0,0,0,4,4,4,3
BSAR1550,-0.401966949273,-0.664206514016,-0.455200999545,-0.596389030174,-0.650795578965,-0.747637843052,-1.00831973553,-0.581170147874,0,0,1,0,0,0,0,1,0,0,0,0,1,0,0,0,0,1,0,0,0,0,1,0,0,0,0,0,0,0,0,0,1,0,3,4,3,0
BSAR1551,-0.880146164719,-0.64294137426,-0.672579532586,-0.659146579392,-0.853163163742,-0.717121793049,2.05267474737,-1.12933915276,0,0,0,0,1,0,0,0,1,0,0,0,0,1,0,0,0,1,0,0,1,0,0,0,0,0,0,0,0,1,0,0,0,0,1,1,3,2
BSAR1552,0.851192373964,1.3985120423,0.7869620464,0.987657999181,0.494866070334,-0.33030260366,-0.2182914216,-0.323659692419,0,0,0,0,1,0,0,0,1,0,0,0,0,1,0,0,0,1,0,0,1,0,0,0,0,0,0,0,0,0,0,0,1,0,1,2,4,3
BSAR1553,0.636836173937,0.547906452065,1.06644873174,0.648302362664,-0.0959167174811,-0.669087269896,-0.385415015255,-0.689734585974,0,0,1,0,0,0,1,0,0,0,0,0,0,0,1,0,0,1,0,0,0,0,1,0,0,0,0,0,1,0,0,0,0,0,0,3,0,1
BSAR1554,-0.500900580055,-0.536615675481,-0.57941730414,-0.594064676499,-0.376620141526,-0.0932381041006,-0.657534962935,0.216017183871,0,0,0,1,0,0,0,1,0,0,0,0,0,0,1,0,0,1,0,0,0,0,1,0,0,0,0,0,0,1,0,0,0,0,4,4,1,0
BSAR1555,-0.2535665031,-0.196373439388,0.352204980319,-0.103626051123,0.801681440802,1.35994749928,0.139525100669,1.40250923064,0,0,1,0,0,0,1,0,0,0,0,0,1,0,0,0,1,0,0,0,0,0,1,0,0,0,0,0,0,0,1,0,0,0,0,4,2,1
BSAR1556,-0.583345272373,-0.323964277923,-0.424146923397,-0.463900870712,-0.255852389321,0.361959641776,0.332939437031,0.20860863845,0,0,0,1,0,0,1,0,0,0,0,1,0,0,0,0,0,1,0,1,0,0,0,0,0,0,0,0,0,0,0,1,0,0,2,1,1,0
BSAR1557,-0.599834210837,-0.111312880365,-0.517309151843,-0.425549035078,-0.487595913823,-0.147206303643,0.624405446591,-0.413563148106,1,0,0,0,0,0,0,0,1,0,0,1,0,0,0,0,0,1,0,0,0,0,0,0,1,0,0,0,0,1,0,0,0,0,5,4,1,0
BSAR1558,0.208123773882,0.165133936461,0.383259056468,0.0904574807202,-0.605099672725,-0.972552433814,-0.622223227259,-1.03724756389,1,0,0,0,0,0,0,1,0,0,0,1,0,0,0,0,0,1,0,0,0,0,0,0,1,0,0,0,0,0,0,0,1,0,5,4,3,3
BSAR1559,1.70861717407,2.07899651448,1.12855688404,1.65242315016,0.47854610382,-0.645917676376,-0.490822073382,-0.626038310679,0,0,0,0,1,0,0,0,1,0,0,1,0,0,0,0,0,1,0,0,0,1,0,0,0,0,0,0,0,1,0,0,0,0,5,2,0,3
BSAR1560,-0.0556992415364,0.441580753286,1.06644873174,0.582058282934,-0.0404288313327,-0.171788677256,1.27747076336,-0.599119048928,0,0,0,0,1,0,0,0,1,0,0,1,0,0,0,0,0,1,0,0,1,0,0,0,0,0,0,0,0,1,0,0,0,0,1,3,4,0
BSAR1561,-0.929612980109,-1.13203958864,-1.386823284,-0.985718270697,-0.719339438325,0.129698594532,-0.525761900534,0.434135519248,0,0,1,0,0,0,0,1,0,0,0,0,1,0,0,0,1,0,0,1,0,0,0,0,0,0,0,0,0,1,0,0,0,0,3,0,4,2
BSAR1562,-0.814190410864,-0.706736793527,-1.01417437022,-0.786986031505,-0.807467257502,-0.658915253229,0.124827808516,-0.810014482634,1,0,0,0,0,0,0,0,0,1,0,1,0,0,0,0,1,0,0,0,0,0,0,0,0,0,1,0,0,0,1,0,0,0,2,0,3,2
BSAR1564,0.488435727764,0.420315613531,0.414313132616,0.234567408556,1.11502479788,0.420731293634,-0.835241990442,1.1207666606,1,0,0,0,0,0,1,0,0,0,0,1,0,0,0,0,0,1,0,0,0,1,0,0,0,0,0,0,0,0,1,0,0,0,4,3,2,1
BSAR1566,-0.583345272373,-0.302699138167,-0.455200999545,-0.467387401224,-0.758507357959,-0.81403850741,0.316319411142,-1.01260619136,0,0,0,0,1,0,0,0,0,1,0,0,0,1,0,0,0,1,0,0,1,0,0,0,0,0,0,0,0,1,0,0,0,0,5,1,3,0
BSAR1567,-0.946101918573,-1.21710014767,-0.889958065626,-0.890419770032,-0.755243364656,0.0223273074845,0.78611214292,-0.301962436377,0,0,0,0,1,0,0,1,0,0,0,1,0,0,0,0,1,0,0,0,1,0,0,0,0,0,0,0,0,0,0,1,0,0,4,0,1,2
BSAR1568,-0.847168287791,-0.770532212795,-0.858903989478,-0.756769433733,-0.833579203925,-0.698755651844,0.713880982789,-0.96014218583,0,0,0,1,0,0,1,0,0,0,0,1,0,0,0,0,1,0,0,0,1,0,0,0,0,0,0,0,0,1,0,0,0,0,1,0,0,2
BSAR1570,2.17030745106,2.10026165424,1.12855688404,1.66636927221,1.85595127762,-0.161051548552,-0.877443820884,0.269938152472,0,0,0,0,1,0,1,0,0,0,0,1,0,0,0,0,0,1,0,0,0,1,0,0,0,0,0,0,0,0,0,0,1,0,5,2,1,1
BSAR1572,0.570880420082,-0.0900477406088,0.290096828022,-0.076895983863,0.0379070079356,-0.53430804905,-1.46828822848,0.0899511953574,1,0,0,0,0,0,0,1,0,0,0,1,0,0,0,0,0,1,0,0,0,0,0,1,0,0,0,0,0,0,1,0,0,0,3,3,0,3
BSAR1573,1.26341583555,1.35598176279,1.81174655931,1.65707185751,0.458962144003,-0.525831368494,0.0410293179044,-0.640436409666,0,0,0,0,1,0,1,0,0,0,0,1,0,0,0,0,0,1,0,0,1,0,0,0,0,0,0,0,0,1,0,0,0,0,2,2,0,1
BSAR1574,-1.06152448782,-1.25963042718,-1.4489314363,-1.02407010633,-0.233004436201,6.89324201046,1.49841875245,4.95694574035,1,0,0,0,0,0,1,0,0,0,0,1,0,0,0,0,0,1,0,0,0,0,0,0,0,0,1,0,0,0,1,0,0,0,2,0,2,1
BSAR1575,0.537902543155,0.228929355728,1.00434057944,0.420515702537,1.2619044965,0.490522630214,-0.596040867148,0.985547396707,0,1,0,0,0,0,1,0,0,0,0,1,0,0,0,0,0,1,0,0,0,0,1,0,0,0,0,0,1,0,0,0,0,0,0,3,2,1
BSAR1576,-0.896635103182,-1.28089556693,-1.26260697941,-0.988042624372,-0.866219136953,-0.743682058792,-0.867395766017,-0.631679525107,0,1,0,0,0,0,0,1,0,0,0,0,0,1,0,0,1,0,0,0,1,0,0,0,0,0,0,0,0,0,1,0,0,0,4,0,0,2
BSAR1577,0.0432343892454,0.803088129135,0.196934599576,0.303135841961,0.0379070079356,-0.177157241609,0.247697170919,-0.323465555291,0,0,0,0,1,0,1,0,0,0,0,1,0,0,0,0,0,1,0,0,0,0,0,0,0,0,1,0,0,0,0,1,0,0,4,4,4,3
BSAR1578,2.15381851259,2.18532221326,2.68126069147,2.99822392785,5.13626454698,1.24381697566,0.29213986609,1.15640346058,0,1,0,0,0,0,1,0,0,0,0,1,0,0,0,0,1,0,0,0,0,0,0,0,1,0,0,0,0,1,0,0,0,0,3,2,2,1
BSAR1579,-0.896635103182,-0.855592771818,-0.921012141775,-0.798607799878,-0.866219136953,-0.743682058792,0.988814903106,-1.0396634731,0,0,0,0,1,0,0,0,0,1,0,1,0,0,0,0,1,0,0,1,0,0,0,0,0,0,0,0,0,1,0,0,0,0,2,0,3,2
BSAR1580,0.307057404664,0.951944107426,0.352204980319,0.467002776033,1.0268969787,0.55353262235,-0.0752557042931,0.65426749896,0,0,1,0,0,0,1,0,0,0,0,0,1,0,0,0,0,1,0,1,0,0,0,0,0,0,0,0,0,0,1,0,0,0,0,3,2,1
BSAR1581,-0.517389518518,-0.728001933283,-0.610471380289,-0.667281817254,-0.520235846851,-0.36533954996,-0.905725419217,-0.0273708304623,0,0,1,0,0,0,0,1,0,0,0,0,0,0,1,0,1,0,0,0,0,1,0,0,0,0,0,0,0,0,0,1,0,0,4,4,0,0
BSAR1582,-0.962590857037,-0.813062492306,-1.13839067482,-0.850905757561,-0.791147290988,-0.100019448546,1.58260709787,-0.60432906746,1,0,0,0,0,0,0,0,1,0,0,1,0,0,0,0,0,1,0,0,0,1,0,0,0,0,0,0,0,1,0,0,0,0,5,0,0,2
BSAR1583,-0.814190410864,-0.983183610353,-0.703633608735,-0.775364263131,-0.510443866943,0.458876356137,0.213949686468,0.372293789134,0,0,1,0,0,0,1,0,0,0,0,0,1,0,0,0,0,1,0,1,0,0,0,0,0,0,0,0,0,1,0,0,0,0,3,0,1,2
BSAR1586,0.8347034355,1.69622399888,0.7869620464,1.15849799428,-0.0306368514242,-0.691409195361,0.0525159107952,-0.830183476438,0,0,0,0,1,0,1,0,0,0,0,1,0,0,0,0,0,1,0,0,0,1,0,0,0,0,0,0,0,0,0,0,1,0,5,2,3,1
BSAR1588,2.38466365108,1.33471662303,2.49493623458,2.10102340939,0.12277083381,-0.92480046668,-0.675010243611,-0.958364562886,0,0,0,0,1,0,1,0,0,0,0,1,0,0,0,0,0,1,0,0,0,0,0,0,0,0,1,0,0,0,0,0,1,0,5,2,3,1
BSAR1589,0.191634835418,0.632967011089,0.445367208765,0.360082506993,-0.389676114737,-0.745942506941,-0.0230720698952,-0.875518874348,0,1,0,0,0,0,1,0,0,0,0,1,0,0,0,0,0,1,0,0,0,0,0,1,0,0,0,0,0,1,0,0,0,0,3,4,3,3
BSAR1591,2.30221895876,2.82327640594,1.68753025471,2.64724652296,0.893073253282,-0.599861045353,-0.156410570493,-0.67095876715,0,0,1,0,0,0,0,0,1,0,0,1,0,0,0,0,1,0,0,0,0,0,0,0,0,1,0,0,1,0,0,0,0,0,0,2,0,3
BSAR1592,-0.665789964691,-0.600411094748,-0.734687684883,-0.667281817254,-0.634475612451,-0.391334703666,-0.205480151644,-0.403249677515,0,0,0,1,0,0,0,1,0,0,0,0,0,0,1,0,0,1,0,0,0,0,0,0,0,0,1,0,0,1,0,0,0,0,3,1,0,0
BSAR1593,1.0160817586,1.48357260132,0.693799817954,0.97022534662,0.354514358312,-0.498423434695,-0.4783410804,-0.434251446233,0,0,1,0,0,0,0,0,1,0,0,0,0,0,1,0,1,0,0,0,0,1,0,0,0,0,0,0,0,0,0,1,0,0,4,2,4,3
BSAR1594,-0.715256780082,-0.685471653772,-0.672579532586,-0.673092701441,-0.595307692817,-0.173201457349,0.0891790573348,-0.260979915122,1,0,0,0,0,0,1,0,0,0,0,0,0,1,0,0,0,1,0,0,0,0,0,0,0,1,0,0,0,0,0,0,1,0,5,1,4,2
BSAR1595,-0.0721881800001,0.505376172554,0.227988675725,0.179945097199,0.977937079156,1.142379365,0.303202626005,1.0417373174,0,0,0,1,0,0,0,0,1,0,0,0,0,1,0,0,1,0,0,0,0,1,0,0,0,0,0,0,0,0,0,1,0,0,2,3,2,1
BSAR1596,2.05488488181,1.54736802059,2.61915253917,2.37529714302,3.17134057867,0.460006580212,-0.153259594414,0.59648603828,0,0,1,0,0,0,1,0,0,0,0,0,0,1,0,0,1,0,0,0,0,0,0,0,0,0,1,0,0,0,1,0,0,0,4,2,2,1
BSAR1597,0.125679081564,0.888148688158,0.507475361062,0.527435971577,1.12155278448,0.920855446459,0.514513219861,0.679247621461,0,1,0,0,0,0,1,0,0,0,0,1,0,0,0,0,1,0,0,0,0,1,0,0,0,0,0,0,0,1,0,0,0,0,5,4,2,1
BSAR1598,-0.599834210837,-0.281433998411,-0.268876542654,-0.388359376282,0.285970498952,1.71314252246,0.806610174849,1.25271274135,0,1,0,0,0,0,1,0,0,0,0,1,0,0,0,0,0,1,0,1,0,0,0,0,0,0,0,0,0,1,0,0,0,0,3,1,2,1
BSAR1599,-0.847168287791,-0.89812305133,-1.01417437022,-0.835797458675,-0.807467257502,-0.591101808778,0.0501351869939,-0.716578390247,0,0,0,1,0,0,1,0,0,0,0,1,0,0,0,0,0,1,0,0,0,0,0,0,0,0,1,0,0,1,0,0,0,0,3,1,3,2
BSAR1604,0.257590589273,0.462845893042,-0.206768390356,-0.0664363923266,-0.295020308955,-0.681237178694,-1.03122473333,-0.462448612048,0,1,0,0,0,0,0,1,0,0,0,1,0,0,0,0,1,0,0,0,0,0,1,0,0,0,0,0,0,0,0,0,1,0,0,4,3,3
BSAR1605,2.12084063566,1.71748913864,1.65647617856,1.81396573056,0.494866070334,-0.728989145828,-0.710346168153,-0.667052142828,1,0,0,0,0,0,0,0,0,1,0,1,0,0,0,0,0,1,0,0,0,0,0,0,0,0,1,0,0,0,1,0,0,0,3,2,3,3
BSAR1609,-0.171121810782,-0.111312880365,0.290096828022,-0.0873555753995,-0.334188228589,-0.446433127283,-0.0992705910443,-0.506367264644,0,0,0,0,1,0,1,0,0,0,0,1,0,0,0,0,0,1,0,0,0,0,0,0,0,0,1,0,0,0,1,0,0,0,2,4,4,0
BSAR1610,0.686302989328,0.52664131231,0.693799817954,0.436786178261,2.14971067488,1.01777216082,-0.791876701015,1.9652320615,1,0,0,0,0,0,1,0,0,0,0,1,0,0,0,0,0,1,0,0,0,1,0,0,0,0,0,0,0,1,0,0,0,0,2,3,2,1
BSAR1611,-0.336011195418,0.313989914752,-0.0514980096132,-0.0490037397658,-0.12855665051,0.0737525028598,0.664700723033,-0.214132048449,0,0,0,0,1,0,1,0,0,0,0,0,0,1,0,0,0,1,0,0,0,0,0,0,1,0,0,0,0,1,0,0,0,0,1,4,1,0
BSAR1613,-0.781212533937,-0.728001933283,-0.703633608735,-0.696336238189,-0.523499840154,0.267303375563,0.482741270371,0.0441948672671,0,0,0,1,0,0,1,0,0,0,0,0,0,1,0,0,1,0,0,0,0,1,0,0,0,0,0,0,0,0,1,0,0,0,2,1,1,2
BSAR1614,-0.550367395446,-0.409024836946,-0.672579532586,-0.585929438637,0.312082445375,1.53371945068,-0.410131976832,2.18044471131,0,1,0,0,0,0,0,0,0,1,0,1,0,0,0,0,1,0,0,0,0,0,0,0,0,0,1,0,0,0,0,0,1,0,3,1,2,1
BSAR1615,-0.352500133882,0.101338517193,-0.237822466505,-0.225654619048,-0.252588396018,-0.108213573084,0.13339049875,-0.206491228648,0,0,1,0,0,0,1,0,0,0,0,0,0,0,1,0,1,0,0,0,0,0,0,0,0,0,1,0,0,1,0,0,0,0,2,3,1,0
BSAR1616,-0.204099687709,-0.579145954992,-0.672579532586,-0.639389573157,-0.585515712908,-0.778153893055,-1.61215759277,-0.304373172921,0,0,0,1,0,0,0,1,0,0,0,0,0,0,1,0,0,1,0,0,0,0,0,0,0,0,1,0,0,1,0,0,0,0,1,4,0,0
BSAR1617,-0.962590857037,-1.1533047284,-1.04522844637,-0.90901459943,-0.830315210622,-0.342169956439,0.850534528982,-0.654773729652,0,0,0,1,0,0,1,0,0,0,0,1,0,0,0,0,0,1,0,0,1,0,0,0,0,0,0,0,0,1,0,0,0,0,1,0,4,2
BSAR1618,-0.649301026228,-0.430289976702,-0.299930618802,-0.456927809688,-0.624683632543,-0.395290487926,0.822138986916,-0.697388912468,0,0,1,0,0,0,0,0,1,0,0,1,0,0,0,0,0,1,0,0,0,0,0,0,0,1,0,0,1,0,0,0,0,0,0,1,4,0
BSAR1619,-0.533878456982,-0.0900477406088,-0.268876542654,-0.313980058689,-0.582251719606,-0.474406173119,0.714369031168,-0.748410103651,0,0,0,0,1,0,1,0,0,0,0,1,0,0,0,0,0,1,0,0,1,0,0,0,0,0,0,0,0,0,0,1,0,0,4,1,1,0
BSAR1621,-0.946101918573,-0.876857911574,-1.20049882711,-0.883446709007,-0.813995244108,-0.31673991477,0.868104270635,-0.635385844596,0,0,1,0,0,0,1,0,0,0,0,0,1,0,0,0,1,0,0,0,0,0,0,1,0,0,0,0,0,1,0,0,0,0,3,0,0,2
BSAR1622,-0.2535665031,0.356520194263,0.134826447279,0.062565236623,1.01710499879,1.68714736875,0.653773971869,1.33527344456,1,0,0,0,0,0,1,0,0,0,0,1,0,0,0,0,0,1,0,0,1,0,0,0,0,0,0,0,0,1,0,0,0,0,1,4,2,1
BSAR1623,-0.896635103182,-1.11077444889,-1.32471513171,-0.965961264462,-0.794411284291,-0.39839860413,-0.651027651211,-0.219432221191,0,0,1,0,0,0,0,1,0,0,0,0,0,0,1,0,0,1,0,0,0,0,0,0,0,0,1,0,0,0,0,1,0,0,4,0,0,2
BSAR1624,2.15381851259,1.2071257845,1.43909764552,1.30144574527,0.951825132733,-0.540524281458,-1.18210282437,-0.138713670375,0,1,0,0,0,0,0,1,0,0,0,0,0,1,0,0,0,1,0,0,0,0,0,0,1,0,0,0,1,0,0,0,0,0,3,2,4,3
BSAR1626,-0.764723595473,-0.579145954992,-0.734687684883,-0.66030875623,0.135826807021,2.39947109151,0.577978280256,2.08688375924,0,1,0,0,0,0,1,0,0,0,0,0,0,1,0,0,1,0,0,0,0,0,0,0,0,1,0,0,0,1,0,0,0,0,1,1,2,1
BSAR1628,-0.550367395446,-0.196373439388,-0.268876542654,-0.354656247998,-0.516971853549,-0.306567898102,0.635793242107,-0.570305387115,1,0,0,0,0,0,1,0,0,0,0,1,0,0,0,0,0,1,0,0,1,0,0,0,0,0,0,0,1,0,0,0,0,0,5,1,4,0
BSAR1629,0.4719467893,-0.2389037189,0.0727182949814,-0.236114210585,0.0117950615129,-0.50718267127,-1.63184382145,0.306403159385,0,1,0,0,0,0,0,1,0,0,0,1,0,0,0,0,1,0,0,0,0,0,0,1,0,0,0,0,1,0,0,0,0,0,0,2,4,3
BSAR1630,-0.9790797955,-0.983183610353,-0.827849913329,-0.809067391415,-0.712811451719,0.519343344106,2.53317517194,-0.357835743867,1,0,0,0,0,0,0,0,1,0,0,1,0,0,0,0,1,0,0,0,0,0,0,0,0,0,1,0,0,0,0,1,0,0,2,0,1,2
BSAR1631,-0.2535665031,-0.2389037189,0.259042751873,-0.161734892992,-0.0698047710584,0.0361725523932,-0.0402821969534,0.0326454705187,0,0,1,0,0,0,0,0,1,0,0,0,1,0,0,0,1,0,0,0,0,0,1,0,0,0,0,0,0,0,0,1,0,0,4,3,4,0
BSAR1632,-0.0556992415364,0.207664215973,0.445367208765,0.141593261565,0.553617949786,0.573594099667,0.151564371901,0.532318978983,0,0,0,1,0,0,1,0,0,0,0,1,0,0,0,0,1,0,0,0,0,0,0,0,0,1,0,0,0,1,0,0,0,0,4,4,2,1
BSAR1634,-0.566856333909,-0.621676234504,-0.517309151843,-0.602199914361,-0.281964335743,0.256848802877,-0.407089084103,0.518865072181,0,0,0,0,1,0,0,1,0,0,0,1,0,0,0,0,1,0,0,0,0,0,0,0,0,1,0,0,0,0,1,0,0,0,4,4,1,0
BSAR1635,-0.830679349328,-0.749267073039,-0.548363227991,-0.65566004888,-0.683435511994,-0.138447067068,1.33769554755,-0.584635532842,0,0,0,0,1,0,0,0,1,0,0,1,0,0,0,0,0,1,0,0,0,0,0,0,0,1,0,0,0,0,0,0,1,0,5,1,4,2
BSAR1637,1.82403974332,2.07899651448,1.84280063545,2.22770068467,1.5980958067,-0.144098187439,-0.0474744888583,-0.172828740361,0,0,1,0,0,0,0,0,1,0,0,0,0,0,1,0,1,0,0,0,0,0,0,0,0,0,1,0,0,0,0,1,0,0,3,2,1,3
BSAR1638,-0.995568733964,-0.89812305133,-1.13839067482,-0.870662763796,-0.0828607442697,5.22135804872,2.12190055696,3.04090442507,0,1,0,0,0,0,1,0,0,0,0,1,0,0,0,0,0,1,0,0,0,1,0,0,0,0,0,0,0,0,1,0,0,0,4,0,2,1
BSAR1639,1.84052868178,0.824353268891,0.911178350995,0.729654741281,1.03668895861,-0.414786853205,-1.50164646411,0.364642379202,0,0,0,1,0,0,0,1,0,0,0,0,0,0,1,0,0,1,0,1,0,0,0,0,0,0,0,0,0,1,0,0,0,0,2,2,4,3
BSAR1640,-0.0886771184637,0.632967011089,-0.0514980096132,0.0869709502081,-0.477803933914,-0.701016099992,0.11365431934,-0.853939135802,0,0,1,0,0,0,1,0,0,0,0,0,1,0,0,0,0,1,0,0,0,0,1,0,0,0,0,0,1,0,0,0,0,0,0,3,0,0
BSAR1641,2.30221895876,1.9726708157,2.21544954924,2.43921686907,0.498130063637,-0.761200531942,-0.329483575931,-0.822858286907,0,0,0,1,0,0,0,0,0,1,0,0,0,0,1,0,0,1,0,0,0,0,0,0,0,0,1,0,0,0,1,0,0,0,2,2,3,3
BSAR1642,-0.138143933855,-0.217638579144,-0.424146923397,-0.425549035078,-0.108972690693,-0.170658453182,-1.13429722343,0.465181054102,0,0,0,1,0,0,0,1,0,0,0,0,0,1,0,0,0,1,0,0,0,0,1,0,0,0,0,0,0,1,0,0,0,0,1,4,4,0
BSAR1644,-0.896635103182,-0.855592771818,-0.889958065626,-0.789310385179,-0.118764670601,2.85099560914,1.07991726723,2.06541765538,1,0,0,0,0,0,1,0,0,0,0,1,0,0,0,0,0,1,0,0,0,0,1,0,0,0,0,0,0,1,0,0,0,0,1,0,2,1
BSAR1645,-0.698767841618,-0.961918470597,-0.983120294072,-0.843932696536,-0.709547458417,-0.542784729607,-1.03138002145,-0.235081915886,0,0,1,0,0,0,0,1,0,0,0,1,0,0,0,0,1,0,0,0,0,0,0,0,0,1,0,0,0,0,0,1,0,0,4,1,0,0
BSAR1647,-1.06152448782,-1.32342584645,-1.54209366475,-1.0542867041,-0.807467257502,0.677009602454,0.83223271476,0.284657428026,0,0,0,1,0,0,1,0,0,0,0,0,0,0,1,0,1,0,0,0,0,0,0,0,1,0,0,0,1,0,0,0,0,0,3,0,1,2
BSAR1648,-1.01205767243,-1.11077444889,-0.921012141775,-0.868338410121,-0.794411284291,0.220964188522,2.6607503357,-0.575046963303,0,0,1,0,0,0,1,0,0,0,0,0,1,0,0,0,0,1,0,0,0,0,0,1,0,0,0,0,1,0,0,0,0,0,0,0,1,2
BSAR1649,-0.929612980109,-0.834327632062,-1.20049882711,-0.874149294308,-0.396204101343,1.87787268127,0.704120015204,1.47990334622,0,0,0,1,0,0,1,0,0,0,0,1,0,0,0,0,0,1,0,0,1,0,0,0,0,0,0,0,0,0,0,0,1,0,5,1,2,1
BSAR1650,-0.929612980109,-1.3446909862,-1.29366105556,-1.00779963061,-0.843371183833,-0.541371949514,-0.769176029691,-0.369145547978,0,1,0,0,0,0,0,1,0,0,0,1,0,0,0,0,1,0,0,0,0,1,0,0,0,0,0,0,0,0,0,1,0,0,4,1,0,2
BSAR1652,0.0102565123182,-0.38775969719,-0.11360616191,-0.372088900559,0.305554458769,0.172929665369,-1.28390828695,1.24236276724,0,0,0,0,1,0,0,1,0,0,0,0,0,1,0,0,0,1,0,0,0,0,0,0,1,0,0,0,0,1,0,0,0,0,1,3,1,3
BSAR1653,-0.533878456982,-0.770532212795,-0.206768390356,-0.559199371377,-0.337452221892,0.0553863616543,-0.366902153085,0.232664282002,0,0,1,0,0,0,0,0,0,1,0,0,1,0,0,0,0,1,0,0,0,0,0,0,0,1,0,0,1,0,0,0,0,0,0,1,1,0
BSAR1654,-0.303033318491,0.165133936461,0.352204980319,0.0765113586716,0.863697313556,1.61113979977,0.924284061848,1.08348658466,1,0,0,0,0,0,1,0,0,0,0,1,0,0,0,0,0,1,0,0,0,0,0,0,1,0,0,0,0,1,0,0,0,0,1,4,2,1
BSAR1655,-0.896635103182,-0.961918470597,-1.16944475096,-0.895068477381,-0.738923398142,-0.131383166604,0.0436278752705,-0.196285165704,0,0,0,1,0,0,0,1,0,0,0,1,0,0,0,0,1,0,0,0,0,0,0,0,0,0,1,0,0,1,0,0,0,0,2,0,4,2
BSAR1657,-0.913124041646,-0.64294137426,-0.921012141775,-0.740498958009,-0.693227491902,0.174342445462,1.84959827006,-0.451910249439,1,0,0,0,0,0,0,0,1,0,0,1,0,0,0,0,1,0,0,0,0,1,0,0,0,0,0,0,0,0,0,1,0,0,4,0,4,2
BSAR1660,1.59319460483,1.24965606401,1.19066503633,1.16779540898,0.52424201006,-0.592514588871,-0.876290375532,-0.395385151394,0,1,0,0,0,0,0,1,0,0,0,1,0,0,0,0,0,1,0,0,0,1,0,0,0,0,0,0,0,0,0,1,0,0,4,2,0,3
BSAR1663,1.95595125103,1.18586064474,1.28382726478,1.18639023837,0.713553621625,-0.59647037313,-1.14928842151,-0.256351370065,1,0,0,0,0,0,0,1,0,0,0,1,0,0,0,0,0,1,0,0,1,0,0,0,0,0,0,0,0,0,0,0,1,0,5,2,3,3
BSAR1664,-0.781212533937,-0.855592771818,-0.455200999545,-0.663795286742,-0.768299337868,-0.580364680073,0.712319227975,-0.848066441427,0,0,0,0,1,0,1,0,0,0,0,1,0,0,0,0,0,1,0,0,0,1,0,0,0,0,0,0,0,0,1,0,0,0,2,0,3,2
BSAR1665,-0.6163231493,-0.323964277923,-0.672579532586,-0.55803719454,0.279442512346,1.78491175117,0.0716093156814,1.93703152629,0,0,0,0,1,0,1,0,0,0,0,1,0,0,0,0,1,0,0,0,0,1,0,0,0,0,0,0,0,0,0,1,0,0,4,1,2,1
BSAR1666,-0.270055441564,0.228929355728,0.383259056468,0.122998432167,-0.112236683995,-0.00423295825878,0.916421060182,-0.364959811941,0,1,0,0,0,0,0,0,1,0,0,1,0,0,0,0,1,0,0,0,0,0,0,1,0,0,0,0,1,0,0,0,0,0,3,4,1,0
BSAR1668,-0.748234657009,-0.472820256213,-0.486255075694,-0.539442365142,-0.699755478508,-0.419307749502,1.22036674527,-0.794849021461,1,0,0,0,0,0,0,0,1,0,0,1,0,0,0,0,0,1,0,0,0,1,0,0,0,0,0,0,0,0,0,1,0,0,4,1,4,2
BSAR1672,-0.731745718546,-0.855592771818,-0.393092847248,-0.646362634181,-0.562667759788,-0.0293804439093,0.382008084891,-0.216808774309,1,0,0,0,0,0,1,0,0,0,0,1,0,0,0,0,0,1,0,0,0,1,0,0,0,0,0,0,0,0,0,1,0,0,4,1,1,2
BSAR1674,-0.550367395446,-0.196373439388,-0.3620387711,-0.393008083631,0.491602077032,1.93212343683,0.462348356554,1.72727669208,0,0,0,0,1,0,1,0,0,0,0,1,0,0,0,0,0,1,0,0,0,0,0,0,0,1,0,0,0,1,0,0,0,0,1,1,2,1
BSAR1675,-0.0721881800001,-0.600411094748,-0.206768390356,-0.490630937972,-0.468011954006,-0.698473095825,-1.4361156715,-0.262381851143,0,0,0,0,1,0,0,1,0,0,0,1,0,0,0,0,1,0,0,0,0,0,0,1,0,0,0,0,0,0,1,0,0,0,3,4,3,0
BSAR1676,0.768747681646,0.313989914752,0.880124274846,0.411218287838,0.152146773535,-0.535720829143,-0.939167586496,-0.275145105518,0,0,0,1,0,0,0,1,0,0,0,0,0,0,1,0,0,1,0,0,0,0,0,1,0,0,0,0,1,0,0,0,0,0,0,3,4,3
BSAR1679,-0.913124041646,-1.40848640547,-1.386823284,-1.03917840522,-0.794411284291,-0.341039732365,-1.24922185097,0.267540213582,0,0,0,0,1,0,0,1,0,0,0,0,0,1,0,0,1,0,0,0,0,1,0,0,0,0,0,0,0,0,0,1,0,0,4,1,0,2
BSAR1681,0.636836173937,0.632967011089,0.196934599576,0.222945640182,-0.353772188406,-0.869984599082,-1.06129606805,-0.761778962957,0,0,0,1,0,0,0,1,0,0,0,1,0,0,0,0,0,1,0,0,0,0,1,0,0,0,0,0,0,1,0,0,0,0,1,3,0,3
BSAR1682,-0.599834210837,0.292724774996,-0.268876542654,-0.165221423504,-0.637739605754,-0.508030339325,1.89983854439,-0.962737546631,0,1,0,0,0,0,0,0,1,0,0,1,0,0,0,0,0,1,0,0,1,0,0,0,0,0,0,0,0,0,0,1,0,0,4,1,4,0
BSAR1683,2.56604197418,2.65315528789,2.52599031072,3.28179507618,0.181522713261,-0.924235354643,0.107159787097,-1.09976123014,1,0,0,0,0,0,1,0,0,0,0,1,0,0,0,0,0,1,0,0,0,0,0,0,0,1,0,0,0,1,0,0,0,0,5,2,3,1
BSAR1684,-0.748234657009,-0.983183610353,-0.517309151843,-0.726552835961,-0.738923398142,-0.544762621736,-0.0019233067939,-0.650111624046,0,0,0,0,1,0,1,0,0,0,0,1,0,0,0,0,0,1,0,0,0,0,0,0,0,0,1,0,0,0,1,0,0,0,2,1,3,2
BSAR1685,-1.01205767243,-1.25963042718,-1.16944475096,-0.96247473395,-0.876011116862,-0.421003085613,1.15134980274,-0.784322166717,0,0,1,0,0,0,1,0,0,0,0,1,0,0,0,0,0,1,0,0,0,0,0,1,0,0,0,0,1,0,0,0,0,0,3,0,3,2
BSAR1690,-0.632812087764,-0.302699138167,-0.393092847248,-0.444143864476,-0.513707860246,-0.141555183272,0.764408344407,-0.448168367064,1,0,0,0,0,0,0,0,1,0,0,1,0,0,0,0,0,1,0,0,0,0,1,0,0,0,0,0,0,1,0,0,0,0,1,1,4,0
BSAR1691,-0.781212533937,-0.813062492306,-0.796795837181,-0.749796372708,-0.725867424931,-0.433435550429,0.105577482878,-0.555739035139,1,0,0,0,0,0,1,0,0,0,0,1,0,0,0,0,0,1,0,0,0,0,0,0,0,1,0,0,0,1,0,0,0,0,1,1,0,2
BSAR1692,-0.599834210837,0.037543097926,-0.517309151843,-0.374413254233,-0.676907525388,-0.60240404952,0.874936947945,-0.896488640014,0,1,0,0,0,0,1,0,0,0,0,1,0,0,0,0,0,1,0,0,1,0,0,0,0,0,0,0,0,1,0,0,0,0,2,4,3,0
BSAR1693,-0.583345272373,-0.940653330841,-0.889958065626,-0.813716098764,-0.742187391445,-0.775893444907,-1.33460316043,-0.473921829404,0,0,1,0,0,0,0,1,0,0,0,1,0,0,0,0,1,0,0,0,0,0,0,0,0,0,1,0,0,1,0,0,0,0,3,1,0,0
BSAR1698,0.125679081564,0.611701871333,0.196934599576,0.213648225483,-0.614891652634,-0.958142076868,-0.177295357742,-1.0971206611,0,1,0,0,0,0,1,0,0,0,0,1,0,0,0,0,1,0,0,0,0,0,1,0,0,0,0,0,1,0,0,0,0,0,0,4,3,3
BSAR1699,2.86284286653,1.50483774108,2.24650362539,2.07545551897,0.553617949786,-0.825905860189,-1.01404835218,-0.706447842176,1,0,0,0,0,0,0,1,0,0,0,1,0,0,0,0,0,1,0,0,1,0,0,0,0,0,0,0,0,1,0,0,0,0,1,2,3,3
BSAR1700,-0.9790797955,-1.11077444889,-1.07628252252,-0.905528068918,-0.840107190531,-0.32832471153,1.22445467186,-0.719163844531,0,0,1,0,0,0,1,0,0,0,0,0,1,0,0,0,0,1,0,0,0,0,0,1,0,0,0,0,1,0,0,0,0,0,0,0,4,2
BSAR1701,-0.171121810782,-0.472820256213,-0.0204439334645,-0.373251077396,-0.363564168315,-0.487403749972,-0.912579599839,-0.213758690173,0,0,0,0,1,0,0,1,0,0,0,1,0,0,0,0,0,1,0,0,0,0,0,0,0,0,1,0,0,0,0,0,1,0,5,4,0,0
BSAR1702,-0.0721881800001,-0.366494557434,0.165880523427,-0.258195570495,-0.412524067857,-0.627834091189,-0.833232379469,-0.46905058627,1,0,0,0,0,0,0,0,0,1,0,0,0,1,0,0,0,1,0,0,1,0,0,0,0,0,0,0,0,0,0,0,1,0,5,4,3,0
BSAR1704,0.983103881673,1.07953494596,0.880124274846,0.862142900743,0.416530231066,-0.444737791171,-0.578559861563,-0.318708018421,0,0,0,0,1,0,1,0,0,0,0,1,0,0,0,0,1,0,0,0,0,0,0,0,0,1,0,0,0,0,0,1,0,0,4,2,0,1
BSAR1706,-0.896635103182,-0.940653330841,-0.672579532586,-0.754445080058,-0.781355311079,-0.335388611994,1.42155113272,-0.760848702219,0,1,0,0,0,0,1,0,0,0,0,1,0,0,0,0,1,0,0,0,0,0,1,0,0,0,0,0,1,0,0,0,0,0,0,0,3,2
BSAR1707,-0.814190410864,-0.813062492306,-0.952066217924,-0.796283446204,-0.843371183833,-0.794259586112,0.053530306154,-0.945797284657,0,0,0,0,1,0,0,1,0,0,0,1,0,0,0,0,0,1,0,0,0,0,0,0,0,1,0,0,0,0,0,0,1,0,5,0,0,2
BSAR1708,-0.418455887737,-0.217638579144,0.0416642188328,-0.238438564259,-0.033900844727,0.40208259641,0.385746327796,0.224428978498,0,0,0,0,1,0,1,0,0,0,0,1,0,0,0,0,0,1,0,0,0,1,0,0,0,0,0,0,0,0,1,0,0,0,2,4,1,0
BSAR1709,0.257590589273,-0.0262523213414,-0.11360616191,-0.221005911699,-0.53002782676,-0.912368001864,-1.34102453407,-0.728207716717,0,1,0,0,0,0,0,1,0,0,0,1,0,0,0,0,1,0,0,0,0,0,1,0,0,0,0,0,1,0,0,0,0,0,0,4,0,3
BSAR1710,-0.682278903155,-0.791797352551,-0.393092847248,-0.623119097433,-0.784619304382,-0.779001561111,0.148689472612,-0.946751255616,0,1,0,0,0,0,1,0,0,0,0,1,0,0,0,0,0,1,0,0,0,0,0,0,1,0,0,0,0,1,0,0,0,0,3,1,0,0
BSAR1711,-0.632812087764,-0.451555116458,-0.703633608735,-0.610335152222,0.171730733352,1.60351078727,-0.097714763194,1.90497431891,0,0,0,1,0,0,0,0,0,1,0,1,0,0,0,0,1,0,0,0,0,0,0,0,0,0,1,0,0,0,1,0,0,0,2,1,2,1
BSAR1712,-0.880146164719,-1.23836528742,-1.35576920786,-0.999664392746,-0.86295514365,-0.761765643979,-1.10833754483,-0.560997215214,0,0,1,0,0,0,0,1,0,0,0,0,1,0,0,0,0,1,0,0,1,0,0,0,0,0,0,0,0,0,0,0,1,0,5,0,3,2
BSAR1713,-0.467922703127,-0.834327632062,-0.548363227991,-0.683552292977,-0.477803933914,-0.350364080977,-1.1407028584,0.161633657094,0,0,1,0,0,0,0,1,0,0,0,0,0,0,1,0,0,1,0,0,0,0,1,0,0,0,0,0,0,0,1,0,0,0,1,4,0,0
BSAR1714,-0.847168287791,-0.728001933283,-0.393092847248,-0.599875560686,-0.624683632543,0.162475092683,2.03161160679,-0.4987453106,1,0,0,0,0,0,0,0,1,0,0,1,0,0,0,0,0,1,0,0,0,1,0,0,0,0,0,0,0,0,0,1,0,0,4,0,4,2
BSAR1715,0.257590589273,0.760557849624,0.227988675725,0.300811488287,0.0770749275698,-0.315044578659,-0.295159041333,-0.273336071926,0,0,1,0,0,0,0,0,1,0,0,0,0,1,0,0,0,1,0,0,1,0,0,0,0,0,0,0,0,1,0,0,0,0,5,3,4,3
BSAR1716,0.4719467893,0.441580753286,1.12855688404,0.61459923438,0.161938753444,-0.378337126813,-0.146243883631,-0.409427680873,1,0,0,0,0,0,0,0,1,0,0,1,0,0,0,0,1,0,0,0,1,0,0,0,0,0,0,0,0,1,0,0,0,0,2,3,1,3
BSAR1718,-0.121654995391,-0.0900477406088,0.290096828022,-0.076895983863,-0.419052054463,-0.602121493501,-0.22302173666,-0.654333758251,1,0,0,0,0,0,0,0,0,1,0,1,0,0,0,0,0,1,0,0,0,1,0,0,0,0,0,0,0,1,0,0,0,0,5,3,3,0
BSAR1719,0.735769804718,0.547906452065,0.352204980319,0.265946183165,-0.197100509869,-0.779849229166,-1.11617529883,-0.588163744779,0,0,0,0,1,0,0,1,0,0,0,1,0,0,0,0,0,1,0,0,0,0,0,0,0,1,0,0,0,0,0,0,1,0,1,2,0,3
BSAR1720,2.73093135882,3.20604892154,2.89863922451,4.14180593584,2.38798218599,-0.140424959198,0.59732354633,-0.399010442398,1,0,0,0,0,0,0,0,1,0,0,1,0,0,0,0,0,1,0,0,0,0,0,0,0,1,0,0,0,1,0,0,0,0,1,2,4,3
BSAR1721,-0.0556992415364,-0.175108299632,-0.144660238059,-0.295385229291,-0.161196583538,-0.323238703197,-0.965429831764,0.0784476643769,0,0,1,0,0,0,0,1,0,0,0,0,1,0,0,0,0,1,0,0,1,0,0,0,0,0,0,0,0,0,1,0,0,0,2,3,1,0
BSAR1722,-1.04503554935,-1.55734238376,-1.41787736015,-1.07171935666,-0.898859069982,-0.429762322188,0.0208522842383,-0.525678787698,0,0,1,0,0,0,0,1,0,0,0,0,0,0,1,0,0,1,0,0,1,0,0,0,0,0,0,0,0,1,0,0,0,0,1,0,3,2
BSAR1725,-1.04503554935,-0.940653330841,-1.07628252252,-0.863689702772,-0.853163163742,0.00989484266849,4.097683079,-0.880059257967,0,0,0,0,1,0,1,0,0,0,0,1,0,0,0,0,0,1,0,0,1,0,0,0,0,0,0,0,0,0,0,0,1,0,5,0,0,2
BSAR1726,-0.484411641591,-0.2389037189,0.0416642188328,-0.247735978958,-0.00452490500139,0.626149519116,0.699353031034,0.297411497452,0,0,1,0,0,0,1,0,0,0,0,0,0,1,0,0,0,1,0,0,0,0,1,0,0,0,0,0,1,0,0,0,0,0,0,4,2,1
BSAR1727,-0.781212533937,-0.685471653772,-0.765741761032,-0.702147122376,-0.00126091169854,2.07566189425,0.441745206513,1.89016202775,0,0,1,0,0,0,1,0,0,0,0,0,1,0,0,0,0,1,0,0,0,0,0,0,1,0,0,0,1,0,0,0,0,0,0,0,2,1
BSAR1728,2.2857300203,0.93067896767,1.50120579782,1.14920057958,0.289234492255,-0.843989445376,-1.39328524236,-0.572907116778,0,1,0,0,0,0,0,1,0,0,0,1,0,0,0,0,1,0,0,0,0,0,0,0,0,1,0,0,0,0,0,1,0,0,4,2,0,3
BSAR1729,-0.632812087764,-0.876857911574,-0.610471380289,-0.716093244424,-0.288492322349,0.431750978357,-0.64633855894,0.949772864038,0,0,0,1,0,0,0,0,0,1,0,0,0,0,1,0,1,0,0,0,0,0,0,0,0,0,1,0,0,0,1,0,0,0,1,1,1,0
BSAR1731,-0.533878456982,-0.791797352551,-0.237822466505,-0.576632023938,-0.468011954006,-0.227169656891,-0.443769772818,-0.091135992016,0,0,0,1,0,0,1,0,0,0,0,1,0,0,0,0,0,1,0,0,0,0,0,0,0,1,0,0,0,1,0,0,0,0,5,1,1,0
BSAR1732,0.241101650809,0.27145963524,1.00434057944,0.44608359296,-0.200364503172,-0.57895189998,0.0349888579824,-0.699055118689,0,0,1,0,0,0,1,0,0,0,0,0,1,0,0,0,1,0,0,0,0,0,0,0,1,0,0,0,1,0,0,0,0,0,3,3,3,3
BSAR1733,-0.385478010809,-0.281433998411,-0.299930618802,-0.399981144656,0.282706505649,0.888926616364,-0.350064484,1.28448765112,0,0,1,0,0,0,1,0,0,0,0,0,1,0,0,0,0,1,0,0,1,0,0,0,0,0,0,0,0,1,0,0,0,0,1,4,2,1
BSAR1735,1.47777203558,1.07953494596,1.56331395012,1.29214833058,1.35329630898,-0.115842585584,-0.632047992018,0.167826536265,0,0,0,1,0,0,1,0,0,0,0,0,0,1,0,0,0,1,0,0,0,0,0,1,0,0,0,0,0,0,1,0,0,0,3,2,1,1
BSAR1737,0.933637066282,0.356520194263,0.476421284914,0.233405231718,0.961617112642,-0.0573534897453,-1.37269608799,0.925440498095,0,0,1,0,0,0,0,0,0,1,0,1,0,0,0,0,1,0,0,0,0,0,1,0,0,0,0,0,0,0,1,0,0,0,0,2,1,3
BSAR1738,2.81337605114,1.0582698062,1.9359628639,1.50947539917,1.39572822192,-0.519332580067,-1.3954520618,0.0580913866395,0,0,0,1,0,0,0,1,0,0,0,0,0,1,0,0,0,1,0,0,0,0,1,0,0,0,0,0,0,0,1,0,0,0,2,2,0,3
BSAR1741,2.50008622033,1.31345148327,1.9359628639,1.70820763836,-0.0241088648185,-0.995722027335,-1.06932578294,-0.968348057015,1,0,0,0,0,0,0,0,0,1,0,0,0,1,0,0,0,1,0,0,0,0,0,0,0,1,0,0,0,1,0,0,0,0,5,2,3,3
BSAR1743,1.27990477402,1.80254969766,2.68126069147,2.65073305348,0.628689795751,-0.433435550429,1.18650703327,-0.80098526056,1,0,0,0,0,0,0,0,1,0,0,0,0,1,0,0,0,1,0,1,0,0,0,0,0,0,0,0,0,0,1,0,0,0,2,2,1,3
BSAR1744,0.389502096982,0.356520194263,0.321150904171,0.155539383614,0.357778351615,-0.150031863828,-0.820421109513,0.245067867636,1,0,0,0,0,0,0,1,0,0,0,0,0,1,0,0,0,1,0,0,0,0,0,0,0,0,1,0,0,1,0,0,0,0,2,3,4,3
BSAR1745,-0.748234657009,-0.409024836946,-0.517309151843,-0.528982773605,-0.765035344565,-0.628399203226,1.28869351836,-0.979887340123,0,0,1,0,0,0,1,0,0,0,0,0,0,0,1,0,1,0,0,0,1,0,0,0,0,0,0,0,0,0,1,0,0,0,2,1,0,2
BSAR1746,-0.731745718546,-0.515350535725,-0.548363227991,-0.575469847101,-0.304812288863,0.767710084408,0.828572351915,0.369707620789,0,1,0,0,0,0,1,0,0,0,0,1,0,0,0,0,0,1,0,0,0,0,0,0,0,0,1,0,0,1,0,0,0,0,3,1,2,1
BSAR1747,-0.451433764664,0.250194495484,-0.0825520857618,-0.092004282749,-0.15140460363,0.254870910747,1.1277460084,-0.200369191488,0,0,0,1,0,0,0,0,1,0,0,1,0,0,0,0,1,0,0,0,0,0,1,0,0,0,0,0,0,0,0,1,0,0,4,3,1,0
BSAR1748,-0.995568733964,-1.13203958864,-0.827849913329,-0.852067934398,-0.817259237411,-0.0765672990064,2.39520764934,-0.727617441104,0,0,1,0,0,0,1,0,0,0,0,0,1,0,0,0,0,1,0,0,0,0,1,0,0,0,0,0,0,0,1,0,0,0,3,0,0,2
BSAR1750,-0.764723595473,-1.04697902962,-1.26260697941,-0.938069020364,-0.624683632543,-0.132513390678,-1.30626388552,0.705420685701,1,0,0,0,0,0,0,1,0,0,0,1,0,0,0,0,0,1,0,0,0,0,0,0,0,0,1,0,0,0,1,0,0,0,4,1,4,2
BSAR1751,-0.896635103182,-0.983183610353,-0.858903989478,-0.817202629277,-0.823787224016,-0.539676613403,0.806610174849,-0.827150212345,0,0,1,0,0,0,0,0,0,1,0,0,1,0,0,0,0,1,0,0,0,0,1,0,0,0,0,0,1,0,0,0,0,0,0,0,3,2
BSAR1752,0.208123773882,-0.0900477406088,-0.11360616191,-0.247735978958,-0.298284302258,-0.660045477303,-1.32397937918,-0.262937410744,1,0,0,0,0,0,0,0,0,1,0,1,0,0,0,0,0,1,0,0,0,0,0,0,1,0,0,0,0,0,0,0,1,0,1,3,3,3
BSAR1756,0.373013158518,-0.260168858655,-0.0204439334645,-0.281439107243,-0.229740442898,-0.672477942119,-1.60460568627,-0.0810678086128,0,0,0,1,0,0,0,1,0,0,0,0,0,0,1,0,0,1,0,0,0,0,0,0,0,1,0,0,1,0,0,0,0,0,0,2,4,3
BSAR1759,-0.830679349328,-1.17456986816,-0.796795837181,-0.856716641748,-0.62141963924,0.105398776937,-0.274195145042,0.240633191829,0,0,0,0,1,0,0,0,0,1,0,1,0,0,0,0,1,0,0,0,0,0,0,0,1,0,0,0,0,0,0,0,1,0,5,0,1,2
BSAR1761,-0.764723595473,-1.13203958864,-0.703633608735,-0.821851336626,-0.627947625845,-0.143533075402,-0.5178780421,0.0604274066888,0,1,0,0,0,0,0,1,0,0,0,1,0,0,0,0,0,1,0,0,0,0,1,0,0,0,0,0,0,1,0,0,0,0,3,1,1,2
BSAR1762,-0.6163231493,-0.64294137426,-1.01417437022,-0.770715555781,-0.758507357959,-0.782109677315,-1.00014492518,-0.640750492856,0,0,1,0,0,0,0,0,0,1,0,0,1,0,0,0,0,1,0,0,0,0,1,0,0,0,0,0,0,0,0,1,0,0,4,4,3,0
BSAR1763,0.274079527736,-0.217638579144,0.538529437211,-0.0397063250668,-0.288492322349,-0.682649958787,-1.00481702876,-0.47724597573,0,0,0,0,1,0,0,1,0,0,0,1,0,0,0,0,0,1,0,0,0,0,0,0,1,0,0,0,1,0,0,0,0,0,5,3,4,3
BSAR1764,0.405991035446,-0.196373439388,0.538529437211,-0.0280845566929,1.75150349193,1.08106470897,-1.18085364259,2.70162437131,0,0,0,1,0,0,0,0,0,1,0,0,0,0,1,0,0,1,0,0,0,0,0,1,0,0,0,0,0,1,0,0,0,0,3,3,2,1
BSAR1765,-0.7977014724,-0.472820256213,-0.57941730414,-0.571983316589,-0.605099672725,0.041258560727,1.55820467891,-0.488794518569,0,1,0,0,0,0,0,0,1,0,0,0,0,1,0,0,1,0,0,0,0,0,0,1,0,0,0,0,1,0,0,0,0,0,0,1,1,2
BSAR1766,-0.946101918573,-0.961918470597,-1.23155290326,-0.911338953105,-0.722603431628,0.210792171854,0.540135759772,-0.0354253771849,1,0,0,0,0,0,0,0,0,1,0,1,0,0,0,0,1,0,0,0,0,0,1,0,0,0,0,0,0,0,0,0,1,0,1,1,4,2
BSAR1768,-0.533878456982,-0.494085395969,-0.0825520857618,-0.404629852005,-0.468011954006,-0.227169656891,0.314657408553,-0.398621650669,0,0,0,0,1,0,1,0,0,0,0,1,0,0,0,0,1,0,0,0,0,0,0,1,0,0,0,0,1,0,0,0,0,0,3,4,1,0
BSAR1770,-0.847168287791,-1.08950930913,-1.35576920786,-0.969447794974,-0.823787224016,-0.658350141192,-1.07237608531,-0.404332641781,0,0,0,0,1,0,0,1,0,0,0,1,0,0,0,0,0,1,0,0,1,0,0,0,0,0,0,0,0,1,0,0,0,0,1,1,0,2
BSAR1771,-0.929612980109,-1.11077444889,-1.41787736015,-0.989204801209,-0.66711554548,0.412254613077,-0.564195710401,0.848886101672,0,0,1,0,0,0,0,0,0,1,0,0,1,0,0,0,0,1,0,0,0,0,0,1,0,0,0,0,1,0,0,0,0,0,0,0,1,2
BSAR1772,0.0762122661727,0.377785334019,0.849070198697,0.433299647748,-0.135084637115,-0.402636944408,0.451222218678,-0.618208528594,1,0,0,0,0,0,1,0,0,0,0,0,0,1,0,0,0,1,0,0,0,0,0,0,0,1,0,0,0,0,0,0,1,0,5,3,0,3
BSAR1775,2.13732957413,1.2071257845,2.24650362539,1.82791185261,1.00731301888,-0.512551235622,-0.711461892762,-0.353807854987,0,0,0,1,0,0,0,0,0,1,0,0,0,0,1,0,1,0,0,1,0,0,0,0,0,0,0,0,0,1,0,0,0,0,2,2,0,3
BSAR1778,0.669814050864,0.399050473775,1.15961096018,0.602977466006,-0.229740442898,-0.783805013426,-0.509436034396,-0.805359380268,0,0,0,0,1,0,0,0,0,1,0,1,0,0,0,0,1,0,0,0,0,1,0,0,0,0,0,0,0,0,0,1,0,0,4,3,4,3
BSAR1781,-0.566856333909,-0.430289976702,-0.237822466505,-0.434846449777,-0.748715378051,-0.80640949491,0.369678441626,-1.01299501966,1,0,0,0,0,0,0,0,1,0,0,1,0,0,0,0,1,0,0,0,0,0,0,0,1,0,0,0,0,0,0,0,1,0,1,1,0,0
BSAR1782,2.12084063566,1.67495885912,1.81174655931,1.89764246285,0.63848177566,-0.667109377767,-0.636920382139,-0.604765205795,0,0,1,0,0,0,0,0,0,1,0,1,0,0,0,0,0,1,0,0,0,0,0,0,0,0,1,0,1,0,0,0,0,0,3,2,0,3
BSAR1783,0.702791927791,0.973209247182,1.06644873174,0.913278681588,0.41000224446,-0.312501574492,-0.0837173858921,-0.354696973913,0,0,0,1,0,0,1,0,0,0,0,1,0,0,0,0,0,1,0,0,0,0,0,1,0,0,0,0,1,0,0,0,0,0,0,3,4,1
BSAR1784,-0.847168287791,-1.08950930913,-0.641525456437,-0.793959092529,-0.582251719606,0.337377268163,0.401530020062,0.150754055413,0,0,1,0,0,0,0,0,0,1,0,0,0,1,0,0,1,0,0,0,0,0,0,0,1,0,0,0,1,0,0,0,0,0,0,1,1,2
BSAR1786,1.88999549717,1.76001941815,2.71231476762,2.63562475459,1.66337567275,-0.140142403179,0.265659439183,-0.290293100125,1,0,0,0,0,0,1,0,0,0,0,1,0,0,0,0,0,1,0,0,1,0,0,0,0,0,0,0,0,0,0,0,1,0,1,2,1,1
BSAR1787,0.224612712346,0.739292709868,0.445367208765,0.41470481835,-0.487595913823,-0.858964914359,0.0105238185376,-1.01147223017,1,0,0,0,0,0,1,0,0,0,0,1,0,0,0,0,1,0,0,0,0,0,0,0,0,0,1,0,0,1,0,0,0,0,2,3,3,3
BSAR1788,-1.04503554935,-1.23836528742,-1.20049882711,-0.964799087624,-0.853163163742,0.00989484266849,2.1162066592,-0.622919133585,1,0,0,0,0,0,0,1,0,0,0,0,0,1,0,0,0,1,0,0,0,0,1,0,0,0,0,0,1,0,0,0,0,0,0,0,0,2
BSAR1790,0.0927012046364,0.484111032798,0.259042751873,0.185755981386,0.148882780232,-0.100019448546,-0.157848506937,-0.0716011011012,0,0,1,0,0,0,0,0,1,0,0,0,1,0,0,0,0,1,0,1,0,0,0,0,0,0,0,0,0,0,0,0,1,0,3,4,1,3
BSAR1791,-0.913124041646,-0.983183610353,-0.983120294072,-0.849743580723,-0.784619304382,-0.291027317082,0.716177681044,-0.575867353317,1,0,0,0,0,0,0,0,1,0,0,1,0,0,0,0,1,0,0,1,0,0,0,0,0,0,0,0,0,0,1,0,0,0,2,0,0,2
BSAR1792,0.208123773882,-0.0475174610972,-0.206768390356,-0.269817338869,-0.0698047710584,-0.42750187404,-1.36979850937,0.212884791776,0,0,1,0,0,0,0,1,0,0,0,1,0,0,0,0,1,0,0,0,1,0,0,0,0,0,0,0,0,0,1,0,0,0,2,3,1,3
BSAR1797,-0.0721881800001,-0.260168858655,0.259042751873,-0.172194484529,0.945297146127,1.10084363027,-0.610165561418,1.84860632438,1,0,0,0,0,0,1,0,0,0,0,1,0,0,0,0,1,0,0,0,0,0,0,0,0,0,1,0,0,0,1,0,0,0,1,4,2,1
BSAR1798,0.389502096982,0.228929355728,0.227988675725,0.0486191145744,-0.272172355835,-0.717969461105,-1.01686058217,-0.529519519493,0,0,0,0,1,0,0,1,0,0,0,1,0,0,0,0,0,1,0,0,1,0,0,0,0,0,0,0,0,0,1,0,0,0,4,3,4,3
BSAR1799,1.88999549717,1.31345148327,1.06644873174,1.12595704283,0.116242847204,-0.856139354174,-1.15824128144,-0.701769095586,1,0,0,0,0,0,0,1,0,0,0,0,0,1,0,0,1,0,0,0,0,0,0,0,0,0,1,0,0,1,0,0,0,0,2,2,3,3
BSAR1800,-0.187610749246,0.186399076217,-0.0514980096132,-0.103626051123,0.645009762265,0.958435396926,-0.092278930233,1.14135509723,0,0,1,0,0,0,1,0,0,0,0,0,1,0,0,0,0,1,0,0,0,0,1,0,0,0,0,0,1,0,0,0,0,0,0,4,2,1
BSAR1801,-0.6163231493,-0.579145954992,-0.57941730414,-0.608010798547,-0.0926527241783,0.864626798769,-0.180223648017,1.10314128658,0,0,0,0,1,0,1,0,0,0,0,1,0,0,0,0,0,1,0,0,1,0,0,0,0,0,0,0,0,1,0,0,0,0,1,1,2,1
BSAR1802,-0.814190410864,-0.728001933283,-0.765741761032,-0.714931067587,-0.510443866943,0.458876356137,0.677383451818,0.148407461251,0,1,0,0,0,0,1,0,0,0,0,1,0,0,0,0,1,0,0,0,0,0,1,0,0,0,0,0,1,0,0,0,0,0,0,1,1,2
BSAR1803,0.504924666227,1.73875427839,1.15961096018,1.45950179516,0.4556981507,-0.150879531884,1.23746686539,-0.573004093493,0,0,0,1,0,0,0,0,1,0,0,1,0,0,0,0,1,0,0,0,1,0,0,0,0,0,0,0,0,1,0,0,0,0,2,2,4,3
BSAR1804,0.257590589273,0.143868796705,-0.3620387711,-0.266330808357,0.217426639592,-0.177157241609,-1.43186808467,0.764745588859,0,0,1,0,0,0,0,1,0,0,0,0,1,0,0,0,1,0,0,0,0,0,0,0,0,0,1,0,0,0,1,0,0,0,3,3,4,3
BSAR1806,1.57670566636,0.888148688158,1.9359628639,1.37814941654,2.74049346269,0.554097734387,-0.64045326966,1.11668395415,0,0,0,0,1,0,1,0,0,0,0,0,0,1,0,0,0,1,0,0,0,0,1,0,0,0,0,0,0,0,1,0,0,0,2,2,2,1
BSAR1807,-0.995568733964,-0.89812305133,-1.01417437022,-0.835797458675,-0.820523230713,-0.100019448546,2.63435135518,-0.777181438675,0,0,0,1,0,0,0,0,1,0,0,1,0,0,0,0,1,0,0,0,0,0,0,0,1,0,0,0,0,1,0,0,0,0,3,0,4,2
BSAR1809,2.30221895876,1.29218634352,1.90490878775,1.67101797956,2.63930967031,0.113310345456,-0.968596741264,0.778349117702,0,0,0,0,1,0,1,0,0,0,0,1,0,0,0,0,0,1,0,0,0,0,1,0,0,0,0,0,0,0,0,1,0,0,2,2,1,1
BSAR1811,-0.731745718546,-0.557880815237,-0.827849913329,-0.685876646652,0.315346438678,2.68513522626,0.133103411468,2.86522522406,0,0,1,0,0,0,1,0,0,0,0,1,0,0,0,0,1,0,0,0,0,1,0,0,0,0,0,0,0,0,1,0,0,0,2,1,2,1
BSAR1813,-1.01205767243,-1.30216070669,-1.01417437022,-0.940393374039,-0.703019471811,0.940351811739,1.50540671788,0.234866427091,0,0,0,0,1,0,0,1,0,0,0,1,0,0,0,0,0,1,0,0,0,0,0,0,1,0,0,0,0,1,0,0,0,0,5,0,1,2
BSAR1814,-0.632812087764,-0.281433998411,-0.393092847248,-0.436008626615,-0.813995244108,-0.906151769456,0.806610174849,-1.16562350303,0,0,0,1,0,0,0,0,1,0,0,0,0,0,1,0,1,0,0,0,1,0,0,0,0,0,0,0,0,1,0,0,0,0,2,1,0,0
BSAR1815,-0.649301026228,-0.685471653772,-0.548363227991,-0.63357868897,-0.686699505297,-0.558042754608,-0.122012786782,-0.631222388927,0,0,0,1,0,0,1,0,0,0,0,0,0,0,1,0,1,0,0,0,0,0,1,0,0,0,0,0,1,0,0,0,0,0,3,1,0,0
BSAR1817,0.208123773882,0.441580753286,0.290096828022,0.181107274036,-0.317868262075,-0.68010695462,-0.434123640146,-0.689435331098,0,0,1,0,0,0,0,0,1,0,0,0,1,0,0,0,1,0,0,0,0,0,1,0,0,0,0,0,0,1,0,0,0,0,3,3,4,3
BSAR1818,-0.566856333909,-0.2389037189,-0.268876542654,-0.370926723721,-0.729131418234,-0.761765643979,0.666360482703,-1.0129136151,1,0,0,0,0,0,1,0,0,0,0,1,0,0,0,0,1,0,0,0,0,1,0,0,0,0,0,0,0,0,0,1,0,0,4,1,3,0
BSAR1820,-0.913124041646,-0.940653330841,-0.921012141775,-0.821851336626,-0.827051217319,-0.50718267127,1.00556166122,-0.833384539752,0,0,0,1,0,0,0,0,0,1,0,0,0,0,1,0,0,1,0,0,1,0,0,0,0,0,0,0,0,0,1,0,0,0,2,1,0,2
BSAR1821,-0.995568733964,-1.04697902962,-1.13839067482,-0.906690245755,-0.879275110165,-0.523853476364,1.59236806546,-0.935953123769,0,0,1,0,0,0,0,1,0,0,0,0,1,0,0,0,0,1,0,0,0,0,0,0,0,0,1,0,0,1,0,0,0,0,1,0,3,2
BSAR1822,-0.0227213646091,0.611701871333,0.600637589508,0.433299647748,-0.157932590235,-0.348668744866,0.776296183968,-0.644116856045,0,0,0,0,1,0,0,0,1,0,0,1,0,0,0,0,0,1,0,0,0,1,0,0,0,0,0,0,0,0,0,0,1,0,5,4,4,3
BSAR1823,-0.368989072346,-0.494085395969,-0.486255075694,-0.546415426166,-0.366828161618,-0.280855300415,-0.927523326342,0.119305765668,0,0,0,1,0,0,0,1,0,0,0,1,0,0,0,0,0,1,0,1,0,0,0,0,0,0,0,0,0,1,0,0,0,0,3,4,1,0
BSAR1824,2.69795348189,2.58935986862,2.9607473768,3.61533982851,5.72051934819,1.09236694972,0.237702932752,1.03595513906,0,0,1,0,0,0,1,0,0,0,0,0,1,0,0,0,0,1,0,0,0,1,0,0,0,0,0,0,0,0,0,1,0,0,4,2,2,1
BSAR1825,-0.896635103182,-1.28089556693,-0.983120294072,-0.927609428828,-0.827051217319,-0.555217194423,-0.27523039918,-0.580332120788,0,0,0,1,0,0,1,0,0,0,0,0,0,0,1,0,0,1,0,0,0,0,1,0,0,0,0,0,0,1,0,0,0,0,2,1,0,2
BSAR1826,-0.880146164719,-0.728001933283,-0.796795837181,-0.725390659123,-0.787883297685,-0.419872861539,1.4377337895,-0.831291303343,0,1,0,0,0,0,0,0,1,0,0,1,0,0,0,0,1,0,0,0,1,0,0,0,0,0,0,0,0,0,0,0,1,0,1,0,0,2
BSAR1827,0.4719467893,1.10080008572,0.445367208765,0.600653112332,-0.141612623721,-0.638571219893,-0.170597980973,-0.713489122203,0,0,0,1,0,0,0,0,0,1,0,0,0,0,1,0,1,0,0,0,1,0,0,0,0,0,0,0,0,0,0,1,0,0,4,3,3,3
BSAR1828,-1.04503554935,-1.40848640547,-1.5110395886,-1.06242194196,-0.869483130256,-0.147206303643,0.203057012496,-0.275192580255,0,1,0,0,0,0,0,0,0,1,0,1,0,0,0,0,1,0,0,0,0,0,0,1,0,0,0,0,0,0,1,0,0,0,3,0,0,2
BSAR1829,-0.9790797955,-1.25963042718,-1.04522844637,-0.93574466669,-0.830315210622,-0.263054271246,0.814494033283,-0.573752666564,0,0,1,0,0,0,0,1,0,0,0,0,1,0,0,0,1,0,0,0,0,0,0,0,0,0,1,0,1,0,0,0,0,0,3,0,0,2
BSAR1836,-0.00623242614548,-0.0475174610972,-0.299930618802,-0.310493528177,-0.386412121435,-0.637723551838,-1.10369252298,-0.352941278856,0,1,0,0,0,0,0,1,0,0,0,1,0,0,0,0,1,0,0,1,0,0,0,0,0,0,0,0,1,0,0,0,0,0,3,3,4,3
BSAR1837,-0.533878456982,0.101338517193,-0.393092847248,-0.296547406129,-0.569195746394,-0.446150571264,0.791236650902,-0.737774621689,0,0,1,0,0,0,0,0,1,0,0,1,0,0,0,0,0,1,0,0,1,0,0,0,0,0,0,0,0,1,0,0,0,0,5,1,0,0
BSAR1838,1.14799326631,1.22839092425,0.476421284914,0.686654198298,1.23905654338,-0.00847129853696,-0.9949069975,0.60764194831,0,0,1,0,0,0,1,0,0,0,0,0,1,0,0,0,0,1,0,0,0,1,0,0,0,0,0,0,0,1,0,0,0,0,5,2,1,1
BSAR1839,-0.929612980109,-1.11077444889,-0.952066217924,-0.875311471146,-0.804203264199,-0.329454935605,0.691308745248,-0.606153556708,0,0,0,1,0,0,0,0,1,0,0,0,0,0,1,0,0,1,0,0,0,0,1,0,0,0,0,0,0,1,0,0,0,0,3,1,3,2
BSAR1840,0.191634835418,1.12206522547,0.414313132616,0.591355697633,-0.161196583538,-0.510290787474,0.46253606747,-0.729323813145,0,0,0,0,1,0,0,0,1,0,0,1,0,0,0,0,1,0,0,0,0,0,1,0,0,0,0,0,0,0,0,1,0,0,4,4,0,3
BSAR1841,0.0267454507818,0.888148688158,0.290096828022,0.398434342627,-0.0665407777555,-0.283398304582,0.524069734747,-0.518119467523,0,1,0,0,0,0,1,0,0,0,0,1,0,0,0,0,0,1,0,0,1,0,0,0,0,0,0,0,0,1,0,0,0,0,1,4,4,3
BSAR1843,-0.632812087764,-0.600411094748,-0.858903989478,-0.707958006562,-0.654059572268,-0.498988546732,-0.604136728498,-0.382443548185,0,0,0,1,0,0,0,1,0,0,0,1,0,0,0,0,1,0,0,0,1,0,0,0,0,0,0,0,0,0,0,1,0,0,4,1,3,0
BSAR1845,-0.847168287791,-0.940653330841,-1.01417437022,-0.847419227049,-0.755243364656,-0.375794122646,-0.0474744888583,-0.441479421143,0,0,0,1,0,0,0,0,0,1,0,0,0,0,1,0,0,1,0,0,1,0,0,0,0,0,0,0,0,0,0,0,1,0,5,1,4,2
BSAR1847,0.537902543155,0.420315613531,0.600637589508,0.329865909221,-0.180780543355,-0.698755651844,-0.748311961477,-0.609294011374,0,1,0,0,0,0,1,0,0,0,0,1,0,0,0,0,0,1,0,0,0,0,0,0,0,0,1,0,0,0,1,0,0,0,2,3,3,3
BSAR1848,-0.863657226255,-1.36595612596,-1.16944475096,-0.986880447535,-0.836843197228,-0.679259286564,-1.10995581051,-0.42015338992,0,1,0,0,0,0,0,1,0,0,0,1,0,0,0,0,1,0,0,1,0,0,0,0,0,0,0,0,0,0,0,1,0,0,3,1,3,2
BSAR1849,0.241101650809,0.420315613531,1.09750280789,0.584382636608,1.90817517047,1.51902653772,0.315364237241,1.42684561781,0,0,0,0,1,0,1,0,0,0,0,1,0,0,0,0,0,1,0,0,0,0,0,0,0,0,1,0,0,0,1,0,0,0,2,3,2,1
BSAR1850,-0.2535665031,0.037543097926,-0.237822466505,-0.250060332633,0.736401574745,1.26077033677,-0.31358928934,1.71845138844,0,0,0,0,1,0,0,0,0,1,0,1,0,0,0,0,0,1,0,0,0,0,0,0,0,0,1,0,1,0,0,0,0,0,3,4,2,1
BSAR1851,1.79106186639,0.866883548403,0.507475361062,0.51697638004,0.520978016757,-0.645635120357,-1.67750214759,0.0440457965095,0,0,0,1,0,0,0,1,0,0,0,0,0,0,1,0,0,1,0,0,0,0,0,0,0,1,0,0,0,0,0,0,1,0,5,2,4,3
BSAR1853,2.86284286653,1.0582698062,2.06017916849,1.58734124727,0.276178519044,-0.923670242606,-1.36401475096,-0.739783043942,0,0,1,0,0,0,0,1,0,0,0,0,1,0,0,0,1,0,0,0,0,0,1,0,0,0,0,0,0,0,0,0,1,0,3,2,0,3
BSAR1854,0.0267454507818,0.335255054507,0.662745741806,0.314757610335,-0.637739605754,-0.951643288442,0.324629424086,-1.15727040138,0,0,1,0,0,0,1,0,0,0,0,0,0,0,1,0,1,0,0,0,0,0,0,1,0,0,0,0,1,0,0,0,0,0,3,4,3,3
BSAR1855,-0.682278903155,-0.685471653772,-0.548363227991,-0.63357868897,-0.503915880337,0.00480883433467,0.0891790573348,-0.0629106900048,1,0,0,0,0,0,0,0,0,1,0,1,0,0,0,0,0,1,0,0,0,0,0,0,0,0,1,0,0,1,0,0,0,0,3,1,1,0
BSAR1856,-0.847168287791,-0.89812305133,-0.889958065626,-0.800932153553,-0.794411284291,-0.537416165254,0.342964214551,-0.729553455446,0,1,0,0,0,0,0,1,0,0,0,0,0,1,0,0,1,0,0,0,0,0,0,0,0,0,1,0,0,0,0,1,0,0,4,0,3,2
BSAR1858,-0.847168287791,-0.834327632062,-0.827849913329,-0.766066848432,-0.807467257502,-0.591101808778,0.635793242107,-0.844240986209,1,0,0,0,0,0,0,0,0,1,0,1,0,0,0,0,1,0,0,0,0,0,0,0,0,0,1,0,0,0,0,0,1,0,1,1,3,2
BSAR1859,-0.814190410864,-0.940653330841,-1.07628252252,-0.863689702772,-0.823787224016,-0.720512465272,-0.463376585968,-0.733755394095,1,0,0,0,0,0,0,1,0,0,0,1,0,0,0,0,1,0,0,0,0,0,1,0,0,0,0,0,1,0,0,0,0,0,0,0,0,2
BSAR1861,-0.715256780082,-0.855592771818,-0.796795837181,-0.762580317919,-0.745451384748,-0.621335302762,-0.455079031814,-0.605387821226,0,1,0,0,0,0,1,0,0,0,0,1,0,0,0,0,1,0,0,0,0,1,0,0,0,0,0,0,0,0,1,0,0,0,4,1,0,2
BSAR1862,-0.764723595473,-0.791797352551,-0.330984694951,-0.604524268035,-0.647531585663,-0.208803515686,0.956403485099,-0.558620716468,1,0,0,0,0,0,0,0,1,0,0,1,0,0,0,0,1,0,0,0,0,0,0,0,0,1,0,0,0,0,0,0,1,0,5,1,4,2
BSAR1863,0.191634835418,-0.0900477406088,0.227988675725,-0.103626051123,0.158674760141,-0.18083046985,-0.996728586521,0.33068914144,0,0,0,1,0,0,0,1,0,0,0,0,0,0,1,0,0,1,0,0,0,0,1,0,0,0,0,0,1,0,0,0,0,0,0,3,1,3
BSAR1865,-0.6163231493,-0.770532212795,-0.393092847248,-0.614983859572,0.0966588873869,1.3328221215,-0.215363131324,1.70422321411,1,0,0,0,0,0,0,0,0,1,0,1,0,0,0,0,0,1,0,0,0,0,1,0,0,0,0,0,0,0,1,0,0,0,2,1,2,1
BSAR1867,-0.913124041646,-0.855592771818,-0.827849913329,-0.771877732619,-0.797675277594,-0.357710537459,1.52404129236,-0.79571141488,0,0,0,1,0,0,1,0,0,0,0,1,0,0,0,0,0,1,0,0,0,0,0,0,0,0,1,0,0,0,1,0,0,0,2,0,0,2
BSAR1868,-1.06152448782,-1.08950930913,-1.32471513171,-0.96247473395,-0.856427157045,0.147217067682,2.85641336774,-0.652808584165,0,0,0,0,1,0,0,0,1,0,0,1,0,0,0,0,0,1,0,0,0,0,0,0,0,0,1,0,0,1,0,0,0,0,1,0,0,2
BSAR1869,0.175145896955,-0.00498718158559,0.476421284914,0.0462947608996,0.700497648414,0.398691924187,-0.649244020588,0.905643138091,0,0,0,1,0,0,0,0,0,1,0,0,0,1,0,0,1,0,0,0,1,0,0,0,0,0,0,0,0,0,0,0,1,0,5,3,2,1
BSAR1872,-0.814190410864,-0.940653330841,-0.921012141775,-0.821851336626,-0.699755478508,-0.253447366616,-0.14253782534,-0.261931000224,0,0,0,0,1,0,1,0,0,0,0,1,0,0,0,0,1,0,0,0,0,0,0,0,1,0,0,0,0,0,1,0,0,0,3,0,0,2
BSAR1873,-0.781212533937,-0.919388191085,-0.672579532586,-0.747472019033,-0.709547458417,-0.37692434672,0.121975908421,-0.498252023474,0,0,0,0,1,0,1,0,0,0,0,1,0,0,0,0,0,1,0,0,0,0,0,0,0,0,1,0,0,0,1,0,0,0,2,0,0,2
BSAR1874,-0.995568733964,-0.770532212795,-0.858903989478,-0.756769433733,-0.830315210622,-0.170658453182,3.79590649782,-0.947438577697,0,0,1,0,0,0,0,0,1,0,0,0,0,0,1,0,0,1,0,0,0,1,0,0,0,0,0,0,0,1,0,0,0,0,2,0,4,2
BSAR1876,-0.995568733964,-1.23836528742,-0.952066217924,-0.910176776267,-0.585515712908,1.59531666273,1.54112298564,0.736426878122,1,0,0,0,0,0,1,0,0,0,0,1,0,0,0,0,1,0,0,0,0,0,0,0,0,0,1,0,0,1,0,0,0,0,3,0,2,1
BSAR1877,-0.632812087764,-0.13257802012,-0.672579532586,-0.497603998996,-0.412524067857,0.116135905642,0.487082030074,-0.108783453857,1,0,0,0,0,0,0,0,0,1,0,0,0,1,0,0,1,0,0,0,0,0,0,0,0,0,1,0,0,0,0,1,0,0,4,1,1,0
BSAR1878,1.85701762025,1.99393595546,2.55704438687,2.72627454791,3.48141994244,0.723913901533,0.391663528503,0.551475681574,0,0,0,0,1,0,1,0,0,0,0,1,0,0,0,0,0,1,0,0,0,1,0,0,0,0,0,0,0,0,0,1,0,0,4,2,2,1
BSAR1879,-1.04503554935,-1.19583500791,-1.4489314363,-1.01244833796,-0.317868262075,5.15863061261,1.18240742688,3.93915281524,1,0,0,0,0,0,1,0,0,0,0,1,0,0,0,0,0,1,0,0,0,1,0,0,0,0,0,0,0,0,0,1,0,0,4,0,2,1
BSAR1880,-0.401966949273,-0.196373439388,-0.455200999545,-0.430197742428,-0.435372020977,-0.359123317552,-0.397649200978,-0.284932746172,0,0,0,0,1,0,0,1,0,0,0,1,0,0,0,0,0,1,0,0,1,0,0,0,0,0,0,0,0,1,0,0,0,0,2,3,0,0
BSAR1881,-0.830679349328,-0.940653330841,-0.921012141775,-0.821851336626,-0.794411284291,-0.575278671739,0.00532347217089,-0.686857991155,0,1,0,0,0,0,0,1,0,0,0,1,0,0,0,0,0,1,0,0,0,0,0,0,0,1,0,0,0,1,0,0,0,0,1,0,3,2
BSAR1884,-0.2535665031,-0.664206514016,-0.237822466505,-0.526658419931,-0.471275947309,-0.573300779609,-1.16947202602,-0.20426724055,0,0,1,0,0,0,0,1,0,0,0,0,1,0,0,0,1,0,0,0,0,0,0,0,0,1,0,0,1,0,0,0,0,0,0,3,3,0
BSAR1885,0.686302989328,1.07953494596,1.78069248316,1.42928519739,0.132562813718,-0.513964015715,0.743677620681,-0.791463434232,0,0,1,0,0,0,0,0,1,0,0,0,1,0,0,0,1,0,0,1,0,0,0,0,0,0,0,0,1,0,0,0,0,0,0,2,0,3
BSAR1886,0.241101650809,0.27145963524,0.538529437211,0.21945910967,1.34350432907,0.957022616833,-0.424449788701,1.44565523471,1,0,0,0,0,0,0,0,0,1,0,1,0,0,0,0,0,1,0,0,0,0,0,0,0,1,0,0,0,0,1,0,0,0,1,4,2,1
BSAR1887,-0.962590857037,-1.00444875011,-0.858903989478,-0.823013513463,-0.86295514365,-0.543914953681,1.93400193094,-0.992913306809,1,0,0,0,0,0,0,0,1,0,0,1,0,0,0,0,1,0,0,0,0,1,0,0,0,0,0,0,0,0,1,0,0,0,2,0,3,2
BSAR1888,0.0102565123182,-0.38775969719,0.10377237113,-0.290736521942,-0.226476449595,-0.458017924043,-1.0873518164,-0.0598241866,1,0,0,0,0,0,0,1,0,0,0,1,0,0,0,0,0,1,0,0,1,0,0,0,0,0,0,0,0,0,1,0,0,0,2,3,4,3
BSAR1889,-0.748234657009,-0.961918470597,-0.703633608735,-0.769553378944,-0.813995244108,-0.785500349537,-0.282822262857,-0.864834140426,0,0,1,0,0,0,0,0,0,1,0,0,1,0,0,0,0,1,0,1,0,0,0,0,0,0,0,0,0,1,0,0,0,0,2,1,3,2
BSAR1891,-0.946101918573,-1.23836528742,-1.41787736015,-1.01244833796,-0.699755478508,0.342745832515,-0.648750092108,0.826010398412,0,1,0,0,0,0,0,1,0,0,0,0,0,1,0,0,1,0,0,0,0,0,0,0,0,0,1,0,0,0,0,1,0,0,3,0,1,2
BSAR1893,-0.6163231493,-0.409024836946,-0.827849913329,-0.642876103669,-0.719339438325,-0.685192962953,-0.355921064551,-0.719410035573,0,0,0,0,1,0,0,1,0,0,0,1,0,0,0,0,1,0,0,0,0,0,0,0,0,0,1,0,0,1,0,0,0,0,3,1,0,0
BSAR1894,1.3788384048,1.33471662303,1.19066503633,1.22241772033,0.697233655111,-0.4314576583,-0.604600484876,-0.288483763197,0,0,0,0,1,0,0,0,1,0,0,1,0,0,0,0,1,0,0,0,0,0,1,0,0,0,0,0,0,0,0,1,0,0,4,2,4,3
BSAR1896,1.52723885097,0.547906452065,0.476421284914,0.333352439733,0.635217782357,-0.515376795808,-1.70719392262,0.372381242638,0,0,1,0,0,0,0,1,0,0,0,1,0,0,0,0,0,1,0,0,0,1,0,0,0,0,0,0,0,0,0,0,1,0,5,2,0,3
BSAR1899,0.6533251124,1.01573952669,0.476421284914,0.576247398747,1.63399973303,0.661751577453,-0.525761900534,1.15382570676,1,0,0,0,0,0,1,0,0,0,0,1,0,0,0,0,1,0,0,0,1,0,0,0,0,0,0,0,0,1,0,0,0,0,5,2,2,1
BSAR1901,-0.863657226255,-0.749267073039,-0.889958065626,-0.760255964245,-0.758507357959,-0.340192064309,0.888602302564,-0.661303480646,0,0,0,1,0,0,1,0,0,0,0,1,0,0,0,0,0,1,0,0,1,0,0,0,0,0,0,0,0,0,0,0,1,0,5,1,0,2
BSAR1903,2.61550878957,1.86634511693,1.19066503633,1.56525988736,0.227218619501,-0.912933113901,-1.24896086253,-0.766227043088,0,0,1,0,0,0,0,0,0,1,0,0,0,0,1,0,0,1,0,0,0,0,1,0,0,0,0,0,1,0,0,0,0,0,0,2,3,3
BSAR1904,-0.138143933855,-0.302699138167,-0.548363227991,-0.503414883183,-0.53002782676,-0.74029138657,-1.34888599518,-0.398459806225,0,0,0,0,1,0,0,1,0,0,0,1,0,0,0,0,0,1,0,0,0,0,1,0,0,0,0,0,0,0,1,0,0,0,2,4,3,0
BSAR1906,-0.781212533937,-1.00444875011,-0.703633608735,-0.782337324155,-0.836843197228,-0.817711735651,-0.124000474726,-0.938523764973,0,0,0,0,1,0,1,0,0,0,0,1,0,0,0,0,0,1,0,0,1,0,0,0,0,0,0,0,0,1,0,0,0,0,1,0,0,2
BSAR1908,-0.946101918573,-1.13203958864,-0.889958065626,-0.867176233284,-0.696491485205,0.361394529739,1.05941923531,-0.0860092483199,0,0,1,0,0,0,1,0,0,0,0,0,0,0,1,0,1,0,0,0,0,0,0,1,0,0,0,0,1,0,0,0,0,0,0,0,1,2
BSAR1909,-0.550367395446,-0.430289976702,-0.610471380289,-0.569658962914,-0.366828161618,0.0268482037812,-0.336549298113,0.178227702373,0,0,1,0,0,0,0,0,0,1,0,1,0,0,0,0,1,0,0,0,0,0,1,0,0,0,0,0,0,0,1,0,0,0,2,1,4,0
BSAR1910,2.58253091265,0.803088129135,1.09750280789,0.826115418784,0.511186036849,-0.801606042594,-1.79950423394,-0.209524954212,0,0,1,0,0,0,0,1,0,0,0,0,1,0,0,0,1,0,0,0,0,0,0,1,0,0,0,0,0,0,0,1,0,0,3,2,3,3
BSAR1911,-0.995568733964,-1.06824416938,-1.04522844637,-0.888095416357,-0.88580309677,-0.571040331461,1.86567515784,-1.00493477814,1,0,0,0,0,0,0,0,0,1,0,1,0,0,0,0,1,0,0,0,0,0,1,0,0,0,0,0,0,0,0,1,0,0,4,0,3,2
BSAR1912,-0.270055441564,0.292724774996,-0.268876542654,-0.165221423504,-0.210156483081,-0.155400428181,0.00865107475676,-0.209386264786,1,0,0,0,0,0,0,0,1,0,0,1,0,0,0,0,0,1,0,0,0,0,0,0,0,1,0,0,0,1,0,0,0,0,1,3,4,0
BSAR1914,-0.187610749246,-0.557880815237,-0.206768390356,-0.474360462248,0.126034827113,0.221811856578,-1.16422519012,1.17544148011,0,0,0,0,1,0,0,1,0,0,0,0,0,1,0,0,1,0,0,0,0,1,0,0,0,0,0,0,0,0,1,0,0,0,4,4,1,0
BSAR1915,-0.698767841618,-0.940653330841,-0.827849913329,-0.796283446204,-0.722603431628,-0.580364680073,-0.751240251753,-0.434468850859,0,0,0,0,1,0,0,1,0,0,0,1,0,0,0,0,0,1,0,0,0,0,0,0,1,0,0,0,0,1,0,0,0,0,1,1,0,0
BSAR1916,0.504924666227,0.888148688158,0.134826447279,0.306622372474,0.0215870414214,-0.515659351826,-0.736712520386,-0.346337311452,0,1,0,0,0,0,1,0,0,0,0,1,0,0,0,0,0,1,0,0,0,0,0,0,0,0,1,0,0,0,1,0,0,0,3,3,0,3
BSAR1917,-0.814190410864,-0.557880815237,-0.796795837181,-0.675417055116,-0.833579203925,-0.757244747683,0.980397836855,-1.05069743728,1,0,0,0,0,0,0,0,0,1,0,1,0,0,0,0,1,0,0,0,0,0,0,1,0,0,0,0,1,0,0,0,0,0,3,1,3,2
BSAR1918,1.11501538938,2.22785249277,1.74963840701,2.26256598979,0.945297146127,-0.170658453182,1.02476780038,-0.541268164117,0,1,0,0,0,0,0,0,1,0,0,1,0,0,0,0,1,0,0,1,0,0,0,0,0,0,0,0,0,0,1,0,0,0,2,2,4,3
BSAR1920,0.603858297009,0.824353268891,1.25277318863,0.929549157311,0.543825969877,-0.148053971698,0.124909571706,-0.246840018082,0,0,1,0,0,0,1,0,0,0,0,0,1,0,0,0,0,1,0,0,1,0,0,0,0,0,0,0,0,0,0,0,1,0,5,3,4,3
BSAR1921,2.05488488181,1.99393595546,1.03539465559,1.52458369805,0.52424201006,-0.70327654814,-0.914912354414,-0.549907296699,0,0,0,0,1,0,0,1,0,0,0,1,0,0,0,0,0,1,0,0,0,0,0,0,0,0,1,0,0,0,0,1,0,0,4,2,3,3
BSAR1923,-0.0886771184637,-0.536615675481,-0.330984694951,-0.508063590532,-0.562667759788,-0.810647835188,-1.45276244896,-0.475144434718,1,0,0,0,0,0,0,1,0,0,0,1,0,0,0,0,0,1,0,0,0,0,0,0,0,0,1,0,0,0,1,0,0,0,3,4,3,0
BSAR1926,0.455457850837,-0.068782600853,0.134826447279,-0.132680472057,0.0248510347242,-0.487121193953,-1.43177491179,0.152060032226,0,1,0,0,0,0,0,1,0,0,0,1,0,0,0,0,0,1,0,0,0,0,0,0,1,0,0,0,0,0,1,0,0,0,3,2,0,3
BSAR1927,-0.880146164719,-0.89812305133,-0.703633608735,-0.748634195871,-0.820523230713,-0.568497327294,1.22196503236,-0.920547295062,0,0,1,0,0,0,0,0,0,1,0,0,1,0,0,0,0,1,0,0,0,0,0,0,0,0,1,0,0,0,1,0,0,0,2,0,3,2
BSAR1931,-0.336011195418,0.101338517193,0.227988675725,-0.0129762578069,-0.660587558874,-0.811778059262,0.786900528763,-1.07612696621,0,1,0,0,0,0,0,0,1,0,0,1,0,0,0,0,1,0,0,0,0,0,0,0,0,0,1,0,0,1,0,0,0,0,3,3,0,0
BSAR1932,-0.863657226255,-0.961918470597,-1.20049882711,-0.903203715243,-0.0404288313327,2.76792413969,-0.372026661067,3.7166373193,1,0,0,0,0,0,1,0,0,0,0,1,0,0,0,0,0,1,0,0,0,0,0,0,0,0,1,0,0,0,0,1,0,0,4,0,2,1
BSAR1933,0.125679081564,0.356520194263,0.631691665657,0.311271079823,1.29128043623,1.10451685851,0.0379339775124,1.20251437446,0,1,0,0,0,0,1,0,0,0,0,0,0,1,0,0,1,0,0,0,0,0,0,1,0,0,0,0,0,0,0,0,1,0,3,4,2,1
BSAR1934,-0.929612980109,-0.664206514016,-1.04522844637,-0.785823854667,-0.755243364656,-0.0646999462275,1.67777653183,-0.595907926395,0,1,0,0,0,0,1,0,0,0,0,1,0,0,0,0,1,0,0,0,0,0,0,0,0,0,1,0,0,1,0,0,0,0,3,1,1,2
BSAR1935,-0.0556992415364,-0.409024836946,-0.0204439334645,-0.346521010136,-0.275436349138,-0.466494604599,-1.09614191943,-0.0682471347598,0,1,0,0,0,0,0,0,0,1,0,0,0,1,0,0,1,0,0,0,0,0,0,0,1,0,0,0,0,1,0,0,0,0,3,3,4,0
BSAR1938,-0.863657226255,-1.08950930913,-1.23155290326,-0.939231197202,-0.784619304382,-0.453214471728,-0.689746155966,-0.278526241902,0,0,1,0,0,0,0,0,0,1,0,0,1,0,0,0,0,1,0,0,0,0,1,0,0,0,0,0,1,0,0,0,0,0,0,0,0,2
BSAR1939,-0.863657226255,-0.579145954992,-0.983120294072,-0.743985488521,-0.781355311079,-0.4390866708,1.03208852607,-0.778233574933,0,1,0,0,0,0,0,0,1,0,0,0,0,1,0,0,0,1,0,1,0,0,0,0,0,0,0,0,1,0,0,0,0,0,0,1,4,2
BSAR1940,-0.781212533937,-1.25963042718,-1.01417437022,-0.928771605665,-0.673643532085,-0.25259969856,-1.15710128395,0.344141449137,1,0,0,0,0,0,0,1,0,0,0,1,0,0,0,0,1,0,0,0,0,0,1,0,0,0,0,0,1,0,0,0,0,0,3,0,4,2
BSAR1941,-0.847168287791,-0.770532212795,-0.921012141775,-0.775364263131,-0.641003599057,0.0949442042507,0.557705501425,-0.155925373708,1,0,0,0,0,0,0,0,1,0,0,1,0,0,0,0,0,1,0,0,1,0,0,0,0,0,0,0,0,0,0,0,1,0,1,0,4,2
BSAR1943,-0.121654995391,0.292724774996,-0.0204439334645,-0.0431928555789,0.534033989969,0.667120141805,-0.131568978823,0.828169892718,0,0,0,0,1,0,0,0,1,0,0,0,0,1,0,0,1,0,0,0,0,1,0,0,0,0,0,0,0,0,1,0,0,0,2,4,2,1
BSAR1945,-0.913124041646,-1.3446909862,-1.04522844637,-0.9578260266,-0.823787224016,-0.490511866176,-0.405185242128,-0.452356430114,0,1,0,0,0,0,1,0,0,0,0,1,0,0,0,0,0,1,0,0,0,0,0,0,0,1,0,0,0,0,0,1,0,0,4,0,3,2
BSAR1946,2.66497560496,2.67442042765,2.55704438687,3.32944432651,5.12647256708,0.893730068679,0.0532637022456,0.953130262159,0,0,1,0,0,0,1,0,0,0,0,0,1,0,0,0,0,1,0,0,0,0,1,0,0,0,0,0,0,0,1,0,0,0,2,2,2,1
BSAR1947,-0.583345272373,-0.302699138167,-0.3620387711,-0.432522096102,-0.601835679423,-0.447563351357,0.482519670026,-0.67084473263,0,0,0,0,1,0,0,0,1,0,0,1,0,0,0,0,0,1,0,0,0,0,0,0,0,0,1,0,0,0,0,0,1,0,1,1,0,0
BSAR1948,2.1043516972,2.29164791204,1.84280063545,2.38924326507,0.312082445375,-0.804996714817,-0.189594176899,-0.909697327577,0,0,1,0,0,0,1,0,0,0,0,0,0,1,0,0,1,0,0,0,0,0,0,0,0,0,1,0,0,0,1,0,0,0,4,2,3,1
BSAR1950,-0.682278903155,-0.536615675481,-0.921012141775,-0.711444537075,-0.722603431628,-0.605794721742,-0.353842923065,-0.61869129246,0,1,0,0,0,0,0,1,0,0,0,1,0,0,0,0,1,0,0,1,0,0,0,0,0,0,0,0,1,0,0,0,0,0,0,1,0,0
BSAR1952,0.603858297009,0.484111032798,0.507475361062,0.315919787173,0.0868669074784,-0.510855899511,-0.868022617146,-0.274185155032,0,0,0,1,0,0,0,0,0,1,0,1,0,0,0,0,0,1,0,0,0,0,1,0,0,0,0,0,0,0,0,0,1,0,0,3,0,3
BSAR1955,1.39532734326,1.84507997717,1.06644873174,1.45717744148,4.11137064989,1.44499686086,-0.358644187992,2.00311368107,1,0,0,0,0,0,1,0,0,0,0,1,0,0,0,0,1,0,0,0,1,0,0,0,0,0,0,0,1,0,0,0,0,0,5,2,2,1
BSAR1957,-0.7977014724,-0.961918470597,-1.07628252252,-0.869500586959,-0.778091317776,-0.582625128221,-0.628252060179,-0.489363720253,0,0,1,0,0,0,0,1,0,0,0,1,0,0,0,0,1,0,0,0,0,0,1,0,0,0,0,0,1,0,0,0,0,0,0,1,0,2
BSAR1958,0.0762122661727,1.12206522547,0.600637589508,0.709897735046,-0.00452490500139,-0.255990370783,1.08479775103,-0.629274711748,0,0,1,0,0,0,0,0,1,0,0,0,1,0,0,0,1,0,0,0,0,1,0,0,0,0,0,0,0,0,0,0,1,0,5,3,4,3
BSAR1959,2.02190700488,3.01466266374,1.84280063545,2.93779073231,2.21499054094,0.0542561375801,0.388765677835,-0.133476059288,1,0,0,0,0,0,0,0,1,0,0,0,0,1,0,0,1,0,0,0,1,0,0,0,0,0,0,0,0,1,0,0,0,0,5,2,1,3
BSAR1961,0.686302989328,0.377785334019,1.00434057944,0.511165495853,1.27169647641,0.350939957053,-0.676800030537,0.8630188239,0,0,1,0,0,0,1,0,0,0,0,0,0,1,0,0,1,0,0,0,0,0,0,1,0,0,0,0,1,0,0,0,0,0,3,3,2,1
BSAR1962,-0.451433764664,-0.64294137426,-0.3620387711,-0.55803719454,-0.474539940612,-0.366752330053,-0.698856392379,-0.149857991433,0,0,0,1,0,0,1,0,0,0,0,1,0,0,0,0,0,1,0,0,0,0,1,0,0,0,0,0,0,0,0,1,0,0,4,4,4,0
BSAR1963,-0.995568733964,-1.21710014767,-0.921012141775,-0.897392831056,-0.755243364656,0.37100143437,1.72902161165,-0.276095233255,0,0,0,0,1,0,0,0,1,0,0,1,0,0,0,0,1,0,0,0,0,0,0,0,0,1,0,0,0,0,0,1,0,0,4,0,1,2
BSAR1965,-1.02854661089,-1.25963042718,-1.01417437022,-0.928771605665,-0.295020308955,4.70343286673,2.20047634602,2.6166447706,0,0,0,0,1,0,1,0,0,0,0,1,0,0,0,0,0,1,0,0,0,0,0,0,1,0,0,0,0,1,0,0,0,0,1,0,2,1
BSAR1966,-0.7977014724,-0.983183610353,-1.01417437022,-0.857878818585,-0.693227491902,-0.276616960137,-0.542843593808,-0.106147834336,0,0,1,0,0,0,1,0,0,0,0,0,1,0,0,0,0,1,0,0,1,0,0,0,0,0,0,0,0,1,0,0,0,0,1,1,4,2
BSAR1967,-0.286544380027,-0.196373439388,0.165880523427,-0.179167545553,-0.170988563447,-0.0717638466912,0.0258215040999,-0.121358090258,1,0,0,0,0,0,0,0,1,0,0,0,0,1,0,0,1,0,0,0,0,0,0,0,0,0,1,0,0,1,0,0,0,0,2,4,4,0
BSAR1968,-0.401966949273,-0.536615675481,-0.0514980096132,-0.41160291303,-0.317868262075,-0.147206303643,-0.329322427882,-0.0459778056209,0,0,0,0,1,0,0,0,0,1,0,1,0,0,0,0,0,1,0,0,0,0,0,0,0,0,1,0,0,1,0,0,0,0,1,4,1,0
BSAR1969,2.56604197418,1.52610288083,1.37698949322,1.47809662456,1.18683265054,-0.542502173588,-1.28814484245,-0.068889773807,0,1,0,0,0,0,0,1,0,0,0,1,0,0,0,0,0,1,0,0,1,0,0,0,0,0,0,0,0,0,1,0,0,0,1,2,0,3
BSAR1972,-0.7977014724,-0.813062492306,-0.548363227991,-0.676579231953,-0.582251719606,0.123764918142,0.789528481574,-0.209151539352,0,0,0,0,1,0,1,0,0,0,0,1,0,0,0,0,1,0,0,0,0,0,0,0,0,1,0,0,0,0,0,0,1,0,5,0,4,2
BSAR1974,0.455457850837,1.29218634352,0.507475361062,0.740114332818,0.0379070079356,-0.475818953211,0.107627286071,-0.603288987692,1,0,0,0,0,0,0,0,1,0,0,0,0,1,0,0,0,1,0,0,0,0,1,0,0,0,0,0,1,0,0,0,0,0,3,3,1,3
BSAR1976,0.175145896955,0.994474386938,0.414313132616,0.526273794739,0.674385701991,0.371566546407,0.370718291058,0.200276187989,0,0,1,0,0,0,1,0,0,0,0,0,0,0,1,0,1,0,0,0,0,0,1,0,0,0,0,0,0,1,0,0,0,0,2,4,2,1
BSAR1978,-0.451433764664,-0.217638579144,-0.486255075694,-0.449954748663,-0.321132255378,-0.0717638466912,-0.27523039918,0.0208545431992,0,0,1,0,0,0,0,0,1,0,0,0,1,0,0,0,1,0,0,0,0,0,0,1,0,0,0,0,0,0,1,0,0,0,3,4,4,0
BSAR1980,-0.599834210837,-0.260168858655,-0.610471380289,-0.513874474719,-0.676907525388,-0.60240404952,0.19166921698,-0.763377410978,1,0,0,0,0,0,0,0,1,0,0,0,0,1,0,0,1,0,0,0,0,0,0,0,0,0,1,0,0,1,0,0,0,0,3,1,4,0
BSAR1983,1.75808398946,2.37670847107,2.33966585383,2.87968189044,0.0999228806898,-0.841163885191,0.669765771747,-1.08912496091,1,0,0,0,0,0,0,0,1,0,0,0,0,1,0,0,0,1,0,0,0,0,0,0,0,1,0,0,0,1,0,0,0,0,1,2,3,3
BSAR1984,-0.896635103182,-0.940653330841,-1.16944475096,-0.889257593194,-0.641003599057,0.339637716311,0.100566852851,0.303556474621,0,0,1,0,0,0,0,1,0,0,0,0,1,0,0,0,0,1,0,1,0,0,0,0,0,0,0,0,1,0,0,0,0,0,0,1,4,2
BSAR1985,-0.105166056927,0.313989914752,-0.0204439334645,-0.0338954408798,1.10523281797,1.38566009697,-0.15617617333,1.70693344908,1,0,0,0,0,0,1,0,0,0,0,0,0,1,0,0,1,0,0,0,0,0,0,0,0,0,1,0,0,0,0,1,0,0,4,3,2,1
BSAR1986,-0.814190410864,-0.919388191085,-1.13839067482,-0.876473647983,-0.732395411537,-0.376359234683,-0.561410651715,-0.233040388284,1,0,0,0,0,0,0,1,0,0,0,1,0,0,0,0,1,0,0,0,1,0,0,0,0,0,0,0,0,0,0,0,1,0,1,1,4,2
BSAR1988,-0.863657226255,-1.17456986816,-0.921012141775,-0.885771062682,-0.62141963924,0.253175574636,-0.2182914216,0.388694142174,0,0,1,0,0,0,0,1,0,0,0,0,0,1,0,0,0,1,0,0,0,0,0,1,0,0,0,0,0,0,0,0,1,0,0,0,4,2
BSAR1989,-0.715256780082,-0.366494557434,-0.796795837181,-0.618470390084,-0.559403766486,-0.0658301703017,0.421388540321,-0.268171945813,0,0,0,0,1,0,1,0,0,0,0,0,0,1,0,0,0,1,0,0,0,0,0,0,1,0,0,0,0,0,1,0,0,0,1,1,4,2
BSAR1990,1.42830522019,1.99393595546,1.22171911248,1.6721801564,1.137872751,-0.209368627723,-0.15834434709,-0.202357542055,1,0,0,0,0,0,1,0,0,0,0,0,0,1,0,0,0,1,0,0,0,0,1,0,0,0,0,0,0,0,0,1,0,0,4,2,4,1
BSAR1992,0.0597233277091,0.484111032798,0.7869620464,0.462354068683,1.20641661036,1.13814102472,0.569264541987,0.860492265405,0,0,0,1,0,0,1,0,0,0,0,0,0,0,1,0,1,0,0,0,0,0,0,0,0,0,1,0,0,0,0,1,0,0,2,4,2,1
BSAR1993,-0.566856333909,-0.0900477406088,-0.455200999545,-0.391845906794,-0.402732087949,-0.0183607591861,0.569264541987,-0.271001691328,0,1,0,0,0,0,1,0,0,0,0,0,0,1,0,0,0,1,0,1,0,0,0,0,0,0,0,0,0,0,1,0,0,0,0,1,4,0
BSAR1994,-0.2535665031,0.0588082376818,-0.393092847248,-0.311655705015,0.0836029141755,0.269281267693,-0.504185024819,0.606493945943,1,0,0,0,0,0,0,0,0,1,0,1,0,0,0,0,1,0,0,0,1,0,0,0,0,0,0,0,0,0,0,1,0,0,4,4,1,0
BSAR1996,2.84635392806,2.52556444936,2.55704438687,3.19695616705,0.703761641717,-0.770524880554,-0.196956735306,-0.866465121518,0,0,0,0,1,0,1,0,0,0,0,1,0,0,0,0,0,1,0,0,0,0,0,0,1,0,0,0,1,0,0,0,0,0,3,2,3,1
BSAR1997,-0.929612980109,-0.940653330841,-0.703633608735,-0.762580317919,-0.800939270896,-0.311936462455,1.93400193094,-0.82394484864,1,0,0,0,0,0,1,0,0,0,0,1,0,0,0,0,0,1,0,0,0,0,0,0,0,0,1,0,0,0,0,0,1,0,5,0,4,2
BSAR1999,1.26341583555,0.760557849624,0.227988675725,0.300811488287,0.507922043546,-0.497293210621,-1.56442056539,0.257065814731,0,0,0,1,0,0,0,1,0,0,0,1,0,0,0,0,0,1,0,1,0,0,0,0,0,0,0,0,0,1,0,0,0,0,2,2,0,3
BSAR2001,2.92879862038,1.84507997717,3.05390960525,2.97381821427,5.51815176342,0.884405720067,-0.418352213226,1.34465129118,0,0,0,0,1,0,0,0,1,0,0,1,0,0,0,0,0,1,0,0,1,0,0,0,0,0,0,0,0,1,0,0,0,0,1,2,2,1
BSAR2002,0.702791927791,1.37724690254,0.693799817954,0.910954327913,0.158674760141,-0.501814106917,-0.0872822610102,-0.575242024341,0,0,0,0,1,0,1,0,0,0,0,1,0,0,0,0,0,1,0,0,0,0,0,0,0,1,0,0,0,0,0,1,0,0,4,2,1,1
BSAR2004,-0.946101918573,-0.940653330841,-0.983120294072,-0.839283989187,-0.670379538782,0.512279443642,1.38738774617,-0.0672600142312,0,0,0,1,0,0,1,0,0,0,0,1,0,0,0,0,1,0,0,1,0,0,0,0,0,0,0,0,1,0,0,0,0,0,0,1,1,2
BSAR2006,2.63199772804,1.24965606401,1.47015172167,1.35141934928,1.82004735129,-0.320413143011,-1.42078372571,0.469783903082,1,0,0,0,0,0,0,1,0,0,0,1,0,0,0,0,1,0,0,0,0,0,0,1,0,0,0,0,1,0,0,0,0,0,3,2,4,3
BSAR2007,-0.500900580055,-0.536615675481,-0.703633608735,-0.637065219482,-0.50717987364,-0.362513989775,-0.838112863261,-0.0643438642728,0,0,1,0,0,0,0,0,0,1,0,0,1,0,0,0,1,0,0,0,0,0,1,0,0,0,0,0,1,0,0,0,0,0,0,4,4,0
BSAR2008,-0.929612980109,-0.749267073039,-1.10733659867,-0.826500043976,-0.213420476384,2.86681874618,1.22938208338,1.96028008264,0,0,0,1,0,0,1,0,0,0,0,1,0,0,0,0,0,1,0,0,0,0,1,0,0,0,0,0,1,0,0,0,0,0,0,1,2,1
BSAR2009,0.603858297009,0.951944107426,0.973286503292,0.843548071345,-0.301548295561,-0.819407071763,-0.014251379004,-0.96174603402,0,0,0,1,0,0,0,0,1,0,0,0,0,1,0,0,0,1,0,0,0,0,0,0,0,0,1,0,0,1,0,0,0,0,1,3,0,3
BSAR2010,-0.946101918573,-1.30216070669,-1.16944475096,-0.972934325486,-0.729131418234,0.173212221388,-0.184128035051,0.270864471163,0,0,0,0,1,0,0,1,0,0,0,1,0,0,0,0,0,1,0,0,1,0,0,0,0,0,0,0,0,0,0,1,0,0,4,0,4,2
BSAR2011,2.23626320491,1.56863316034,1.84280063545,1.83953362098,0.834321373831,-0.609467949983,-0.779030852733,-0.465246934322,0,0,0,1,0,0,1,0,0,0,0,1,0,0,0,0,1,0,0,0,0,0,0,0,0,0,1,0,0,0,0,0,1,0,1,2,1,1
BSAR2012,0.620347235473,0.441580753286,1.12855688404,0.61459923438,-0.203628496475,-0.747355287034,-0.412090996201,-0.783569174104,1,0,0,0,0,0,0,0,0,1,0,1,0,0,0,0,1,0,0,0,0,0,0,1,0,0,0,0,0,0,1,0,0,0,0,3,3,3
BSAR2013,-0.418455887737,0.569171591821,-0.0204439334645,0.0765113586716,-0.637739605754,-0.710340448604,1.56765412625,-1.07835941792,0,0,1,0,0,0,0,0,1,0,0,1,0,0,0,0,1,0,0,0,0,0,1,0,0,0,0,0,0,0,1,0,0,0,0,3,0,0
BSAR2015,1.54372778944,1.63242857961,1.03539465559,1.30144574527,0.14561878693,-0.775893444907,-0.688758299005,-0.741364262928,0,0,0,0,1,0,1,0,0,0,0,1,0,0,0,0,0,1,0,0,0,0,0,0,1,0,0,0,0,0,0,0,1,0,1,2,4,1
BSAR2016,-1.06152448782,-1.00444875011,-1.07628252252,-0.879960178495,-0.882539103468,-0.135338950864,4.67561370144,-1.00107603426,1,0,0,0,0,0,1,0,0,0,0,1,0,0,0,0,0,1,0,0,0,0,0,0,0,0,1,0,0,0,0,0,1,0,5,0,0,2
BSAR2017,-0.0721881800001,0.207664215973,-0.206768390356,-0.168707954016,-0.565931753091,-0.823080300004,-0.601122312038,-0.833763896512,0,0,1,0,0,0,0,1,0,0,0,0,0,0,1,0,0,1,0,0,0,0,0,0,0,1,0,0,1,0,0,0,0,0,0,4,3,0
BSAR2018,0.323546343127,0.377785334019,0.755907970251,0.385650397416,-0.510443866943,-0.913780781957,-0.267308454473,-1.02774094392,1,0,0,0,0,0,0,0,0,1,0,1,0,0,0,0,0,1,0,0,1,0,0,0,0,0,0,0,0,1,0,0,0,0,1,3,3,3
BSAR2020,1.04905963553,1.0582698062,2.06017916849,1.58734124727,0.194578686472,-0.613141178224,0.279087294324,-0.794625322693,0,0,1,0,0,0,0,0,1,0,0,0,1,0,0,0,0,1,0,0,0,1,0,0,0,0,0,0,0,0,0,1,0,0,2,2,1,3
BSAR2021,0.0432343892454,-0.260168858655,0.0727182949814,-0.245411625284,-0.458219974097,-0.7498982912,-1.04231230514,-0.570402570476,0,0,0,0,1,0,0,1,0,0,0,0,0,1,0,0,1,0,0,0,0,0,0,0,1,0,0,0,0,0,0,0,1,0,5,4,0,3
BSAR2025,0.702791927791,1.82381483741,1.56331395012,1.82093879158,0.135826807021,-0.519050024049,1.30836634772,-0.892089549161,0,1,0,0,0,0,0,0,1,0,0,1,0,0,0,0,0,1,0,0,0,0,0,1,0,0,0,0,0,0,1,0,0,0,0,3,1,3
BSAR2026,0.158656958491,1.03700466645,0.290096828022,0.470489306545,-0.102444704087,-0.42750187404,0.296659136616,-0.603168217021,0,1,0,0,0,0,1,0,0,0,0,1,0,0,0,0,0,1,0,1,0,0,0,0,0,0,0,0,0,1,0,0,0,0,2,4,1,3
BSAR2027,1.62617248176,1.3985120423,1.00434057944,1.13641663437,0.246802579318,-0.741986722681,-0.938119969748,-0.60133652023,0,0,1,0,0,0,0,1,0,0,0,0,0,0,1,0,0,1,0,0,0,0,0,0,0,0,1,0,0,0,0,0,1,0,5,2,0,3
BSAR2031,-0.7977014724,-0.791797352551,-1.10733659867,-0.836959635512,-0.787883297685,-0.61794463054,-0.389108354341,-0.622919133585,0,0,1,0,0,0,0,0,0,1,0,0,0,0,1,0,0,1,0,0,0,0,0,0,1,0,0,0,0,0,0,0,1,0,5,1,3,2
BSAR2032,-0.880146164719,-1.38722126571,-1.13839067482,-0.985718270697,-0.882539103468,-0.85105334584,-0.978876290543,-0.759663369989,1,0,0,0,0,0,0,1,0,0,0,1,0,0,0,0,1,0,0,0,0,0,1,0,0,0,0,0,0,0,1,0,0,0,2,1,0,2
BSAR2034,0.158656958491,-0.13257802012,-0.0514980096132,-0.239600741097,-0.357036181709,-0.696212647677,-1.23069421809,-0.384871173677,0,0,0,0,1,0,0,1,0,0,0,1,0,0,0,0,1,0,0,0,0,0,0,0,0,0,1,0,0,0,0,1,0,0,4,4,0,3
BSAR2036,0.175145896955,0.399050473775,0.600637589508,0.318244140847,0.19131469317,-0.13223083466,-0.0713476987354,-0.148998874285,0,0,1,0,0,0,1,0,0,0,0,1,0,0,0,0,1,0,0,0,0,0,1,0,0,0,0,0,0,0,0,1,0,0,4,4,4,3
BSAR2037,2.53306409726,1.44104232181,1.8738547116,1.76399212655,3.22682846482,0.246394230191,-1.04637563183,1.07672197001,0,0,0,0,1,0,1,0,0,0,0,1,0,0,0,0,0,1,0,0,1,0,0,0,0,0,0,0,0,1,0,0,0,0,1,2,2,1
BSAR2039,-0.368989072346,0.399050473775,0.290096828022,0.160188090963,-0.265644369229,-0.105670568917,1.56503735622,-0.605239070697,1,0,0,0,0,0,0,0,1,0,0,1,0,0,0,0,0,1,0,0,0,0,0,0,0,0,1,0,0,0,0,1,0,0,2,4,4,0
BSAR2041,0.455457850837,0.888148688158,0.538529437211,0.546030800975,-0.432108027675,-0.882699619917,-0.234689847143,-0.995295425714,0,0,0,1,0,0,1,0,0,0,0,1,0,0,0,0,1,0,0,0,0,0,0,0,0,0,1,0,0,1,0,0,0,0,2,3,3,3
BSAR2042,-0.649301026228,-1.00444875011,-0.983120294072,-0.85555446491,-0.680171518691,-0.541089393495,-1.30841402873,-0.0513426957081,0,0,0,1,0,0,0,1,0,0,0,0,0,0,1,0,0,1,0,0,0,0,0,0,0,1,0,0,0,0,0,0,1,0,5,1,4,0
BSAR2045,-0.649301026228,-0.64294137426,-1.01417437022,-0.770715555781,-0.680171518691,-0.541089393495,-0.854972716363,-0.3269185697,1,0,0,0,0,0,0,1,0,0,0,0,0,1,0,0,0,1,0,0,0,0,0,0,0,0,1,0,0,0,1,0,0,0,2,1,4,0
BSAR2050,-0.946101918573,-1.25963042718,-0.889958065626,-0.902041538406,-0.869483130256,-0.636875883782,0.649458596726,-0.890658599457,0,0,0,0,1,0,0,0,0,1,0,1,0,0,0,0,0,1,0,0,0,1,0,0,0,0,0,0,0,0,0,1,0,0,4,1,3,2
BSAR2051,-0.880146164719,-0.834327632062,-1.10733659867,-0.847419227049,-0.663851552177,0.145239175552,0.304947814482,-0.00489011307925,0,0,1,0,0,0,1,0,0,0,0,0,1,0,0,0,1,0,0,0,0,0,1,0,0,0,0,0,1,0,0,0,0,0,0,0,1,2
BSAR2052,0.636836173937,0.335255054507,0.911178350995,0.439110531935,1.47732805449,0.558053518647,-0.717815533022,1.20050500756,0,0,0,0,1,0,1,0,0,0,0,1,0,0,0,0,0,1,0,0,0,1,0,0,0,0,0,0,0,0,0,1,0,0,4,3,2,1
BSAR2053,-0.418455887737,-0.791797352551,-0.734687684883,-0.725390659123,-0.432108027675,-0.331432827734,-1.44163141225,0.469949485926,0,0,1,0,0,0,0,1,0,0,0,0,0,0,1,0,0,1,0,0,1,0,0,0,0,0,0,0,0,1,0,0,0,0,1,4,4,0
BSAR2054,2.08786275874,1.16459550498,1.62542210241,1.39209553859,0.383890298038,-0.770807436573,-1.05726865809,-0.598716140006,0,1,0,0,0,0,0,1,0,0,0,1,0,0,0,0,1,0,0,0,0,0,0,0,0,0,1,0,0,0,1,0,0,0,3,2,0,3
BSAR2055,1.84052868178,1.31345148327,1.40804356937,1.35374370296,0.367570331523,-0.729554257865,-0.903415858356,-0.595968300125,0,1,0,0,0,0,1,0,0,0,0,1,0,0,0,0,0,1,0,0,0,1,0,0,0,0,0,0,0,0,0,1,0,0,4,2,4,1
BSAR2057,1.49426097405,0.569171591821,0.818016122549,0.527435971577,1.89838319056,0.166148320924,-1.47646816669,1.51337352425,0,0,0,1,0,0,0,1,0,0,0,0,0,0,1,0,0,1,0,0,0,0,1,0,0,0,0,0,0,1,0,0,0,0,4,2,1,3
BSAR2058,-0.7977014724,-0.791797352551,-0.672579532586,-0.706795829725,-0.853163163742,-0.853596350007,0.567466469011,-1.08816389192,0,0,1,0,0,0,0,0,0,1,0,1,0,0,0,0,0,1,0,1,0,0,0,0,0,0,0,0,0,0,1,0,0,0,3,0,3,2
BSAR2060,-0.929612980109,-1.02571388986,-0.765741761032,-0.804418684065,-0.876011116862,-0.717969461105,1.47279621254,-1.07457495067,1,0,0,0,0,0,1,0,0,0,0,1,0,0,0,0,1,0,0,0,0,0,0,0,0,0,1,0,0,0,0,0,1,0,3,0,3,2
BSAR2061,-0.995568733964,-1.06824416938,-1.26260697941,-0.942717727714,-0.830315210622,-0.170658453182,1.06283557396,-0.550268300451,0,0,1,0,0,0,0,1,0,0,0,0,0,0,1,0,0,1,0,0,0,0,0,0,1,0,0,0,0,0,1,0,0,0,0,0,4,2
BSAR2062,-0.847168287791,-0.961918470597,-1.13839067482,-0.885771062682,-0.856427157045,-0.792846806019,-0.369586419171,-0.853472856898,0,0,1,0,0,0,0,0,0,1,0,1,0,0,0,0,1,0,0,0,0,0,1,0,0,0,0,0,0,0,1,0,0,0,0,1,3,2
BSAR2064,2.68146454343,2.29164791204,2.68126069147,3.09468460536,1.81025537138,-0.337366504124,-0.137607678901,-0.363871893538,1,0,0,0,0,0,1,0,0,0,0,1,0,0,0,0,0,1,0,0,0,0,1,0,0,0,0,0,1,0,0,0,0,0,3,2,4,1
BSAR2065,1.54372778944,1.18586064474,2.15334139694,1.7500460045,2.45326205204,0.427512638079,-0.212117315597,0.597488698522,0,0,0,0,1,0,1,0,0,0,0,1,0,0,0,0,0,1,0,0,0,0,0,0,0,0,1,0,0,0,0,0,1,0,5,2,2,1
BSAR2068,0.274079527736,0.143868796705,0.507475361062,0.136944554216,0.517714023454,0.101442992677,-0.654738281211,0.49003339665,0,0,0,0,1,0,1,0,0,0,0,0,0,1,0,0,1,0,0,0,0,1,0,0,0,0,0,0,0,0,1,0,0,0,4,4,1,3
BSAR2071,0.323546343127,0.441580753286,0.849070198697,0.470489306545,-0.239532422806,-0.658915253229,-0.104661027211,-0.755250274569,0,0,1,0,0,0,1,0,0,0,0,0,1,0,0,0,0,1,0,0,0,0,0,1,0,0,0,0,0,0,1,0,0,0,3,3,0,3
BSAR2072,0.257590589273,0.037543097926,0.631691665657,0.136944554216,-0.154668596932,-0.543067285625,-0.623593416559,-0.435792753685,0,0,0,0,1,0,1,0,0,0,0,0,0,1,0,0,0,1,0,0,1,0,0,0,0,0,0,0,0,0,1,0,0,0,1,4,4,3
BSAR2074,0.356524220055,0.909413827914,0.445367208765,0.501868081154,2.07137483561,1.45403865345,-0.115801261955,1.74731429741,0,0,0,0,1,0,1,0,0,0,0,1,0,0,0,0,0,1,0,0,0,0,0,1,0,0,0,0,0,0,0,0,1,0,3,3,2,1
BSAR2075,0.241101650809,0.101338517193,0.196934599576,-0.0269223798555,1.32065637596,0.934418135349,-0.923942060993,2.02453966387,0,0,1,0,0,0,1,0,0,0,0,0,0,0,1,0,0,1,0,1,0,0,0,0,0,0,0,0,1,0,0,0,0,0,0,3,2,1
BSAR2076,0.587369358546,0.186399076217,0.259042751873,0.0428082303875,0.537297983271,-0.14183773929,-1.29064216603,0.671280600672,0,0,1,0,0,0,0,0,0,1,0,0,0,1,0,0,1,0,0,0,0,0,1,0,0,0,0,0,1,0,0,0,0,0,0,3,1,3
BSAR2077,0.983103881673,0.399050473775,0.321150904171,0.176458566687,0.165202746747,-0.609467949983,-1.49475977354,-0.0397948371717,0,1,0,0,0,0,0,1,0,0,0,1,0,0,0,0,0,1,0,0,1,0,0,0,0,0,0,0,0,1,0,0,0,0,1,2,0,3
BSAR2078,0.983103881673,0.27145963524,0.755907970251,0.325217201872,0.821265400619,-0.179135133738,-1.29599097908,0.608048706544,0,0,0,0,1,0,0,1,0,0,0,1,0,0,0,0,1,0,0,0,0,0,1,0,0,0,0,0,0,0,0,1,0,0,4,2,1,3
BSAR2079,-1.01205767243,-0.791797352551,-1.04522844637,-0.818364806114,-0.853163163742,-0.241297457818,3.46203703837,-0.95586162222,0,0,0,0,1,0,1,0,0,0,0,1,0,0,0,0,0,1,0,1,0,0,0,0,0,0,0,0,0,1,0,0,0,0,3,0,3,2
BSAR2080,-0.7977014724,-0.685471653772,-0.393092847248,-0.583605084962,-0.471275947309,0.523864240403,1.47279621254,-0.0846852892461,0,1,0,0,0,0,0,0,1,0,0,0,0,1,0,0,1,0,0,0,0,0,0,1,0,0,0,0,1,0,0,0,0,0,3,0,1,2
BSAR2081,2.05488488181,1.82381483741,2.83653107221,2.78786992029,5.39085602461,1.43538995623,0.216121184002,1.42008064279,0,0,0,0,1,0,1,0,0,0,0,1,0,0,0,0,0,1,0,0,0,0,0,0,0,1,0,0,0,0,1,0,0,0,4,2,2,1
BSAR2082,-0.00623242614548,0.335255054507,-0.144660238059,-0.0861933985621,-0.366828161618,-0.61398884628,-0.554231389324,-0.561047771222,0,0,0,0,1,0,1,0,0,0,0,1,0,0,0,0,1,0,0,0,1,0,0,0,0,0,0,0,0,1,0,0,0,0,1,3,0,3
BSAR2084,-0.0392103030728,0.484111032798,-0.0514980096132,0.023051224152,-0.428844034372,-0.669087269896,-0.197793389671,-0.743133846907,0,0,0,0,1,0,1,0,0,0,0,1,0,0,0,0,1,0,0,0,0,1,0,0,0,0,0,0,0,1,0,0,0,0,5,4,4,3
BSAR2086,-0.303033318491,-0.175108299632,-0.175714314208,-0.308169174502,0.951825132733,1.75241780904,-0.332169376761,2.36116657384,0,0,0,0,1,0,1,0,0,0,0,1,0,0,0,0,0,1,0,0,1,0,0,0,0,0,0,0,0,0,0,0,1,0,5,4,2,1
BSAR2087,-0.4349448262,0.377785334019,-0.237822466505,-0.116409996334,0.106450867295,0.704700092272,0.935836897879,0.264449043387,0,1,0,0,0,0,1,0,0,0,0,1,0,0,0,0,0,1,0,0,1,0,0,0,0,0,0,0,0,0,0,1,0,0,4,4,2,1
BSAR2089,-0.896635103182,-1.08950930913,-0.641525456437,-0.793959092529,-0.817259237411,-0.508030339325,1.03436608517,-0.839147666213,0,0,0,0,1,0,0,0,1,0,0,1,0,0,0,0,1,0,0,0,0,0,0,0,0,1,0,0,0,0,0,0,1,0,5,0,3,2
BSAR2090,0.1091901431,0.122603656949,0.445367208765,0.0974305417445,-0.281964335743,-0.588276248592,-0.396027521237,-0.582121929645,0,0,0,1,0,0,0,0,0,1,0,0,0,0,1,0,0,1,0,0,0,0,0,0,0,1,0,0,0,1,0,0,0,0,5,4,4,3
BSAR2091,-0.368989072346,0.122603656949,-0.268876542654,-0.231465503235,-0.229740442898,-0.0435082448366,0.183470004208,-0.155653095789,0,0,1,0,0,0,1,0,0,0,0,0,1,0,0,0,0,1,0,1,0,0,0,0,0,0,0,0,1,0,0,0,0,0,0,4,1,0
BSAR2094,1.88999549717,2.121526794,1.65647617856,2.10799647042,0.383890298038,-0.732379818051,-0.2319933146,-0.811436020362,0,0,1,0,0,0,1,0,0,0,0,1,0,0,0,0,1,0,0,0,0,0,0,0,0,1,0,0,1,0,0,0,0,0,0,2,0,1
BSAR2096,-0.814190410864,-0.600411094748,-0.424146923397,-0.563848078727,-0.722603431628,-0.339626952272,1.83596786519,-0.82998971682,0,0,0,1,0,0,0,0,1,0,0,0,0,0,1,0,0,1,0,0,0,0,0,0,0,1,0,0,0,1,0,0,0,0,1,0,4,2
BSAR2097,-0.764723595473,-0.409024836946,-0.57941730414,-0.551064133516,-0.112236683995,1.5735598493,1.31906097307,0.828368637387,0,0,0,0,1,0,1,0,0,0,0,1,0,0,0,0,1,0,0,0,0,0,0,0,0,0,1,0,0,1,0,0,0,0,3,1,2,1
BSAR2098,-0.847168287791,-0.685471653772,-0.921012141775,-0.752120726383,-0.605099672725,0.243003557969,0.75292485313,-0.0852372210339,0,0,0,0,1,0,0,0,1,0,0,1,0,0,0,0,1,0,0,0,0,0,0,0,0,1,0,0,0,0,0,1,0,0,4,0,1,2
BSAR2099,-0.401966949273,0.207664215973,-0.144660238059,-0.138491356244,-0.582251719606,-0.623878306929,0.674227051974,-0.882600854763,0,0,1,0,0,0,0,0,1,0,0,0,0,0,1,0,1,0,0,0,0,0,0,0,0,1,0,0,0,1,0,0,0,0,5,3,0,0
BSAR2100,1.95595125103,1.24965606401,1.50120579782,1.37233853235,0.61563382254,-0.640831668042,-0.977577159282,-0.422654950312,0,1,0,0,0,0,0,0,0,1,0,1,0,0,0,0,0,1,0,0,1,0,0,0,0,0,0,0,0,0,0,0,1,0,5,2,3,3
BSAR2101,0.158656958491,-0.00498718158559,0.724853894103,0.154377206776,-0.523499840154,-0.871962491212,-0.383275581028,-0.951760967186,0,1,0,0,0,0,0,0,0,1,0,1,0,0,0,0,1,0,0,0,0,0,0,0,1,0,0,0,0,0,1,0,0,0,3,3,0,3
BSAR2102,1.26341583555,1.76001941815,0.818016122549,1.21776901298,1.19988862375,-0.0952159962304,-0.478987867944,0.102484673114,0,0,1,0,0,0,1,0,0,0,0,0,1,0,0,0,0,1,0,0,0,0,1,0,0,0,0,0,1,0,0,0,0,0,0,2,1,1
BSAR2104,2.50008622033,0.739292709868,1.12855688404,0.802871882037,0.367570331523,-0.844272001395,-1.78218144689,-0.327282007122,1,0,0,0,0,0,0,1,0,0,0,1,0,0,0,0,0,1,0,0,0,0,0,0,0,1,0,0,0,1,0,0,0,0,5,2,3,3
BSAR2105,-1.04503554935,-1.1533047284,-1.386823284,-0.989204801209,-0.866219136953,-0.115842585584,1.63791924752,-0.627319149236,0,0,0,0,1,0,0,1,0,0,0,1,0,0,0,0,1,0,0,0,0,0,0,0,0,0,1,0,0,0,0,0,1,0,3,0,4,2
BSAR2106,1.87350655871,1.61116343986,2.52599031072,2.36483755148,0.312082445375,-0.762330756016,0.0285665973298,-0.905063233415,0,0,1,0,0,0,0,0,1,0,0,0,1,0,0,0,1,0,0,0,0,0,0,1,0,0,0,0,0,1,0,0,0,0,0,2,4,3
BSAR2107,0.6533251124,0.313989914752,0.0727182949814,0.0114294557781,-0.0600127911498,-0.647330456468,-1.41523007174,-0.176709967847,0,0,0,1,0,0,0,1,0,0,0,0,0,0,1,0,1,0,0,0,0,0,1,0,0,0,0,0,0,0,1,0,0,0,2,2,0,3
BSAR2108,-0.583345272373,-0.409024836946,-0.517309151843,-0.528982773605,0.0770749275698,1.14096658491,0.0226989537814,1.25648301342,1,0,0,0,0,0,1,0,0,0,0,0,0,1,0,0,1,0,0,0,0,0,1,0,0,0,0,0,0,0,0,1,0,0,4,1,2,1
BSAR2109,-0.0721881800001,-0.345229417679,0.0106101426841,-0.307006997665,-0.0241088648185,-0.133361058734,-0.959837870794,0.377164126713,0,0,0,0,1,0,0,1,0,0,0,1,0,0,0,0,0,1,0,0,1,0,0,0,0,0,0,0,0,0,0,1,0,0,4,4,4,0
BSAR2110,-1.01205767243,-1.11077444889,-1.20049882711,-0.93574466669,-0.729131418234,0.734933586256,1.5799450158,0.0472016021151,0,0,0,0,1,0,1,0,0,0,0,1,0,0,0,0,0,1,0,0,0,0,0,0,1,0,0,0,0,0,0,0,1,0,1,0,1,2
BSAR2111,0.0267454507818,0.462845893042,0.383259056468,0.240378292743,0.981201072459,0.942329703869,0.147349147944,0.93870456033,0,1,0,0,0,0,0,0,1,0,0,0,0,1,0,0,1,0,0,0,0,0,0,0,0,0,1,0,0,0,0,1,0,0,4,3,2,1
BSAR2112,1.95595125103,1.56863316034,1.37698949322,1.50598886865,2.91674910105,0.40208259641,-0.854159689553,1.11266499602,0,0,0,0,1,0,1,0,0,0,0,0,0,1,0,0,0,1,0,0,0,0,0,0,1,0,0,0,0,0,0,0,1,0,5,2,2,1
BSAR2114,-0.484411641591,-0.494085395969,-0.734687684883,-0.634740865807,-0.614891652634,-0.602686605538,-0.888052697418,-0.40569972975,0,0,0,1,0,0,0,1,0,0,0,1,0,0,0,0,0,1,0,0,0,0,0,0,1,0,0,0,1,0,0,0,0,0,3,4,3,0
BSAR2116,-0.814190410864,-1.11077444889,-0.889958065626,-0.86020317226,-0.813995244108,-0.683497626842,-0.436640022582,-0.693213359528,1,0,0,0,0,0,0,1,0,0,0,0,0,1,0,0,1,0,0,0,0,0,1,0,0,0,0,0,0,0,0,1,0,0,4,1,3,2
BSAR2117,0.603858297009,0.0162779581702,0.538529437211,0.0846465965333,-0.0371648380299,-0.609467949983,-1.24225274135,-0.222068100759,0,1,0,0,0,0,0,1,0,0,0,1,0,0,0,0,0,1,0,0,0,0,0,0,1,0,0,0,0,0,1,0,0,0,3,3,4,3
BSAR2118,1.69212823561,1.12206522547,0.755907970251,0.808682766223,0.0966588873869,-0.830709312504,-1.32459948771,-0.581943987835,0,0,0,1,0,0,0,0,0,1,0,1,0,0,0,0,0,1,0,0,1,0,0,0,0,0,0,0,0,1,0,0,0,0,1,2,0,3
BSAR2119,-0.4349448262,-0.217638579144,-0.206768390356,-0.338385772274,-0.611627659331,-0.646765344431,0.0847229634372,-0.787269013958,0,1,0,0,0,0,0,0,0,1,0,1,0,0,0,0,0,1,0,0,0,0,0,0,0,0,1,0,0,0,0,0,1,0,3,3,3,0
BSAR2120,-0.665789964691,-0.302699138167,-0.548363227991,-0.503414883183,-0.582251719606,-0.250056694393,0.697714380226,-0.532374523565,0,0,0,0,1,0,0,0,1,0,0,0,0,1,0,0,0,1,0,0,0,0,0,0,1,0,0,0,0,1,0,0,0,0,1,1,4,0
BSAR2121,0.735769804718,0.441580753286,0.445367208765,0.261297475816,0.103186873993,-0.557760198589,-1.12318317299,-0.205692822975,0,0,1,0,0,0,0,1,0,0,0,0,0,0,1,0,0,1,0,0,0,0,0,0,1,0,0,0,0,1,0,0,0,0,5,2,4,3
BSAR2122,-0.138143933855,-0.323964277923,-0.206768390356,-0.38022413842,-0.399468094646,-0.563693874979,-1.00938734136,-0.281598993324,1,0,0,0,0,0,0,1,0,0,0,1,0,0,0,0,0,1,0,0,0,1,0,0,0,0,0,0,0,0,0,0,1,0,5,4,3,0
BSAR2123,-0.9790797955,-1.13203958864,-1.01417437022,-0.896230654219,-0.735659404839,0.367328206129,1.35059640681,-0.173869031317,0,0,0,0,1,0,0,0,1,0,0,1,0,0,0,0,0,1,0,0,0,1,0,0,0,0,0,0,0,0,0,1,0,0,4,0,1,2
BSAR2125,-0.9790797955,-0.834327632062,-0.983120294072,-0.81139174509,-0.751979371354,0.258544138989,2.50163973821,-0.522818777525,0,1,0,0,0,0,0,0,1,0,0,1,0,0,0,0,1,0,0,0,0,0,1,0,0,0,0,0,0,0,0,0,1,0,3,0,4,2
BSAR2129,0.587369358546,-0.111312880365,0.445367208765,-0.022273672506,0.5699379163,-0.115842585584,-1.39692825752,0.842612005281,1,0,0,0,0,0,0,0,0,1,0,0,0,1,0,0,0,1,0,0,1,0,0,0,0,0,0,0,0,0,0,1,0,0,4,2,1,3
BSAR2131,-0.946101918573,-1.1533047284,-0.765741761032,-0.842770519699,-0.729131418234,0.173212221388,1.34639168231,-0.331478327469,0,0,0,1,0,0,1,0,0,0,0,0,0,1,0,0,0,1,0,0,0,0,0,0,0,1,0,0,0,1,0,0,0,0,1,0,4,2
BSAR2132,0.785236620109,1.44104232181,1.37698949322,1.41998778269,0.227218619501,-0.488533974046,0.523054066498,-0.721049648288,1,0,0,0,0,0,0,0,1,0,0,1,0,0,0,0,0,1,0,0,0,0,1,0,0,0,0,0,0,0,1,0,0,0,1,3,4,3
BSAR2133,-0.0721881800001,-0.196373439388,-0.175714314208,-0.317466589201,-0.138348630418,-0.278594852266,-0.986967618936,0.165104946037,0,0,0,1,0,0,0,1,0,0,0,0,0,0,1,0,0,1,0,0,1,0,0,0,0,0,0,0,0,1,0,0,0,0,1,4,4,0
BSAR2134,0.241101650809,0.93067896767,1.25277318863,0.999279767554,1.96366305662,1.57412496134,1.15649037502,0.915461390242,0,1,0,0,0,0,0,0,1,0,0,1,0,0,0,0,1,0,0,0,0,0,0,1,0,0,0,0,0,1,0,0,0,0,3,3,2,1
BSAR2135,-0.138143933855,-0.00498718158559,-0.268876542654,-0.280276930405,1.10523281797,1.47183968262,-0.733945037313,2.54938625389,0,0,0,0,1,0,1,0,0,0,0,1,0,0,0,0,0,1,0,0,0,0,0,0,0,1,0,0,0,0,0,0,1,0,5,3,2,1
BSAR2138,-0.715256780082,-0.770532212795,-0.548363227991,-0.662633109904,-0.131820643812,1.21047536547,0.152793639183,1.22794043803,0,0,1,0,0,0,1,0,0,0,0,0,0,0,1,0,1,0,0,0,0,0,0,0,0,0,1,0,0,0,1,0,0,0,2,1,2,1
BSAR2139,2.73093135882,0.866883548403,1.68753025471,1.21428248247,1.84942329102,-0.33623628005,-1.57219504313,0.607628276104,1,0,0,0,0,0,0,1,0,0,0,0,0,1,0,0,1,0,0,0,0,0,0,0,0,0,1,0,0,0,1,0,0,0,2,2,1,3
BSAR2141,-1.04503554935,-1.38722126571,-1.41787736015,-1.04034058205,-0.624683632543,2.20761555492,0.635793242107,1.84929304998,0,0,1,0,0,0,1,0,0,0,0,0,1,0,0,0,0,1,0,0,0,0,0,1,0,0,0,0,0,0,1,0,0,0,0,0,2,1
BSAR2142,1.5602167279,1.52610288083,0.755907970251,1.03879378003,0.52424201006,-0.583190240259,-0.982364767455,-0.327636903196,0,0,1,0,0,0,0,0,0,1,0,0,0,0,1,0,1,0,0,0,1,0,0,0,0,0,0,0,0,0,1,0,0,0,2,2,3,3
BSAR2146,2.91230968192,2.29164791204,2.61915253917,3.04238664768,1.44142412816,-0.523853476364,-0.357826217261,-0.512634351055,0,0,0,1,0,0,1,0,0,0,0,0,0,0,1,0,1,0,0,0,0,0,0,0,0,1,0,0,0,0,0,0,1,0,0,2,0,1
BSAR2147,-0.929612980109,-1.21710014767,-1.10733659867,-0.939231197202,-0.843371183833,-0.541371949514,-0.01331110231,-0.643177538978,1,0,0,0,0,0,1,0,0,0,0,1,0,0,0,0,1,0,0,0,0,0,0,0,0,0,1,0,0,1,0,0,0,0,2,1,4,2
BSAR2148,-0.187610749246,0.292724774996,-0.0514980096132,-0.0583011544649,0.344722378403,0.532340920959,0.0387740607882,0.555477817305,1,0,0,0,0,0,1,0,0,0,0,1,0,0,0,0,1,0,0,0,0,1,0,0,0,0,0,0,0,0,1,0,0,0,4,3,2,1
BSAR2149,-0.847168287791,-0.834327632062,-0.983120294072,-0.81139174509,-0.650795578965,0.0548212496172,0.255115506284,-0.0795172006876,0,0,1,0,0,0,1,0,0,0,0,0,0,0,1,0,1,0,0,0,0,0,1,0,0,0,0,0,0,0,1,0,0,0,0,1,4,2
BSAR2150,-1.02854661089,-1.1533047284,-0.921012141775,-0.879960178495,-0.804203264199,0.295558977418,3.06139368703,-0.593592680064,0,0,0,0,1,0,1,0,0,0,0,1,0,0,0,0,0,1,0,0,1,0,0,0,0,0,0,0,0,1,0,0,0,0,2,0,4,2
BSAR2151,0.1091901431,0.313989914752,0.755907970251,0.349622915457,0.700497648414,0.488262182066,0.167019684913,0.43022284991,0,0,0,0,1,0,1,0,0,0,0,1,0,0,0,0,1,0,0,0,0,1,0,0,0,0,0,0,0,1,0,0,0,0,4,3,2,1
BSAR2153,-0.220588626173,0.0162779581702,0.0727182949814,-0.121058703684,0.0183230481185,0.117831241753,-0.032419437159,0.122958519525,0,0,0,1,0,0,0,0,1,0,0,1,0,0,0,0,1,0,0,0,0,0,0,0,1,0,0,0,1,0,0,0,0,0,0,4,1,0
BSAR2154,-0.847168287791,-0.621676234504,-0.796795837181,-0.694011884514,-0.771563331171,-0.44304245506,1.24097323239,-0.818423407948,0,0,0,1,0,0,1,0,0,0,0,1,0,0,0,0,0,1,0,0,1,0,0,0,0,0,0,0,0,0,1,0,0,0,2,0,4,2
BSAR2155,0.768747681646,0.505376172554,0.662745741806,0.408893934163,-0.360300175012,-0.908412217604,-0.942612633879,-0.862947094114,1,0,0,0,0,0,0,1,0,0,0,1,0,0,0,0,1,0,0,1,0,0,0,0,0,0,0,0,0,0,1,0,0,0,2,3,3,3
BSAR2156,0.373013158518,0.335255054507,-0.11360616191,-0.0710850996761,-0.0730687643612,-0.529787152753,-1.21406423583,-0.0982444680924,0,1,0,0,0,0,0,1,0,0,0,1,0,0,0,0,0,1,0,0,0,0,0,1,0,0,0,0,1,0,0,0,0,0,3,3,0,3
BSAR2162,-0.913124041646,-1.21710014767,-1.13839067482,-0.946204258226,-0.856427157045,-0.656937361099,-0.284608583723,-0.703952755158,1,0,0,0,0,0,0,0,0,1,0,1,0,0,0,0,0,1,0,0,0,0,1,0,0,0,0,0,0,1,0,0,0,0,1,1,3,2
BSAR2163,-0.896635103182,-1.02571388986,-1.29366105556,-0.941555550877,-0.830315210622,-0.571040331461,-0.411883945373,-0.554257057291,0,0,0,1,0,0,0,0,0,1,0,0,0,0,1,0,0,1,0,0,0,1,0,0,0,0,0,0,1,0,0,0,0,0,5,1,3,2
BSAR2166,-0.237077564636,-0.323964277923,-0.237822466505,-0.393008083631,-0.115500677298,-0.0562232656712,-0.801425088544,0.37200593128,0,0,0,1,0,0,1,0,0,0,0,1,0,0,0,0,0,1,0,0,1,0,0,0,0,0,0,0,0,0,0,1,0,0,4,4,1,0
BSAR2167,2.68146454343,1.7812845579,2.40177400613,2.42178421651,1.73518352542,-0.365056993941,-0.642644295363,-0.176926102307,0,0,0,0,1,0,0,0,0,1,0,1,0,0,0,0,0,1,0,0,1,0,0,0,0,0,0,0,0,0,0,0,1,0,1,2,1,3
BSAR2169,-0.764723595473,-1.06824416938,-0.827849913329,-0.833473105,-0.797675277594,-0.708645112493,-0.596716626442,-0.676332844706,0,1,0,0,0,0,0,0,0,1,0,1,0,0,0,0,0,1,0,1,0,0,0,0,0,0,0,0,1,0,0,0,0,0,0,1,0,2
BSAR2170,-0.138143933855,-0.175108299632,-0.175714314208,-0.308169174502,-0.520235846851,-0.727011253698,-0.810812657046,-0.627738977248,0,0,1,0,0,0,0,1,0,0,0,0,1,0,0,0,1,0,0,0,0,0,1,0,0,0,0,0,1,0,0,0,0,0,0,4,4,0
BSAR2171,-0.00623242614548,-0.153843159876,0.259042751873,-0.121058703684,-0.291756315652,-0.523853476364,-0.639639855695,-0.401918347479,0,1,0,0,0,0,1,0,0,0,0,1,0,0,0,0,0,1,0,0,0,0,0,0,1,0,0,0,0,0,1,0,0,0,0,4,0,3
BSAR2173,-0.270055441564,0.845618408647,0.227988675725,0.341487677595,-0.712811451719,-0.932429479181,1.60456927494,-1.25469663706,0,0,0,0,1,0,0,0,1,0,0,0,0,1,0,0,0,1,0,0,0,0,0,0,1,0,0,0,0,0,0,0,1,0,5,4,3,0
BSAR2174,-0.847168287791,-0.515350535725,-0.734687684883,-0.640551749994,-0.800939270896,-0.564258987016,1.68997774131,-0.979404854591,1,0,0,0,0,0,0,0,1,0,0,1,0,0,0,0,1,0,0,0,1,0,0,0,0,0,0,0,0,0,0,0,1,0,5,1,3,2
BSAR2175,0.2905684662,1.01573952669,0.911178350995,0.844710248182,-0.164460576841,-0.571040331461,0.701842456101,-0.83723707213,1,0,0,0,0,0,0,0,1,0,0,1,0,0,0,0,0,1,0,0,1,0,0,0,0,0,0,0,0,1,0,0,0,0,1,4,0,3
BSAR2177,-0.550367395446,-0.834327632062,-0.983120294072,-0.81139174509,-0.588779706211,-0.465929492562,-1.42977766766,0.192183765761,0,0,1,0,0,0,0,1,0,0,0,1,0,0,0,0,1,0,0,0,1,0,0,0,0,0,0,0,0,1,0,0,0,0,2,1,0,0
BSAR2178,2.69795348189,3.56755629739,2.46388215843,4.02093954475,0.958353119339,-0.654394356932,0.540830608312,-0.888441922718,1,0,0,0,0,0,0,0,1,0,0,1,0,0,0,0,1,0,0,0,0,0,0,0,0,0,1,0,0,1,0,0,0,0,1,2,4,3
BSAR2179,-0.220588626173,-0.430289976702,-0.393092847248,-0.490630937972,-0.549611786577,-0.715426456938,-1.1372286157,-0.468082582827,0,0,1,0,0,0,0,0,0,1,0,0,1,0,0,0,1,0,0,0,0,0,0,0,0,0,1,0,0,0,1,0,0,0,2,3,3,0
BSAR2180,-0.401966949273,-0.472820256213,-0.765741761032,-0.638227396319,-0.190572523264,0.0825117394347,-1.162054975,0.930509336559,0,0,1,0,0,0,0,0,0,1,0,0,0,0,1,0,0,1,0,0,0,0,0,1,0,0,0,0,1,0,0,0,0,0,0,4,1,0
BSAR2181,-0.319522256955,-0.2389037189,-0.0514980096132,-0.284925637755,0.729873588139,1.4486700891,-0.197019879032,1.82572681937,0,0,1,0,0,0,1,0,0,0,0,1,0,0,0,0,0,1,0,1,0,0,0,0,0,0,0,0,0,0,1,0,0,0,2,4,2,1
BSAR2184,-0.896635103182,-0.770532212795,-1.01417437022,-0.803256507228,-0.099180710784,2.94536931934,0.943263721042,2.26494048245,0,1,0,0,0,0,1,0,0,0,0,1,0,0,0,0,0,1,0,0,0,0,0,1,0,0,0,0,0,0,0,1,0,0,3,0,2,1
BSAR2186,-0.847168287791,-0.876857911574,-1.13839067482,-0.866014056447,0.197842679775,3.55314731523,-0.203649970222,4.39075741582,0,1,0,0,0,0,0,0,0,1,0,1,0,0,0,0,0,1,0,0,0,0,0,1,0,0,0,0,0,0,0,0,1,0,3,0,2,1
BSAR2187,-0.0721881800001,-0.196373439388,-0.57941730414,-0.480171346435,-0.631211619148,-0.906151769456,-1.40898592336,-0.68636882817,0,0,0,1,0,0,0,1,0,0,0,1,0,0,0,0,0,1,0,1,0,0,0,0,0,0,0,0,1,0,0,0,0,0,0,4,0,0
BSAR2188,0.405991035446,0.590436731577,0.10377237113,0.153215029939,-0.177516550052,-0.640266556005,-0.851194572396,-0.480369955437,0,0,1,0,0,0,0,1,0,0,0,0,1,0,0,0,0,1,0,0,0,0,0,0,0,1,0,0,0,1,0,0,0,0,5,3,3,3
BSAR2190,1.1974600817,1.56863316034,0.693799817954,1.01787459695,3.05057282646,1.0448975386,-0.641681805236,1.80908787443,0,0,0,1,0,0,0,0,0,1,0,1,0,0,0,0,0,1,0,0,0,0,0,0,0,0,1,0,0,0,0,1,0,0,4,2,2,1
BSAR2192,2.45061940494,1.44104232181,0.600637589508,0.883062083816,0.955089126036,-0.606924945816,-1.69628299983,0.150438857448,0,0,0,1,0,0,0,1,0,0,0,0,0,1,0,0,1,0,0,0,0,0,0,0,1,0,0,0,1,0,0,0,0,0,0,2,3,3
BSAR2193,0.455457850837,0.207664215973,-0.237822466505,-0.183816252902,0.269650532438,-0.275204180044,-1.52196625228,0.675037343243,0,0,0,0,1,0,0,1,0,0,0,0,0,1,0,0,0,1,0,0,0,0,0,0,0,1,0,0,0,1,0,0,0,0,5,3,1,3
BSAR2194,0.142168020027,0.399050473775,0.56958351336,0.303135841961,-0.317868262075,-0.645917676376,-0.0221682766003,-0.760791792045,0,0,0,0,1,0,1,0,0,0,0,1,0,0,0,0,0,1,0,0,0,0,0,0,0,1,0,0,0,1,0,0,0,0,1,4,3,3
BSAR2195,0.257590589273,0.101338517193,0.818016122549,0.256648768466,-0.458219974097,-0.841728997228,-0.383673270117,-0.912835246033,1,0,0,0,0,0,1,0,0,0,0,1,0,0,0,0,0,1,0,0,1,0,0,0,0,0,0,0,0,0,1,0,0,0,2,4,0,3
BSAR2196,-0.995568733964,-1.06824416938,-0.703633608735,-0.802094330391,-0.213420476384,4.27959883891,3.12972046013,1.76481501411,0,0,1,0,0,0,1,0,0,0,0,0,0,0,1,0,0,1,0,0,0,0,1,0,0,0,0,0,1,0,0,0,0,0,0,0,2,1
BSAR2197,2.71444242036,2.01520109522,1.90490878775,2.22770068467,0.472018117214,-0.834947652783,-0.810312639126,-0.790137393157,0,0,0,1,0,0,1,0,0,0,0,1,0,0,0,0,1,0,0,0,0,0,0,0,1,0,0,0,1,0,0,0,0,0,0,2,3,1
BSAR2198,-0.368989072346,-0.281433998411,0.0106101426841,-0.279114753568,-0.585515712908,-0.659480365266,0.0153861423906,-0.785375961449,1,0,0,0,0,0,0,0,1,0,0,0,0,1,0,0,1,0,0,0,0,0,0,1,0,0,0,0,0,0,1,0,0,0,3,4,3,0
BSAR2200,0.752258743182,0.505376172554,0.538529437211,0.34381203127,0.237010599409,-0.466494604599,-1.01910436391,-0.11752523062,0,0,1,0,0,0,0,1,0,0,0,0,1,0,0,0,0,1,0,0,0,1,0,0,0,0,0,0,0,1,0,0,0,0,5,3,1,3
BSAR2203,-0.946101918573,-0.940653330841,-1.26260697941,-0.914825483617,-0.846635177136,-0.504922223121,0.499139695914,-0.732101276336,0,0,0,0,1,0,0,1,0,0,0,0,0,1,0,0,1,0,0,0,0,1,0,0,0,0,0,0,1,0,0,0,0,0,5,0,3,2
BSAR2204,0.0267454507818,0.462845893042,0.321150904171,0.207837341296,0.132562813718,-0.0502895892817,0.0697890271318,-0.116118929602,0,0,1,0,0,0,0,0,1,0,0,0,1,0,0,0,1,0,0,0,0,0,1,0,0,0,0,0,1,0,0,0,0,0,0,3,4,3
BSAR2206,-0.731745718546,-1.00444875011,-0.827849913329,-0.814878275602,-0.601835679423,-0.150596975865,-0.679497140001,0.148975256272,0,0,1,0,0,0,1,0,0,0,0,0,0,1,0,0,0,1,0,0,0,0,0,0,1,0,0,0,0,1,0,0,0,0,3,1,4,2
BSAR2207,-0.0227213646091,-0.0900477406088,-0.610471380289,-0.458089986525,0.00200308160431,-0.153705092069,-1.43806867371,0.818475374031,0,0,1,0,0,0,0,1,0,0,0,0,0,1,0,0,0,1,0,0,0,0,0,0,0,1,0,0,0,0,0,1,0,0,4,4,4,3
BSAR2209,0.175145896955,0.377785334019,0.259042751873,0.134620200541,0.00200308160431,-0.329737491623,-0.461551198106,-0.217751025723,0,0,1,0,0,0,0,0,0,1,0,0,1,0,0,0,1,0,0,0,1,0,0,0,0,0,0,0,0,1,0,0,0,0,2,4,1,3
BSAR2210,-0.550367395446,-0.89812305133,-0.517309151843,-0.696336238189,-0.317868262075,0.135349714903,-0.909443010999,0.756536935974,0,0,0,0,1,0,0,1,0,0,0,1,0,0,0,0,0,1,0,0,0,0,0,0,1,0,0,0,0,0,0,0,1,0,5,1,1,0
BSAR2211,-1.02854661089,-1.04697902962,-1.29366105556,-0.946204258226,-0.879275110165,-0.354319865237,1.89300586708,-0.849059472857,0,0,1,0,0,0,1,0,0,0,0,0,1,0,0,0,1,0,0,0,0,0,0,1,0,0,0,0,1,0,0,0,0,0,0,0,0,2
BSAR2213,-0.946101918573,-0.834327632062,-1.16944475096,-0.864851879609,0.0411710012385,4.61866606116,1.08674994454,3.58984097329,0,0,0,1,0,0,0,0,0,1,0,0,0,0,1,0,0,1,0,0,0,1,0,0,0,0,0,0,0,0,0,1,0,0,4,1,2,1
BSAR2214,0.752258743182,1.37724690254,0.755907970251,0.953954870896,-0.099180710784,-0.712883452771,-0.107115655205,-0.818375824605,0,0,0,0,1,0,1,0,0,0,0,1,0,0,0,0,0,1,0,0,0,0,1,0,0,0,0,0,0,0,1,0,0,0,2,3,0,1
BSAR2217,-0.682278903155,-1.11077444889,-0.641525456437,-0.799769976716,-0.562667759788,-0.15935621244,-0.856375318743,0.257055350678,1,0,0,0,0,0,0,1,0,0,0,1,0,0,0,0,1,0,0,0,0,0,1,0,0,0,0,0,0,1,0,0,0,0,3,1,1,0
BSAR2218,-1.01205767243,-1.13203958864,-1.386823284,-0.985718270697,-0.725867424931,0.760363627925,0.778658313127,0.386383563679,0,0,0,0,1,0,0,1,0,0,0,1,0,0,0,0,1,0,0,0,0,0,0,1,0,0,0,0,0,0,1,0,0,0,3,0,1,2
BSAR2221,1.3788384048,0.994474386938,0.383259056468,0.507678965341,-0.164460576841,-0.909542441679,-1.41269597438,-0.691548005931,0,1,0,0,0,0,0,0,0,1,0,1,0,0,0,0,0,1,0,0,1,0,0,0,0,0,0,0,0,0,0,0,1,0,1,2,3,3
BSAR2222,-0.880146164719,-1.21710014767,-0.952066217924,-0.90436589208,-0.657323565571,0.175190113518,-0.223685640528,0.296564409155,0,0,1,0,0,0,0,1,0,0,0,1,0,0,0,0,0,1,0,0,0,0,0,0,0,1,0,0,0,0,0,0,1,0,5,0,1,2
BSAR2223,2.66497560496,1.61116343986,2.06017916849,2.02896844548,0.726609594837,-0.734075154162,-0.926962696409,-0.593243229589,1,0,0,0,0,0,1,0,0,0,0,0,0,1,0,0,1,0,0,0,1,0,0,0,0,0,0,0,0,1,0,0,0,0,1,2,3,1
BSAR2224,0.570880420082,-0.260168858655,0.259042751873,-0.172194484529,0.419794224369,-0.22547432078,-1.62537594981,0.916719676292,0,0,0,0,1,0,0,1,0,0,0,1,0,0,0,0,1,0,0,0,0,0,0,0,0,0,1,0,0,0,0,1,0,0,4,3,4,3
BSAR2225,-0.929612980109,-1.11077444889,-1.23155290326,-0.943879904551,-0.562667759788,0.977366650168,-0.0645561821324,1.14049713894,0,0,0,1,0,0,1,0,0,0,0,0,0,1,0,0,0,1,0,0,0,0,0,0,0,0,1,0,0,0,1,0,0,0,2,0,2,1
BSAR2228,-0.9790797955,-0.961918470597,-1.07628252252,-0.869500586959,-0.458219974097,2.21467945538,1.71325389478,1.12830746595,0,1,0,0,0,0,1,0,0,0,0,1,0,0,0,0,1,0,0,0,0,0,0,1,0,0,0,0,0,0,1,0,0,0,0,0,2,1
BSAR2229,-0.830679349328,-0.494085395969,-0.57941730414,-0.58011855445,-0.64426759236,0.0155459630394,1.94331921818,-0.587281310485,1,0,0,0,0,0,0,0,1,0,0,0,0,1,0,0,1,0,0,0,0,1,0,0,0,0,0,0,0,0,0,0,1,0,5,1,4,2
BSAR2230,0.356524220055,0.420315613531,-0.237822466505,-0.100139520611,-0.099180710784,-0.544762621736,-1.24537365974,-0.103679355599,0,0,0,0,1,0,0,1,0,0,0,1,0,0,0,0,0,1,0,0,0,0,0,0,0,0,1,0,0,0,0,1,0,0,4,3,0,3
BSAR2231,-0.171121810782,0.122603656949,-0.237822466505,-0.216357204349,-0.0926527241783,-0.109061241139,-0.466251485256,0.0767503980506,0,0,1,0,0,0,1,0,0,0,0,0,1,0,0,0,1,0,0,0,0,0,1,0,0,0,0,0,0,1,0,0,0,0,0,4,1,0
BSAR2232,1.84052868178,0.888148688158,0.538529437211,0.546030800975,0.0183230481185,-0.894001860659,-1.67766217306,-0.516661038372,0,0,1,0,0,0,0,1,0,0,0,0,0,1,0,0,0,1,0,0,0,1,0,0,0,0,0,0,0,1,0,0,0,0,4,2,0,3
BSAR2233,-0.484411641591,-0.536615675481,-0.393092847248,-0.530144950443,-0.464747960703,-0.300351665694,-0.459024122161,-0.18012827285,0,0,0,1,0,0,0,0,1,0,0,0,0,0,1,0,1,0,0,0,0,0,0,0,0,0,1,0,0,0,1,0,0,0,2,4,4,0
BSAR2234,0.537902543155,0.122603656949,0.383259056468,0.0695382976473,2.15950265479,1.2308193988,-1.18560330929,2.97334153829,0,0,0,0,1,0,0,0,0,1,0,1,0,0,0,0,0,1,0,0,1,0,0,0,0,0,0,0,0,1,0,0,0,0,1,3,2,1
BSAR2235,-0.880146164719,-0.89812305133,-0.827849913329,-0.783499500992,0.19131469317,4.04168667129,0.898311896636,3.29601339915,0,0,0,1,0,0,1,0,0,0,0,1,0,0,0,0,0,1,0,0,1,0,0,0,0,0,0,0,0,0,1,0,0,0,1,0,2,1
BSAR2236,0.257590589273,0.888148688158,0.724853894103,0.657599777364,0.664593722083,0.262782479267,0.41994275437,0.0666087159123,1,0,0,0,0,0,0,0,1,0,0,1,0,0,0,0,1,0,0,0,0,0,0,0,1,0,0,0,0,0,0,1,0,0,3,3,2,1
BSAR2237,-0.830679349328,-0.770532212795,-0.921012141775,-0.775364263131,-0.15140460363,1.95501047434,0.378014961788,1.82489648695,1,0,0,0,0,0,1,0,0,0,0,1,0,0,0,0,0,1,0,0,0,0,0,0,0,0,1,0,0,1,0,0,0,0,1,0,2,1
BSAR2239,-0.4349448262,-0.515350535725,-0.641525456437,-0.608010798547,-0.39294010804,-0.23508122541,-0.949090820806,0.206900575851,0,1,0,0,0,0,0,0,0,1,0,1,0,0,0,0,1,0,0,0,0,0,1,0,0,0,0,0,1,0,0,0,0,0,0,4,1,0
BSAR2240,-0.995568733964,-1.28089556693,-1.16944475096,-0.968285618136,-0.751979371354,0.394453583909,0.68703832193,0.082988816682,0,0,1,0,0,0,0,0,0,1,0,0,0,0,1,0,0,1,0,0,0,0,0,0,0,0,1,0,0,0,0,1,0,0,4,0,1,2
BSAR2241,0.307057404664,0.292724774996,-0.237822466505,-0.150113124618,-0.539819806669,-0.936950375478,-1.27134965531,-0.801313405467,1,0,0,0,0,0,0,0,0,1,0,1,0,0,0,0,0,1,0,0,0,0,0,0,0,1,0,0,0,0,0,0,1,0,5,3,3,3
BSAR2242,-0.764723595473,-0.749267073039,-0.703633608735,-0.703309299213,-0.813995244108,-0.762895868054,0.28627551819,-0.953994401166,0,0,0,1,0,0,0,1,0,0,0,0,0,0,1,0,0,1,0,0,1,0,0,0,0,0,0,0,0,0,1,0,0,0,1,1,3,2
BSAR2243,1.79106186639,2.75948098667,1.62542210241,2.5426506076,2.38145419938,0.244133782043,0.296424352528,0.102654919697,0,0,0,0,1,0,0,0,1,0,0,1,0,0,0,0,1,0,0,0,0,0,0,0,0,0,1,0,0,1,0,0,0,0,5,2,2,1
BSAR2244,-0.698767841618,-0.00498718158559,-0.393092847248,-0.334899241762,-0.641003599057,-0.344995516625,1.96133264018,-0.851756427159,0,0,1,0,0,0,0,0,1,0,0,1,0,0,0,0,0,1,0,0,0,0,1,0,0,0,0,0,1,0,0,0,0,0,0,1,4,0
BSAR2245,-0.0886771184637,0.207664215973,-0.299930618802,-0.212870673837,-0.543083799971,-0.785217793519,-0.675672880313,-0.759099370514,0,0,1,0,0,0,0,0,0,1,0,0,1,0,0,0,0,1,0,0,0,0,0,1,0,0,0,0,0,1,0,0,0,0,3,4,3,0
BSAR2247,-1.04503554935,-1.36595612596,-1.47998551245,-1.04847581992,-0.765035344565,0.857562898305,0.476364104882,0.638345352772,0,0,1,0,0,0,1,0,0,0,0,0,1,0,0,0,0,1,0,0,0,0,0,0,0,1,0,0,0,0,0,0,1,0,5,0,4,2
BSAR2248,2.17030745106,1.5898983001,0.755907970251,1.07482126198,0.700497648414,-0.651286240728,-1.38888981362,-0.202696707444,0,0,0,1,0,0,0,1,0,0,0,1,0,0,0,0,1,0,0,0,0,1,0,0,0,0,0,0,0,0,0,1,0,0,4,2,4,3
BSAR2249,0.191634835418,-0.260168858655,-0.268876542654,-0.379061961583,-0.233004436201,-0.584320464333,-1.57506591595,0.0822688975789,0,0,0,0,1,0,0,1,0,0,0,1,0,0,0,0,0,1,0,0,1,0,0,0,0,0,0,0,0,1,0,0,0,0,1,3,4,3
BSAR2251,0.0432343892454,-0.0475174610972,0.56958351336,0.0637274134604,-0.193836516567,-0.444737791171,-0.315315439397,-0.42792074698,0,0,0,0,1,0,1,0,0,0,0,1,0,0,0,0,0,1,0,0,1,0,0,0,0,0,0,0,0,1,0,0,0,0,1,3,1,3
BSAR2253,0.702791927791,0.207664215973,0.476421284914,0.156701560451,-0.180780543355,-0.757244747683,-1.24408423683,-0.487572173279,0,0,1,0,0,0,0,1,0,0,0,0,0,1,0,0,1,0,0,0,0,0,0,0,0,0,1,0,0,0,1,0,0,0,2,3,0,3
BSAR2254,-0.467922703127,-0.366494557434,-0.57941730414,-0.537118011467,0.361042344918,1.30004562335,-0.553713762255,2.05198743032,0,1,0,0,0,0,1,0,0,0,0,0,0,1,0,0,0,1,0,1,0,0,0,0,0,0,0,0,0,1,0,0,0,0,3,4,2,1
BSAR2256,-0.138143933855,0.696762430356,0.165880523427,0.235729585393,-0.654059572268,-0.907847105567,0.688105927759,-1.15488102579,1,0,0,0,0,0,1,0,0,0,0,1,0,0,0,0,0,1,0,0,0,0,0,0,0,1,0,0,0,0,0,1,0,0,4,3,3,0
BSAR2257,0.1091901431,-0.196373439388,0.321150904171,-0.116409996334,-0.249324402715,-0.552391634237,-0.873450037051,-0.335299797757,0,0,1,0,0,0,0,0,0,1,0,0,0,1,0,0,0,1,0,0,0,1,0,0,0,0,0,0,1,0,0,0,0,0,0,4,4,3
BSAR2258,2.1043516972,1.69622399888,1.9980710162,2.05104980539,0.393682277946,-0.769677212499,-0.487840541465,-0.792241413699,1,0,0,0,0,0,1,0,0,0,0,1,0,0,0,0,1,0,0,0,1,0,0,0,0,0,0,0,0,1,0,0,0,0,1,2,3,1
BSAR2259,-0.929612980109,-1.1533047284,-0.858903989478,-0.864851879609,-0.810731250805,-0.364774437923,0.806610174849,-0.665906481615,0,0,0,1,0,0,0,1,0,0,0,1,0,0,0,0,1,0,0,0,0,0,1,0,0,0,0,0,1,0,0,0,0,0,0,0,4,2
BSAR2261,0.158656958491,0.505376172554,0.196934599576,0.163674621475,-0.197100509869,-0.527244148587,-0.363277501097,-0.515096985838,0,0,1,0,0,0,1,0,0,0,0,0,1,0,0,0,0,1,0,0,0,0,0,0,0,0,1,0,0,0,1,0,0,0,2,4,4,3
BSAR2264,0.900659189355,1.24965606401,1.78069248316,1.55596247266,-0.265644369229,-0.873092715286,0.49591165939,-1.09843289468,0,0,1,0,0,0,1,0,0,0,0,1,0,0,0,0,1,0,0,0,0,1,0,0,0,0,0,0,1,0,0,0,0,0,0,2,0,1
BSAR2265,-0.632812087764,-0.2389037189,-0.486255075694,-0.458089986525,-0.791147290988,-0.847945229636,0.692062349363,-1.09836418759,0,0,1,0,0,0,1,0,0,0,0,0,0,0,1,0,0,1,0,0,1,0,0,0,0,0,0,0,0,0,0,0,1,0,5,1,3,0
BSAR2266,-0.352500133882,-0.600411094748,0.0106101426841,-0.418575974054,-0.578987726303,-0.662305925451,-0.533800344428,-0.633845015146,0,0,0,0,1,0,0,0,0,1,0,0,0,1,0,0,0,1,0,0,1,0,0,0,0,0,0,0,0,0,0,0,1,0,1,4,3,0
BSAR2267,0.0102565123182,0.399050473775,0.227988675725,0.128809316354,-0.588779706211,-0.887785628251,-0.0736820182652,-1.03021069222,1,0,0,0,0,0,1,0,0,0,0,1,0,0,0,0,1,0,0,0,0,0,1,0,0,0,0,0,0,0,0,1,0,0,2,4,3,3
BSAR2268,1.29639371248,1.33471662303,2.40177400613,2.03826586018,-0.118764670601,-0.868289262971,0.440767816911,-1.08623875757,0,0,1,0,0,0,0,0,1,0,0,1,0,0,0,0,1,0,0,0,0,0,0,0,1,0,0,0,1,0,0,0,0,0,0,2,0,3
BSAR2269,0.241101650809,0.335255054507,0.507475361062,0.238053939068,-0.454955980794,-0.832404648616,-0.386752258717,-0.900096000483,0,0,1,0,0,0,0,0,0,1,0,0,1,0,0,0,0,1,0,0,0,0,0,0,0,0,1,0,0,0,1,0,0,0,3,4,4,3
BSAR2270,0.620347235473,1.10080008572,0.414313132616,0.580896106096,0.308818452072,-0.344147848569,-0.466131262195,-0.234452611849,0,0,1,0,0,0,1,0,0,0,0,0,0,0,1,0,0,1,0,0,0,0,0,0,0,0,1,0,0,0,0,1,0,0,4,3,1,1
BSAR2271,2.35168577416,2.16405707351,1.56331395012,2.06267157376,3.57281175492,0.468483260768,-0.681165584461,1.03464110031,0,0,0,0,1,0,1,0,0,0,0,1,0,0,0,0,0,1,0,0,0,0,0,0,1,0,0,0,0,0,1,0,0,0,1,2,2,1
BSAR2272,2.71444242036,2.41923875058,3.24023406214,3.69320567661,1.38920023531,-0.500118770806,0.280321042833,-0.675428920364,0,0,0,0,1,0,1,0,0,0,0,1,0,0,0,0,0,1,0,0,0,0,0,0,0,0,1,0,0,0,1,0,0,0,4,2,4,1
BSAR2273,-1.04503554935,-1.13203958864,-1.35576920786,-0.978745209673,-0.905387056588,-0.492489758305,1.84289956681,-0.944235059125,0,0,0,0,1,0,0,0,0,1,0,0,0,1,0,0,0,1,0,0,1,0,0,0,0,0,0,0,1,0,0,0,0,0,5,0,3,2
BSAR2274,-0.286544380027,0.0800733774377,0.0416642188328,-0.107112581635,-0.373356148223,-0.390204479592,0.256890227663,-0.552965619452,1,0,0,0,0,0,1,0,0,0,0,1,0,0,0,0,0,1,0,0,0,0,0,0,1,0,0,0,0,1,0,0,0,0,3,4,4,0
BSAR2275,1.67563929715,0.654232150845,0.662745741806,0.491408489618,2.02894292267,0.13393693481,-1.63430489163,1.72093094269,1,0,0,0,0,0,0,1,0,0,0,0,0,1,0,0,1,0,0,0,0,0,1,0,0,0,0,0,0,0,1,0,0,0,2,2,1,3
BSAR2278,-0.995568733964,-1.04697902962,-1.13839067482,-0.906690245755,-0.823787224016,-0.123471598085,1.59236806546,-0.624584208001,0,0,0,0,1,0,1,0,0,0,0,1,0,0,0,0,0,1,0,0,1,0,0,0,0,0,0,0,0,1,0,0,0,0,1,0,4,2
BSAR2281,-0.880146164719,-1.32342584645,-0.952066217924,-0.932258136178,-0.88580309677,-0.866028814823,-0.482608149105,-0.92184315983,0,0,0,1,0,0,0,1,0,0,0,0,0,0,1,0,0,1,0,0,0,0,0,1,0,0,0,0,1,0,0,0,0,0,0,0,3,2
BSAR2282,-0.880146164719,-0.919388191085,-0.858903989478,-0.798607799878,-0.190572523264,2.30170670909,0.75806220449,1.83587246956,0,1,0,0,0,0,0,0,0,1,0,1,0,0,0,0,0,1,0,0,0,0,1,0,0,0,0,0,0,1,0,0,0,0,4,0,2,1
BSAR2283,-0.2535665031,0.441580753286,-0.0514980096132,0.00445639475383,-0.141612623721,-0.0728940707653,0.473966674247,-0.293061082946,0,0,0,0,1,0,1,0,0,0,0,1,0,0,0,0,0,1,0,0,1,0,0,0,0,0,0,0,0,1,0,0,0,0,1,4,1,0
BSAR2284,-0.121654995391,0.101338517193,0.662745741806,0.185755981386,-0.200364503172,-0.310806238381,0.489679065793,-0.536097396186,0,0,1,0,0,0,0,0,1,0,0,0,1,0,0,0,0,1,0,0,0,0,1,0,0,0,0,0,0,0,0,1,0,0,4,3,1,0
BSAR2285,1.98892912796,2.41923875058,2.92969330066,3.42474282717,0.860433320253,-0.538546389328,0.872989811924,-0.83813507702,1,0,0,0,0,0,0,0,1,0,0,1,0,0,0,0,0,1,0,0,1,0,0,0,0,0,0,0,0,0,1,0,0,0,1,2,4,3
BSAR2288,-0.286544380027,0.122603656949,-0.268876542654,-0.231465503235,1.16398469742,2.02932270721,-0.141889666228,2.46025701092,1,0,0,0,0,0,0,0,1,0,0,1,0,0,0,0,1,0,0,0,1,0,0,0,0,0,0,0,0,0,0,0,1,0,5,4,2,1
BSAR2289,0.620347235473,0.0162779581702,0.445367208765,0.0428082303875,0.586257882814,-0.125732046233,-1.32891206066,0.743619000453,0,0,1,0,0,0,0,1,0,0,0,1,0,0,0,0,0,1,0,0,0,0,0,1,0,0,0,0,1,0,0,0,0,0,0,3,4,3
BSAR2294,0.0597233277091,0.335255054507,-0.0204439334645,-0.0245980261808,-0.15140460363,-0.408570620797,-0.56082432357,-0.277350444824,0,0,0,1,0,0,1,0,0,0,0,0,0,0,1,0,0,1,0,1,0,0,0,0,0,0,0,0,0,0,0,1,0,0,2,3,1,3
BSAR2295,-1.01205767243,-1.38722126571,-1.07628252252,-0.974096502323,-0.768299337868,0.426664970023,0.965004057936,0.00457198730919,0,0,1,0,0,0,1,0,0,0,0,0,0,0,1,0,0,1,0,0,0,0,0,0,0,0,1,0,0,0,1,0,0,0,2,0,1,2
BSAR2296,0.521413604691,0.696762430356,1.56331395012,1.02019895063,0.0117950615129,-0.532047600902,0.447894616092,-0.747835577917,0,0,1,0,0,0,1,0,0,0,0,1,0,0,0,0,0,1,0,0,0,0,0,0,0,1,0,0,0,1,0,0,0,0,1,2,0,3
BSAR2298,-0.517389518518,-0.323964277923,-0.486255075694,-0.48714440746,-0.673643532085,-0.689148747213,-0.130799821903,-0.784489999263,0,0,1,0,0,0,1,0,0,0,0,0,0,1,0,0,1,0,0,1,0,0,0,0,0,0,0,0,1,0,0,0,0,0,0,4,3,0
BSAR2299,2.17030745106,1.35598176279,1.62542210241,1.53039458224,0.488338083729,-0.741421610644,-0.995006062829,-0.576720811031,0,0,1,0,0,0,0,1,0,0,0,0,0,0,1,0,0,1,0,0,0,0,1,0,0,0,0,0,1,0,0,0,0,0,0,2,3,3
BSAR2300,0.884170250891,0.27145963524,0.259042751873,0.0834844196959,0.416530231066,-0.40037649626,-1.53439521767,0.42895960798,0,0,0,0,1,0,0,1,0,0,0,0,0,1,0,0,0,1,0,0,0,1,0,0,0,0,0,0,0,0,0,1,0,0,4,2,4,3
BSAR2301,-0.2535665031,0.0162779581702,0.165880523427,-0.0803825143752,-0.448427994189,-0.538828945347,0.211448019718,-0.699509236527,1,0,0,0,0,0,0,0,1,0,0,1,0,0,0,0,0,1,0,0,1,0,0,0,0,0,0,0,0,0,1,0,0,0,2,4,1,0
BSAR2302,2.21977426645,0.824353268891,1.53225987397,1.09225391455,1.0334249653,-0.522440696271,-1.40311727682,0.0580532687742,0,0,1,0,0,0,0,1,0,0,0,0,1,0,0,0,1,0,0,0,0,0,0,0,1,0,0,0,1,0,0,0,0,0,0,2,4,3
BSAR2303,-0.4349448262,0.505376172554,0.0106101426841,0.0648895902978,-0.422316047766,-0.290462205045,1.6309875459,-0.760848702219,0,0,1,0,0,0,0,0,1,0,0,1,0,0,0,0,1,0,0,0,0,0,0,1,0,0,0,0,1,0,0,0,0,0,0,3,0,0
BSAR2304,-0.946101918573,-1.02571388986,-1.29366105556,-0.941555550877,-0.787883297685,-0.165855000867,0.18483653967,-0.288887411073,0,1,0,0,0,0,0,0,1,0,0,1,0,0,0,0,0,1,0,0,0,0,0,0,1,0,0,0,1,0,0,0,0,0,0,0,0,2
BSAR2305,-0.863657226255,-1.02571388986,-1.32471513171,-0.949690788738,-0.781355311079,-0.4390866708,-0.781987299646,-0.211077668652,1,0,0,0,0,0,0,1,0,0,0,0,0,1,0,0,0,1,0,0,0,1,0,0,0,0,0,0,0,0,0,1,0,0,4,0,3,2
BSAR2306,0.702791927791,1.22839092425,1.34593541708,1.25612084862,-0.170988563447,-0.7498982912,0.442101694025,-0.966850965415,1,0,0,0,0,0,1,0,0,0,0,0,0,1,0,0,1,0,0,0,0,0,1,0,0,0,0,0,0,0,1,0,0,0,2,3,0,1
BSAR2307,-0.814190410864,-0.38775969719,-0.796795837181,-0.624281274271,-0.637739605754,-0.0200560952973,1.37253409984,-0.495688774481,0,0,0,0,1,0,1,0,0,0,0,0,0,1,0,0,1,0,0,0,1,0,0,0,0,0,0,0,0,1,0,0,0,0,1,1,1,2
BSAR2308,-0.105166056927,0.356520194263,0.0106101426841,-0.00019231259571,1.00404902558,1.25285876825,-0.0661090633391,1.46294071126,0,0,0,1,0,0,1,0,0,0,0,1,0,0,0,0,1,0,0,1,0,0,0,0,0,0,0,0,0,1,0,0,0,0,3,3,2,1
BSAR2309,0.274079527736,0.462845893042,0.414313132616,0.256648768466,-0.161196583538,-0.558890422664,-0.417513866752,-0.536433133763,0,0,0,0,1,0,0,0,1,0,0,1,0,0,0,0,1,0,0,0,0,0,0,1,0,0,0,0,0,1,0,0,0,0,3,4,4,3
BSAR2310,0.0597233277091,0.632967011089,0.755907970251,0.530922502089,-0.516971853549,-0.825058192134,0.728394000383,-1.08113802967,0,1,0,0,0,0,0,0,1,0,0,1,0,0,0,0,1,0,0,0,0,0,1,0,0,0,0,0,1,0,0,0,0,0,3,3,0,3
BSAR2311,-0.814190410864,-0.940653330841,-0.610471380289,-0.737012427497,0.214162646289,3.18610704714,0.508051883709,2.93478986833,0,0,0,1,0,0,1,0,0,0,0,1,0,0,0,0,0,1,0,1,0,0,0,0,0,0,0,0,0,0,1,0,0,0,2,0,2,1
BSAR2314,0.636836173937,1.14333036523,0.56958351336,0.701762497184,2.5218059114,1.37266252011,-0.30046821627,1.84464167225,0,0,0,0,1,0,0,0,0,1,0,0,0,1,0,0,0,1,0,0,0,0,0,0,1,0,0,0,1,0,0,0,0,0,5,2,2,1
BSAR2317,-0.484411641591,-0.600411094748,-0.0204439334645,-0.42903556559,0.693969661808,2.03243082342,-0.0442964994119,2.34547037244,0,0,0,0,1,0,1,0,0,0,0,0,0,1,0,0,0,1,0,0,1,0,0,0,0,0,0,0,0,0,0,0,1,0,5,4,2,1
BSAR2318,-0.995568733964,-1.45101668498,-1.16944475096,-1.00663745377,-0.869483130256,-0.453214471728,0.123342443883,-0.582795689894,0,1,0,0,0,0,0,1,0,0,0,1,0,0,0,0,0,1,0,0,0,1,0,0,0,0,0,0,0,0,0,1,0,0,4,0,3,2
BSAR2319,1.87350655871,2.10026165424,1.74963840701,2.16842966596,1.43163214825,-0.241297457818,-0.157678961595,-0.240974412164,0,0,1,0,0,0,1,0,0,0,0,0,0,0,1,0,0,1,0,0,0,0,0,0,0,0,1,0,0,1,0,0,0,0,3,2,1,1
BSAR2320,-0.649301026228,-0.664206514016,-0.548363227991,-0.626605627946,-0.748715378051,-0.72079502129,-0.08474363782,-0.832724757919,0,0,0,1,0,0,1,0,0,0,0,0,0,0,1,0,1,0,0,0,0,0,0,0,1,0,0,0,0,1,0,0,0,0,3,1,4,0
BSAR2323,-0.814190410864,-0.855592771818,-0.517309151843,-0.68239011614,-0.804203264199,-0.646765344431,0.926924710084,-0.944714505026,0,0,0,0,1,0,0,0,1,0,0,1,0,0,0,0,1,0,0,0,1,0,0,0,0,0,0,0,0,0,1,0,0,0,1,0,0,2
BSAR2324,-0.880146164719,-1.17456986816,-1.32471513171,-0.97990738651,-0.0698047710584,2.8518432772,-0.924934101256,5.03740318377,1,0,0,0,0,0,0,0,0,1,0,1,0,0,0,0,1,0,0,0,0,0,0,0,0,0,1,0,0,0,0,1,0,0,4,0,2,1
BSAR2326,-0.237077564636,0.037543097926,-0.299930618802,-0.27795257673,-0.575723733,-0.743116946755,-0.451544888377,-0.767086993334,0,0,0,0,1,0,0,0,0,1,0,1,0,0,0,0,0,1,0,0,1,0,0,0,0,0,0,0,0,1,0,0,0,0,2,4,0,0
BSAR2327,-0.171121810782,0.101338517193,-0.268876542654,-0.239600741097,0.285970498952,0.41960106956,-0.532374168898,0.831756017645,1,0,0,0,0,0,0,0,0,1,0,0,0,1,0,0,1,0,0,0,0,0,1,0,0,0,0,0,0,0,1,0,0,0,2,4,2,1
BSAR2330,-0.764723595473,-0.196373439388,-0.57941730414,-0.480171346435,-0.683435511994,-0.32832471153,1.79997633756,-0.816219365925,1,0,0,0,0,0,0,0,1,0,0,1,0,0,0,0,0,1,0,0,0,0,0,1,0,0,0,0,0,0,0,0,1,0,3,1,4,2
BSAR2331,-0.731745718546,-0.557880815237,-0.548363227991,-0.590578145987,-0.144876617024,1.26218311686,0.733402917959,0.879651104721,0,0,1,0,0,0,1,0,0,0,0,0,1,0,0,0,0,1,0,0,0,0,1,0,0,0,0,0,1,0,0,0,0,0,0,1,2,1
BSAR2332,-0.764723595473,-0.855592771818,-1.07628252252,-0.842770519699,-0.663851552177,-0.263054271246,-0.659787493916,-0.0232236286917,1,0,0,0,0,0,0,0,0,1,0,1,0,0,0,0,1,0,0,0,1,0,0,0,0,0,0,0,0,0,0,1,0,0,4,1,4,2
BSAR2334,-0.962590857037,-1.38722126571,-1.16944475096,-0.992691331721,-0.262380375926,3.16943624204,-0.203649970222,3.92462823484,1,0,0,0,0,0,1,0,0,0,0,1,0,0,0,0,0,1,0,0,0,0,0,1,0,0,0,0,1,0,0,0,0,0,3,0,2,1
BSAR2335,0.818214497037,1.0582698062,1.43909764552,1.19917418358,0.380626304735,-0.394160263852,0.139584053881,-0.522628472666,1,0,0,0,0,0,0,0,1,0,0,1,0,0,0,0,0,1,0,0,1,0,0,0,0,0,0,0,0,1,0,0,0,0,1,2,4,3
BSAR2338,-0.385478010809,-0.260168858655,0.0416642188328,-0.257033393658,0.416530231066,1.12542600389,0.164477950135,1.12592163469,0,1,0,0,0,0,1,0,0,0,0,1,0,0,0,0,0,1,0,0,0,0,0,0,0,1,0,0,0,0,0,0,1,0,5,4,2,1
BSAR2339,1.36234946634,0.781822989379,0.7869620464,0.633194063778,0.318610431981,-0.636875883782,-1.25707878161,-0.262402204957,0,0,0,0,1,0,0,1,0,0,0,1,0,0,0,0,1,0,0,0,0,0,0,0,0,0,1,0,0,1,0,0,0,0,4,2,3,3
BSAR2340,1.97244018949,2.27038277229,1.59436802626,2.16378095861,3.33127625051,0.579810332075,-0.263130866444,0.821766168805,0,0,1,0,0,0,1,0,0,0,0,0,1,0,0,0,1,0,0,0,0,0,0,0,0,1,0,0,1,0,0,0,0,0,0,2,2,1
BSAR2341,1.98892912796,1.9726708157,1.40804356937,1.80466831586,0.393682277946,-0.747920399071,-0.607541613411,-0.727383048024,0,0,1,0,0,0,0,0,0,1,0,1,0,0,0,0,0,1,0,0,0,0,1,0,0,0,0,0,0,0,0,1,0,0,4,2,3,3
BSAR2344,2.00541806642,1.16459550498,1.62542210241,1.39209553859,0.785361474288,-0.576408895813,-0.997005314983,-0.3089227744,0,0,1,0,0,0,0,1,0,0,0,0,1,0,0,0,0,1,0,0,0,1,0,0,0,0,0,0,0,0,0,1,0,0,4,2,0,3
BSAR2345,-0.863657226255,-0.919388191085,-0.796795837181,-0.781175147318,-0.295020308955,1.66595566736,0.704120015204,1.27934513283,0,0,1,0,0,0,0,0,0,1,0,0,1,0,0,0,1,0,0,0,0,0,0,0,1,0,0,0,0,0,0,1,0,0,3,0,2,1
BSAR2347,0.0432343892454,0.888148688158,0.942232427143,0.786601406313,-0.242796416109,-0.50124899488,1.38465467525,-0.888954042144,0,0,1,0,0,0,0,0,1,0,0,0,0,0,1,0,1,0,0,1,0,0,0,0,0,0,0,0,0,0,1,0,0,0,2,3,4,3
BSAR2348,1.42830522019,0.484111032798,0.600637589508,0.364731214343,0.883281273373,-0.34782107681,-1.60867679489,0.627313884961,1,0,0,0,0,0,0,1,0,0,0,1,0,0,0,0,0,1,0,0,0,1,0,0,0,0,0,0,0,0,0,1,0,0,4,2,1,3
BSAR2349,0.983103881673,2.39797361082,1.47015172167,2.14867265973,0.912657213099,-0.119233257807,1.1404796343,-0.524214023844,0,0,0,0,1,0,0,0,1,0,0,0,0,1,0,0,1,0,0,0,1,0,0,0,0,0,0,0,0,0,0,0,1,0,5,2,4,3
BSAR2350,1.97244018949,1.71748913864,2.43282808228,2.38924326507,0.710289628322,-0.601838937483,-0.0560153354953,-0.70110310734,0,0,1,0,0,0,1,0,0,0,0,0,0,0,1,0,1,0,0,0,0,0,0,0,0,1,0,0,0,0,0,0,1,0,5,2,0,1
BSAR2351,-0.698767841618,-0.919388191085,-0.703633608735,-0.755607256895,-0.663851552177,-0.410831068946,-0.512096545915,-0.302625103294,0,0,1,0,0,0,0,1,0,0,0,1,0,0,0,0,0,1,0,0,0,0,0,0,0,1,0,0,0,0,0,1,0,0,4,1,0,0
BSAR2352,0.504924666227,0.569171591821,1.12855688404,0.69478943616,0.347986371706,-0.241297457818,-0.0720190578347,-0.275881731498,0,0,0,1,0,0,1,0,0,0,0,1,0,0,0,0,1,0,0,0,0,0,0,0,0,0,1,0,0,0,1,0,0,0,1,3,1,3
BSAR2354,1.44479415866,2.10026165424,1.65647617856,2.09288817153,1.18683265054,-0.190154818462,0.285191487656,-0.349948931853,1,0,0,0,0,0,0,0,1,0,0,1,0,0,0,0,1,0,0,1,0,0,0,0,0,0,0,0,0,0,1,0,0,0,2,2,4,3
BSAR2355,-0.649301026228,-0.175108299632,-0.672579532586,-0.511550121045,-0.716075445022,-0.635180547671,0.530197320049,-0.867558611371,0,0,0,0,1,0,1,0,0,0,0,1,0,0,0,0,1,0,0,0,1,0,0,0,0,0,0,0,0,0,1,0,0,0,1,1,3,0
BSAR2356,-0.0721881800001,-0.0262523213414,-0.0204439334645,-0.181491899228,0.0248510347242,-0.0709161786355,-0.634280893099,0.232180196239,0,0,0,0,1,0,0,0,0,1,0,0,0,1,0,0,0,1,0,0,1,0,0,0,0,0,0,0,0,0,0,0,1,0,5,3,1,0
BSAR2358,2.31870789723,1.37724690254,1.12855688404,1.20730942145,1.1411367443,-0.502661774973,-1.36396780711,0.0641200700642,0,1,0,0,0,0,0,1,0,0,0,1,0,0,0,0,0,1,0,1,0,0,0,0,0,0,0,0,1,0,0,0,0,0,0,2,0,3
BSAR2361,0.554391481618,0.0162779581702,0.56958351336,0.0974305417445,-0.216684469687,-0.73435771018,-1.16004062437,-0.489592188749,0,0,0,0,1,0,0,1,0,0,0,1,0,0,0,0,0,1,0,0,0,0,0,0,1,0,0,0,0,0,1,0,0,0,1,3,0,3
BSAR2362,-0.220588626173,0.0162779581702,0.352204980319,0.00213204107906,-0.39294010804,-0.485425857842,0.335850289022,-0.674074436589,1,0,0,0,0,0,1,0,0,0,0,1,0,0,0,0,1,0,0,0,0,0,0,0,0,0,1,0,0,0,0,0,1,0,5,3,1,0
BSAR2364,0.0102565123182,0.569171591821,0.942232427143,0.594842228145,0.0640189543584,-0.113582137436,1.05230576304,-0.497992300328,0,0,1,0,0,0,0,0,1,0,0,0,0,0,1,0,1,0,0,0,0,0,0,0,0,1,0,0,1,0,0,0,0,0,0,3,4,3
BSAR2366,-0.748234657009,-0.919388191085,-0.424146923397,-0.678903585628,0.174994726655,2.38534329058,0.309343103979,2.33912541889,1,0,0,0,0,0,1,0,0,0,0,1,0,0,0,0,0,1,0,0,0,0,0,0,0,1,0,0,0,0,0,0,1,0,5,1,2,1
BSAR2367,-1.06152448782,-1.40848640547,-1.26260697941,-1.01477269163,-0.376620141526,5.33918390846,1.70339907174,3.511017179,1,0,0,0,0,0,0,0,0,1,0,1,0,0,0,0,0,1,0,0,0,1,0,0,0,0,0,0,0,0,0,0,1,0,5,0,2,1
BSAR2369,-0.781212533937,-0.685471653772,-0.952066217924,-0.761418141082,-0.807467257502,-0.715991568975,0.0235853551621,-0.851445605934,0,0,1,0,0,0,0,1,0,0,0,0,0,0,1,0,0,1,0,0,0,0,0,0,0,0,1,0,1,0,0,0,0,0,3,1,0,2
BSAR2370,0.224612712346,0.866883548403,0.476421284914,0.498381550642,-0.138348630418,-0.507465227288,0.182135248641,-0.65822625451,0,0,1,0,0,0,0,0,1,0,0,0,1,0,0,0,0,1,0,0,0,0,0,0,1,0,0,0,0,0,0,0,1,0,5,4,1,3
BSAR2371,1.03257069706,1.5898983001,0.7869620464,1.09690262189,1.35656030229,0.137610163051,-0.334446935864,0.317408516745,0,0,0,0,1,0,1,0,0,0,0,1,0,0,0,0,0,1,0,0,1,0,0,0,0,0,0,0,0,1,0,0,0,0,1,2,1,1
BSAR2372,0.158656958491,1.01573952669,0.880124274846,0.824953241947,-0.268908362532,-0.602969161557,1.05908593397,-0.926044903171,0,0,1,0,0,0,0,0,1,0,0,0,1,0,0,0,1,0,0,1,0,0,0,0,0,0,0,0,1,0,0,0,0,0,0,4,3,3
BSAR2373,0.142168020027,0.484111032798,0.290096828022,0.202026457109,-0.543083799971,-0.886655404176,-0.242332323245,-0.99869141725,0,0,0,0,1,0,0,0,0,1,0,0,0,1,0,0,0,1,0,0,1,0,0,0,0,0,0,0,0,1,0,0,0,0,5,4,3,3
BSAR2374,-0.913124041646,-1.02571388986,-1.04522844637,-0.87763582482,-0.810731250805,-0.424111201817,0.426793700871,-0.633655449377,1,0,0,0,0,0,0,0,1,0,0,0,0,1,0,0,1,0,0,0,0,0,0,0,0,0,1,0,0,1,0,0,0,0,3,0,3,2
BSAR2375,1.09852645092,0.803088129135,1.06644873174,0.807520589386,0.263122545832,-0.5868634685,-0.789729362065,-0.427007627441,0,1,0,0,0,0,1,0,0,0,0,1,0,0,0,0,1,0,0,0,0,0,0,0,0,0,1,0,1,0,0,0,0,0,3,2,1,1
BSAR2376,-0.336011195418,0.037543097926,-0.0825520857618,-0.181491899228,-0.259116382624,-0.143533075402,0.215320792282,-0.275783837679,0,0,0,0,1,0,1,0,0,0,0,1,0,0,0,0,1,0,0,0,1,0,0,0,0,0,0,0,0,0,0,1,0,0,4,4,1,0
BSAR2378,0.570880420082,1.41977718205,1.03539465559,1.17011976265,0.380626304735,-0.257120594857,0.587262076169,-0.509729312976,0,0,0,1,0,0,1,0,0,0,0,1,0,0,0,0,1,0,0,1,0,0,0,0,0,0,0,0,0,0,0,1,0,0,2,3,1,3
BSAR2379,-0.286544380027,-0.217638579144,-0.703633608735,-0.537118011467,-0.595307692817,-0.739726274533,-1.12206828392,-0.516911215528,1,0,0,0,0,0,0,1,0,0,0,0,0,1,0,0,0,1,0,0,1,0,0,0,0,0,0,0,0,1,0,0,0,0,1,4,0,0
BSAR2381,0.323546343127,0.207664215973,0.942232427143,0.377515159554,0.811473420711,0.330030811681,-0.282904783115,0.525588888702,0,0,0,0,1,0,1,0,0,0,0,1,0,0,0,0,1,0,0,0,0,0,0,0,0,1,0,0,1,0,0,0,0,0,0,2,1,3
BSAR2382,1.27990477402,0.909413827914,1.00434057944,0.836575010321,0.436114190883,-0.544480065718,-0.946654822809,-0.285128311517,0,0,0,1,0,0,0,1,0,0,0,1,0,0,0,0,1,0,0,0,0,0,1,0,0,0,0,0,1,0,0,0,0,0,0,2,4,3
BSAR2384,-1.04503554935,-1.23836528742,-1.10733659867,-0.943879904551,-0.278700342441,5.53527778533,2.52616729778,2.93009350459,0,0,0,0,1,0,1,0,0,0,0,0,0,1,0,0,0,1,0,0,0,0,0,0,1,0,0,0,0,0,0,0,1,0,5,0,2,1
BSAR2385,0.0762122661727,-0.409024836946,-0.175714314208,-0.403467675168,-0.559403766486,-0.879874059731,-1.46547687078,-0.606824179783,1,0,0,0,0,0,0,1,0,0,0,1,0,0,0,0,0,1,0,0,0,1,0,0,0,0,0,0,0,1,0,0,0,0,4,4,0,3
BSAR2386,-0.2535665031,-0.451555116458,-0.175714314208,-0.420900327729,-0.301548295561,-0.315609690696,-0.84222274435,0.00914311467995,0,1,0,0,0,0,1,0,0,0,0,0,0,1,0,0,1,0,0,0,0,0,1,0,0,0,0,0,1,0,0,0,0,0,0,3,4,0
BSAR2387,-0.929612980109,-0.579145954992,-0.827849913329,-0.691687530839,-0.0436928246356,3.78512580646,2.71548939823,1.67863957724,0,0,0,0,1,0,0,0,1,0,0,1,0,0,0,0,1,0,0,0,0,0,1,0,0,0,0,0,0,0,0,1,0,0,4,0,2,1
BSAR2390,-0.995568733964,-1.47228182474,-1.16944475096,-1.01128616112,-0.905387056588,-0.712318340734,0.0550156707866,-0.85398530203,0,0,1,0,0,0,0,0,0,1,0,0,1,0,0,0,0,1,0,0,0,0,0,0,0,0,1,0,0,1,0,0,0,0,2,0,3,2
BSAR2391,0.0432343892454,-0.0475174610972,-0.0825520857618,-0.216357204349,-0.184044536658,-0.433435550429,-0.973985532047,-0.092267810376,0,0,0,1,0,0,0,1,0,0,0,1,0,0,0,0,0,1,0,0,0,1,0,0,0,0,0,0,0,0,0,0,1,0,5,3,0,3
BSAR2393,0.2905684662,0.399050473775,-0.0204439334645,0.00213204107906,-0.125292657207,-0.533177824976,-0.949387893733,-0.265737416151,0,1,0,0,0,0,0,1,0,0,0,1,0,0,0,0,1,0,0,0,0,1,0,0,0,0,0,0,0,1,0,0,0,0,4,4,1,3
BSAR2395,2.43413046647,0.973209247182,0.755907970251,0.723843857094,0.899601239888,-0.625291087022,-1.81620618333,0.237901745491,0,0,0,0,1,0,0,1,0,0,0,1,0,0,0,0,0,1,0,0,0,0,0,0,0,0,1,0,0,0,1,0,0,0,1,2,3,3
BSAR2396,0.587369358546,0.93067896767,0.507475361062,0.550679508324,2.43041409892,1.3754880803,-0.461231059276,2.03703832279,0,0,0,0,1,0,1,0,0,0,0,0,0,1,0,0,0,1,0,0,0,1,0,0,0,0,0,0,0,1,0,0,0,0,5,3,2,1
BSAR2397,0.307057404664,0.781822989379,1.53225987397,1.06319949361,0.285970498952,-0.151162087902,1.08029268906,-0.537521849452,0,0,1,0,0,0,0,0,1,0,0,0,0,0,1,0,1,0,0,0,0,0,1,0,0,0,0,0,0,1,0,0,0,0,4,3,4,3
BSAR2398,-0.847168287791,-0.770532212795,-0.827849913329,-0.747472019033,-0.719339438325,-0.227734768928,0.791968723471,-0.535652156507,1,0,0,0,0,0,0,0,1,0,0,1,0,0,0,0,1,0,0,0,0,0,1,0,0,0,0,0,0,0,1,0,0,0,2,1,4,2
BSAR2399,-0.929612980109,-1.19583500791,-1.16944475096,-0.948528611901,-0.807467257502,-0.347255964773,-0.115801261955,-0.383616719879,0,0,1,0,0,0,0,0,0,1,0,0,0,1,0,0,1,0,0,1,0,0,0,0,0,0,0,0,0,0,1,0,0,0,2,1,3,2
BSAR2400,-0.913124041646,-0.919388191085,-1.20049882711,-0.893906300544,-0.843371183833,-0.590254140722,0.257986379103,-0.765730862693,0,0,0,1,0,0,0,1,0,0,0,0,0,0,1,0,0,1,0,0,0,0,1,0,0,0,0,0,0,0,0,0,1,0,1,0,3,2
