commons_page_id,title,source_category,source_page_url,original_url,download_url,license,license_url,creator,credit,automated_license_screen,training_status
189047593,File:Banquet Hall Thorbjørnrud Hotell.jpg,Banquet halls,https://commons.wikimedia.org/wiki/File:Banquet_Hall_Thorbj%C3%B8rnrud_Hotell.jpg,https://upload.wikimedia.org/wikipedia/commons/6/66/Banquet_Hall_Thorbj%C3%B8rnrud_Hotell.jpg?utm_source=commons.wikimedia.org&utm_campaign=imageinfo&utm_content=original,https://upload.wikimedia.org/wikipedia/commons/thumb/6/66/Banquet_Hall_Thorbj%C3%B8rnrud_Hotell.jpg/480px-Banquet_Hall_Thorbj%C3%B8rnrud_Hotell.jpg?utm_source=commons.wikimedia.org&utm_campaign=imageinfo&utm_content=thumbnail,CC BY 4.0,https://creativecommons.org/licenses/by/4.0,JLunder96,Own work,passed,candidate_not_for_training
194462438,"File:1946-07-01 Hotel Edison Green Room bar, ball room, dining room, chamber A.jpg",Ballrooms,"https://commons.wikimedia.org/wiki/File:1946-07-01_Hotel_Edison_Green_Room_bar,_ball_room,_dining_room,_chamber_A.jpg",https://upload.wikimedia.org/wikipedia/commons/8/89/1946-07-01_Hotel_Edison_Green_Room_bar%2C_ball_room%2C_dining_room%2C_chamber_A.jpg?utm_source=commons.wikimedia.org&utm_campaign=imageinfo&utm_content=original,https://upload.wikimedia.org/wikipedia/commons/thumb/8/89/1946-07-01_Hotel_Edison_Green_Room_bar%2C_ball_room%2C_dining_room%2C_chamber_A.jpg/480px-1946-07-01_Hotel_Edison_Green_Room_bar%2C_ball_room%2C_dining_room%2C_chamber_A.jpg?utm_source=commons.wikimedia.org&utm_campaign=imageinfo&utm_content=thumbnail,Public domain,,Unknown author Unknown author,Personal postcard collection,passed,candidate_not_for_training
33408393,"File:""Grosser Kurfurst,"" dining room, first class, North German Lloyd, Royal Mail Steamers-LCCN2002720838.jpg",Dining rooms,"https://commons.wikimedia.org/wiki/File:%22Grosser_Kurfurst,%22_dining_room,_first_class,_North_German_Lloyd,_Royal_Mail_Steamers-LCCN2002720838.jpg",https://upload.wikimedia.org/wikipedia/commons/7/75/%22Grosser_Kurfurst%2C%22_dining_room%2C_first_class%2C_North_German_Lloyd%2C_Royal_Mail_Steamers-LCCN2002720838.jpg?utm_source=commons.wikimedia.org&utm_campaign=imageinfo&utm_content=original,https://upload.wikimedia.org/wikipedia/commons/thumb/7/75/%22Grosser_Kurfurst%2C%22_dining_room%2C_first_class%2C_North_German_Lloyd%2C_Royal_Mail_Steamers-LCCN2002720838.jpg/480px-%22Grosser_Kurfurst%2C%22_dining_room%2C_first_class%2C_North_German_Lloyd%2C_Royal_Mail_Steamers-LCCN2002720838.jpg?utm_source=commons.wikimedia.org&utm_campaign=imageinfo&utm_content=thumbnail,Public domain,,Unknown,Library of Congress Catalog: http://lccn.loc.gov/2002720838,passed,candidate_not_for_training
480554,"File:A Norse Interior, Shewing French Influence.jpg",Living rooms,"https://commons.wikimedia.org/wiki/File:A_Norse_Interior,_Shewing_French_Influence.jpg",https://upload.wikimedia.org/wikipedia/commons/b/b8/A_Norse_Interior%2C_Shewing_French_Influence.jpg?utm_source=commons.wikimedia.org&utm_campaign=imageinfo&utm_content=original,https://upload.wikimedia.org/wikipedia/commons/b/b8/A_Norse_Interior%2C_Shewing_French_Influence.jpg?utm_source=commons.wikimedia.org&utm_campaign=imageinfo&utm_content=thumbnail_unscaled,Public domain,,Frederick Litchfield,http://www.gutenberg.org/etext/12254,passed,candidate_not_for_training
33633858,File:Gfp-room-with-chairs.jpg,Reception rooms,https://commons.wikimedia.org/wiki/File:Gfp-room-with-chairs.jpg,https://upload.wikimedia.org/wikipedia/commons/5/55/Gfp-room-with-chairs.jpg?utm_source=commons.wikimedia.org&utm_campaign=imageinfo&utm_content=original,https://upload.wikimedia.org/wikipedia/commons/thumb/5/55/Gfp-room-with-chairs.jpg/480px-Gfp-room-with-chairs.jpg?utm_source=commons.wikimedia.org&utm_campaign=imageinfo&utm_content=thumbnail,Public Domain,https://web.archive.org/web/20230926203737/https://creativecommons.org/licenses/publicdomain/,Yinan Chen,"www.goodfreephotos.com ( gallery , image )",passed,candidate_not_for_training
153976335,"File:Function Room, The Downs Club, 2020.jpg",Function rooms,"https://commons.wikimedia.org/wiki/File:Function_Room,_The_Downs_Club,_2020.jpg",https://upload.wikimedia.org/wikipedia/commons/2/28/Function_Room%2C_The_Downs_Club%2C_2020.jpg?utm_source=commons.wikimedia.org&utm_campaign=imageinfo&utm_content=original,https://upload.wikimedia.org/wikipedia/commons/2/28/Function_Room%2C_The_Downs_Club%2C_2020.jpg?utm_source=commons.wikimedia.org&utm_campaign=imageinfo&utm_content=thumbnail_unscaled,CC BY 4.0,https://creativecommons.org/licenses/by/4.0,"Heritage branch staff, Queensland Government","The Downs Club, Queensland Heritage Register https://apps.des.qld.gov.au/heritage-register/detail/?id=650257",passed,candidate_not_for_training
54559672,File:ANAインターコンチネンタル万座ビーチリゾート - panoramio.jpg,Wedding venues,https://commons.wikimedia.org/wiki/File:ANA%E3%82%A4%E3%83%B3%E3%82%BF%E3%83%BC%E3%82%B3%E3%83%B3%E3%83%81%E3%83%8D%E3%83%B3%E3%82%BF%E3%83%AB%E4%B8%87%E5%BA%A7%E3%83%93%E3%83%BC%E3%83%81%E3%83%AA%E3%82%BE%E3%83%BC%E3%83%88_-_panoramio.jpg,https://upload.wikimedia.org/wikipedia/commons/3/31/ANA%E3%82%A4%E3%83%B3%E3%82%BF%E3%83%BC%E3%82%B3%E3%83%B3%E3%83%81%E3%83%8D%E3%83%B3%E3%82%BF%E3%83%AB%E4%B8%87%E5%BA%A7%E3%83%93%E3%83%BC%E3%83%81%E3%83%AA%E3%82%BE%E3%83%BC%E3%83%88_-_panoramio.jpg?utm_source=commons.wikimedia.org&utm_campaign=imageinfo&utm_content=original,https://upload.wikimedia.org/wikipedia/commons/thumb/3/31/ANA%E3%82%A4%E3%83%B3%E3%82%BF%E3%83%BC%E3%82%B3%E3%83%B3%E3%83%81%E3%83%8D%E3%83%B3%E3%82%BF%E3%83%AB%E4%B8%87%E5%BA%A7%E3%83%93%E3%83%BC%E3%83%81%E3%83%AA%E3%82%BE%E3%83%BC%E3%83%88_-_panoramio.jpg/480px-ANA%E3%82%A4%E3%83%B3%E3%82%BF%E3%83%BC%E3%82%B3%E3%83%B3%E3%83%81%E3%83%8D%E3%83%B3%E3%82%BF%E3%83%AB%E4%B8%87%E5%BA%A7%E3%83%93%E3%83%BC%E3%83%81%E3%83%AA%E3%82%BE%E3%83%BC%E3%83%88_-_panoramio.jpg?utm_source=commons.wikimedia.org&utm_campaign=imageinfo&utm_content=thumbnail,CC BY 3.0,https://creativecommons.org/licenses/by/3.0,funk bass,https://web.archive.org/web/20161024104118/http://www.panoramio.com/photo/70479446,passed,candidate_not_for_training
178916175,File:Blue Hill interior.jpg,Event venues,https://commons.wikimedia.org/wiki/File:Blue_Hill_interior.jpg,https://upload.wikimedia.org/wikipedia/commons/c/c8/Blue_Hill_interior.jpg?utm_source=commons.wikimedia.org&utm_campaign=imageinfo&utm_content=original,https://upload.wikimedia.org/wikipedia/commons/thumb/c/c8/Blue_Hill_interior.jpg/480px-Blue_Hill_interior.jpg?utm_source=commons.wikimedia.org&utm_campaign=imageinfo&utm_content=thumbnail,CC BY 4.0,https://creativecommons.org/licenses/by/4.0,Bridgetwiki,Own work,passed,candidate_not_for_training
39309316,File:Bucharest - Athenee Palace Hilton lobby 01.jpg,Hotel lobbies,https://commons.wikimedia.org/wiki/File:Bucharest_-_Athenee_Palace_Hilton_lobby_01.jpg,https://upload.wikimedia.org/wikipedia/commons/4/49/Bucharest_-_Athenee_Palace_Hilton_lobby_01.jpg?utm_source=commons.wikimedia.org&utm_campaign=imageinfo&utm_content=original,https://upload.wikimedia.org/wikipedia/commons/thumb/4/49/Bucharest_-_Athenee_Palace_Hilton_lobby_01.jpg/480px-Bucharest_-_Athenee_Palace_Hilton_lobby_01.jpg?utm_source=commons.wikimedia.org&utm_campaign=imageinfo&utm_content=thumbnail,CC BY 3.0,https://creativecommons.org/licenses/by/3.0,Joe Mabel,Photo by Joe Mabel,passed,candidate_not_for_training
7334677,File:2009-0620-Athens.jpg,Community halls,https://commons.wikimedia.org/wiki/File:2009-0620-Athens.jpg,https://upload.wikimedia.org/wikipedia/commons/6/68/2009-0620-Athens.jpg?utm_source=commons.wikimedia.org&utm_campaign=imageinfo&utm_content=original,https://upload.wikimedia.org/wikipedia/commons/thumb/6/68/2009-0620-Athens.jpg/480px-2009-0620-Athens.jpg?utm_source=commons.wikimedia.org&utm_campaign=imageinfo&utm_content=thumbnail,CC BY 3.0,https://creativecommons.org/licenses/by/3.0,Bobak Ha'Eri,Own work,passed,candidate_not_for_training
65361903,File:196 Pope's meeting room.jpg,Meeting rooms,https://commons.wikimedia.org/wiki/File:196_Pope%27s_meeting_room.jpg,https://upload.wikimedia.org/wikipedia/commons/f/f7/196_Pope%27s_meeting_room.jpg?utm_source=commons.wikimedia.org&utm_campaign=imageinfo&utm_content=original,https://upload.wikimedia.org/wikipedia/commons/thumb/f/f7/196_Pope%27s_meeting_room.jpg/500px-196_Pope%27s_meeting_room.jpg?utm_source=commons.wikimedia.org&utm_campaign=imageinfo&utm_content=thumbnail,Public domain,,Czaich Á. Gilbert és Fráter Aladár . Budapest 1907,book: Pius X. pápa. Pius pápa életének és uralkodásának története napjainkig. Budapest 1907,passed,candidate_not_for_training
20433353,File:2012-06-Stasimuseum Berlin Tagungsraum 01 anagoria.JPG,Conference rooms,https://commons.wikimedia.org/wiki/File:2012-06-Stasimuseum_Berlin_Tagungsraum_01_anagoria.JPG,https://upload.wikimedia.org/wikipedia/commons/4/4e/2012-06-Stasimuseum_Berlin_Tagungsraum_01_anagoria.JPG?utm_source=commons.wikimedia.org&utm_campaign=imageinfo&utm_content=original,https://upload.wikimedia.org/wikipedia/commons/thumb/4/4e/2012-06-Stasimuseum_Berlin_Tagungsraum_01_anagoria.JPG/500px-2012-06-Stasimuseum_Berlin_Tagungsraum_01_anagoria.JPG?utm_source=commons.wikimedia.org&utm_campaign=imageinfo&utm_content=thumbnail,CC BY 3.0,https://creativecommons.org/licenses/by/3.0,Anagoria,Own work,passed,candidate_not_for_training
178332446,File:'t Aygems Cafeetje - binnen (Q134888692).jpg,Interiors of restaurants,https://commons.wikimedia.org/wiki/File:%27t_Aygems_Cafeetje_-_binnen_(Q134888692).jpg,https://upload.wikimedia.org/wikipedia/commons/c/c0/%27t_Aygems_Cafeetje_-_binnen_%28Q134888692%29.jpg?utm_source=commons.wikimedia.org&utm_campaign=imageinfo&utm_content=original,https://upload.wikimedia.org/wikipedia/commons/thumb/c/c0/%27t_Aygems_Cafeetje_-_binnen_%28Q134888692%29.jpg/500px-%27t_Aygems_Cafeetje_-_binnen_%28Q134888692%29.jpg?utm_source=commons.wikimedia.org&utm_campaign=imageinfo&utm_content=thumbnail,CC BY 4.0,https://creativecommons.org/licenses/by/4.0,JanV1962,Own work,passed,candidate_not_for_training
150956585,File:1934-02 OBRAS 07.jpg,Assembly halls,https://commons.wikimedia.org/wiki/File:1934-02_OBRAS_07.jpg,https://upload.wikimedia.org/wikipedia/commons/0/03/1934-02_OBRAS_07.jpg?utm_source=commons.wikimedia.org&utm_campaign=imageinfo&utm_content=original,https://upload.wikimedia.org/wikipedia/commons/thumb/0/03/1934-02_OBRAS_07.jpg/500px-1934-02_OBRAS_07.jpg?utm_source=commons.wikimedia.org&utm_campaign=imageinfo&utm_content=thumbnail,Public domain,,Unknown author Unknown author,Obras. Revista de la construcción,passed,candidate_not_for_training
2485431,File:Bedlewo institute.JPG,Convention centers,https://commons.wikimedia.org/wiki/File:Bedlewo_institute.JPG,https://upload.wikimedia.org/wikipedia/commons/f/ff/Bedlewo_institute.JPG?utm_source=commons.wikimedia.org&utm_campaign=imageinfo&utm_content=original,https://upload.wikimedia.org/wikipedia/commons/thumb/f/ff/Bedlewo_institute.JPG/500px-Bedlewo_institute.JPG?utm_source=commons.wikimedia.org&utm_campaign=imageinfo&utm_content=thumbnail,Public domain,,Staecker,Own work,passed,candidate_not_for_training
16773060,File:AKB48 theater interior.jpg,Foyers,https://commons.wikimedia.org/wiki/File:AKB48_theater_interior.jpg,https://upload.wikimedia.org/wikipedia/commons/2/2a/AKB48_theater_interior.jpg?utm_source=commons.wikimedia.org&utm_campaign=imageinfo&utm_content=original,https://upload.wikimedia.org/wikipedia/commons/thumb/2/2a/AKB48_theater_interior.jpg/500px-AKB48_theater_interior.jpg?utm_source=commons.wikimedia.org&utm_campaign=imageinfo&utm_content=thumbnail,CC BY 2.0,https://creativecommons.org/licenses/by/2.0,"Karl Baron from Malmö, Sweden",天国,passed,candidate_not_for_training
3260299,File:Expodroom.jpg,Exhibition halls,https://commons.wikimedia.org/wiki/File:Expodroom.jpg,https://upload.wikimedia.org/wikipedia/commons/8/81/Expodroom.jpg?utm_source=commons.wikimedia.org&utm_campaign=imageinfo&utm_content=original,https://upload.wikimedia.org/wikipedia/commons/thumb/8/81/Expodroom.jpg/500px-Expodroom.jpg?utm_source=commons.wikimedia.org&utm_campaign=imageinfo&utm_content=thumbnail,CC BY 2.0 be,https://creativecommons.org/licenses/by/2.0/be/deed.en,TTI nv,The original uploader was SuzyMalter at Dutch Wikipedia .,passed,candidate_not_for_training
194864505,"File:Banquet room, Hotel Grand Palace, Iidabashi, Tokyo - Nov 11, 2011.jpg",Banquet halls,"https://commons.wikimedia.org/wiki/File:Banquet_room,_Hotel_Grand_Palace,_Iidabashi,_Tokyo_-_Nov_11,_2011.jpg",https://upload.wikimedia.org/wikipedia/commons/6/6c/Banquet_room%2C_Hotel_Grand_Palace%2C_Iidabashi%2C_Tokyo_-_Nov_11%2C_2011.jpg?utm_source=commons.wikimedia.org&utm_campaign=imageinfo&utm_content=original,https://upload.wikimedia.org/wikipedia/commons/thumb/6/6c/Banquet_room%2C_Hotel_Grand_Palace%2C_Iidabashi%2C_Tokyo_-_Nov_11%2C_2011.jpg/480px-Banquet_room%2C_Hotel_Grand_Palace%2C_Iidabashi%2C_Tokyo_-_Nov_11%2C_2011.jpg?utm_source=commons.wikimedia.org&utm_campaign=imageinfo&utm_content=thumbnail,CC BY 2.0,https://creativecommons.org/licenses/by/2.0,Kazuhisa OTSUBO,https://www.flickr.com/photos/cytech/6333503157/,passed,candidate_not_for_training
24305675,File:Blackpool Tower Ballroom revisited (7636143384).jpg,Ballrooms,https://commons.wikimedia.org/wiki/File:Blackpool_Tower_Ballroom_revisited_(7636143384).jpg,https://upload.wikimedia.org/wikipedia/commons/0/09/Blackpool_Tower_Ballroom_revisited_%287636143384%29.jpg?utm_source=commons.wikimedia.org&utm_campaign=imageinfo&utm_content=original,https://upload.wikimedia.org/wikipedia/commons/thumb/0/09/Blackpool_Tower_Ballroom_revisited_%287636143384%29.jpg/480px-Blackpool_Tower_Ballroom_revisited_%287636143384%29.jpg?utm_source=commons.wikimedia.org&utm_campaign=imageinfo&utm_content=thumbnail,CC BY 2.0,https://creativecommons.org/licenses/by/2.0,Michael D Beckwith,Blackpool Tower Ballroom,passed,candidate_not_for_training
52462130,File:00882-Karlsbad-1898-Gruß aus dem Auerhahn-Brück & Sohn Kunstverlag.jpg,Dining rooms,https://commons.wikimedia.org/wiki/File:00882-Karlsbad-1898-Gru%C3%9F_aus_dem_Auerhahn-Br%C3%BCck_%26_Sohn_Kunstverlag.jpg,https://upload.wikimedia.org/wikipedia/commons/7/75/00882-Karlsbad-1898-Gru%C3%9F_aus_dem_Auerhahn-Br%C3%BCck_%26_Sohn_Kunstverlag.jpg?utm_source=commons.wikimedia.org&utm_campaign=imageinfo&utm_content=original,https://upload.wikimedia.org/wikipedia/commons/thumb/7/75/00882-Karlsbad-1898-Gru%C3%9F_aus_dem_Auerhahn-Br%C3%BCck_%26_Sohn_Kunstverlag.jpg/480px-00882-Karlsbad-1898-Gru%C3%9F_aus_dem_Auerhahn-Br%C3%BCck_%26_Sohn_Kunstverlag.jpg?utm_source=commons.wikimedia.org&utm_campaign=imageinfo&utm_content=thumbnail,CC0,http://creativecommons.org/publicdomain/zero/1.0/deed.en,Brück & Sohn Kunstverlag Meißen,Own work,passed,candidate_not_for_training
480567,File:A Sixteenth Century Room.jpg,Living rooms,https://commons.wikimedia.org/wiki/File:A_Sixteenth_Century_Room.jpg,https://upload.wikimedia.org/wikipedia/commons/6/63/A_Sixteenth_Century_Room.jpg?utm_source=commons.wikimedia.org&utm_campaign=imageinfo&utm_content=original,https://upload.wikimedia.org/wikipedia/commons/6/63/A_Sixteenth_Century_Room.jpg?utm_source=commons.wikimedia.org&utm_campaign=imageinfo&utm_content=thumbnail_unscaled,Public domain,,Unknown,Wikimedia Commons,passed,candidate_not_for_training
16098072,File:Israel Batch 1 (102).JPG,Reception rooms,https://commons.wikimedia.org/wiki/File:Israel_Batch_1_(102).JPG,https://upload.wikimedia.org/wikipedia/commons/a/a4/Israel_Batch_1_%28102%29.JPG?utm_source=commons.wikimedia.org&utm_campaign=imageinfo&utm_content=original,https://upload.wikimedia.org/wikipedia/commons/thumb/a/a4/Israel_Batch_1_%28102%29.JPG/480px-Israel_Batch_1_%28102%29.JPG?utm_source=commons.wikimedia.org&utm_campaign=imageinfo&utm_content=thumbnail,Public domain,,User:Mattes,Own work,passed,candidate_not_for_training
15336480,File:Function Rooms Melbourne.jpg,Function rooms,https://commons.wikimedia.org/wiki/File:Function_Rooms_Melbourne.jpg,https://upload.wikimedia.org/wikipedia/commons/1/11/Function_Rooms_Melbourne.jpg?utm_source=commons.wikimedia.org&utm_campaign=imageinfo&utm_content=original,https://upload.wikimedia.org/wikipedia/commons/thumb/1/11/Function_Rooms_Melbourne.jpg/480px-Function_Rooms_Melbourne.jpg?utm_source=commons.wikimedia.org&utm_campaign=imageinfo&utm_content=thumbnail,CC BY 2.0,https://creativecommons.org/licenses/by/2.0,Partyhelp ( website ),flickr,passed,candidate_not_for_training
157011221,File:Aspen Country Hills Wedding Venue.jpg,Wedding venues,https://commons.wikimedia.org/wiki/File:Aspen_Country_Hills_Wedding_Venue.jpg,https://upload.wikimedia.org/wikipedia/commons/a/a6/Aspen_Country_Hills_Wedding_Venue.jpg?utm_source=commons.wikimedia.org&utm_campaign=imageinfo&utm_content=original,https://upload.wikimedia.org/wikipedia/commons/thumb/a/a6/Aspen_Country_Hills_Wedding_Venue.jpg/480px-Aspen_Country_Hills_Wedding_Venue.jpg?utm_source=commons.wikimedia.org&utm_campaign=imageinfo&utm_content=thumbnail,CC0,http://creativecommons.org/publicdomain/zero/1.0/deed.en,Aspencountryhills,Own work,passed,candidate_not_for_training
178822287,File:Disney’s Contemporary Liminal Hallway.jpg,Event venues,https://commons.wikimedia.org/wiki/File:Disney%E2%80%99s_Contemporary_Liminal_Hallway.jpg,https://upload.wikimedia.org/wikipedia/commons/e/eb/Disney%E2%80%99s_Contemporary_Liminal_Hallway.jpg?utm_source=commons.wikimedia.org&utm_campaign=imageinfo&utm_content=original,https://upload.wikimedia.org/wikipedia/commons/thumb/e/eb/Disney%E2%80%99s_Contemporary_Liminal_Hallway.jpg/480px-Disney%E2%80%99s_Contemporary_Liminal_Hallway.jpg?utm_source=commons.wikimedia.org&utm_campaign=imageinfo&utm_content=thumbnail,CC0,http://creativecommons.org/publicdomain/zero/1.0/deed.en,KyleSirTalksAlot,Own work,passed,candidate_not_for_training
65163724,File:DSC-0415-hotel-colosseo-shkoder-albania-august-2017.jpg,Hotel lobbies,https://commons.wikimedia.org/wiki/File:DSC-0415-hotel-colosseo-shkoder-albania-august-2017.jpg,https://upload.wikimedia.org/wikipedia/commons/0/06/DSC-0415-hotel-colosseo-shkoder-albania-august-2017.jpg?utm_source=commons.wikimedia.org&utm_campaign=imageinfo&utm_content=original,https://upload.wikimedia.org/wikipedia/commons/thumb/0/06/DSC-0415-hotel-colosseo-shkoder-albania-august-2017.jpg/480px-DSC-0415-hotel-colosseo-shkoder-albania-august-2017.jpg?utm_source=commons.wikimedia.org&utm_campaign=imageinfo&utm_content=thumbnail,CC0,http://creativecommons.org/publicdomain/zero/1.0/deed.en,Rakoon,Own work,passed,candidate_not_for_training
5396412,File:6th Wagga Wagga Scouts Hall.jpg,Community halls,https://commons.wikimedia.org/wiki/File:6th_Wagga_Wagga_Scouts_Hall.jpg,https://upload.wikimedia.org/wikipedia/commons/0/04/6th_Wagga_Wagga_Scouts_Hall.jpg?utm_source=commons.wikimedia.org&utm_campaign=imageinfo&utm_content=original,https://upload.wikimedia.org/wikipedia/commons/thumb/0/04/6th_Wagga_Wagga_Scouts_Hall.jpg/480px-6th_Wagga_Wagga_Scouts_Hall.jpg?utm_source=commons.wikimedia.org&utm_campaign=imageinfo&utm_content=thumbnail,CC BY 3.0,https://creativecommons.org/licenses/by/3.0,Bidgee,Own work,passed,candidate_not_for_training
86480107,File:Emergenza coronavirus (49468823973).jpg,Meeting rooms,https://commons.wikimedia.org/wiki/File:Emergenza_coronavirus_(49468823973).jpg,https://upload.wikimedia.org/wikipedia/commons/b/bf/Emergenza_coronavirus_%2849468823973%29.jpg?utm_source=commons.wikimedia.org&utm_campaign=imageinfo&utm_content=original,https://upload.wikimedia.org/wikipedia/commons/thumb/b/bf/Emergenza_coronavirus_%2849468823973%29.jpg/500px-Emergenza_coronavirus_%2849468823973%29.jpg?utm_source=commons.wikimedia.org&utm_campaign=imageinfo&utm_content=thumbnail,CC BY 2.0,https://creativecommons.org/licenses/by/2.0,Dipartimento Protezione Civile from Italia,Emergenza coronavirus,passed,candidate_not_for_training
19971991,File:2012-0609-ParkInn-SkylightRoom.jpg,Conference rooms,https://commons.wikimedia.org/wiki/File:2012-0609-ParkInn-SkylightRoom.jpg,https://upload.wikimedia.org/wikipedia/commons/d/de/2012-0609-ParkInn-SkylightRoom.jpg?utm_source=commons.wikimedia.org&utm_campaign=imageinfo&utm_content=original,https://upload.wikimedia.org/wikipedia/commons/thumb/d/de/2012-0609-ParkInn-SkylightRoom.jpg/500px-2012-0609-ParkInn-SkylightRoom.jpg?utm_source=commons.wikimedia.org&utm_campaign=imageinfo&utm_content=thumbnail,CC BY 3.0,https://creativecommons.org/licenses/by/3.0,Bobak Ha'Eri,Own work,passed,candidate_not_for_training
178332583,File:'t Aygems Cafeetje - binnen 2 (Q134888692).jpg,Interiors of restaurants,https://commons.wikimedia.org/wiki/File:%27t_Aygems_Cafeetje_-_binnen_2_(Q134888692).jpg,https://upload.wikimedia.org/wikipedia/commons/4/49/%27t_Aygems_Cafeetje_-_binnen_2_%28Q134888692%29.jpg?utm_source=commons.wikimedia.org&utm_campaign=imageinfo&utm_content=original,https://upload.wikimedia.org/wikipedia/commons/thumb/4/49/%27t_Aygems_Cafeetje_-_binnen_2_%28Q134888692%29.jpg/500px-%27t_Aygems_Cafeetje_-_binnen_2_%28Q134888692%29.jpg?utm_source=commons.wikimedia.org&utm_campaign=imageinfo&utm_content=thumbnail,CC BY 4.0,https://creativecommons.org/licenses/by/4.0,JanV1962,Own work,passed,candidate_not_for_training
150956588,File:1934-02 OBRAS 08.jpg,Assembly halls,https://commons.wikimedia.org/wiki/File:1934-02_OBRAS_08.jpg,https://upload.wikimedia.org/wikipedia/commons/e/ec/1934-02_OBRAS_08.jpg?utm_source=commons.wikimedia.org&utm_campaign=imageinfo&utm_content=original,https://upload.wikimedia.org/wikipedia/commons/thumb/e/ec/1934-02_OBRAS_08.jpg/500px-1934-02_OBRAS_08.jpg?utm_source=commons.wikimedia.org&utm_campaign=imageinfo&utm_content=thumbnail,Public domain,,Unknown author Unknown author,Obras. Revista de la construcción,passed,candidate_not_for_training
177473060,File:Centro de Convenciones Atlapa 2025.jpg,Convention centers,https://commons.wikimedia.org/wiki/File:Centro_de_Convenciones_Atlapa_2025.jpg,https://upload.wikimedia.org/wikipedia/commons/a/a7/Centro_de_Convenciones_Atlapa_2025.jpg?utm_source=commons.wikimedia.org&utm_campaign=imageinfo&utm_content=original,https://upload.wikimedia.org/wikipedia/commons/thumb/a/a7/Centro_de_Convenciones_Atlapa_2025.jpg/500px-Centro_de_Convenciones_Atlapa_2025.jpg?utm_source=commons.wikimedia.org&utm_campaign=imageinfo&utm_content=thumbnail,CC0,http://creativecommons.org/publicdomain/zero/1.0/deed.en,Virpana,Own work,passed,candidate_not_for_training
4264241,File:Amsterdam Muziektheater foyer.jpg,Foyers,https://commons.wikimedia.org/wiki/File:Amsterdam_Muziektheater_foyer.jpg,https://upload.wikimedia.org/wikipedia/commons/0/01/Amsterdam_Muziektheater_foyer.jpg?utm_source=commons.wikimedia.org&utm_campaign=imageinfo&utm_content=original,https://upload.wikimedia.org/wikipedia/commons/thumb/0/01/Amsterdam_Muziektheater_foyer.jpg/500px-Amsterdam_Muziektheater_foyer.jpg?utm_source=commons.wikimedia.org&utm_campaign=imageinfo&utm_content=thumbnail,CC BY 3.0,https://creativecommons.org/licenses/by/3.0,Photo: Andreas Praefcke,Own work,passed,candidate_not_for_training
23205396,File:Montgomery County Fairgrounds Coliseum.jpg,Exhibition halls,https://commons.wikimedia.org/wiki/File:Montgomery_County_Fairgrounds_Coliseum.jpg,https://upload.wikimedia.org/wikipedia/commons/0/00/Montgomery_County_Fairgrounds_Coliseum.jpg?utm_source=commons.wikimedia.org&utm_campaign=imageinfo&utm_content=original,https://upload.wikimedia.org/wikipedia/commons/thumb/0/00/Montgomery_County_Fairgrounds_Coliseum.jpg/500px-Montgomery_County_Fairgrounds_Coliseum.jpg?utm_source=commons.wikimedia.org&utm_campaign=imageinfo&utm_content=thumbnail,Public domain,,Nyttend,Own work,passed,candidate_not_for_training
58179918,File:HRS Bhavan - 92 Artillery Road - Barrackpore - Kolkata 2017-03-31 1143.JPG,Banquet halls,https://commons.wikimedia.org/wiki/File:HRS_Bhavan_-_92_Artillery_Road_-_Barrackpore_-_Kolkata_2017-03-31_1143.JPG,https://upload.wikimedia.org/wikipedia/commons/d/db/HRS_Bhavan_-_92_Artillery_Road_-_Barrackpore_-_Kolkata_2017-03-31_1143.JPG?utm_source=commons.wikimedia.org&utm_campaign=imageinfo&utm_content=original,https://upload.wikimedia.org/wikipedia/commons/thumb/d/db/HRS_Bhavan_-_92_Artillery_Road_-_Barrackpore_-_Kolkata_2017-03-31_1143.JPG/480px-HRS_Bhavan_-_92_Artillery_Road_-_Barrackpore_-_Kolkata_2017-03-31_1143.JPG?utm_source=commons.wikimedia.org&utm_campaign=imageinfo&utm_content=thumbnail,CC BY 3.0,https://creativecommons.org/licenses/by/3.0,Biswarup Ganguly,Own work,passed,candidate_not_for_training
21344548,"File:Casino Ballroom, MON 1909.jpg",Ballrooms,"https://commons.wikimedia.org/wiki/File:Casino_Ballroom,_MON_1909.jpg",https://upload.wikimedia.org/wikipedia/commons/7/7d/Casino_Ballroom%2C_MON_1909.jpg?utm_source=commons.wikimedia.org&utm_campaign=imageinfo&utm_content=original,https://upload.wikimedia.org/wikipedia/commons/thumb/7/7d/Casino_Ballroom%2C_MON_1909.jpg/480px-Casino_Ballroom%2C_MON_1909.jpg?utm_source=commons.wikimedia.org&utm_campaign=imageinfo&utm_content=thumbnail,Public domain,,"Book by William Henry Koebel (1872-1926) Photo by Henrique Augusto Vieira de Castro (1869-1926) The illustrations are attributed generally in the preface as: "" In addition to Miss Cossart's illustrations, which I take no little pride in including in the volume, I have to thank Mr. H. C. Houghton for those dealing with the ""Levadas"" and some others, and Mr V. de Castro and the Messrs Reid respectively for the photographs of the Casino and Hotels. Several of the sketches now offered have appeared in the Globe, and, as in previous works, I have to acknowledge the courtesy of the editor for their reproduction. """,Madeira: Old and New,passed,candidate_not_for_training
52467959,"File:01398-Karlsbad-1899-Gärtners Hotel ""Nürnberger Hof"", Speisesaal-Brück & Sohn Kunstverlag.jpg",Dining rooms,"https://commons.wikimedia.org/wiki/File:01398-Karlsbad-1899-G%C3%A4rtners_Hotel_%22N%C3%BCrnberger_Hof%22,_Speisesaal-Br%C3%BCck_%26_Sohn_Kunstverlag.jpg",https://upload.wikimedia.org/wikipedia/commons/2/22/01398-Karlsbad-1899-G%C3%A4rtners_Hotel_%22N%C3%BCrnberger_Hof%22%2C_Speisesaal-Br%C3%BCck_%26_Sohn_Kunstverlag.jpg?utm_source=commons.wikimedia.org&utm_campaign=imageinfo&utm_content=original,https://upload.wikimedia.org/wikipedia/commons/thumb/2/22/01398-Karlsbad-1899-G%C3%A4rtners_Hotel_%22N%C3%BCrnberger_Hof%22%2C_Speisesaal-Br%C3%BCck_%26_Sohn_Kunstverlag.jpg/480px-01398-Karlsbad-1899-G%C3%A4rtners_Hotel_%22N%C3%BCrnberger_Hof%22%2C_Speisesaal-Br%C3%BCck_%26_Sohn_Kunstverlag.jpg?utm_source=commons.wikimedia.org&utm_campaign=imageinfo&utm_content=thumbnail,CC0,http://creativecommons.org/publicdomain/zero/1.0/deed.en,Brück & Sohn Kunstverlag Meißen,Own work,passed,candidate_not_for_training
74791274,File:A-view-of-Ivan-Bratts-home-142461525240.jpg,Living rooms,https://commons.wikimedia.org/wiki/File:A-view-of-Ivan-Bratts-home-142461525240.jpg,https://upload.wikimedia.org/wikipedia/commons/1/15/A-view-of-Ivan-Bratts-home-142461525240.jpg?utm_source=commons.wikimedia.org&utm_campaign=imageinfo&utm_content=original,https://upload.wikimedia.org/wikipedia/commons/1/15/A-view-of-Ivan-Bratts-home-142461525240.jpg?utm_source=commons.wikimedia.org&utm_campaign=imageinfo&utm_content=thumbnail_unscaled,Public domain,,Unknown photographer,Åhlén & Åkerlund via IMS Vintage Photos,passed,candidate_not_for_training
16098145,File:Israel Batch 1 (104).JPG,Reception rooms,https://commons.wikimedia.org/wiki/File:Israel_Batch_1_(104).JPG,https://upload.wikimedia.org/wikipedia/commons/9/97/Israel_Batch_1_%28104%29.JPG?utm_source=commons.wikimedia.org&utm_campaign=imageinfo&utm_content=original,https://upload.wikimedia.org/wikipedia/commons/thumb/9/97/Israel_Batch_1_%28104%29.JPG/480px-Israel_Batch_1_%28104%29.JPG?utm_source=commons.wikimedia.org&utm_campaign=imageinfo&utm_content=thumbnail,Public domain,,User:Mattes,Own work,passed,candidate_not_for_training
150948751,"File:Lagar de San Clemente, Moriles.jpg",Function rooms,"https://commons.wikimedia.org/wiki/File:Lagar_de_San_Clemente,_Moriles.jpg",https://upload.wikimedia.org/wikipedia/commons/2/2c/Lagar_de_San_Clemente%2C_Moriles.jpg?utm_source=commons.wikimedia.org&utm_campaign=imageinfo&utm_content=original,https://upload.wikimedia.org/wikipedia/commons/thumb/2/2c/Lagar_de_San_Clemente%2C_Moriles.jpg/480px-Lagar_de_San_Clemente%2C_Moriles.jpg?utm_source=commons.wikimedia.org&utm_campaign=imageinfo&utm_content=thumbnail,CC BY 4.0,https://creativecommons.org/licenses/by/4.0,CFA1877,Own work,passed,candidate_not_for_training
173249983,"File:Chateau de Tourreau - Provence, France - Wedding Photography 01.jpg",Wedding venues,"https://commons.wikimedia.org/wiki/File:Chateau_de_Tourreau_-_Provence,_France_-_Wedding_Photography_01.jpg",https://upload.wikimedia.org/wikipedia/commons/a/ae/Chateau_de_Tourreau_-_Provence%2C_France_-_Wedding_Photography_01.jpg?utm_source=commons.wikimedia.org&utm_campaign=imageinfo&utm_content=original,https://upload.wikimedia.org/wikipedia/commons/thumb/a/ae/Chateau_de_Tourreau_-_Provence%2C_France_-_Wedding_Photography_01.jpg/480px-Chateau_de_Tourreau_-_Provence%2C_France_-_Wedding_Photography_01.jpg?utm_source=commons.wikimedia.org&utm_campaign=imageinfo&utm_content=thumbnail,CC BY 4.0,https://creativecommons.org/licenses/by/4.0,StillMiracle,Own work,passed,candidate_not_for_training
112554608,File:Friends of Search Marketing Conference.jpg,Event venues,https://commons.wikimedia.org/wiki/File:Friends_of_Search_Marketing_Conference.jpg,https://upload.wikimedia.org/wikipedia/commons/a/ad/Friends_of_Search_Marketing_Conference.jpg?utm_source=commons.wikimedia.org&utm_campaign=imageinfo&utm_content=original,https://upload.wikimedia.org/wikipedia/commons/thumb/a/ad/Friends_of_Search_Marketing_Conference.jpg/480px-Friends_of_Search_Marketing_Conference.jpg?utm_source=commons.wikimedia.org&utm_campaign=imageinfo&utm_content=thumbnail,CC BY 2.0,https://creativecommons.org/licenses/by/2.0,delegateconnectimages,https://www.flickr.com/photos/193385443@N05/51295482212/,passed,candidate_not_for_training
22971931,File:Highlander Hotel lobby (6350025270).jpg,Hotel lobbies,https://commons.wikimedia.org/wiki/File:Highlander_Hotel_lobby_(6350025270).jpg,https://upload.wikimedia.org/wikipedia/commons/c/c2/Highlander_Hotel_lobby_%286350025270%29.jpg?utm_source=commons.wikimedia.org&utm_campaign=imageinfo&utm_content=original,https://upload.wikimedia.org/wikipedia/commons/thumb/c/c2/Highlander_Hotel_lobby_%286350025270%29.jpg/480px-Highlander_Hotel_lobby_%286350025270%29.jpg?utm_source=commons.wikimedia.org&utm_campaign=imageinfo&utm_content=thumbnail,CC BY 2.0,https://creativecommons.org/licenses/by/2.0,eGuide Travel,Highlander Hotel lobby,passed,candidate_not_for_training
23615350,File:Acacia Ridge hall kitchen (6265419418).jpg,Community halls,https://commons.wikimedia.org/wiki/File:Acacia_Ridge_hall_kitchen_(6265419418).jpg,https://upload.wikimedia.org/wikipedia/commons/7/7e/Acacia_Ridge_hall_kitchen_%286265419418%29.jpg?utm_source=commons.wikimedia.org&utm_campaign=imageinfo&utm_content=original,https://upload.wikimedia.org/wikipedia/commons/thumb/7/7e/Acacia_Ridge_hall_kitchen_%286265419418%29.jpg/480px-Acacia_Ridge_hall_kitchen_%286265419418%29.jpg?utm_source=commons.wikimedia.org&utm_campaign=imageinfo&utm_content=thumbnail,CC BY 2.0,https://creativecommons.org/licenses/by/2.0,Brisbane City Council,Acacia Ridge hall kitchen,passed,candidate_not_for_training
86480089,File:Emergenza coronavirus (49469541262).jpg,Meeting rooms,https://commons.wikimedia.org/wiki/File:Emergenza_coronavirus_(49469541262).jpg,https://upload.wikimedia.org/wikipedia/commons/9/98/Emergenza_coronavirus_%2849469541262%29.jpg?utm_source=commons.wikimedia.org&utm_campaign=imageinfo&utm_content=original,https://upload.wikimedia.org/wikipedia/commons/thumb/9/98/Emergenza_coronavirus_%2849469541262%29.jpg/500px-Emergenza_coronavirus_%2849469541262%29.jpg?utm_source=commons.wikimedia.org&utm_campaign=imageinfo&utm_content=thumbnail,CC BY 2.0,https://creativecommons.org/licenses/by/2.0,Dipartimento Protezione Civile from Italia,Emergenza coronavirus,passed,candidate_not_for_training
161115114,File:202303musnh b facility022.jpg,Conference rooms,https://commons.wikimedia.org/wiki/File:202303musnh_b_facility022.jpg,https://upload.wikimedia.org/wikipedia/commons/b/b5/202303musnh_b_facility022.jpg?utm_source=commons.wikimedia.org&utm_campaign=imageinfo&utm_content=original,https://upload.wikimedia.org/wikipedia/commons/thumb/b/b5/202303musnh_b_facility022.jpg/500px-202303musnh_b_facility022.jpg?utm_source=commons.wikimedia.org&utm_campaign=imageinfo&utm_content=thumbnail,CC BY 2.0,https://creativecommons.org/licenses/by/2.0,大阪市立自然史博物館 Osaka Museum of Natural History,https://www.flickr.com/photos/omnh/53576361806/,passed,candidate_not_for_training
178333094,File:'t Aygems Cafeetje - binnen 3 (Q134888692).jpg,Interiors of restaurants,https://commons.wikimedia.org/wiki/File:%27t_Aygems_Cafeetje_-_binnen_3_(Q134888692).jpg,https://upload.wikimedia.org/wikipedia/commons/4/4b/%27t_Aygems_Cafeetje_-_binnen_3_%28Q134888692%29.jpg?utm_source=commons.wikimedia.org&utm_campaign=imageinfo&utm_content=original,https://upload.wikimedia.org/wikipedia/commons/thumb/4/4b/%27t_Aygems_Cafeetje_-_binnen_3_%28Q134888692%29.jpg/500px-%27t_Aygems_Cafeetje_-_binnen_3_%28Q134888692%29.jpg?utm_source=commons.wikimedia.org&utm_campaign=imageinfo&utm_content=thumbnail,CC BY 4.0,https://creativecommons.org/licenses/by/4.0,JanV1962,Own work,passed,candidate_not_for_training
150956586,File:1934-02 OBRAS 09.jpg,Assembly halls,https://commons.wikimedia.org/wiki/File:1934-02_OBRAS_09.jpg,https://upload.wikimedia.org/wikipedia/commons/4/4b/1934-02_OBRAS_09.jpg?utm_source=commons.wikimedia.org&utm_campaign=imageinfo&utm_content=original,https://upload.wikimedia.org/wikipedia/commons/thumb/4/4b/1934-02_OBRAS_09.jpg/500px-1934-02_OBRAS_09.jpg?utm_source=commons.wikimedia.org&utm_campaign=imageinfo&utm_content=thumbnail,Public domain,,Unknown author Unknown author,Obras. Revista de la construcción,passed,candidate_not_for_training
19307807,File:CTBTO International Scientific Studies 2009 - day 1 - Flickr - The Official CTBTO Photostream (12).jpg,Convention centers,https://commons.wikimedia.org/wiki/File:CTBTO_International_Scientific_Studies_2009_-_day_1_-_Flickr_-_The_Official_CTBTO_Photostream_(12).jpg,https://upload.wikimedia.org/wikipedia/commons/c/c6/CTBTO_International_Scientific_Studies_2009_-_day_1_-_Flickr_-_The_Official_CTBTO_Photostream_%2812%29.jpg?utm_source=commons.wikimedia.org&utm_campaign=imageinfo&utm_content=original,https://upload.wikimedia.org/wikipedia/commons/thumb/c/c6/CTBTO_International_Scientific_Studies_2009_-_day_1_-_Flickr_-_The_Official_CTBTO_Photostream_%2812%29.jpg/500px-CTBTO_International_Scientific_Studies_2009_-_day_1_-_Flickr_-_The_Official_CTBTO_Photostream_%2812%29.jpg?utm_source=commons.wikimedia.org&utm_campaign=imageinfo&utm_content=thumbnail,CC BY 2.0,https://creativecommons.org/licenses/by/2.0,The Official CTBTO Photostream,CTBTO International Scientific Studies 2009 - day 1,passed,candidate_not_for_training
6873029,File:Basel Theater Foyer.jpg,Foyers,https://commons.wikimedia.org/wiki/File:Basel_Theater_Foyer.jpg,https://upload.wikimedia.org/wikipedia/commons/3/3a/Basel_Theater_Foyer.jpg?utm_source=commons.wikimedia.org&utm_campaign=imageinfo&utm_content=original,https://upload.wikimedia.org/wikipedia/commons/thumb/3/3a/Basel_Theater_Foyer.jpg/500px-Basel_Theater_Foyer.jpg?utm_source=commons.wikimedia.org&utm_campaign=imageinfo&utm_content=thumbnail,CC BY 3.0,https://creativecommons.org/licenses/by/3.0,Photo: Andreas Praefcke,Self-photographed,passed,candidate_not_for_training
16033176,File:Rosvalla Event Center.jpg,Exhibition halls,https://commons.wikimedia.org/wiki/File:Rosvalla_Event_Center.jpg,https://upload.wikimedia.org/wikipedia/commons/4/4b/Rosvalla_Event_Center.jpg?utm_source=commons.wikimedia.org&utm_campaign=imageinfo&utm_content=original,https://upload.wikimedia.org/wikipedia/commons/thumb/4/4b/Rosvalla_Event_Center.jpg/500px-Rosvalla_Event_Center.jpg?utm_source=commons.wikimedia.org&utm_campaign=imageinfo&utm_content=thumbnail,CC BY 3.0,https://creativecommons.org/licenses/by/3.0,TS Eriksson,Own work,passed,candidate_not_for_training
157438285,"File:Members of the Libby Salmon Division attending a banquet, Alaska, 1920s (AL+CA 5010).jpg",Banquet halls,"https://commons.wikimedia.org/wiki/File:Members_of_the_Libby_Salmon_Division_attending_a_banquet,_Alaska,_1920s_(AL%2BCA_5010).jpg",https://upload.wikimedia.org/wikipedia/commons/b/bf/Members_of_the_Libby_Salmon_Division_attending_a_banquet%2C_Alaska%2C_1920s_%28AL%2BCA_5010%29.jpg?utm_source=commons.wikimedia.org&utm_campaign=imageinfo&utm_content=original,https://upload.wikimedia.org/wikipedia/commons/b/bf/Members_of_the_Libby_Salmon_Division_attending_a_banquet%2C_Alaska%2C_1920s_%28AL%2BCA_5010%29.jpg?utm_source=commons.wikimedia.org&utm_campaign=imageinfo&utm_content=thumbnail_unscaled,Public domain,,Webster and Stevens,"Alaska, Western Canada and United States Collection",passed,candidate_not_for_training
163828855,"File:De dansvloer van het stoomschip Lapland, asset P1GXV6TzZaaZQlYRQlVXX4jW.jpg",Ballrooms,"https://commons.wikimedia.org/wiki/File:De_dansvloer_van_het_stoomschip_Lapland,_asset_P1GXV6TzZaaZQlYRQlVXX4jW.jpg",https://upload.wikimedia.org/wikipedia/commons/b/ba/De_dansvloer_van_het_stoomschip_Lapland%2C_asset_P1GXV6TzZaaZQlYRQlVXX4jW.jpg?utm_source=commons.wikimedia.org&utm_campaign=imageinfo&utm_content=original,https://upload.wikimedia.org/wikipedia/commons/thumb/b/ba/De_dansvloer_van_het_stoomschip_Lapland%2C_asset_P1GXV6TzZaaZQlYRQlVXX4jW.jpg/480px-De_dansvloer_van_het_stoomschip_Lapland%2C_asset_P1GXV6TzZaaZQlYRQlVXX4jW.jpg?utm_source=commons.wikimedia.org&utm_campaign=imageinfo&utm_content=thumbnail,Public domain,,Unknown author Unknown author,https://dams.antwerpen.be/asset/P1GXV6TzZaaZQlYRQlVXX4jW,passed,candidate_not_for_training
52482429,File:01418-Karlsbad-1899-Speisesaal Hotel Nürnberger Hof-Brück & Sohn Kunstverlag.jpg,Dining rooms,https://commons.wikimedia.org/wiki/File:01418-Karlsbad-1899-Speisesaal_Hotel_N%C3%BCrnberger_Hof-Br%C3%BCck_%26_Sohn_Kunstverlag.jpg,https://upload.wikimedia.org/wikipedia/commons/e/e9/01418-Karlsbad-1899-Speisesaal_Hotel_N%C3%BCrnberger_Hof-Br%C3%BCck_%26_Sohn_Kunstverlag.jpg?utm_source=commons.wikimedia.org&utm_campaign=imageinfo&utm_content=original,https://upload.wikimedia.org/wikipedia/commons/thumb/e/e9/01418-Karlsbad-1899-Speisesaal_Hotel_N%C3%BCrnberger_Hof-Br%C3%BCck_%26_Sohn_Kunstverlag.jpg/480px-01418-Karlsbad-1899-Speisesaal_Hotel_N%C3%BCrnberger_Hof-Br%C3%BCck_%26_Sohn_Kunstverlag.jpg?utm_source=commons.wikimedia.org&utm_campaign=imageinfo&utm_content=thumbnail,CC0,http://creativecommons.org/publicdomain/zero/1.0/deed.en,Brück & Sohn Kunstverlag Meißen,Own work,passed,candidate_not_for_training
29048969,File:A. B. Chase piano on the wall.jpg,Living rooms,https://commons.wikimedia.org/wiki/File:A._B._Chase_piano_on_the_wall.jpg,https://upload.wikimedia.org/wikipedia/commons/4/44/A._B._Chase_piano_on_the_wall.jpg?utm_source=commons.wikimedia.org&utm_campaign=imageinfo&utm_content=original,https://upload.wikimedia.org/wikipedia/commons/thumb/4/44/A._B._Chase_piano_on_the_wall.jpg/480px-A._B._Chase_piano_on_the_wall.jpg?utm_source=commons.wikimedia.org&utm_campaign=imageinfo&utm_content=thumbnail,CC BY 2.0,https://creativecommons.org/licenses/by/2.0,"Chad Johnson from Lake Linden, MI, USA",The piano,passed,candidate_not_for_training
186688280,"File:Nicosia, Cyprus, Ottoman house, reception room.jpg",Reception rooms,"https://commons.wikimedia.org/wiki/File:Nicosia,_Cyprus,_Ottoman_house,_reception_room.jpg",https://upload.wikimedia.org/wikipedia/commons/0/0c/Nicosia%2C_Cyprus%2C_Ottoman_house%2C_reception_room.jpg?utm_source=commons.wikimedia.org&utm_campaign=imageinfo&utm_content=original,https://upload.wikimedia.org/wikipedia/commons/thumb/0/0c/Nicosia%2C_Cyprus%2C_Ottoman_house%2C_reception_room.jpg/480px-Nicosia%2C_Cyprus%2C_Ottoman_house%2C_reception_room.jpg?utm_source=commons.wikimedia.org&utm_campaign=imageinfo&utm_content=thumbnail,CC0,http://creativecommons.org/publicdomain/zero/1.0/deed.en,Gerda Arendt,Own work,passed,candidate_not_for_training
173249982,"File:Chateau de Tourreau - Provence, France - Wedding Photography 02.jpg",Wedding venues,"https://commons.wikimedia.org/wiki/File:Chateau_de_Tourreau_-_Provence,_France_-_Wedding_Photography_02.jpg",https://upload.wikimedia.org/wikipedia/commons/b/b7/Chateau_de_Tourreau_-_Provence%2C_France_-_Wedding_Photography_02.jpg?utm_source=commons.wikimedia.org&utm_campaign=imageinfo&utm_content=original,https://upload.wikimedia.org/wikipedia/commons/thumb/b/b7/Chateau_de_Tourreau_-_Provence%2C_France_-_Wedding_Photography_02.jpg/480px-Chateau_de_Tourreau_-_Provence%2C_France_-_Wedding_Photography_02.jpg?utm_source=commons.wikimedia.org&utm_campaign=imageinfo&utm_content=thumbnail,CC BY 4.0,https://creativecommons.org/licenses/by/4.0,StillMiracle,Own work,passed,candidate_not_for_training
165242285,File:MC-0273 (003).jpg,Event venues,https://commons.wikimedia.org/wiki/File:MC-0273_(003).jpg,https://upload.wikimedia.org/wikipedia/commons/6/66/MC-0273_%28003%29.jpg?utm_source=commons.wikimedia.org&utm_campaign=imageinfo&utm_content=original,https://upload.wikimedia.org/wikipedia/commons/thumb/6/66/MC-0273_%28003%29.jpg/480px-MC-0273_%28003%29.jpg?utm_source=commons.wikimedia.org&utm_campaign=imageinfo&utm_content=thumbnail,CC BY 4.0,https://creativecommons.org/licenses/by/4.0,MC34NYC,Own work,passed,candidate_not_for_training
65165000,File:IMG 20170717-hotel-mirage-lobby-struga-2017.jpg,Hotel lobbies,https://commons.wikimedia.org/wiki/File:IMG_20170717-hotel-mirage-lobby-struga-2017.jpg,https://upload.wikimedia.org/wikipedia/commons/9/90/IMG_20170717-hotel-mirage-lobby-struga-2017.jpg?utm_source=commons.wikimedia.org&utm_campaign=imageinfo&utm_content=original,https://upload.wikimedia.org/wikipedia/commons/thumb/9/90/IMG_20170717-hotel-mirage-lobby-struga-2017.jpg/480px-IMG_20170717-hotel-mirage-lobby-struga-2017.jpg?utm_source=commons.wikimedia.org&utm_campaign=imageinfo&utm_content=thumbnail,CC0,http://creativecommons.org/publicdomain/zero/1.0/deed.en,Rakoon,Own work,passed,candidate_not_for_training
23615360,File:Acacia Ridge Hall viewed from Cooley Street (6264877917).jpg,Community halls,https://commons.wikimedia.org/wiki/File:Acacia_Ridge_Hall_viewed_from_Cooley_Street_(6264877917).jpg,https://upload.wikimedia.org/wikipedia/commons/6/61/Acacia_Ridge_Hall_viewed_from_Cooley_Street_%286264877917%29.jpg?utm_source=commons.wikimedia.org&utm_campaign=imageinfo&utm_content=original,https://upload.wikimedia.org/wikipedia/commons/thumb/6/61/Acacia_Ridge_Hall_viewed_from_Cooley_Street_%286264877917%29.jpg/480px-Acacia_Ridge_Hall_viewed_from_Cooley_Street_%286264877917%29.jpg?utm_source=commons.wikimedia.org&utm_campaign=imageinfo&utm_content=thumbnail,CC BY 2.0,https://creativecommons.org/licenses/by/2.0,Brisbane City Council,Acacia Ridge Hall viewed from Cooley Street,passed,candidate_not_for_training
86480093,File:Emergenza coronavirus (49469541532).jpg,Meeting rooms,https://commons.wikimedia.org/wiki/File:Emergenza_coronavirus_(49469541532).jpg,https://upload.wikimedia.org/wikipedia/commons/2/23/Emergenza_coronavirus_%2849469541532%29.jpg?utm_source=commons.wikimedia.org&utm_campaign=imageinfo&utm_content=original,https://upload.wikimedia.org/wikipedia/commons/thumb/2/23/Emergenza_coronavirus_%2849469541532%29.jpg/500px-Emergenza_coronavirus_%2849469541532%29.jpg?utm_source=commons.wikimedia.org&utm_campaign=imageinfo&utm_content=thumbnail,CC BY 2.0,https://creativecommons.org/licenses/by/2.0,Dipartimento Protezione Civile from Italia,Emergenza coronavirus,passed,candidate_not_for_training
132678521,File:230605-D-TT977-0243.jpg,Conference rooms,https://commons.wikimedia.org/wiki/File:230605-D-TT977-0243.jpg,https://upload.wikimedia.org/wikipedia/commons/2/2e/230605-D-TT977-0243.jpg?utm_source=commons.wikimedia.org&utm_campaign=imageinfo&utm_content=original,https://upload.wikimedia.org/wikipedia/commons/thumb/2/2e/230605-D-TT977-0243.jpg/500px-230605-D-TT977-0243.jpg?utm_source=commons.wikimedia.org&utm_campaign=imageinfo&utm_content=thumbnail,CC BY 2.0,https://creativecommons.org/licenses/by/2.0,U.S. Secretary of Defense,https://www.flickr.com/photos/68842444@N03/52952055659/,passed,candidate_not_for_training
178333690,File:'t Aygems Cafeetje - binnen 5 (Q134888692.jpg,Interiors of restaurants,https://commons.wikimedia.org/wiki/File:%27t_Aygems_Cafeetje_-_binnen_5_(Q134888692.jpg,https://upload.wikimedia.org/wikipedia/commons/c/c7/%27t_Aygems_Cafeetje_-_binnen_5_%28Q134888692.jpg?utm_source=commons.wikimedia.org&utm_campaign=imageinfo&utm_content=original,https://upload.wikimedia.org/wikipedia/commons/thumb/c/c7/%27t_Aygems_Cafeetje_-_binnen_5_%28Q134888692.jpg/500px-%27t_Aygems_Cafeetje_-_binnen_5_%28Q134888692.jpg?utm_source=commons.wikimedia.org&utm_campaign=imageinfo&utm_content=thumbnail,CC BY 4.0,https://creativecommons.org/licenses/by/4.0,JanV1962,Own work,passed,candidate_not_for_training
19307822,File:CTBTO International Scientific Studies 2009 - day 1 - Flickr - The Official CTBTO Photostream (13).jpg,Convention centers,https://commons.wikimedia.org/wiki/File:CTBTO_International_Scientific_Studies_2009_-_day_1_-_Flickr_-_The_Official_CTBTO_Photostream_(13).jpg,https://upload.wikimedia.org/wikipedia/commons/f/f3/CTBTO_International_Scientific_Studies_2009_-_day_1_-_Flickr_-_The_Official_CTBTO_Photostream_%2813%29.jpg?utm_source=commons.wikimedia.org&utm_campaign=imageinfo&utm_content=original,https://upload.wikimedia.org/wikipedia/commons/thumb/f/f3/CTBTO_International_Scientific_Studies_2009_-_day_1_-_Flickr_-_The_Official_CTBTO_Photostream_%2813%29.jpg/500px-CTBTO_International_Scientific_Studies_2009_-_day_1_-_Flickr_-_The_Official_CTBTO_Photostream_%2813%29.jpg?utm_source=commons.wikimedia.org&utm_campaign=imageinfo&utm_content=thumbnail,CC BY 2.0,https://creativecommons.org/licenses/by/2.0,The Official CTBTO Photostream,CTBTO International Scientific Studies 2009 - day 1,passed,candidate_not_for_training
6751657,File:Bern Stadttheater Foyer.jpg,Foyers,https://commons.wikimedia.org/wiki/File:Bern_Stadttheater_Foyer.jpg,https://upload.wikimedia.org/wikipedia/commons/4/40/Bern_Stadttheater_Foyer.jpg?utm_source=commons.wikimedia.org&utm_campaign=imageinfo&utm_content=original,https://upload.wikimedia.org/wikipedia/commons/thumb/4/40/Bern_Stadttheater_Foyer.jpg/500px-Bern_Stadttheater_Foyer.jpg?utm_source=commons.wikimedia.org&utm_campaign=imageinfo&utm_content=thumbnail,CC BY 3.0,https://creativecommons.org/licenses/by/3.0,Photo: Andreas Praefcke,Self-photographed,passed,candidate_not_for_training
42133404,"File:The old entrance hall to ""Gloddaeth"" near Conway - an ancient mansion belonging to the Hon. E. M. Ll. Mostyn M. P.jpeg",Banquet halls,https://commons.wikimedia.org/wiki/File:The_old_entrance_hall_to_%22Gloddaeth%22_near_Conway_-_an_ancient_mansion_belonging_to_the_Hon._E._M._Ll._Mostyn_M._P.jpeg,https://upload.wikimedia.org/wikipedia/commons/f/fe/The_old_entrance_hall_to_%22Gloddaeth%22_near_Conway_-_an_ancient_mansion_belonging_to_the_Hon._E._M._Ll._Mostyn_M._P.jpeg?utm_source=commons.wikimedia.org&utm_campaign=imageinfo&utm_content=original,https://upload.wikimedia.org/wikipedia/commons/f/fe/The_old_entrance_hall_to_%22Gloddaeth%22_near_Conway_-_an_ancient_mansion_belonging_to_the_Hon._E._M._Ll._Mostyn_M._P.jpeg?utm_source=commons.wikimedia.org&utm_campaign=imageinfo&utm_content=thumbnail_unscaled,Public domain,,Day & Son,This image is available from the National Library of Wales You can view this image in its original context on the NLW Catalogue,passed,candidate_not_for_training
17394510,File:Heritage day 2011 gnangarra-10.jpg,Ballrooms,https://commons.wikimedia.org/wiki/File:Heritage_day_2011_gnangarra-10.jpg,https://upload.wikimedia.org/wikipedia/commons/b/b2/Heritage_day_2011_gnangarra-10.jpg?utm_source=commons.wikimedia.org&utm_campaign=imageinfo&utm_content=original,https://upload.wikimedia.org/wikipedia/commons/thumb/b/b2/Heritage_day_2011_gnangarra-10.jpg/480px-Heritage_day_2011_gnangarra-10.jpg?utm_source=commons.wikimedia.org&utm_campaign=imageinfo&utm_content=thumbnail,CC BY 2.5 au,https://creativecommons.org/licenses/by/2.5/au/deed.en,User:Gnangarra,Own work,passed,candidate_not_for_training
52482431,File:01419-Karlsbad-1899-Speisesaal Hotel Nürnberger Hof-Brück & Sohn Kunstverlag.jpg,Dining rooms,https://commons.wikimedia.org/wiki/File:01419-Karlsbad-1899-Speisesaal_Hotel_N%C3%BCrnberger_Hof-Br%C3%BCck_%26_Sohn_Kunstverlag.jpg,https://upload.wikimedia.org/wikipedia/commons/5/52/01419-Karlsbad-1899-Speisesaal_Hotel_N%C3%BCrnberger_Hof-Br%C3%BCck_%26_Sohn_Kunstverlag.jpg?utm_source=commons.wikimedia.org&utm_campaign=imageinfo&utm_content=original,https://upload.wikimedia.org/wikipedia/commons/thumb/5/52/01419-Karlsbad-1899-Speisesaal_Hotel_N%C3%BCrnberger_Hof-Br%C3%BCck_%26_Sohn_Kunstverlag.jpg/480px-01419-Karlsbad-1899-Speisesaal_Hotel_N%C3%BCrnberger_Hof-Br%C3%BCck_%26_Sohn_Kunstverlag.jpg?utm_source=commons.wikimedia.org&utm_campaign=imageinfo&utm_content=thumbnail,CC0,http://creativecommons.org/publicdomain/zero/1.0/deed.en,Brück & Sohn Kunstverlag Meißen,Own work,passed,candidate_not_for_training
3267126,File:AlberoNataleLor.JPG,Living rooms,https://commons.wikimedia.org/wiki/File:AlberoNataleLor.JPG,https://upload.wikimedia.org/wikipedia/commons/8/89/AlberoNataleLor.JPG?utm_source=commons.wikimedia.org&utm_campaign=imageinfo&utm_content=original,https://upload.wikimedia.org/wikipedia/commons/thumb/8/89/AlberoNataleLor.JPG/480px-AlberoNataleLor.JPG?utm_source=commons.wikimedia.org&utm_campaign=imageinfo&utm_content=thumbnail,Public domain,,Loroli,Own work,passed,candidate_not_for_training
8473524,File:Park receptionarea 1.jpg,Reception rooms,https://commons.wikimedia.org/wiki/File:Park_receptionarea_1.jpg,https://upload.wikimedia.org/wikipedia/commons/1/1e/Park_receptionarea_1.jpg?utm_source=commons.wikimedia.org&utm_campaign=imageinfo&utm_content=original,https://upload.wikimedia.org/wikipedia/commons/thumb/1/1e/Park_receptionarea_1.jpg/480px-Park_receptionarea_1.jpg?utm_source=commons.wikimedia.org&utm_campaign=imageinfo&utm_content=thumbnail,Public domain,,Smbre,Fotograf Stig Morten Bredvei,passed,candidate_not_for_training
134698324,File:CommelliniEstateNorthFace.jpg,Wedding venues,https://commons.wikimedia.org/wiki/File:CommelliniEstateNorthFace.jpg,https://upload.wikimedia.org/wikipedia/commons/9/9a/CommelliniEstateNorthFace.jpg?utm_source=commons.wikimedia.org&utm_campaign=imageinfo&utm_content=original,https://upload.wikimedia.org/wikipedia/commons/thumb/9/9a/CommelliniEstateNorthFace.jpg/480px-CommelliniEstateNorthFace.jpg?utm_source=commons.wikimedia.org&utm_campaign=imageinfo&utm_content=thumbnail,CC0,http://creativecommons.org/publicdomain/zero/1.0/deed.en,T85cr1ft19m1n,Own work,passed,candidate_not_for_training
112554612,File:Mozcon SEO & Marketing Conference.jpg,Event venues,https://commons.wikimedia.org/wiki/File:Mozcon_SEO_%26_Marketing_Conference.jpg,https://upload.wikimedia.org/wikipedia/commons/9/99/Mozcon_SEO_%26_Marketing_Conference.jpg?utm_source=commons.wikimedia.org&utm_campaign=imageinfo&utm_content=original,https://upload.wikimedia.org/wikipedia/commons/thumb/9/99/Mozcon_SEO_%26_Marketing_Conference.jpg/480px-Mozcon_SEO_%26_Marketing_Conference.jpg?utm_source=commons.wikimedia.org&utm_campaign=imageinfo&utm_content=thumbnail,CC BY 2.0,https://creativecommons.org/licenses/by/2.0,delegateconnectimages,https://www.flickr.com/photos/193385443@N05/51295482557/,passed,candidate_not_for_training
79007199,File:Monte Carlo (93922983).jpg,Hotel lobbies,https://commons.wikimedia.org/wiki/File:Monte_Carlo_(93922983).jpg,https://upload.wikimedia.org/wikipedia/commons/f/fd/Monte_Carlo_%2893922983%29.jpg?utm_source=commons.wikimedia.org&utm_campaign=imageinfo&utm_content=original,https://upload.wikimedia.org/wikipedia/commons/thumb/f/fd/Monte_Carlo_%2893922983%29.jpg/480px-Monte_Carlo_%2893922983%29.jpg?utm_source=commons.wikimedia.org&utm_campaign=imageinfo&utm_content=thumbnail,CC BY 2.0,https://creativecommons.org/licenses/by/2.0,"Herry Lawford from Stockbridge, UK",Monte Carlo,passed,candidate_not_for_training
23615352,File:Bracken Ridge Hall courtyard (6274672680).jpg,Community halls,https://commons.wikimedia.org/wiki/File:Bracken_Ridge_Hall_courtyard_(6274672680).jpg,https://upload.wikimedia.org/wikipedia/commons/b/ba/Bracken_Ridge_Hall_courtyard_%286274672680%29.jpg?utm_source=commons.wikimedia.org&utm_campaign=imageinfo&utm_content=original,https://upload.wikimedia.org/wikipedia/commons/thumb/b/ba/Bracken_Ridge_Hall_courtyard_%286274672680%29.jpg/480px-Bracken_Ridge_Hall_courtyard_%286274672680%29.jpg?utm_source=commons.wikimedia.org&utm_campaign=imageinfo&utm_content=thumbnail,CC BY 2.0,https://creativecommons.org/licenses/by/2.0,Brisbane City Council,Bracken Ridge Hall courtyard,passed,candidate_not_for_training
87221213,File:Emergenza coronavirus (49497695101).jpg,Meeting rooms,https://commons.wikimedia.org/wiki/File:Emergenza_coronavirus_(49497695101).jpg,https://upload.wikimedia.org/wikipedia/commons/9/90/Emergenza_coronavirus_%2849497695101%29.jpg?utm_source=commons.wikimedia.org&utm_campaign=imageinfo&utm_content=original,https://upload.wikimedia.org/wikipedia/commons/thumb/9/90/Emergenza_coronavirus_%2849497695101%29.jpg/500px-Emergenza_coronavirus_%2849497695101%29.jpg?utm_source=commons.wikimedia.org&utm_campaign=imageinfo&utm_content=thumbnail,CC BY 2.0,https://creativecommons.org/licenses/by/2.0,Dipartimento Protezione Civile from Italia,Emergenza coronavirus,passed,candidate_not_for_training
17343759,File:Aoi osaki.jpg,Conference rooms,https://commons.wikimedia.org/wiki/File:Aoi_osaki.jpg,https://upload.wikimedia.org/wikipedia/commons/0/05/Aoi_osaki.jpg?utm_source=commons.wikimedia.org&utm_campaign=imageinfo&utm_content=original,https://upload.wikimedia.org/wikipedia/commons/thumb/0/05/Aoi_osaki.jpg/500px-Aoi_osaki.jpg?utm_source=commons.wikimedia.org&utm_campaign=imageinfo&utm_content=thumbnail,CC0,http://creativecommons.org/publicdomain/zero/1.0/deed.en,No machine-readable author provided. Fj6231 assumed (based on copyright claims).,No machine-readable source provided. Own work assumed (based on copyright claims).,passed,candidate_not_for_training
74147453,File:A tacky lamp at Trailer Park restaurant. (25989390132).jpg,Interiors of restaurants,https://commons.wikimedia.org/wiki/File:A_tacky_lamp_at_Trailer_Park_restaurant._(25989390132).jpg,https://upload.wikimedia.org/wikipedia/commons/e/e1/A_tacky_lamp_at_Trailer_Park_restaurant._%2825989390132%29.jpg?utm_source=commons.wikimedia.org&utm_campaign=imageinfo&utm_content=original,https://upload.wikimedia.org/wikipedia/commons/thumb/e/e1/A_tacky_lamp_at_Trailer_Park_restaurant._%2825989390132%29.jpg/500px-A_tacky_lamp_at_Trailer_Park_restaurant._%2825989390132%29.jpg?utm_source=commons.wikimedia.org&utm_campaign=imageinfo&utm_content=thumbnail,CC BY 2.0,https://creativecommons.org/licenses/by/2.0,"Billie Grace Ward from New York, USA",A tacky lamp at Trailer Park restaurant.,passed,candidate_not_for_training
19307723,File:CTBTO International Scientific Studies 2009 - day 1 - Flickr - The Official CTBTO Photostream (2).jpg,Convention centers,https://commons.wikimedia.org/wiki/File:CTBTO_International_Scientific_Studies_2009_-_day_1_-_Flickr_-_The_Official_CTBTO_Photostream_(2).jpg,https://upload.wikimedia.org/wikipedia/commons/8/87/CTBTO_International_Scientific_Studies_2009_-_day_1_-_Flickr_-_The_Official_CTBTO_Photostream_%282%29.jpg?utm_source=commons.wikimedia.org&utm_campaign=imageinfo&utm_content=original,https://upload.wikimedia.org/wikipedia/commons/thumb/8/87/CTBTO_International_Scientific_Studies_2009_-_day_1_-_Flickr_-_The_Official_CTBTO_Photostream_%282%29.jpg/500px-CTBTO_International_Scientific_Studies_2009_-_day_1_-_Flickr_-_The_Official_CTBTO_Photostream_%282%29.jpg?utm_source=commons.wikimedia.org&utm_campaign=imageinfo&utm_content=thumbnail,CC BY 2.0,https://creativecommons.org/licenses/by/2.0,The Official CTBTO Photostream,CTBTO International Scientific Studies 2009 - day 1,passed,candidate_not_for_training
182291972,File:Carl Witzmann Foyer des Scala Theaters in Wien.jpg,Foyers,https://commons.wikimedia.org/wiki/File:Carl_Witzmann_Foyer_des_Scala_Theaters_in_Wien.jpg,https://upload.wikimedia.org/wikipedia/commons/6/67/Carl_Witzmann_Foyer_des_Scala_Theaters_in_Wien.jpg?utm_source=commons.wikimedia.org&utm_campaign=imageinfo&utm_content=original,https://upload.wikimedia.org/wikipedia/commons/thumb/6/67/Carl_Witzmann_Foyer_des_Scala_Theaters_in_Wien.jpg/500px-Carl_Witzmann_Foyer_des_Scala_Theaters_in_Wien.jpg?utm_source=commons.wikimedia.org&utm_campaign=imageinfo&utm_content=thumbnail,Public domain,,Carl Witzmann,Dorotheum : Info about artwork,passed,candidate_not_for_training
6960497,File:Palacio San Martin ballroom.jpg,Ballrooms,https://commons.wikimedia.org/wiki/File:Palacio_San_Martin_ballroom.jpg,https://upload.wikimedia.org/wikipedia/commons/f/f4/Palacio_San_Martin_ballroom.jpg?utm_source=commons.wikimedia.org&utm_campaign=imageinfo&utm_content=original,https://upload.wikimedia.org/wikipedia/commons/thumb/f/f4/Palacio_San_Martin_ballroom.jpg/480px-Palacio_San_Martin_ballroom.jpg?utm_source=commons.wikimedia.org&utm_campaign=imageinfo&utm_content=thumbnail,CC BY 2.0,https://creativecommons.org/licenses/by/2.0,Alicia Nijdam,Palacio San Martin,passed,candidate_not_for_training
65265858,File:034a Padua dining-room.jpg,Dining rooms,https://commons.wikimedia.org/wiki/File:034a_Padua_dining-room.jpg,https://upload.wikimedia.org/wikipedia/commons/e/e9/034a_Padua_dining-room.jpg?utm_source=commons.wikimedia.org&utm_campaign=imageinfo&utm_content=original,https://upload.wikimedia.org/wikipedia/commons/thumb/e/e9/034a_Padua_dining-room.jpg/480px-034a_Padua_dining-room.jpg?utm_source=commons.wikimedia.org&utm_campaign=imageinfo&utm_content=thumbnail,Public domain,,Czaich Á. Gilbert és Fráter Aladár,X. Pius X. pápa. Pius pápa életének és uralkodásának története napjainkig. Budapest 1907 book,passed,candidate_not_for_training
108966921,File:Another Accidental Image - Flickr - Dennis S. Hurd.jpg,Living rooms,https://commons.wikimedia.org/wiki/File:Another_Accidental_Image_-_Flickr_-_Dennis_S._Hurd.jpg,https://upload.wikimedia.org/wikipedia/commons/8/81/Another_Accidental_Image_-_Flickr_-_Dennis_S._Hurd.jpg?utm_source=commons.wikimedia.org&utm_campaign=imageinfo&utm_content=original,https://upload.wikimedia.org/wikipedia/commons/thumb/8/81/Another_Accidental_Image_-_Flickr_-_Dennis_S._Hurd.jpg/480px-Another_Accidental_Image_-_Flickr_-_Dennis_S._Hurd.jpg?utm_source=commons.wikimedia.org&utm_campaign=imageinfo&utm_content=thumbnail,CC BY 2.0,https://creativecommons.org/licenses/by/2.0,Dennis Sylvester Hurd,Another Accidental Image,passed,candidate_not_for_training
83447510,File:PikiWiki Israel 58091 jaffa - old city.jpg,Reception rooms,https://commons.wikimedia.org/wiki/File:PikiWiki_Israel_58091_jaffa_-_old_city.jpg,https://upload.wikimedia.org/wikipedia/commons/a/ac/PikiWiki_Israel_58091_jaffa_-_old_city.jpg?utm_source=commons.wikimedia.org&utm_campaign=imageinfo&utm_content=original,https://upload.wikimedia.org/wikipedia/commons/thumb/a/ac/PikiWiki_Israel_58091_jaffa_-_old_city.jpg/480px-PikiWiki_Israel_58091_jaffa_-_old_city.jpg?utm_source=commons.wikimedia.org&utm_campaign=imageinfo&utm_content=thumbnail,CC BY 2.5,https://creativecommons.org/licenses/by/2.5,Ariel Manor,Heritage conservation picture Project - Jaffa Port via the PikiWiki - Israel free image collection project,passed,candidate_not_for_training
134698323,File:CommelliniEstateSouthFace.jpg,Wedding venues,https://commons.wikimedia.org/wiki/File:CommelliniEstateSouthFace.jpg,https://upload.wikimedia.org/wikipedia/commons/d/db/CommelliniEstateSouthFace.jpg?utm_source=commons.wikimedia.org&utm_campaign=imageinfo&utm_content=original,https://upload.wikimedia.org/wikipedia/commons/thumb/d/db/CommelliniEstateSouthFace.jpg/480px-CommelliniEstateSouthFace.jpg?utm_source=commons.wikimedia.org&utm_campaign=imageinfo&utm_content=thumbnail,CC0,http://creativecommons.org/publicdomain/zero/1.0/deed.en,T85cr1ft19m1n,Own work,passed,candidate_not_for_training
162824192,File:Muri Okuola Park.jpg,Event venues,https://commons.wikimedia.org/wiki/File:Muri_Okuola_Park.jpg,https://upload.wikimedia.org/wikipedia/commons/7/7b/Muri_Okuola_Park.jpg?utm_source=commons.wikimedia.org&utm_campaign=imageinfo&utm_content=original,https://upload.wikimedia.org/wikipedia/commons/thumb/7/7b/Muri_Okuola_Park.jpg/480px-Muri_Okuola_Park.jpg?utm_source=commons.wikimedia.org&utm_campaign=imageinfo&utm_content=thumbnail,CC BY 4.0,https://creativecommons.org/licenses/by/4.0,Zubaidabta12,Own work,passed,candidate_not_for_training
9992768,File:Tamm 1.jpg,Hotel lobbies,https://commons.wikimedia.org/wiki/File:Tamm_1.jpg,https://upload.wikimedia.org/wikipedia/commons/0/05/Tamm_1.jpg?utm_source=commons.wikimedia.org&utm_campaign=imageinfo&utm_content=original,https://upload.wikimedia.org/wikipedia/commons/thumb/0/05/Tamm_1.jpg/480px-Tamm_1.jpg?utm_source=commons.wikimedia.org&utm_campaign=imageinfo&utm_content=thumbnail,Public domain,,Western Region,Own work,passed,candidate_not_for_training
23615347,File:Bracken Ridge Hall kitchen (6274682046).jpg,Community halls,https://commons.wikimedia.org/wiki/File:Bracken_Ridge_Hall_kitchen_(6274682046).jpg,https://upload.wikimedia.org/wikipedia/commons/1/1e/Bracken_Ridge_Hall_kitchen_%286274682046%29.jpg?utm_source=commons.wikimedia.org&utm_campaign=imageinfo&utm_content=original,https://upload.wikimedia.org/wikipedia/commons/thumb/1/1e/Bracken_Ridge_Hall_kitchen_%286274682046%29.jpg/480px-Bracken_Ridge_Hall_kitchen_%286274682046%29.jpg?utm_source=commons.wikimedia.org&utm_campaign=imageinfo&utm_content=thumbnail,CC BY 2.0,https://creativecommons.org/licenses/by/2.0,Brisbane City Council,Bracken Ridge Hall kitchen,passed,candidate_not_for_training
105544053,File:Fotos produzidas pelo Senado (51190599735).jpg,Meeting rooms,https://commons.wikimedia.org/wiki/File:Fotos_produzidas_pelo_Senado_(51190599735).jpg,https://upload.wikimedia.org/wikipedia/commons/d/d9/Fotos_produzidas_pelo_Senado_%2851190599735%29.jpg?utm_source=commons.wikimedia.org&utm_campaign=imageinfo&utm_content=original,https://upload.wikimedia.org/wikipedia/commons/thumb/d/d9/Fotos_produzidas_pelo_Senado_%2851190599735%29.jpg/500px-Fotos_produzidas_pelo_Senado_%2851190599735%29.jpg?utm_source=commons.wikimedia.org&utm_campaign=imageinfo&utm_content=thumbnail,CC BY 2.0,https://creativecommons.org/licenses/by/2.0,"Senado Federal from Brasilia, Brazil",Fotos produzidas pelo Senado,passed,candidate_not_for_training
4784153,File:Bernerhof Chandelier Hall.jpg,Conference rooms,https://commons.wikimedia.org/wiki/File:Bernerhof_Chandelier_Hall.jpg,https://upload.wikimedia.org/wikipedia/commons/a/a8/Bernerhof_Chandelier_Hall.jpg?utm_source=commons.wikimedia.org&utm_campaign=imageinfo&utm_content=original,https://upload.wikimedia.org/wikipedia/commons/thumb/a/a8/Bernerhof_Chandelier_Hall.jpg/500px-Bernerhof_Chandelier_Hall.jpg?utm_source=commons.wikimedia.org&utm_campaign=imageinfo&utm_content=thumbnail,CC BY 3.0,https://creativecommons.org/licenses/by/3.0,Sandstein,Own work,passed,candidate_not_for_training
61911747,File:Alex Jones 2014-11-23 (Unsplash).jpg,Interiors of restaurants,https://commons.wikimedia.org/wiki/File:Alex_Jones_2014-11-23_(Unsplash).jpg,https://upload.wikimedia.org/wikipedia/commons/2/28/Alex_Jones_2014-11-23_%28Unsplash%29.jpg?utm_source=commons.wikimedia.org&utm_campaign=imageinfo&utm_content=original,https://upload.wikimedia.org/wikipedia/commons/thumb/2/28/Alex_Jones_2014-11-23_%28Unsplash%29.jpg/500px-Alex_Jones_2014-11-23_%28Unsplash%29.jpg?utm_source=commons.wikimedia.org&utm_campaign=imageinfo&utm_content=thumbnail,CC0,http://creativecommons.org/publicdomain/zero/1.0/deed.en,Alex Jones alexjones,https://unsplash.com/photos/v0_6jaOOjpk Image at the Wayback Machine Gallery at the Wayback Machine,passed,candidate_not_for_training
19308572,File:CTBTO International Scientific Studies 2009 - day 1 - Flickr - The Official CTBTO Photostream (26).jpg,Convention centers,https://commons.wikimedia.org/wiki/File:CTBTO_International_Scientific_Studies_2009_-_day_1_-_Flickr_-_The_Official_CTBTO_Photostream_(26).jpg,https://upload.wikimedia.org/wikipedia/commons/b/b2/CTBTO_International_Scientific_Studies_2009_-_day_1_-_Flickr_-_The_Official_CTBTO_Photostream_%2826%29.jpg?utm_source=commons.wikimedia.org&utm_campaign=imageinfo&utm_content=original,https://upload.wikimedia.org/wikipedia/commons/thumb/b/b2/CTBTO_International_Scientific_Studies_2009_-_day_1_-_Flickr_-_The_Official_CTBTO_Photostream_%2826%29.jpg/500px-CTBTO_International_Scientific_Studies_2009_-_day_1_-_Flickr_-_The_Official_CTBTO_Photostream_%2826%29.jpg?utm_source=commons.wikimedia.org&utm_campaign=imageinfo&utm_content=thumbnail,CC BY 2.0,https://creativecommons.org/licenses/by/2.0,The Official CTBTO Photostream,CTBTO International Scientific Studies 2009 - day 1,passed,candidate_not_for_training
8324723,File:Dallas Meyerson Center foyer.jpg,Foyers,https://commons.wikimedia.org/wiki/File:Dallas_Meyerson_Center_foyer.jpg,https://upload.wikimedia.org/wikipedia/commons/8/8b/Dallas_Meyerson_Center_foyer.jpg?utm_source=commons.wikimedia.org&utm_campaign=imageinfo&utm_content=original,https://upload.wikimedia.org/wikipedia/commons/thumb/8/8b/Dallas_Meyerson_Center_foyer.jpg/500px-Dallas_Meyerson_Center_foyer.jpg?utm_source=commons.wikimedia.org&utm_campaign=imageinfo&utm_content=thumbnail,CC BY 3.0,https://creativecommons.org/licenses/by/3.0,Photo: Andreas Praefcke,Self-photographed,passed,candidate_not_for_training
69377824,File:Sala de Baile do Palácio da Presidência da República - Illustração Portugueza (27Nov1911).png,Ballrooms,https://commons.wikimedia.org/wiki/File:Sala_de_Baile_do_Pal%C3%A1cio_da_Presid%C3%AAncia_da_Rep%C3%BAblica_-_Illustra%C3%A7%C3%A3o_Portugueza_(27Nov1911).png,https://upload.wikimedia.org/wikipedia/commons/e/ec/Sala_de_Baile_do_Pal%C3%A1cio_da_Presid%C3%AAncia_da_Rep%C3%BAblica_-_Illustra%C3%A7%C3%A3o_Portugueza_%2827Nov1911%29.png?utm_source=commons.wikimedia.org&utm_campaign=imageinfo&utm_content=original,https://upload.wikimedia.org/wikipedia/commons/e/ec/Sala_de_Baile_do_Pal%C3%A1cio_da_Presid%C3%AAncia_da_Rep%C3%BAblica_-_Illustra%C3%A7%C3%A3o_Portugueza_%2827Nov1911%29.png?utm_source=commons.wikimedia.org&utm_campaign=imageinfo&utm_content=thumbnail_unscaled,Public domain,,Joshua Benoliel,"Hemeroteca Digital: ""Ilustração Portuguesa"", 2.ª série, n.º 301, 27 de Novembro de 1911",passed,candidate_not_for_training
52596260,File:07547-Karlsbad-1906-Cafe Pupp - Innenansicht-Brück & Sohn Kunstverlag.jpg,Dining rooms,https://commons.wikimedia.org/wiki/File:07547-Karlsbad-1906-Cafe_Pupp_-_Innenansicht-Br%C3%BCck_%26_Sohn_Kunstverlag.jpg,https://upload.wikimedia.org/wikipedia/commons/b/b5/07547-Karlsbad-1906-Cafe_Pupp_-_Innenansicht-Br%C3%BCck_%26_Sohn_Kunstverlag.jpg?utm_source=commons.wikimedia.org&utm_campaign=imageinfo&utm_content=original,https://upload.wikimedia.org/wikipedia/commons/thumb/b/b5/07547-Karlsbad-1906-Cafe_Pupp_-_Innenansicht-Br%C3%BCck_%26_Sohn_Kunstverlag.jpg/480px-07547-Karlsbad-1906-Cafe_Pupp_-_Innenansicht-Br%C3%BCck_%26_Sohn_Kunstverlag.jpg?utm_source=commons.wikimedia.org&utm_campaign=imageinfo&utm_content=thumbnail,CC0,http://creativecommons.org/publicdomain/zero/1.0/deed.en,Brück & Sohn Kunstverlag Meißen,Own work,passed,candidate_not_for_training
1864334,File:Antesala.jpg,Living rooms,https://commons.wikimedia.org/wiki/File:Antesala.jpg,https://upload.wikimedia.org/wikipedia/commons/7/7a/Antesala.jpg?utm_source=commons.wikimedia.org&utm_campaign=imageinfo&utm_content=original,https://upload.wikimedia.org/wikipedia/commons/thumb/7/7a/Antesala.jpg/480px-Antesala.jpg?utm_source=commons.wikimedia.org&utm_campaign=imageinfo&utm_content=thumbnail,Public domain,,No machine-readable author provided. Pinki~commonswiki assumed (based on copyright claims).,No machine-readable source provided. Own work assumed (based on copyright claims).,passed,candidate_not_for_training
4499922,"File:Reception counter in the Windsor Hotel, Montreal, QC, about 1890.jpg",Reception rooms,"https://commons.wikimedia.org/wiki/File:Reception_counter_in_the_Windsor_Hotel,_Montreal,_QC,_about_1890.jpg",https://upload.wikimedia.org/wikipedia/commons/2/22/Reception_counter_in_the_Windsor_Hotel%2C_Montreal%2C_QC%2C_about_1890.jpg?utm_source=commons.wikimedia.org&utm_campaign=imageinfo&utm_content=original,https://upload.wikimedia.org/wikipedia/commons/2/22/Reception_counter_in_the_Windsor_Hotel%2C_Montreal%2C_QC%2C_about_1890.jpg?utm_source=commons.wikimedia.org&utm_campaign=imageinfo&utm_content=thumbnail_unscaled,Public domain,,Wm. Notman & Son,This image is available from the McCord Stewart Museum under the access number VIEW-2223 This tag does not indicate the copyright status of the attached work. A normal copyright tag is still required. See Commons:Licensing for more information.,passed,candidate_not_for_training
137555556,File:Cổng hoa trang trí tiệc cưới.jpg,Wedding venues,https://commons.wikimedia.org/wiki/File:C%E1%BB%95ng_hoa_trang_tr%C3%AD_ti%E1%BB%87c_c%C6%B0%E1%BB%9Bi.jpg,https://upload.wikimedia.org/wikipedia/commons/0/0b/C%E1%BB%95ng_hoa_trang_tr%C3%AD_ti%E1%BB%87c_c%C6%B0%E1%BB%9Bi.jpg?utm_source=commons.wikimedia.org&utm_campaign=imageinfo&utm_content=original,https://upload.wikimedia.org/wikipedia/commons/thumb/0/0b/C%E1%BB%95ng_hoa_trang_tr%C3%AD_ti%E1%BB%87c_c%C6%B0%E1%BB%9Bi.jpg/480px-C%E1%BB%95ng_hoa_trang_tr%C3%AD_ti%E1%BB%87c_c%C6%B0%E1%BB%9Bi.jpg?utm_source=commons.wikimedia.org&utm_campaign=imageinfo&utm_content=thumbnail,CC0,http://creativecommons.org/publicdomain/zero/1.0/deed.en,KOL Giới Trẻ,Own work,passed,candidate_not_for_training
130689249,"File:Nyköpings arenor, Rosvalla, 2023-04-09.jpg",Event venues,"https://commons.wikimedia.org/wiki/File:Nyk%C3%B6pings_arenor,_Rosvalla,_2023-04-09.jpg",https://upload.wikimedia.org/wikipedia/commons/5/51/Nyk%C3%B6pings_arenor%2C_Rosvalla%2C_2023-04-09.jpg?utm_source=commons.wikimedia.org&utm_campaign=imageinfo&utm_content=original,https://upload.wikimedia.org/wikipedia/commons/thumb/5/51/Nyk%C3%B6pings_arenor%2C_Rosvalla%2C_2023-04-09.jpg/480px-Nyk%C3%B6pings_arenor%2C_Rosvalla%2C_2023-04-09.jpg?utm_source=commons.wikimedia.org&utm_campaign=imageinfo&utm_content=thumbnail,CC BY 4.0,https://creativecommons.org/licenses/by/4.0,Axel Pettersson,Own work,passed,candidate_not_for_training
195969711,"File:Tokyo, Assorted - Tokyo639.jpg",Hotel lobbies,"https://commons.wikimedia.org/wiki/File:Tokyo,_Assorted_-_Tokyo639.jpg",https://upload.wikimedia.org/wikipedia/commons/6/64/Tokyo%2C_Assorted_-_Tokyo639.jpg?utm_source=commons.wikimedia.org&utm_campaign=imageinfo&utm_content=original,https://upload.wikimedia.org/wikipedia/commons/thumb/6/64/Tokyo%2C_Assorted_-_Tokyo639.jpg/480px-Tokyo%2C_Assorted_-_Tokyo639.jpg?utm_source=commons.wikimedia.org&utm_campaign=imageinfo&utm_content=thumbnail,CC0,http://creativecommons.org/publicdomain/zero/1.0/deed.en,lumoplank,https://www.flickr.com/photos/199350666@N08/53408568617,passed,candidate_not_for_training
216138,File:Goromboly CommunalHall.jpg,Community halls,https://commons.wikimedia.org/wiki/File:Goromboly_CommunalHall.jpg,https://upload.wikimedia.org/wikipedia/commons/f/f7/Goromboly_CommunalHall.jpg?utm_source=commons.wikimedia.org&utm_campaign=imageinfo&utm_content=original,https://upload.wikimedia.org/wikipedia/commons/thumb/f/f7/Goromboly_CommunalHall.jpg/480px-Goromboly_CommunalHall.jpg?utm_source=commons.wikimedia.org&utm_campaign=imageinfo&utm_content=thumbnail,CC BY 2.5,https://creativecommons.org/licenses/by/2.5,Unknown,Wikimedia Commons,passed,candidate_not_for_training
27213701,File:Fundatoriu salė Monte Pacis svetingumo komplekse.jpg,Meeting rooms,https://commons.wikimedia.org/wiki/File:Fundatoriu_sal%C4%97_Monte_Pacis_svetingumo_komplekse.jpg,https://upload.wikimedia.org/wikipedia/commons/1/1f/Fundatoriu_sal%C4%97_Monte_Pacis_svetingumo_komplekse.jpg?utm_source=commons.wikimedia.org&utm_campaign=imageinfo&utm_content=original,https://upload.wikimedia.org/wikipedia/commons/thumb/1/1f/Fundatoriu_sal%C4%97_Monte_Pacis_svetingumo_komplekse.jpg/500px-Fundatoriu_sal%C4%97_Monte_Pacis_svetingumo_komplekse.jpg?utm_source=commons.wikimedia.org&utm_campaign=imageinfo&utm_content=thumbnail,CC0,http://creativecommons.org/publicdomain/zero/1.0/deed.en,Monte Pacis,http://www.montepacis.lt/,passed,candidate_not_for_training
4784113,File:Bernerhof Large Salon.jpg,Conference rooms,https://commons.wikimedia.org/wiki/File:Bernerhof_Large_Salon.jpg,https://upload.wikimedia.org/wikipedia/commons/3/31/Bernerhof_Large_Salon.jpg?utm_source=commons.wikimedia.org&utm_campaign=imageinfo&utm_content=original,https://upload.wikimedia.org/wikipedia/commons/thumb/3/31/Bernerhof_Large_Salon.jpg/500px-Bernerhof_Large_Salon.jpg?utm_source=commons.wikimedia.org&utm_campaign=imageinfo&utm_content=thumbnail,CC BY 3.0,https://creativecommons.org/licenses/by/3.0,Sandstein,Own work,passed,candidate_not_for_training
196509371,File:Browns Social House interior - Tofino Canada 2026.jpg,Interiors of restaurants,https://commons.wikimedia.org/wiki/File:Browns_Social_House_interior_-_Tofino_Canada_2026.jpg,https://upload.wikimedia.org/wikipedia/commons/2/23/Browns_Social_House_interior_-_Tofino_Canada_2026.jpg?utm_source=commons.wikimedia.org&utm_campaign=imageinfo&utm_content=original,https://upload.wikimedia.org/wikipedia/commons/thumb/2/23/Browns_Social_House_interior_-_Tofino_Canada_2026.jpg/500px-Browns_Social_House_interior_-_Tofino_Canada_2026.jpg?utm_source=commons.wikimedia.org&utm_campaign=imageinfo&utm_content=thumbnail,CC BY 4.0,https://creativecommons.org/licenses/by/4.0,Carter Lacey,Own work,passed,candidate_not_for_training
19307737,File:CTBTO International Scientific Studies 2009 - day 1 - Flickr - The Official CTBTO Photostream (4).jpg,Convention centers,https://commons.wikimedia.org/wiki/File:CTBTO_International_Scientific_Studies_2009_-_day_1_-_Flickr_-_The_Official_CTBTO_Photostream_(4).jpg,https://upload.wikimedia.org/wikipedia/commons/9/99/CTBTO_International_Scientific_Studies_2009_-_day_1_-_Flickr_-_The_Official_CTBTO_Photostream_%284%29.jpg?utm_source=commons.wikimedia.org&utm_campaign=imageinfo&utm_content=original,https://upload.wikimedia.org/wikipedia/commons/thumb/9/99/CTBTO_International_Scientific_Studies_2009_-_day_1_-_Flickr_-_The_Official_CTBTO_Photostream_%284%29.jpg/500px-CTBTO_International_Scientific_Studies_2009_-_day_1_-_Flickr_-_The_Official_CTBTO_Photostream_%284%29.jpg?utm_source=commons.wikimedia.org&utm_campaign=imageinfo&utm_content=thumbnail,CC BY 2.0,https://creativecommons.org/licenses/by/2.0,The Official CTBTO Photostream,CTBTO International Scientific Studies 2009 - day 1,passed,candidate_not_for_training
33116940,File:Dock-street-threatre-lobby-sc1.jpg,Foyers,https://commons.wikimedia.org/wiki/File:Dock-street-threatre-lobby-sc1.jpg,https://upload.wikimedia.org/wikipedia/commons/7/75/Dock-street-threatre-lobby-sc1.jpg?utm_source=commons.wikimedia.org&utm_campaign=imageinfo&utm_content=original,https://upload.wikimedia.org/wikipedia/commons/thumb/7/75/Dock-street-threatre-lobby-sc1.jpg/500px-Dock-street-threatre-lobby-sc1.jpg?utm_source=commons.wikimedia.org&utm_campaign=imageinfo&utm_content=thumbnail,CC BY 3.0,https://creativecommons.org/licenses/by/3.0,Brian Stansberry,Own work,passed,candidate_not_for_training
8039432,File:Salão.JPG,Ballrooms,https://commons.wikimedia.org/wiki/File:Sal%C3%A3o.JPG,https://upload.wikimedia.org/wikipedia/commons/a/a4/Sal%C3%A3o.JPG?utm_source=commons.wikimedia.org&utm_campaign=imageinfo&utm_content=original,https://upload.wikimedia.org/wikipedia/commons/thumb/a/a4/Sal%C3%A3o.JPG/480px-Sal%C3%A3o.JPG?utm_source=commons.wikimedia.org&utm_campaign=imageinfo&utm_content=thumbnail,CC BY 3.0,https://creativecommons.org/licenses/by/3.0,Andrevruas,Own work,passed,candidate_not_for_training
52596264,File:07548-Karlsbad-1906-Cafe Pupp - Innenansicht-Brück & Sohn Kunstverlag.jpg,Dining rooms,https://commons.wikimedia.org/wiki/File:07548-Karlsbad-1906-Cafe_Pupp_-_Innenansicht-Br%C3%BCck_%26_Sohn_Kunstverlag.jpg,https://upload.wikimedia.org/wikipedia/commons/f/fd/07548-Karlsbad-1906-Cafe_Pupp_-_Innenansicht-Br%C3%BCck_%26_Sohn_Kunstverlag.jpg?utm_source=commons.wikimedia.org&utm_campaign=imageinfo&utm_content=original,https://upload.wikimedia.org/wikipedia/commons/thumb/f/fd/07548-Karlsbad-1906-Cafe_Pupp_-_Innenansicht-Br%C3%BCck_%26_Sohn_Kunstverlag.jpg/480px-07548-Karlsbad-1906-Cafe_Pupp_-_Innenansicht-Br%C3%BCck_%26_Sohn_Kunstverlag.jpg?utm_source=commons.wikimedia.org&utm_campaign=imageinfo&utm_content=thumbnail,CC0,http://creativecommons.org/publicdomain/zero/1.0/deed.en,Brück & Sohn Kunstverlag Meißen,Own work,passed,candidate_not_for_training
53972166,File:Armchair with flowers and bestlite lamp (8724495924).jpg,Living rooms,https://commons.wikimedia.org/wiki/File:Armchair_with_flowers_and_bestlite_lamp_(8724495924).jpg,https://upload.wikimedia.org/wikipedia/commons/0/0e/Armchair_with_flowers_and_bestlite_lamp_%288724495924%29.jpg?utm_source=commons.wikimedia.org&utm_campaign=imageinfo&utm_content=original,https://upload.wikimedia.org/wikipedia/commons/0/0e/Armchair_with_flowers_and_bestlite_lamp_%288724495924%29.jpg?utm_source=commons.wikimedia.org&utm_campaign=imageinfo&utm_content=thumbnail_unscaled,CC BY 2.0,https://creativecommons.org/licenses/by/2.0,"Wicker Paradise from New Rochelle, United States",#myhome#slettvoll#dorianmaxi#pillow#flower#wicker#basket#lamp#bestlite#bynord#vase# by @lindaheitmann1 was liked by the outdoor wicker furniture experts!,passed,candidate_not_for_training
167913231,"File:Reception room at Serbian Orthodox Episcopal Palace in Milton, Ontario.jpg",Reception rooms,"https://commons.wikimedia.org/wiki/File:Reception_room_at_Serbian_Orthodox_Episcopal_Palace_in_Milton,_Ontario.jpg",https://upload.wikimedia.org/wikipedia/commons/a/ac/Reception_room_at_Serbian_Orthodox_Episcopal_Palace_in_Milton%2C_Ontario.jpg?utm_source=commons.wikimedia.org&utm_campaign=imageinfo&utm_content=original,https://upload.wikimedia.org/wikipedia/commons/thumb/a/ac/Reception_room_at_Serbian_Orthodox_Episcopal_Palace_in_Milton%2C_Ontario.jpg/480px-Reception_room_at_Serbian_Orthodox_Episcopal_Palace_in_Milton%2C_Ontario.jpg?utm_source=commons.wikimedia.org&utm_campaign=imageinfo&utm_content=thumbnail,CC BY 2.0,https://creativecommons.org/licenses/by/2.0,Vujcic,Own work,passed,candidate_not_for_training
174054405,File:Ditton Manor.jpg,Wedding venues,https://commons.wikimedia.org/wiki/File:Ditton_Manor.jpg,https://upload.wikimedia.org/wikipedia/commons/3/3b/Ditton_Manor.jpg?utm_source=commons.wikimedia.org&utm_campaign=imageinfo&utm_content=original,https://upload.wikimedia.org/wikipedia/commons/thumb/3/3b/Ditton_Manor.jpg/480px-Ditton_Manor.jpg?utm_source=commons.wikimedia.org&utm_campaign=imageinfo&utm_content=thumbnail,CC0,http://creativecommons.org/publicdomain/zero/1.0/deed.en,DigitalKnowledgeCurator,Own work,passed,candidate_not_for_training
6076935,File:Vomitorium.png,Event venues,https://commons.wikimedia.org/wiki/File:Vomitorium.png,https://upload.wikimedia.org/wikipedia/commons/6/69/Vomitorium.png?utm_source=commons.wikimedia.org&utm_campaign=imageinfo&utm_content=original,https://upload.wikimedia.org/wikipedia/commons/6/69/Vomitorium.png?utm_source=commons.wikimedia.org&utm_campaign=imageinfo&utm_content=thumbnail_unscaled,Public domain,,w:en:User:Dyfsunctional,"w:en:File:Vomitorium.png , where it was uploaded by w:en:User:Dyfsunctional with ""PD-self""; this tag on enwikipedia means Dysfunctional holds the copyright to the image and releases it into the PD.",passed,candidate_not_for_training
23615344,File:Jagera Arts Centre (6274934076).jpg,Community halls,https://commons.wikimedia.org/wiki/File:Jagera_Arts_Centre_(6274934076).jpg,https://upload.wikimedia.org/wikipedia/commons/b/b6/Jagera_Arts_Centre_%286274934076%29.jpg?utm_source=commons.wikimedia.org&utm_campaign=imageinfo&utm_content=original,https://upload.wikimedia.org/wikipedia/commons/thumb/b/b6/Jagera_Arts_Centre_%286274934076%29.jpg/480px-Jagera_Arts_Centre_%286274934076%29.jpg?utm_source=commons.wikimedia.org&utm_campaign=imageinfo&utm_content=thumbnail,CC BY 2.0,https://creativecommons.org/licenses/by/2.0,Brisbane City Council,Jagera Arts Centre,passed,candidate_not_for_training
33633823,File:Gfp-meeting-room.jpg,Meeting rooms,https://commons.wikimedia.org/wiki/File:Gfp-meeting-room.jpg,https://upload.wikimedia.org/wikipedia/commons/c/c0/Gfp-meeting-room.jpg?utm_source=commons.wikimedia.org&utm_campaign=imageinfo&utm_content=original,https://upload.wikimedia.org/wikipedia/commons/thumb/c/c0/Gfp-meeting-room.jpg/500px-Gfp-meeting-room.jpg?utm_source=commons.wikimedia.org&utm_campaign=imageinfo&utm_content=thumbnail,Public Domain,https://web.archive.org/web/20230926203737/https://creativecommons.org/licenses/publicdomain/,Yinan Chen,"www.goodfreephotos.com ( gallery , image )",passed,candidate_not_for_training
2236304,File:BMF Europasaal 2.jpg,Conference rooms,https://commons.wikimedia.org/wiki/File:BMF_Europasaal_2.jpg,https://upload.wikimedia.org/wikipedia/commons/e/ed/BMF_Europasaal_2.jpg?utm_source=commons.wikimedia.org&utm_campaign=imageinfo&utm_content=original,https://upload.wikimedia.org/wikipedia/commons/thumb/e/ed/BMF_Europasaal_2.jpg/500px-BMF_Europasaal_2.jpg?utm_source=commons.wikimedia.org&utm_campaign=imageinfo&utm_content=thumbnail,CC BY 3.0,https://creativecommons.org/licenses/by/3.0,Photo: Andreas Praefcke,Self-photographed,passed,candidate_not_for_training
112454062,File:Fixing Pret a Mange Fridge in NJ Tpk Vincent Lombardi Stop.jpg,Interiors of restaurants,https://commons.wikimedia.org/wiki/File:Fixing_Pret_a_Mange_Fridge_in_NJ_Tpk_Vincent_Lombardi_Stop.jpg,https://upload.wikimedia.org/wikipedia/commons/9/93/Fixing_Pret_a_Mange_Fridge_in_NJ_Tpk_Vincent_Lombardi_Stop.jpg?utm_source=commons.wikimedia.org&utm_campaign=imageinfo&utm_content=original,https://upload.wikimedia.org/wikipedia/commons/thumb/9/93/Fixing_Pret_a_Mange_Fridge_in_NJ_Tpk_Vincent_Lombardi_Stop.jpg/500px-Fixing_Pret_a_Mange_Fridge_in_NJ_Tpk_Vincent_Lombardi_Stop.jpg?utm_source=commons.wikimedia.org&utm_campaign=imageinfo&utm_content=thumbnail,CC0,http://creativecommons.org/publicdomain/zero/1.0/deed.en,Bonnachoven,Own work,passed,candidate_not_for_training
160935886,"File:Cultural and Exhibition Center, Pokrovskoye-Streshnevo District, Moscow.jpg",Convention centers,"https://commons.wikimedia.org/wiki/File:Cultural_and_Exhibition_Center,_Pokrovskoye-Streshnevo_District,_Moscow.jpg",https://upload.wikimedia.org/wikipedia/commons/5/51/Cultural_and_Exhibition_Center%2C_Pokrovskoye-Streshnevo_District%2C_Moscow.jpg?utm_source=commons.wikimedia.org&utm_campaign=imageinfo&utm_content=original,https://upload.wikimedia.org/wikipedia/commons/thumb/5/51/Cultural_and_Exhibition_Center%2C_Pokrovskoye-Streshnevo_District%2C_Moscow.jpg/500px-Cultural_and_Exhibition_Center%2C_Pokrovskoye-Streshnevo_District%2C_Moscow.jpg?utm_source=commons.wikimedia.org&utm_campaign=imageinfo&utm_content=thumbnail,CC BY 4.0,https://creativecommons.org/licenses/by/4.0,SayaAndy,Own work,passed,candidate_not_for_training
61211363,File:Elokuvateatteri-Kruunu-1966.jpg,Foyers,https://commons.wikimedia.org/wiki/File:Elokuvateatteri-Kruunu-1966.jpg,https://upload.wikimedia.org/wikipedia/commons/5/52/Elokuvateatteri-Kruunu-1966.jpg?utm_source=commons.wikimedia.org&utm_campaign=imageinfo&utm_content=original,https://upload.wikimedia.org/wikipedia/commons/thumb/5/52/Elokuvateatteri-Kruunu-1966.jpg/500px-Elokuvateatteri-Kruunu-1966.jpg?utm_source=commons.wikimedia.org&utm_campaign=imageinfo&utm_content=thumbnail,Public domain,,Anonymous Unknown author,"http://hs.mediadelivery.io/img/1920/3ccf7244161a40369ec171ff693fa98a.jpg Used in articles Helsingin Sanomat, 13.7.2017, Kuva-arvoitus: Täällä ollaan vaan ja hengaillaan Helsingin Sanomat, 20.7.2017, Kuva-arvoitus: Tartu tiukasti kiinni ja pyöritä (answer for the 13.7. picture quest) Helsingin Sanomat, 27.11.2015, Uusi elokuvateatteri yhdistää elokuvat ja baarin",passed,candidate_not_for_training
29697021,File:Sen.John Edwards (6354753405).jpg,Ballrooms,https://commons.wikimedia.org/wiki/File:Sen.John_Edwards_(6354753405).jpg,https://upload.wikimedia.org/wikipedia/commons/0/07/Sen.John_Edwards_%286354753405%29.jpg?utm_source=commons.wikimedia.org&utm_campaign=imageinfo&utm_content=original,https://upload.wikimedia.org/wikipedia/commons/thumb/0/07/Sen.John_Edwards_%286354753405%29.jpg/480px-Sen.John_Edwards_%286354753405%29.jpg?utm_source=commons.wikimedia.org&utm_campaign=imageinfo&utm_content=thumbnail,CC BY 2.0,https://creativecommons.org/licenses/by/2.0,roanokecollege,Sen.John Edwards Uploaded by AlbertHerring,passed,candidate_not_for_training
52597050,"File:07607-Kaltenhof-1906-bei Elbogen, Forsters Restauration-Brück & Sohn Kunstverlag.jpg",Dining rooms,"https://commons.wikimedia.org/wiki/File:07607-Kaltenhof-1906-bei_Elbogen,_Forsters_Restauration-Br%C3%BCck_%26_Sohn_Kunstverlag.jpg",https://upload.wikimedia.org/wikipedia/commons/0/0b/07607-Kaltenhof-1906-bei_Elbogen%2C_Forsters_Restauration-Br%C3%BCck_%26_Sohn_Kunstverlag.jpg?utm_source=commons.wikimedia.org&utm_campaign=imageinfo&utm_content=original,https://upload.wikimedia.org/wikipedia/commons/thumb/0/0b/07607-Kaltenhof-1906-bei_Elbogen%2C_Forsters_Restauration-Br%C3%BCck_%26_Sohn_Kunstverlag.jpg/480px-07607-Kaltenhof-1906-bei_Elbogen%2C_Forsters_Restauration-Br%C3%BCck_%26_Sohn_Kunstverlag.jpg?utm_source=commons.wikimedia.org&utm_campaign=imageinfo&utm_content=thumbnail,CC0,http://creativecommons.org/publicdomain/zero/1.0/deed.en,Brück & Sohn Kunstverlag Meißen,Own work,passed,candidate_not_for_training
41988724,File:Baldomer Gili Roig. Menjador.jpg,Living rooms,https://commons.wikimedia.org/wiki/File:Baldomer_Gili_Roig._Menjador.jpg,https://upload.wikimedia.org/wikipedia/commons/6/68/Baldomer_Gili_Roig._Menjador.jpg?utm_source=commons.wikimedia.org&utm_campaign=imageinfo&utm_content=original,https://upload.wikimedia.org/wikipedia/commons/6/68/Baldomer_Gili_Roig._Menjador.jpg?utm_source=commons.wikimedia.org&utm_campaign=imageinfo&utm_content=thumbnail_unscaled,Public domain,,Baldomer Gili i Roig,https://www.flickr.com/photos/46958463@N06/8724589629/,passed,candidate_not_for_training
14719361,"File:Reception Rooms, Hotel Mossop (1909).png",Reception rooms,"https://commons.wikimedia.org/wiki/File:Reception_Rooms,_Hotel_Mossop_(1909).png",https://upload.wikimedia.org/wikipedia/commons/7/78/Reception_Rooms%2C_Hotel_Mossop_%281909%29.png?utm_source=commons.wikimedia.org&utm_campaign=imageinfo&utm_content=original,https://upload.wikimedia.org/wikipedia/commons/7/78/Reception_Rooms%2C_Hotel_Mossop_%281909%29.png?utm_source=commons.wikimedia.org&utm_campaign=imageinfo&utm_content=thumbnail_unscaled,Public domain,,"Construction: A Journal for the Architectural, Engineering and Contractor Interests in Canada","Construction: A Journal for the Architectural, Engineering and Contractor Interests in Canada , Vol. 3, No. 1, November 1909",passed,candidate_not_for_training
150821920,File:G-80 edit.jpg,Wedding venues,https://commons.wikimedia.org/wiki/File:G-80_edit.jpg,https://upload.wikimedia.org/wikipedia/commons/9/9b/G-80_edit.jpg?utm_source=commons.wikimedia.org&utm_campaign=imageinfo&utm_content=original,https://upload.wikimedia.org/wikipedia/commons/9/9b/G-80_edit.jpg?utm_source=commons.wikimedia.org&utm_campaign=imageinfo&utm_content=thumbnail_unscaled,CC BY 4.0,https://creativecommons.org/licenses/by/4.0,Jessica Turich Photography,gabbinbar.com.au,passed,candidate_not_for_training
23615338,File:Jagera Arts Centre (6274943168).jpg,Community halls,https://commons.wikimedia.org/wiki/File:Jagera_Arts_Centre_(6274943168).jpg,https://upload.wikimedia.org/wikipedia/commons/4/4e/Jagera_Arts_Centre_%286274943168%29.jpg?utm_source=commons.wikimedia.org&utm_campaign=imageinfo&utm_content=original,https://upload.wikimedia.org/wikipedia/commons/thumb/4/4e/Jagera_Arts_Centre_%286274943168%29.jpg/480px-Jagera_Arts_Centre_%286274943168%29.jpg?utm_source=commons.wikimedia.org&utm_campaign=imageinfo&utm_content=thumbnail,CC BY 2.0,https://creativecommons.org/licenses/by/2.0,Brisbane City Council,Jagera Arts Centre,passed,candidate_not_for_training
35624025,File:Konteneryrrr3.JPG,Meeting rooms,https://commons.wikimedia.org/wiki/File:Konteneryrrr3.JPG,https://upload.wikimedia.org/wikipedia/commons/e/ef/Konteneryrrr3.JPG?utm_source=commons.wikimedia.org&utm_campaign=imageinfo&utm_content=original,https://upload.wikimedia.org/wikipedia/commons/thumb/e/ef/Konteneryrrr3.JPG/500px-Konteneryrrr3.JPG?utm_source=commons.wikimedia.org&utm_campaign=imageinfo&utm_content=thumbnail,CC0,http://creativecommons.org/publicdomain/zero/1.0/deed.en,Marcinrybakoski,Own work,passed,candidate_not_for_training
2236318,File:BMF Europasaal 3.jpg,Conference rooms,https://commons.wikimedia.org/wiki/File:BMF_Europasaal_3.jpg,https://upload.wikimedia.org/wikipedia/commons/8/8b/BMF_Europasaal_3.jpg?utm_source=commons.wikimedia.org&utm_campaign=imageinfo&utm_content=original,https://upload.wikimedia.org/wikipedia/commons/thumb/8/8b/BMF_Europasaal_3.jpg/500px-BMF_Europasaal_3.jpg?utm_source=commons.wikimedia.org&utm_campaign=imageinfo&utm_content=thumbnail,CC BY 3.0,https://creativecommons.org/licenses/by/3.0,Photo: Andreas Praefcke,Self-photographed,passed,candidate_not_for_training
157436300,File:HK TKO 寶琳 Po Lam MCP 新都城中心 Metro City Plaza mall One shop 海港酒家 Victoria Harbour Seafood Restaurant January 2025 R12S 04.jpg,Interiors of restaurants,https://commons.wikimedia.org/wiki/File:HK_TKO_%E5%AF%B6%E7%90%B3_Po_Lam_MCP_%E6%96%B0%E9%83%BD%E5%9F%8E%E4%B8%AD%E5%BF%83_Metro_City_Plaza_mall_One_shop_%E6%B5%B7%E6%B8%AF%E9%85%92%E5%AE%B6_Victoria_Harbour_Seafood_Restaurant_January_2025_R12S_04.jpg,https://upload.wikimedia.org/wikipedia/commons/3/3f/HK_TKO_%E5%AF%B6%E7%90%B3_Po_Lam_MCP_%E6%96%B0%E9%83%BD%E5%9F%8E%E4%B8%AD%E5%BF%83_Metro_City_Plaza_mall_One_shop_%E6%B5%B7%E6%B8%AF%E9%85%92%E5%AE%B6_Victoria_Harbour_Seafood_Restaurant_January_2025_R12S_04.jpg?utm_source=commons.wikimedia.org&utm_campaign=imageinfo&utm_content=original,https://upload.wikimedia.org/wikipedia/commons/thumb/3/3f/HK_TKO_%E5%AF%B6%E7%90%B3_Po_Lam_MCP_%E6%96%B0%E9%83%BD%E5%9F%8E%E4%B8%AD%E5%BF%83_Metro_City_Plaza_mall_One_shop_%E6%B5%B7%E6%B8%AF%E9%85%92%E5%AE%B6_Victoria_Harbour_Seafood_Restaurant_January_2025_R12S_04.jpg/500px-HK_TKO_%E5%AF%B6%E7%90%B3_Po_Lam_MCP_%E6%96%B0%E9%83%BD%E5%9F%8E%E4%B8%AD%E5%BF%83_Metro_City_Plaza_mall_One_shop_%E6%B5%B7%E6%B8%AF%E9%85%92%E5%AE%B6_Victoria_Harbour_Seafood_Restaurant_January_2025_R12S_04.jpg?utm_source=commons.wikimedia.org&utm_campaign=imageinfo&utm_content=thumbnail,CC0,http://creativecommons.org/publicdomain/zero/1.0/deed.en,RENMIN Leei 2025 HUA,Own work,passed,candidate_not_for_training
106759858,File:Havana - Palace of Conventions.jpg,Convention centers,https://commons.wikimedia.org/wiki/File:Havana_-_Palace_of_Conventions.jpg,https://upload.wikimedia.org/wikipedia/commons/4/45/Havana_-_Palace_of_Conventions.jpg?utm_source=commons.wikimedia.org&utm_campaign=imageinfo&utm_content=original,https://upload.wikimedia.org/wikipedia/commons/thumb/4/45/Havana_-_Palace_of_Conventions.jpg/500px-Havana_-_Palace_of_Conventions.jpg?utm_source=commons.wikimedia.org&utm_campaign=imageinfo&utm_content=thumbnail,Public domain,,Anonymous Unknown author,Digital scan of postcard,passed,candidate_not_for_training
172457021,File:Estate real.jpg,Foyers,https://commons.wikimedia.org/wiki/File:Estate_real.jpg,https://upload.wikimedia.org/wikipedia/commons/8/8c/Estate_real.jpg?utm_source=commons.wikimedia.org&utm_campaign=imageinfo&utm_content=original,https://upload.wikimedia.org/wikipedia/commons/thumb/8/8c/Estate_real.jpg/500px-Estate_real.jpg?utm_source=commons.wikimedia.org&utm_campaign=imageinfo&utm_content=thumbnail,CC0,http://creativecommons.org/publicdomain/zero/1.0/deed.en,Saxesa,Own work,passed,candidate_not_for_training
33403955,File:WonderCon 2011 Masquerade Backstage - Esplanade Ballroom audio-visual control center (5594080875).jpg,Ballrooms,https://commons.wikimedia.org/wiki/File:WonderCon_2011_Masquerade_Backstage_-_Esplanade_Ballroom_audio-visual_control_center_(5594080875).jpg,https://upload.wikimedia.org/wikipedia/commons/2/25/WonderCon_2011_Masquerade_Backstage_-_Esplanade_Ballroom_audio-visual_control_center_%285594080875%29.jpg?utm_source=commons.wikimedia.org&utm_campaign=imageinfo&utm_content=original,https://upload.wikimedia.org/wikipedia/commons/thumb/2/25/WonderCon_2011_Masquerade_Backstage_-_Esplanade_Ballroom_audio-visual_control_center_%285594080875%29.jpg/480px-WonderCon_2011_Masquerade_Backstage_-_Esplanade_Ballroom_audio-visual_control_center_%285594080875%29.jpg?utm_source=commons.wikimedia.org&utm_campaign=imageinfo&utm_content=thumbnail,CC BY 2.0,https://creativecommons.org/licenses/by/2.0,"The Conmunity - Pop Culture Geek from Los Angeles, CA, USA",WonderCon 2011 Masquerade Backstage - Esplanade Ballroom audio/visual control center,passed,candidate_not_for_training
52624304,"File:10183--1908-Hassmann Restaurant ""Bürgerstübl""-Brück & Sohn Kunstverlag.jpg",Dining rooms,https://commons.wikimedia.org/wiki/File:10183--1908-Hassmann_Restaurant_%22B%C3%BCrgerst%C3%BCbl%22-Br%C3%BCck_%26_Sohn_Kunstverlag.jpg,https://upload.wikimedia.org/wikipedia/commons/5/5e/10183--1908-Hassmann_Restaurant_%22B%C3%BCrgerst%C3%BCbl%22-Br%C3%BCck_%26_Sohn_Kunstverlag.jpg?utm_source=commons.wikimedia.org&utm_campaign=imageinfo&utm_content=original,https://upload.wikimedia.org/wikipedia/commons/thumb/5/5e/10183--1908-Hassmann_Restaurant_%22B%C3%BCrgerst%C3%BCbl%22-Br%C3%BCck_%26_Sohn_Kunstverlag.jpg/480px-10183--1908-Hassmann_Restaurant_%22B%C3%BCrgerst%C3%BCbl%22-Br%C3%BCck_%26_Sohn_Kunstverlag.jpg?utm_source=commons.wikimedia.org&utm_campaign=imageinfo&utm_content=thumbnail,CC0,http://creativecommons.org/publicdomain/zero/1.0/deed.en,Brück & Sohn Kunstverlag Meißen,Own work,passed,candidate_not_for_training
152481475,File:לינת חולים - אויפנאמס צימער.jpg,Reception rooms,https://commons.wikimedia.org/wiki/File:%D7%9C%D7%99%D7%A0%D7%AA_%D7%97%D7%95%D7%9C%D7%99%D7%9D_-_%D7%90%D7%95%D7%99%D7%A4%D7%A0%D7%90%D7%9E%D7%A1_%D7%A6%D7%99%D7%9E%D7%A2%D7%A8.jpg,https://upload.wikimedia.org/wikipedia/commons/2/25/%D7%9C%D7%99%D7%A0%D7%AA_%D7%97%D7%95%D7%9C%D7%99%D7%9D_-_%D7%90%D7%95%D7%99%D7%A4%D7%A0%D7%90%D7%9E%D7%A1_%D7%A6%D7%99%D7%9E%D7%A2%D7%A8.jpg?utm_source=commons.wikimedia.org&utm_campaign=imageinfo&utm_content=original,https://upload.wikimedia.org/wikipedia/commons/thumb/2/25/%D7%9C%D7%99%D7%A0%D7%AA_%D7%97%D7%95%D7%9C%D7%99%D7%9D_-_%D7%90%D7%95%D7%99%D7%A4%D7%A0%D7%90%D7%9E%D7%A1_%D7%A6%D7%99%D7%9E%D7%A2%D7%A8.jpg/480px-%D7%9C%D7%99%D7%A0%D7%AA_%D7%97%D7%95%D7%9C%D7%99%D7%9D_-_%D7%90%D7%95%D7%99%D7%A4%D7%A0%D7%90%D7%9E%D7%A1_%D7%A6%D7%99%D7%9E%D7%A2%D7%A8.jpg?utm_source=commons.wikimedia.org&utm_campaign=imageinfo&utm_content=thumbnail,Public domain,,Unknown author Unknown author,"Albom made for Doctor M. Halpern (ד""ר מ. האלפערן), 12 Mat 1925",passed,candidate_not_for_training
137555980,File:Hoa tươi trang trí tiệc cưới.jpg,Wedding venues,https://commons.wikimedia.org/wiki/File:Hoa_t%C6%B0%C6%A1i_trang_tr%C3%AD_ti%E1%BB%87c_c%C6%B0%E1%BB%9Bi.jpg,https://upload.wikimedia.org/wikipedia/commons/8/8c/Hoa_t%C6%B0%C6%A1i_trang_tr%C3%AD_ti%E1%BB%87c_c%C6%B0%E1%BB%9Bi.jpg?utm_source=commons.wikimedia.org&utm_campaign=imageinfo&utm_content=original,https://upload.wikimedia.org/wikipedia/commons/thumb/8/8c/Hoa_t%C6%B0%C6%A1i_trang_tr%C3%AD_ti%E1%BB%87c_c%C6%B0%E1%BB%9Bi.jpg/480px-Hoa_t%C6%B0%C6%A1i_trang_tr%C3%AD_ti%E1%BB%87c_c%C6%B0%E1%BB%9Bi.jpg?utm_source=commons.wikimedia.org&utm_campaign=imageinfo&utm_content=thumbnail,CC0,http://creativecommons.org/publicdomain/zero/1.0/deed.en,KOL Giới Trẻ,Own work,passed,candidate_not_for_training
23615333,File:Jagera Arts Centre hall (6274957928).jpg,Community halls,https://commons.wikimedia.org/wiki/File:Jagera_Arts_Centre_hall_(6274957928).jpg,https://upload.wikimedia.org/wikipedia/commons/3/37/Jagera_Arts_Centre_hall_%286274957928%29.jpg?utm_source=commons.wikimedia.org&utm_campaign=imageinfo&utm_content=original,https://upload.wikimedia.org/wikipedia/commons/thumb/3/37/Jagera_Arts_Centre_hall_%286274957928%29.jpg/480px-Jagera_Arts_Centre_hall_%286274957928%29.jpg?utm_source=commons.wikimedia.org&utm_campaign=imageinfo&utm_content=thumbnail,CC BY 2.0,https://creativecommons.org/licenses/by/2.0,Brisbane City Council,Jagera Arts Centre hall,passed,candidate_not_for_training
30683162,File:Meeting Room Oulu City Hall 20110319.JPG,Meeting rooms,https://commons.wikimedia.org/wiki/File:Meeting_Room_Oulu_City_Hall_20110319.JPG,https://upload.wikimedia.org/wikipedia/commons/d/d2/Meeting_Room_Oulu_City_Hall_20110319.JPG?utm_source=commons.wikimedia.org&utm_campaign=imageinfo&utm_content=original,https://upload.wikimedia.org/wikipedia/commons/thumb/d/d2/Meeting_Room_Oulu_City_Hall_20110319.JPG/500px-Meeting_Room_Oulu_City_Hall_20110319.JPG?utm_source=commons.wikimedia.org&utm_campaign=imageinfo&utm_content=thumbnail,CC0,http://creativecommons.org/publicdomain/zero/1.0/deed.en,Estormiz,Own work,passed,candidate_not_for_training
2236301,File:BMF Europasaal.jpg,Conference rooms,https://commons.wikimedia.org/wiki/File:BMF_Europasaal.jpg,https://upload.wikimedia.org/wikipedia/commons/9/97/BMF_Europasaal.jpg?utm_source=commons.wikimedia.org&utm_campaign=imageinfo&utm_content=original,https://upload.wikimedia.org/wikipedia/commons/thumb/9/97/BMF_Europasaal.jpg/500px-BMF_Europasaal.jpg?utm_source=commons.wikimedia.org&utm_campaign=imageinfo&utm_content=thumbnail,CC BY 3.0,https://creativecommons.org/licenses/by/3.0,Photo: Andreas Praefcke,Self-photographed,passed,candidate_not_for_training
61946613,File:Panama (4159132257).jpg,Convention centers,https://commons.wikimedia.org/wiki/File:Panama_(4159132257).jpg,https://upload.wikimedia.org/wikipedia/commons/2/26/Panama_%284159132257%29.jpg?utm_source=commons.wikimedia.org&utm_campaign=imageinfo&utm_content=original,https://upload.wikimedia.org/wikipedia/commons/thumb/2/26/Panama_%284159132257%29.jpg/500px-Panama_%284159132257%29.jpg?utm_source=commons.wikimedia.org&utm_campaign=imageinfo&utm_content=thumbnail,CC BY 2.0,https://creativecommons.org/licenses/by/2.0,Javier Losa,Panama,passed,candidate_not_for_training
3788179,File:Euskalduna foyer 1.jpg,Foyers,https://commons.wikimedia.org/wiki/File:Euskalduna_foyer_1.jpg,https://upload.wikimedia.org/wikipedia/commons/f/fc/Euskalduna_foyer_1.jpg?utm_source=commons.wikimedia.org&utm_campaign=imageinfo&utm_content=original,https://upload.wikimedia.org/wikipedia/commons/thumb/f/fc/Euskalduna_foyer_1.jpg/500px-Euskalduna_foyer_1.jpg?utm_source=commons.wikimedia.org&utm_campaign=imageinfo&utm_content=thumbnail,CC BY 2.5,https://creativecommons.org/licenses/by/2.5,Photo: Andreas Praefcke,Own work,passed,candidate_not_for_training
33403953,File:WonderCon 2011 Masquerade Backstage - Esplanade Ballroom audio-visual control center (5594080923).jpg,Ballrooms,https://commons.wikimedia.org/wiki/File:WonderCon_2011_Masquerade_Backstage_-_Esplanade_Ballroom_audio-visual_control_center_(5594080923).jpg,https://upload.wikimedia.org/wikipedia/commons/9/94/WonderCon_2011_Masquerade_Backstage_-_Esplanade_Ballroom_audio-visual_control_center_%285594080923%29.jpg?utm_source=commons.wikimedia.org&utm_campaign=imageinfo&utm_content=original,https://upload.wikimedia.org/wikipedia/commons/thumb/9/94/WonderCon_2011_Masquerade_Backstage_-_Esplanade_Ballroom_audio-visual_control_center_%285594080923%29.jpg/480px-WonderCon_2011_Masquerade_Backstage_-_Esplanade_Ballroom_audio-visual_control_center_%285594080923%29.jpg?utm_source=commons.wikimedia.org&utm_campaign=imageinfo&utm_content=thumbnail,CC BY 2.0,https://creativecommons.org/licenses/by/2.0,"The Conmunity - Pop Culture Geek from Los Angeles, CA, USA",WonderCon 2011 Masquerade Backstage - Esplanade Ballroom audio/visual control center,passed,candidate_not_for_training
52642514,File:12574-Theresienstadt-1911-Cafe Wien-Brück & Sohn Kunstverlag.jpg,Dining rooms,https://commons.wikimedia.org/wiki/File:12574-Theresienstadt-1911-Cafe_Wien-Br%C3%BCck_%26_Sohn_Kunstverlag.jpg,https://upload.wikimedia.org/wikipedia/commons/1/1e/12574-Theresienstadt-1911-Cafe_Wien-Br%C3%BCck_%26_Sohn_Kunstverlag.jpg?utm_source=commons.wikimedia.org&utm_campaign=imageinfo&utm_content=original,https://upload.wikimedia.org/wikipedia/commons/thumb/1/1e/12574-Theresienstadt-1911-Cafe_Wien-Br%C3%BCck_%26_Sohn_Kunstverlag.jpg/480px-12574-Theresienstadt-1911-Cafe_Wien-Br%C3%BCck_%26_Sohn_Kunstverlag.jpg?utm_source=commons.wikimedia.org&utm_campaign=imageinfo&utm_content=thumbnail,CC0,http://creativecommons.org/publicdomain/zero/1.0/deed.en,Brück & Sohn Kunstverlag Meißen,Own work,passed,candidate_not_for_training
2133127,File:Koningskerkje vierlingsbeek interior.jpg,Wedding venues,https://commons.wikimedia.org/wiki/File:Koningskerkje_vierlingsbeek_interior.jpg,https://upload.wikimedia.org/wikipedia/commons/c/c9/Koningskerkje_vierlingsbeek_interior.jpg?utm_source=commons.wikimedia.org&utm_campaign=imageinfo&utm_content=original,https://upload.wikimedia.org/wikipedia/commons/thumb/c/c9/Koningskerkje_vierlingsbeek_interior.jpg/480px-Koningskerkje_vierlingsbeek_interior.jpg?utm_source=commons.wikimedia.org&utm_campaign=imageinfo&utm_content=thumbnail,Public domain,,Chrisevers,Own work,passed,candidate_not_for_training
23615329,File:Jagera Arts Centre kitchen (6274963814).jpg,Community halls,https://commons.wikimedia.org/wiki/File:Jagera_Arts_Centre_kitchen_(6274963814).jpg,https://upload.wikimedia.org/wikipedia/commons/0/07/Jagera_Arts_Centre_kitchen_%286274963814%29.jpg?utm_source=commons.wikimedia.org&utm_campaign=imageinfo&utm_content=original,https://upload.wikimedia.org/wikipedia/commons/thumb/0/07/Jagera_Arts_Centre_kitchen_%286274963814%29.jpg/480px-Jagera_Arts_Centre_kitchen_%286274963814%29.jpg?utm_source=commons.wikimedia.org&utm_campaign=imageinfo&utm_content=thumbnail,CC BY 2.0,https://creativecommons.org/licenses/by/2.0,Brisbane City Council,Jagera Arts Centre kitchen,passed,candidate_not_for_training
52136688,File:Meeting Room Oulu City Hall 20161008.jpg,Meeting rooms,https://commons.wikimedia.org/wiki/File:Meeting_Room_Oulu_City_Hall_20161008.jpg,https://upload.wikimedia.org/wikipedia/commons/e/e3/Meeting_Room_Oulu_City_Hall_20161008.jpg?utm_source=commons.wikimedia.org&utm_campaign=imageinfo&utm_content=original,https://upload.wikimedia.org/wikipedia/commons/thumb/e/e3/Meeting_Room_Oulu_City_Hall_20161008.jpg/500px-Meeting_Room_Oulu_City_Hall_20161008.jpg?utm_source=commons.wikimedia.org&utm_campaign=imageinfo&utm_content=thumbnail,CC0,http://creativecommons.org/publicdomain/zero/1.0/deed.en,Estormiz,Own work,passed,candidate_not_for_training
2236185,File:BMF Festsaal 2.jpg,Conference rooms,https://commons.wikimedia.org/wiki/File:BMF_Festsaal_2.jpg,https://upload.wikimedia.org/wikipedia/commons/3/37/BMF_Festsaal_2.jpg?utm_source=commons.wikimedia.org&utm_campaign=imageinfo&utm_content=original,https://upload.wikimedia.org/wikipedia/commons/thumb/3/37/BMF_Festsaal_2.jpg/500px-BMF_Festsaal_2.jpg?utm_source=commons.wikimedia.org&utm_campaign=imageinfo&utm_content=thumbnail,CC BY 3.0,https://creativecommons.org/licenses/by/3.0,Photo: Andreas Praefcke,Self-photographed,passed,candidate_not_for_training
3788187,File:Euskalduna foyer 3.jpg,Foyers,https://commons.wikimedia.org/wiki/File:Euskalduna_foyer_3.jpg,https://upload.wikimedia.org/wikipedia/commons/a/ae/Euskalduna_foyer_3.jpg?utm_source=commons.wikimedia.org&utm_campaign=imageinfo&utm_content=original,https://upload.wikimedia.org/wikipedia/commons/thumb/a/ae/Euskalduna_foyer_3.jpg/500px-Euskalduna_foyer_3.jpg?utm_source=commons.wikimedia.org&utm_campaign=imageinfo&utm_content=thumbnail,CC BY 2.5,https://creativecommons.org/licenses/by/2.5,Photo: Andreas Praefcke,Own work,passed,candidate_not_for_training
52688430,"File:17630-Karlsbad-1914-Kaiser Franz Josef Regier.-Jubiläums-Hospiz, Speisesaal-Brück & Sohn Kunstverlag.jpg",Dining rooms,"https://commons.wikimedia.org/wiki/File:17630-Karlsbad-1914-Kaiser_Franz_Josef_Regier.-Jubil%C3%A4ums-Hospiz,_Speisesaal-Br%C3%BCck_%26_Sohn_Kunstverlag.jpg",https://upload.wikimedia.org/wikipedia/commons/4/49/17630-Karlsbad-1914-Kaiser_Franz_Josef_Regier.-Jubil%C3%A4ums-Hospiz%2C_Speisesaal-Br%C3%BCck_%26_Sohn_Kunstverlag.jpg?utm_source=commons.wikimedia.org&utm_campaign=imageinfo&utm_content=original,https://upload.wikimedia.org/wikipedia/commons/thumb/4/49/17630-Karlsbad-1914-Kaiser_Franz_Josef_Regier.-Jubil%C3%A4ums-Hospiz%2C_Speisesaal-Br%C3%BCck_%26_Sohn_Kunstverlag.jpg/480px-17630-Karlsbad-1914-Kaiser_Franz_Josef_Regier.-Jubil%C3%A4ums-Hospiz%2C_Speisesaal-Br%C3%BCck_%26_Sohn_Kunstverlag.jpg?utm_source=commons.wikimedia.org&utm_campaign=imageinfo&utm_content=thumbnail,CC0,http://creativecommons.org/publicdomain/zero/1.0/deed.en,Brück & Sohn Kunstverlag Meißen,Own work,passed,candidate_not_for_training
150849498,File:MN Wedding Venue in Red Wing ground floor 2024.jpg,Wedding venues,https://commons.wikimedia.org/wiki/File:MN_Wedding_Venue_in_Red_Wing_ground_floor_2024.jpg,https://upload.wikimedia.org/wikipedia/commons/7/7a/MN_Wedding_Venue_in_Red_Wing_ground_floor_2024.jpg?utm_source=commons.wikimedia.org&utm_campaign=imageinfo&utm_content=original,https://upload.wikimedia.org/wikipedia/commons/thumb/7/7a/MN_Wedding_Venue_in_Red_Wing_ground_floor_2024.jpg/480px-MN_Wedding_Venue_in_Red_Wing_ground_floor_2024.jpg?utm_source=commons.wikimedia.org&utm_campaign=imageinfo&utm_content=thumbnail,CC0,http://creativecommons.org/publicdomain/zero/1.0/deed.en,Fishkirk,Own work,passed,candidate_not_for_training
23615336,File:Kenmore Community Meeting Place (6274551699).jpg,Community halls,https://commons.wikimedia.org/wiki/File:Kenmore_Community_Meeting_Place_(6274551699).jpg,https://upload.wikimedia.org/wikipedia/commons/c/ca/Kenmore_Community_Meeting_Place_%286274551699%29.jpg?utm_source=commons.wikimedia.org&utm_campaign=imageinfo&utm_content=original,https://upload.wikimedia.org/wikipedia/commons/thumb/c/ca/Kenmore_Community_Meeting_Place_%286274551699%29.jpg/480px-Kenmore_Community_Meeting_Place_%286274551699%29.jpg?utm_source=commons.wikimedia.org&utm_campaign=imageinfo&utm_content=thumbnail,CC BY 2.0,https://creativecommons.org/licenses/by/2.0,Brisbane City Council,Kenmore Community Meeting Place,passed,candidate_not_for_training
150242406,File:Meeting room Säynätsalo Town Hall.jpg,Meeting rooms,https://commons.wikimedia.org/wiki/File:Meeting_room_S%C3%A4yn%C3%A4tsalo_Town_Hall.jpg,https://upload.wikimedia.org/wikipedia/commons/c/c8/Meeting_room_S%C3%A4yn%C3%A4tsalo_Town_Hall.jpg?utm_source=commons.wikimedia.org&utm_campaign=imageinfo&utm_content=original,https://upload.wikimedia.org/wikipedia/commons/thumb/c/c8/Meeting_room_S%C3%A4yn%C3%A4tsalo_Town_Hall.jpg/500px-Meeting_room_S%C3%A4yn%C3%A4tsalo_Town_Hall.jpg?utm_source=commons.wikimedia.org&utm_campaign=imageinfo&utm_content=thumbnail,CC BY 4.0,https://creativecommons.org/licenses/by/4.0,Antti Leppänen,Own work,passed,candidate_not_for_training
2236176,File:BMF Festsaal.jpg,Conference rooms,https://commons.wikimedia.org/wiki/File:BMF_Festsaal.jpg,https://upload.wikimedia.org/wikipedia/commons/3/3a/BMF_Festsaal.jpg?utm_source=commons.wikimedia.org&utm_campaign=imageinfo&utm_content=original,https://upload.wikimedia.org/wikipedia/commons/thumb/3/3a/BMF_Festsaal.jpg/500px-BMF_Festsaal.jpg?utm_source=commons.wikimedia.org&utm_campaign=imageinfo&utm_content=thumbnail,CC BY 3.0,https://creativecommons.org/licenses/by/3.0,Photo: Andreas Praefcke,Self-photographed,passed,candidate_not_for_training
193123464,File:Foyer Apix Tivaouane Peulh 01.jpg,Foyers,https://commons.wikimedia.org/wiki/File:Foyer_Apix_Tivaouane_Peulh_01.jpg,https://upload.wikimedia.org/wikipedia/commons/5/5e/Foyer_Apix_Tivaouane_Peulh_01.jpg?utm_source=commons.wikimedia.org&utm_campaign=imageinfo&utm_content=original,https://upload.wikimedia.org/wikipedia/commons/thumb/5/5e/Foyer_Apix_Tivaouane_Peulh_01.jpg/500px-Foyer_Apix_Tivaouane_Peulh_01.jpg?utm_source=commons.wikimedia.org&utm_campaign=imageinfo&utm_content=thumbnail,CC BY 4.0,https://creativecommons.org/licenses/by/4.0,4MAPS,Own work,passed,candidate_not_for_training
91768966,"File:After, Dining Room Living Room - Flickr - Tall Chris.jpg",Dining rooms,"https://commons.wikimedia.org/wiki/File:After,_Dining_Room_Living_Room_-_Flickr_-_Tall_Chris.jpg",https://upload.wikimedia.org/wikipedia/commons/9/9d/After%2C_Dining_Room_Living_Room_-_Flickr_-_Tall_Chris.jpg?utm_source=commons.wikimedia.org&utm_campaign=imageinfo&utm_content=original,https://upload.wikimedia.org/wikipedia/commons/thumb/9/9d/After%2C_Dining_Room_Living_Room_-_Flickr_-_Tall_Chris.jpg/480px-After%2C_Dining_Room_Living_Room_-_Flickr_-_Tall_Chris.jpg?utm_source=commons.wikimedia.org&utm_campaign=imageinfo&utm_content=thumbnail,CC BY 2.0,https://creativecommons.org/licenses/by/2.0,Tall Chris,After: Dining Room Living Room,passed,candidate_not_for_training
150499371,File:Queen's Closet Hampton Court Palace.jpg,Wedding venues,https://commons.wikimedia.org/wiki/File:Queen%27s_Closet_Hampton_Court_Palace.jpg,https://upload.wikimedia.org/wikipedia/commons/7/71/Queen%27s_Closet_Hampton_Court_Palace.jpg?utm_source=commons.wikimedia.org&utm_campaign=imageinfo&utm_content=original,https://upload.wikimedia.org/wikipedia/commons/thumb/7/71/Queen%27s_Closet_Hampton_Court_Palace.jpg/480px-Queen%27s_Closet_Hampton_Court_Palace.jpg?utm_source=commons.wikimedia.org&utm_campaign=imageinfo&utm_content=thumbnail,CC0,http://creativecommons.org/publicdomain/zero/1.0/deed.en,Jack1956,Own work,passed,candidate_not_for_training
23615324,File:Kenmore Community Meeting Place - kitchenette (Centre 2) (6275106320).jpg,Community halls,https://commons.wikimedia.org/wiki/File:Kenmore_Community_Meeting_Place_-_kitchenette_(Centre_2)_(6275106320).jpg,https://upload.wikimedia.org/wikipedia/commons/1/1d/Kenmore_Community_Meeting_Place_-_kitchenette_%28Centre_2%29_%286275106320%29.jpg?utm_source=commons.wikimedia.org&utm_campaign=imageinfo&utm_content=original,https://upload.wikimedia.org/wikipedia/commons/thumb/1/1d/Kenmore_Community_Meeting_Place_-_kitchenette_%28Centre_2%29_%286275106320%29.jpg/480px-Kenmore_Community_Meeting_Place_-_kitchenette_%28Centre_2%29_%286275106320%29.jpg?utm_source=commons.wikimedia.org&utm_campaign=imageinfo&utm_content=thumbnail,CC BY 2.0,https://creativecommons.org/licenses/by/2.0,Brisbane City Council,Kenmore Community Meeting Place - kitchenette (Centre 2),passed,candidate_not_for_training
169987521,"File:Budapest, Hungarian National Museum, the event hall.jpg",Conference rooms,"https://commons.wikimedia.org/wiki/File:Budapest,_Hungarian_National_Museum,_the_event_hall.jpg",https://upload.wikimedia.org/wikipedia/commons/2/2e/Budapest%2C_Hungarian_National_Museum%2C_the_event_hall.jpg?utm_source=commons.wikimedia.org&utm_campaign=imageinfo&utm_content=original,https://upload.wikimedia.org/wikipedia/commons/thumb/2/2e/Budapest%2C_Hungarian_National_Museum%2C_the_event_hall.jpg/500px-Budapest%2C_Hungarian_National_Museum%2C_the_event_hall.jpg?utm_source=commons.wikimedia.org&utm_campaign=imageinfo&utm_content=thumbnail,CC BY 4.0,https://creativecommons.org/licenses/by/4.0,Dguendel,Own work,passed,candidate_not_for_training
193123462,File:Foyer Apix Tivaouane Peulh 02.jpg,Foyers,https://commons.wikimedia.org/wiki/File:Foyer_Apix_Tivaouane_Peulh_02.jpg,https://upload.wikimedia.org/wikipedia/commons/8/80/Foyer_Apix_Tivaouane_Peulh_02.jpg?utm_source=commons.wikimedia.org&utm_campaign=imageinfo&utm_content=original,https://upload.wikimedia.org/wikipedia/commons/thumb/8/80/Foyer_Apix_Tivaouane_Peulh_02.jpg/500px-Foyer_Apix_Tivaouane_Peulh_02.jpg?utm_source=commons.wikimedia.org&utm_campaign=imageinfo&utm_content=thumbnail,CC BY 4.0,https://creativecommons.org/licenses/by/4.0,4MAPS,Own work,passed,candidate_not_for_training
50986861,File:Andrássy Tivadar gróf barokk kastélyának ebédlője. A felvétel 1895-1899 között készült. A kép forrását kérjük így Fortepan - Budapest Főváros Levéltára. Levéltári jelzet- HU.BFL.XV.19.d.1.12.193 Fortepan 83497.jpg,Dining rooms,https://commons.wikimedia.org/wiki/File:Andr%C3%A1ssy_Tivadar_gr%C3%B3f_barokk_kast%C3%A9ly%C3%A1nak_eb%C3%A9dl%C5%91je._A_felv%C3%A9tel_1895-1899_k%C3%B6z%C3%B6tt_k%C3%A9sz%C3%BClt._A_k%C3%A9p_forr%C3%A1s%C3%A1t_k%C3%A9rj%C3%BCk_%C3%ADgy_Fortepan_-_Budapest_F%C5%91v%C3%A1ros_Lev%C3%A9lt%C3%A1ra._Lev%C3%A9lt%C3%A1ri_jelzet-_HU.BFL.XV.19.d.1.12.193_Fortepan_83497.jpg,https://upload.wikimedia.org/wikipedia/commons/0/0d/Andr%C3%A1ssy_Tivadar_gr%C3%B3f_barokk_kast%C3%A9ly%C3%A1nak_eb%C3%A9dl%C5%91je._A_felv%C3%A9tel_1895-1899_k%C3%B6z%C3%B6tt_k%C3%A9sz%C3%BClt._A_k%C3%A9p_forr%C3%A1s%C3%A1t_k%C3%A9rj%C3%BCk_%C3%ADgy_Fortepan_-_Budapest_F%C5%91v%C3%A1ros_Lev%C3%A9lt%C3%A1ra._Lev%C3%A9lt%C3%A1ri_jelzet-_HU.BFL.XV.19.d.1.12.193_Fortepan_83497.jpg?utm_source=commons.wikimedia.org&utm_campaign=imageinfo&utm_content=original,https://upload.wikimedia.org/wikipedia/commons/thumb/0/0d/Andr%C3%A1ssy_Tivadar_gr%C3%B3f_barokk_kast%C3%A9ly%C3%A1nak_eb%C3%A9dl%C5%91je._A_felv%C3%A9tel_1895-1899_k%C3%B6z%C3%B6tt_k%C3%A9sz%C3%BClt._A_k%C3%A9p_forr%C3%A1s%C3%A1t_k%C3%A9rj%C3%BCk_%C3%ADgy_Fortepan_-_Budapest_F%C5%91v%C3%A1ros_Lev%C3%A9lt%C3%A1ra._Lev%C3%A9lt%C3%A1ri_jelzet-_HU.BFL.XV.19.d.1.12.193_Fortepan_83497.jpg/480px-thumbnail.jpg?utm_source=commons.wikimedia.org&utm_campaign=imageinfo&utm_content=thumbnail,Public domain,,FOTO:Fortepan — ID 83497 : Adományozó/Donor: Budapest Főváros Levéltára. archive copy at the Wayback Machine,http://www.fortepan.hu/_photo/download/fortepan_83497.jpg archive copy at the Wayback Machine,passed,candidate_not_for_training
23615327,File:Kenmore Community Meeting Place - looking toward street (6274572457).jpg,Community halls,https://commons.wikimedia.org/wiki/File:Kenmore_Community_Meeting_Place_-_looking_toward_street_(6274572457).jpg,https://upload.wikimedia.org/wikipedia/commons/f/f2/Kenmore_Community_Meeting_Place_-_looking_toward_street_%286274572457%29.jpg?utm_source=commons.wikimedia.org&utm_campaign=imageinfo&utm_content=original,https://upload.wikimedia.org/wikipedia/commons/thumb/f/f2/Kenmore_Community_Meeting_Place_-_looking_toward_street_%286274572457%29.jpg/480px-Kenmore_Community_Meeting_Place_-_looking_toward_street_%286274572457%29.jpg?utm_source=commons.wikimedia.org&utm_campaign=imageinfo&utm_content=thumbnail,CC BY 2.0,https://creativecommons.org/licenses/by/2.0,Brisbane City Council,Kenmore Community Meeting Place - looking toward street,passed,candidate_not_for_training
2235408,File:Bundesrat Ausschusssitzungssaal.jpg,Conference rooms,https://commons.wikimedia.org/wiki/File:Bundesrat_Ausschusssitzungssaal.jpg,https://upload.wikimedia.org/wikipedia/commons/7/76/Bundesrat_Ausschusssitzungssaal.jpg?utm_source=commons.wikimedia.org&utm_campaign=imageinfo&utm_content=original,https://upload.wikimedia.org/wikipedia/commons/thumb/7/76/Bundesrat_Ausschusssitzungssaal.jpg/500px-Bundesrat_Ausschusssitzungssaal.jpg?utm_source=commons.wikimedia.org&utm_campaign=imageinfo&utm_content=thumbnail,CC BY 3.0,https://creativecommons.org/licenses/by/3.0,Photo: Andreas Praefcke,Self-photographed,passed,candidate_not_for_training
193123463,File:Foyer Apix Tivaouane Peulh 03.jpg,Foyers,https://commons.wikimedia.org/wiki/File:Foyer_Apix_Tivaouane_Peulh_03.jpg,https://upload.wikimedia.org/wikipedia/commons/3/36/Foyer_Apix_Tivaouane_Peulh_03.jpg?utm_source=commons.wikimedia.org&utm_campaign=imageinfo&utm_content=original,https://upload.wikimedia.org/wikipedia/commons/thumb/3/36/Foyer_Apix_Tivaouane_Peulh_03.jpg/500px-Foyer_Apix_Tivaouane_Peulh_03.jpg?utm_source=commons.wikimedia.org&utm_campaign=imageinfo&utm_content=thumbnail,CC BY 4.0,https://creativecommons.org/licenses/by/4.0,4MAPS,Own work,passed,candidate_not_for_training
21047277,"File:Banquete no Palácio de São Lourenço, c. 1930.jpg",Dining rooms,"https://commons.wikimedia.org/wiki/File:Banquete_no_Pal%C3%A1cio_de_S%C3%A3o_Louren%C3%A7o,_c._1930.jpg",https://upload.wikimedia.org/wikipedia/commons/4/48/Banquete_no_Pal%C3%A1cio_de_S%C3%A3o_Louren%C3%A7o%2C_c._1930.jpg?utm_source=commons.wikimedia.org&utm_campaign=imageinfo&utm_content=original,https://upload.wikimedia.org/wikipedia/commons/4/48/Banquete_no_Pal%C3%A1cio_de_S%C3%A3o_Louren%C3%A7o%2C_c._1930.jpg?utm_source=commons.wikimedia.org&utm_campaign=imageinfo&utm_content=thumbnail_unscaled,Public domain,,Photographia Vicente,([48028 consultar ficha]),passed,candidate_not_for_training
23615322,File:Kenmore Community Meeting Place meeting room and kitchen (6275126988).jpg,Community halls,https://commons.wikimedia.org/wiki/File:Kenmore_Community_Meeting_Place_meeting_room_and_kitchen_(6275126988).jpg,https://upload.wikimedia.org/wikipedia/commons/a/a8/Kenmore_Community_Meeting_Place_meeting_room_and_kitchen_%286275126988%29.jpg?utm_source=commons.wikimedia.org&utm_campaign=imageinfo&utm_content=original,https://upload.wikimedia.org/wikipedia/commons/thumb/a/a8/Kenmore_Community_Meeting_Place_meeting_room_and_kitchen_%286275126988%29.jpg/480px-Kenmore_Community_Meeting_Place_meeting_room_and_kitchen_%286275126988%29.jpg?utm_source=commons.wikimedia.org&utm_campaign=imageinfo&utm_content=thumbnail,CC BY 2.0,https://creativecommons.org/licenses/by/2.0,Brisbane City Council,Kenmore Community Meeting Place meeting room and kitchen,passed,candidate_not_for_training
22408160,File:Chambre du mediateur.jpg,Conference rooms,https://commons.wikimedia.org/wiki/File:Chambre_du_mediateur.jpg,https://upload.wikimedia.org/wikipedia/commons/9/9a/Chambre_du_mediateur.jpg?utm_source=commons.wikimedia.org&utm_campaign=imageinfo&utm_content=original,https://upload.wikimedia.org/wikipedia/commons/thumb/9/9a/Chambre_du_mediateur.jpg/500px-Chambre_du_mediateur.jpg?utm_source=commons.wikimedia.org&utm_campaign=imageinfo&utm_content=thumbnail,Public domain,,Jan Van Vianen,Gallica notice FRBNF41505295.,passed,candidate_not_for_training
193123475,File:Foyer Apix Tivaouane Peulh 04.jpg,Foyers,https://commons.wikimedia.org/wiki/File:Foyer_Apix_Tivaouane_Peulh_04.jpg,https://upload.wikimedia.org/wikipedia/commons/8/86/Foyer_Apix_Tivaouane_Peulh_04.jpg?utm_source=commons.wikimedia.org&utm_campaign=imageinfo&utm_content=original,https://upload.wikimedia.org/wikipedia/commons/thumb/8/86/Foyer_Apix_Tivaouane_Peulh_04.jpg/500px-Foyer_Apix_Tivaouane_Peulh_04.jpg?utm_source=commons.wikimedia.org&utm_campaign=imageinfo&utm_content=thumbnail,CC BY 4.0,https://creativecommons.org/licenses/by/4.0,4MAPS,Own work,passed,candidate_not_for_training
23615153,File:New Inala Hall kitchen (6519478239).jpg,Community halls,https://commons.wikimedia.org/wiki/File:New_Inala_Hall_kitchen_(6519478239).jpg,https://upload.wikimedia.org/wikipedia/commons/0/01/New_Inala_Hall_kitchen_%286519478239%29.jpg?utm_source=commons.wikimedia.org&utm_campaign=imageinfo&utm_content=original,https://upload.wikimedia.org/wikipedia/commons/thumb/0/01/New_Inala_Hall_kitchen_%286519478239%29.jpg/480px-New_Inala_Hall_kitchen_%286519478239%29.jpg?utm_source=commons.wikimedia.org&utm_campaign=imageinfo&utm_content=thumbnail,CC BY 2.0,https://creativecommons.org/licenses/by/2.0,Brisbane City Council,New Inala Hall kitchen,passed,candidate_not_for_training
11944787,File:Cochran-Helton-Lindley House interior.jpg,Conference rooms,https://commons.wikimedia.org/wiki/File:Cochran-Helton-Lindley_House_interior.jpg,https://upload.wikimedia.org/wikipedia/commons/f/ff/Cochran-Helton-Lindley_House_interior.jpg?utm_source=commons.wikimedia.org&utm_campaign=imageinfo&utm_content=original,https://upload.wikimedia.org/wikipedia/commons/thumb/f/ff/Cochran-Helton-Lindley_House_interior.jpg/500px-Cochran-Helton-Lindley_House_interior.jpg?utm_source=commons.wikimedia.org&utm_campaign=imageinfo&utm_content=thumbnail,Public domain,,Nyttend,Own work,passed,candidate_not_for_training
193123476,File:Foyer Apix Tivaouane Peulh 05.jpg,Foyers,https://commons.wikimedia.org/wiki/File:Foyer_Apix_Tivaouane_Peulh_05.jpg,https://upload.wikimedia.org/wikipedia/commons/1/1b/Foyer_Apix_Tivaouane_Peulh_05.jpg?utm_source=commons.wikimedia.org&utm_campaign=imageinfo&utm_content=original,https://upload.wikimedia.org/wikipedia/commons/thumb/1/1b/Foyer_Apix_Tivaouane_Peulh_05.jpg/500px-Foyer_Apix_Tivaouane_Peulh_05.jpg?utm_source=commons.wikimedia.org&utm_campaign=imageinfo&utm_content=thumbnail,CC BY 4.0,https://creativecommons.org/licenses/by/4.0,4MAPS,Own work,passed,candidate_not_for_training
23615314,File:Old Inala Hall (6281185365).jpg,Community halls,https://commons.wikimedia.org/wiki/File:Old_Inala_Hall_(6281185365).jpg,https://upload.wikimedia.org/wikipedia/commons/e/e4/Old_Inala_Hall_%286281185365%29.jpg?utm_source=commons.wikimedia.org&utm_campaign=imageinfo&utm_content=original,https://upload.wikimedia.org/wikipedia/commons/thumb/e/e4/Old_Inala_Hall_%286281185365%29.jpg/480px-Old_Inala_Hall_%286281185365%29.jpg?utm_source=commons.wikimedia.org&utm_campaign=imageinfo&utm_content=thumbnail,CC BY 2.0,https://creativecommons.org/licenses/by/2.0,Brisbane City Council,Old Inala Hall,passed,candidate_not_for_training
193123477,File:Foyer Apix Tivaouane Peulh 06.jpg,Foyers,https://commons.wikimedia.org/wiki/File:Foyer_Apix_Tivaouane_Peulh_06.jpg,https://upload.wikimedia.org/wikipedia/commons/f/f2/Foyer_Apix_Tivaouane_Peulh_06.jpg?utm_source=commons.wikimedia.org&utm_campaign=imageinfo&utm_content=original,https://upload.wikimedia.org/wikipedia/commons/thumb/f/f2/Foyer_Apix_Tivaouane_Peulh_06.jpg/500px-Foyer_Apix_Tivaouane_Peulh_06.jpg?utm_source=commons.wikimedia.org&utm_campaign=imageinfo&utm_content=thumbnail,CC BY 4.0,https://creativecommons.org/licenses/by/4.0,4MAPS,Own work,passed,candidate_not_for_training
23615312,File:Old Inala Hall building (6281177899).jpg,Community halls,https://commons.wikimedia.org/wiki/File:Old_Inala_Hall_building_(6281177899).jpg,https://upload.wikimedia.org/wikipedia/commons/6/6c/Old_Inala_Hall_building_%286281177899%29.jpg?utm_source=commons.wikimedia.org&utm_campaign=imageinfo&utm_content=original,https://upload.wikimedia.org/wikipedia/commons/thumb/6/6c/Old_Inala_Hall_building_%286281177899%29.jpg/480px-Old_Inala_Hall_building_%286281177899%29.jpg?utm_source=commons.wikimedia.org&utm_campaign=imageinfo&utm_content=thumbnail,CC BY 2.0,https://creativecommons.org/licenses/by/2.0,Brisbane City Council,Old Inala Hall building,passed,candidate_not_for_training
193123545,File:Foyer Apix Tivaouane Peulh 07.jpg,Foyers,https://commons.wikimedia.org/wiki/File:Foyer_Apix_Tivaouane_Peulh_07.jpg,https://upload.wikimedia.org/wikipedia/commons/c/c9/Foyer_Apix_Tivaouane_Peulh_07.jpg?utm_source=commons.wikimedia.org&utm_campaign=imageinfo&utm_content=original,https://upload.wikimedia.org/wikipedia/commons/thumb/c/c9/Foyer_Apix_Tivaouane_Peulh_07.jpg/500px-Foyer_Apix_Tivaouane_Peulh_07.jpg?utm_source=commons.wikimedia.org&utm_campaign=imageinfo&utm_content=thumbnail,CC BY 4.0,https://creativecommons.org/licenses/by/4.0,4MAPS,Own work,passed,candidate_not_for_training
23615308,File:Old Inala Hall kitchen (6281185373).jpg,Community halls,https://commons.wikimedia.org/wiki/File:Old_Inala_Hall_kitchen_(6281185373).jpg,https://upload.wikimedia.org/wikipedia/commons/2/20/Old_Inala_Hall_kitchen_%286281185373%29.jpg?utm_source=commons.wikimedia.org&utm_campaign=imageinfo&utm_content=original,https://upload.wikimedia.org/wikipedia/commons/thumb/2/20/Old_Inala_Hall_kitchen_%286281185373%29.jpg/480px-Old_Inala_Hall_kitchen_%286281185373%29.jpg?utm_source=commons.wikimedia.org&utm_campaign=imageinfo&utm_content=thumbnail,CC BY 2.0,https://creativecommons.org/licenses/by/2.0,Brisbane City Council,Old Inala Hall kitchen,passed,candidate_not_for_training
193123547,File:Foyer Apix Tivaouane Peulh 08.jpg,Foyers,https://commons.wikimedia.org/wiki/File:Foyer_Apix_Tivaouane_Peulh_08.jpg,https://upload.wikimedia.org/wikipedia/commons/0/0a/Foyer_Apix_Tivaouane_Peulh_08.jpg?utm_source=commons.wikimedia.org&utm_campaign=imageinfo&utm_content=original,https://upload.wikimedia.org/wikipedia/commons/thumb/0/0a/Foyer_Apix_Tivaouane_Peulh_08.jpg/500px-Foyer_Apix_Tivaouane_Peulh_08.jpg?utm_source=commons.wikimedia.org&utm_campaign=imageinfo&utm_content=thumbnail,CC BY 4.0,https://creativecommons.org/licenses/by/4.0,4MAPS,Own work,passed,candidate_not_for_training
193123544,File:Foyer Apix Tivaouane Peulh 09.jpg,Foyers,https://commons.wikimedia.org/wiki/File:Foyer_Apix_Tivaouane_Peulh_09.jpg,https://upload.wikimedia.org/wikipedia/commons/6/60/Foyer_Apix_Tivaouane_Peulh_09.jpg?utm_source=commons.wikimedia.org&utm_campaign=imageinfo&utm_content=original,https://upload.wikimedia.org/wikipedia/commons/thumb/6/60/Foyer_Apix_Tivaouane_Peulh_09.jpg/500px-Foyer_Apix_Tivaouane_Peulh_09.jpg?utm_source=commons.wikimedia.org&utm_campaign=imageinfo&utm_content=thumbnail,CC BY 4.0,https://creativecommons.org/licenses/by/4.0,4MAPS,Own work,passed,candidate_not_for_training
193123682,File:Foyer Apix Tivaouane Peulh 10.jpg,Foyers,https://commons.wikimedia.org/wiki/File:Foyer_Apix_Tivaouane_Peulh_10.jpg,https://upload.wikimedia.org/wikipedia/commons/9/97/Foyer_Apix_Tivaouane_Peulh_10.jpg?utm_source=commons.wikimedia.org&utm_campaign=imageinfo&utm_content=original,https://upload.wikimedia.org/wikipedia/commons/thumb/9/97/Foyer_Apix_Tivaouane_Peulh_10.jpg/500px-Foyer_Apix_Tivaouane_Peulh_10.jpg?utm_source=commons.wikimedia.org&utm_campaign=imageinfo&utm_content=thumbnail,CC BY 4.0,https://creativecommons.org/licenses/by/4.0,4MAPS,Own work,passed,candidate_not_for_training
193123683,File:Foyer Apix Tivaouane Peulh 11.jpg,Foyers,https://commons.wikimedia.org/wiki/File:Foyer_Apix_Tivaouane_Peulh_11.jpg,https://upload.wikimedia.org/wikipedia/commons/1/1e/Foyer_Apix_Tivaouane_Peulh_11.jpg?utm_source=commons.wikimedia.org&utm_campaign=imageinfo&utm_content=original,https://upload.wikimedia.org/wikipedia/commons/thumb/1/1e/Foyer_Apix_Tivaouane_Peulh_11.jpg/500px-Foyer_Apix_Tivaouane_Peulh_11.jpg?utm_source=commons.wikimedia.org&utm_campaign=imageinfo&utm_content=thumbnail,CC BY 4.0,https://creativecommons.org/licenses/by/4.0,4MAPS,Own work,passed,candidate_not_for_training
94250820,"File:Foyer, Majestic Cinema, City Square, 1923.jpg",Foyers,"https://commons.wikimedia.org/wiki/File:Foyer,_Majestic_Cinema,_City_Square,_1923.jpg",https://upload.wikimedia.org/wikipedia/commons/e/ef/Foyer%2C_Majestic_Cinema%2C_City_Square%2C_1923.jpg?utm_source=commons.wikimedia.org&utm_campaign=imageinfo&utm_content=original,https://upload.wikimedia.org/wikipedia/commons/thumb/e/ef/Foyer%2C_Majestic_Cinema%2C_City_Square%2C_1923.jpg/500px-Foyer%2C_Majestic_Cinema%2C_City_Square%2C_1923.jpg?utm_source=commons.wikimedia.org&utm_campaign=imageinfo&utm_content=thumbnail,Public domain,,Unknown author Unknown author,Leodis - a photograhic archive of Leeds,passed,candidate_not_for_training
